source,target,type
5cc1d5a7d8597c0443c2362b5b2f8b762ed30629,arXiv:2204.01691,citation
9d210d043c5e7fea6ecc1a14850b77c99dc4692d,arXiv:2204.01691,citation
b0fce43e4744f07977c8dab98738afd8e2231fed,arXiv:2204.01691,citation
b4a89b1f3d2d88f978043b3ff15ec7d9ff772c5f,arXiv:2204.01691,citation
ba96ec48311340c996c1d49905549737ceec0a07,arXiv:2204.01691,citation
13b83398bbe64954d8e49e1102118870753c161f,arXiv:2204.01691,citation
36d038ad0b4fb8353529b50cc493bcd97297979c,arXiv:2204.01691,citation
35d19834787c9d636ad9d940eace744a1c375e0c,arXiv:2204.01691,citation
c8beab3412410c75a656a411c1cda9ae5fc52bbc,arXiv:2204.01691,citation
e7aa79811754e5882e7c3a30bbb4201406b8e361,arXiv:2204.01691,citation
345cf81cbd74b444012f567f05ffcbe360401983,arXiv:2204.01691,citation
d71df2fc608646cd135b3ce74cf059c58ca0598f,arXiv:2204.01691,citation
050b760129316821802ff1f02a043a9d4faf3747,arXiv:2204.01691,citation
cbe13f3a186f21d3a7b3c3fc18041491ca260234,arXiv:2204.01691,citation
adfb2a3dd1d4913fb68f057a0b92c4aa224adcea,arXiv:2204.01691,citation
2f5762ba317f80ec66741fee241c4d1ddd4a2fe4,arXiv:2204.01691,citation
3201b7dcb0ba9266905d07226a747b2fddbed8cf,arXiv:2204.01691,citation
929d7ee38bba5c9ef272e41a145ed21050400fba,arXiv:2204.01691,citation
80a819e8da4b2f080cc20d21fce14d8cf4630197,arXiv:2204.01691,citation
fc404a7ddde0f8f87037dfb445cd3cf13c1e9a03,arXiv:2204.01691,citation
d2e97d118989a9e7d1be0f6e8c24b00fe194b1ff,arXiv:2204.01691,citation
2935da2ae176b86f10cdd5014bd831495e11d839,arXiv:2204.01691,citation
a96dc7c1778b7e33a7e1bd15d2084e5789cfb888,arXiv:2204.01691,citation
c60999920586ebb918bc7f4d13fd17a2825efd7a,arXiv:2204.01691,citation
e77cda2104dd5a7c1fa348c2c88e3af3972915da,arXiv:2204.01691,citation
a0e9eda18a7cc95e6ea0f2dbcf1e948b7cb053c5,arXiv:2204.01691,citation
023e07ee5f202a76c5865792c2b9509e3547cbfb,arXiv:2204.01691,citation
b62bc980422c3ffab0012a8d7122ad7c5915fc33,arXiv:2204.01691,citation
ec15df72e35546f96a54f56c616f76d7b6697294,arXiv:2204.01691,citation
b36b0d1e30c78eacfe691ec3260a5a68ea53a9d4,arXiv:2204.01691,citation
f9d4e8e785e2cceb26e78ec31086b0f91d17da95,arXiv:2204.01691,citation
6f240dd006d212a0a9f448438cbfed05f33a7764,arXiv:2204.01691,citation
6c4945c8ee9155f4e1fa9e2dd2cbc801380253d9,arXiv:2204.01691,citation
7844b6f58228eca8499b13ee963e40bc844bce94,arXiv:2204.01691,citation
93643d461b4a14e99638e60ee5fd3d7d87c3fd38,arXiv:2204.01691,citation
24c6bd2e11e24c6576b93b936e5d50997815258f,arXiv:2204.01691,citation
d71e44e1ad7fd68a52cac0afb6bc671814c86901,arXiv:2204.01691,citation
7b3fc9cc77d7ca4d702c6941696cd959c04f97aa,arXiv:2204.01691,citation
f4b08454fbd7df1b9ebc3af391405aeb78f97d8e,arXiv:2204.01691,citation
283cc03b2613f6561c262a84da60d5e46908cb09,arXiv:2204.01691,citation
a1da850e4dde4c65489ef55443c24fb17c32716e,arXiv:2204.01691,citation
ad69ce3e128faae9dd3588a9ed81c0ae1e61c45c,arXiv:2204.01691,citation
53cf0b696caccde506c2d7bf4c46d0901e47e72f,arXiv:2204.01691,citation
25f27ea6f523ca8d85a71dcec2e93aca424cf8c1,arXiv:2204.01691,citation
31f75201d4de637e629305c164d3c5e5eac94341,arXiv:2204.01691,citation
0149c9297317ab8c3efa743670c21d67e207fbe4,arXiv:2204.01691,citation
3efc0a7914f36340fd438b3819531899e016418b,arXiv:2204.01691,citation
85c6a85f6574a4cbd80e63f99faf4d586d18605f,arXiv:2204.01691,citation
b76621111442136449fed6c7b5d6f7bce7c10bbb,arXiv:2204.01691,citation
8b00296348d3ab46dc4ac4fbe3580a38bc1b0f8d,arXiv:2204.01691,citation
6c390f6e2c678569f2be80e5c5cb286d34aed235,arXiv:2204.01691,citation
62d932e380f9ec7de5d43c17bc933a05887b0007,arXiv:2204.01691,citation
666ecf9773bd0977f72147f90b7f2ef7ea7d04cf,arXiv:2204.01691,citation
604dd9e40bf0121989efb318a526c15a03381f9b,arXiv:2204.01691,citation
2336ce3b09ad161def6c869c2a4ebbe84bf679dd,arXiv:2204.01691,citation
e132299c142efae5c0b2b89cb9bcdfcece99f81c,arXiv:2204.01691,citation
e43b71e7e21ff490a9fcedd50f816197aa3916cd,arXiv:2204.01691,citation
9cfe1aa7ef0a5854486a0c5cf55d95ed467b0ea9,arXiv:2204.01691,citation
0685db379c603bf69e6c13938de821a3262ecb34,arXiv:2204.01691,citation
c364197fa0c6ce0c0b0bfdafab9cedc076b987b1,arXiv:2204.01691,citation
2f65f7a0f2e2db32799a9b9e0f48dbebcfcc7f4c,arXiv:2204.01691,citation
63abedb4a078ad6479ae6a92d9b98776d934cce4,arXiv:2204.01691,citation
363a3c445e37cfa657e315cc4f82d5c06c2630b4,arXiv:2204.01691,citation
cc02a15d620ba510d8c8f5d98864ef992df9733b,arXiv:2204.01691,citation
b39e7490bccf708763cb66a599acdf1c4c3a60ed,arXiv:2204.01691,citation
fdbc77e7f4369833da8a31e304c0e92b06c74bcd,arXiv:2204.01691,citation
3baced115a0ebcd3c7ad2a5e30f361681441cb43,arXiv:2204.01691,citation
14a54eb8a801576c88f3bfac70053ace8dd4d839,arXiv:2204.01691,citation
183b11db2d98081745d22cc141d7949cde837f26,arXiv:2204.01691,citation
bec688797441fa64d4f0717b0f952fdf8bbcb9da,arXiv:2204.01691,citation
60dbecd36d7822cde94d35936b09ce74334e2ef4,arXiv:2204.01691,citation
9b6c48439b9ec98e2ef5b7f9ec195abba2024348,arXiv:2204.01691,citation
fc3d07fcfcbfef4258382a705eb2c5acfe13b372,arXiv:2204.01691,citation
278c9b0256a510b797ebf5a23a3fcbd09cdb8fef,arXiv:2204.01691,citation
362fce54afeeba4ed5e589ab53afa7ce2b27e900,arXiv:2204.01691,citation
e21351d9f3d4098867c38bbc3a983dbc93627d34,arXiv:2204.01691,citation
d716af2ed999e27a5bbe5ddda6aae88ac339fcb2,arXiv:2204.01691,citation
3b249e5d4af6ad2f2aebcf3ec33ca3d3d2c82e3d,arXiv:2204.01691,citation
58b30fe15c8fe3603f3f032ed28de6df606aabe8,arXiv:2204.01691,citation
f2810ab997dfd656b744e334fc85697c374a459b,arXiv:2204.01691,citation
52c7ca5d600b8d49852219408a5325f7d468c221,arXiv:2204.01691,citation
687ffb3842518bc1a8a6790e70758ae36aef4a0c,arXiv:2204.01691,citation
5b78acfdc2cbf1ed09a76fdb2d769cedd06ca40f,arXiv:2204.01691,citation
1e22d325112c980febbb15fcedd51bf25142a9d5,arXiv:2204.01691,citation
26052eaec786a6519954422c46a7a83f64328bcd,arXiv:2204.01691,citation
af2d4fec7861da27a07787e6373b4330af2e7d2e,arXiv:2204.01691,citation
53449b9e905065e2f812eff7dd1339b05a8b4ae2,arXiv:2204.01691,citation
bf675da72e7f157aef6f88fa753fc15e5497cba7,arXiv:2204.01691,citation
70abd56ef1ccdc4d97f8166ff7c96281443068eb,arXiv:2204.01691,citation
6947608698f2c35052d7e15e045f6342ccd82a66,arXiv:2204.01691,citation
c17c942e71448ed2feb28545b98d147abde34e14,arXiv:2204.01691,citation
660ac383bff57e217333056cdec159488d3e16a5,arXiv:2204.01691,citation
88d88137618f46ba802d3acae43f5e92bc200120,arXiv:2204.01691,citation
d68d1d4855380ac7d76dc4e6d5c562551606b8bc,arXiv:2204.01691,citation
46f7f477cd5fa0ef7b0484033c6ec2367570d91d,arXiv:2204.01691,citation
5dcec13e5f66b986eb724fff0873bc3befe1f711,arXiv:2204.01691,citation
52b3ee384a241062792910814bc9f8c593f14f97,arXiv:2204.01691,citation
317e44334f966711eb22827063264fab9862a34f,arXiv:2204.01691,citation
fa164701e7bcc84345003e781aa8bc68080d0689,arXiv:2204.01691,citation
773624e23970f5c3821c109bd7716805875d5f33,arXiv:2204.01691,citation
e2bc83cefa5f64c7991f44c3f2c4ac77f600a29f,arXiv:2204.01691,citation
b23d0ac759f3e3703d1cc577a6998eaaf876757e,arXiv:2204.01691,citation
e5308293f110bbe7fd98b5e47affcea26291c68b,arXiv:2204.01691,citation
030b4ddb0e5ffabb6df7878095764c7633e26dc1,arXiv:2204.01691,citation
d0665959f21cccb8f2f25a9bf96463fb7e1e3ffc,arXiv:2204.01691,citation
d1d7196cff10414488c875a379e5d3317735cc06,arXiv:2204.01691,citation
ef2beba112c17dd464fcb19d4be416557efb0e97,arXiv:2204.01691,citation
30255f6a3541a6240d7b5d2b25923247c879c649,arXiv:2204.01691,citation
cb0c7d9535edf24f08523db3f0f3af7250b92517,arXiv:2204.01691,citation
16b860e62f6d08c65bfbbbb867735f17f881f657,arXiv:2204.01691,citation
ac5f441632ea581c8f9f14053181009fc923ca5b,arXiv:2204.01691,citation
24a4ed1fc0c51ddc7de5aca56060b311bb8ee2f1,arXiv:2204.01691,citation
835326fa838c99ef9fef27140fca924fb6e19933,arXiv:2204.01691,citation
d98964523e5f3f13a860fe61cc2f5fa5791339f1,arXiv:2204.01691,citation
a3b5ec16f0a4ebd3f30f021ee371ef05061a4ae7,arXiv:2204.01691,citation
dc1a1b8c03e312e8976a9cd7f052d712bcd9ed31,arXiv:2204.01691,citation
1419c6b30c3d50ecbdaadec99346d103d6b46784,arXiv:2204.01691,citation
1814ed5ad8bba72a383b42d2b7a3fea441bfd035,arXiv:2204.01691,citation
447007317e05e51e0e75f83e07842390ae4a525b,arXiv:2204.01691,citation
cc39d791873511fcbf3df27fb68afeea61660751,arXiv:2204.01691,citation
a8ecc82fda078322b512ac92a66cb97e06b2333e,arXiv:2204.01691,citation
6b712d7134329bf0eb50363ce73d73c0becad7c7,arXiv:2204.01691,citation
f1f73ffd70d75cebd195a70d55b62c90197a41f6,arXiv:2204.01691,citation
6bfdea9dee98a85122073bba21895ad8c0c0ff99,arXiv:2204.01691,citation
4604a7680164ca9a713cd980d47e7593b513857f,arXiv:2204.01691,citation
2387a8c16d81119b7d0ec4386bc8fb76c2890506,arXiv:2204.01691,citation
c2cd55c94e329be95b834cb5f1ef89b450e3bb7e,arXiv:2204.01691,citation
8ee238fecd12b2fb6704105ff59eee949964a937,arXiv:2204.01691,citation
20adc1984c3bd2c9ff6da666d450b22e3ac5668b,arXiv:2204.01691,citation
28d2e4bb489710e0556cb25dbc10c5903ac0b834,arXiv:2204.01691,citation
cf946cf34282fa640346c6daf2c70a651d7daeda,arXiv:2204.01691,citation
5db2addd83729151ec69734f1ecb679e660f5afd,arXiv:2204.01691,citation
ab9e29b7b4a05cbcc9f03cab569de41e5aa538dd,arXiv:2204.01691,citation
c4e92e4130b5b5c37027ed10f6ac2066aebf5e09,arXiv:2204.01691,citation
543f87b15b888cb0a2381c5b36141256ad5ec84e,arXiv:2204.01691,citation
ee5602d7d0c976f1b505a82a830afcc9f0653216,arXiv:2204.01691,citation
6b16e1fdf843e53c516908bf1cd427b46fe7bbc4,arXiv:2204.01691,citation
51923f915f9bc24554d042c6f81d3604f1460f38,arXiv:2204.01691,citation
26ebc6b1842abd119d25132c259649cac64a2128,arXiv:2204.01691,citation
49b62a8e9381df62925b1a72ec181a7e7af457e2,arXiv:2204.01691,citation
dc353b6124a75d60985a74ff532a20c75de34ffa,arXiv:2204.01691,citation
164f7e0ed6f49218f39f9de86e1d4e231c65aae3,arXiv:2204.01691,citation
3fe727fa69216722b8409097be2b36842c4ff9e8,arXiv:2204.01691,citation
797df8ea2b1578f282a1a5bb05752139cc36a113,arXiv:2204.01691,citation
4df05893c5576a155c5de83e593a171e7ae2b100,arXiv:2204.01691,citation
1482a14c5e091176b7dcc372373006bd6e44ebd0,arXiv:2204.01691,citation
2d5b097d5d35bf4e2c41e79a573ff742bcade25a,arXiv:2204.01691,citation
4a3aefb1244f95916383c55f03f7e2d6b70e2040,arXiv:2204.01691,citation
17493fad649a7965b24b1e4033ffbd14b68bb8c6,arXiv:2204.01691,citation
ea733fce95c4b94f99956d11acf63c49633a6059,arXiv:2204.01691,citation
def0655b1d0d434442b3bbcb8475d4cc6e750718,arXiv:2204.01691,citation
dd57f082b5490be95b20a1be78da8e286ce42edd,arXiv:2204.01691,citation
6f11a0885f8713cff10217715715b9fbd186a91e,arXiv:2204.01691,citation
da475b77874b38cb563190ebb2fbb70e7f646df8,arXiv:2204.01691,citation
ba81a339757245077df7f87eede3c3e5d0e61968,arXiv:2204.01691,citation
63ee980397ea56bf54f45290b9244943e9ae93f3,arXiv:2204.01691,citation
88f1e0502fb42579ab6505bcd0a8057833e473a8,arXiv:2204.01691,citation
2df219dcea61227fb83c0bf7341d7a7f700be560,arXiv:2204.01691,citation
c071d85cc57ea567504b28a688093693e5db0052,arXiv:2204.01691,citation
c75a0975bdec912ae8cd9921b61f00b907073ed0,arXiv:2204.01691,citation
676a2c0574f492a1ce00f0bbdc55679fcd250e90,arXiv:2204.01691,citation
241b4c9a5ca29bca45c987f72dcb7c22ae5f9887,arXiv:2204.01691,citation
2eeb03d3b2cc83b6d955c0921f1b935d74bc705e,arXiv:2204.01691,citation
9167792b50185667554c83066082095272206a73,arXiv:2204.01691,citation
b108dbb7b28a0cb189c507c1885c05ce42cb9cca,arXiv:2204.01691,citation
d012770866b46856d24fba0e930bc87a069522c8,arXiv:2204.01691,citation
3c3690a173c8de053f4338da52a5cd2250bf22e2,arXiv:2204.01691,citation
45555a4a4ec425ad66c9aa091b06b8422d69110b,arXiv:2204.01691,citation
0c9405aa6d4c6a920a4504fd786d91b48bcc6b48,arXiv:2204.01691,citation
c08c0757ac2e44e9975c6adbd8819abd16ec4a4f,arXiv:2204.01691,citation
4d7f9394e584f301e67b4ad282d30c1f0189f29d,arXiv:2204.01691,citation
8784c5dc46d470b7fefb3a729adc7fe89db38e5a,arXiv:2204.01691,citation
ab358214679c14831189c4a8b00a09bd82161414,arXiv:2204.01691,citation
5febb2c1bac91904b3d5ea0f67cbf8c35f32e395,arXiv:2204.01691,citation
b78df349f9e6a0f86ba7f9ffb437010bb245eb3f,arXiv:2204.01691,citation
a47819c5aae84a2f766ca9d8b1d1be7c159caf2d,arXiv:2204.01691,citation
98437947b17cdd0433bce0f57d56858c124f5201,arXiv:2204.01691,citation
f6da39ef0dfc0df48c64ee96943a37d07cea1990,arXiv:2204.01691,citation
9422cc3b9b2cc547174778f3292dc65f8cd8a1e9,arXiv:2204.01691,citation
390a4bc96990092779e75d3da78c13c8066d7218,arXiv:2204.01691,citation
00da991976a98d0934bc6b6cdabb5c6992f82724,arXiv:2204.01691,citation
f08d650460e7e49714bee48632c4df8376774648,arXiv:2204.01691,citation
f0ead24103ecb76f9be1bda46d17c05fbaf5280d,arXiv:2204.01691,citation
1b7409787da4134cf6f3a946f956cc4386010006,arXiv:2204.01691,citation
ddafc7dc2fc592d566944371274679db27ec0118,arXiv:2204.01691,citation
6a5cb8d2e43dff39c253a66165beadd6d6df815c,arXiv:2204.01691,citation
35e35f58261502aafc1b664436110314f7161b16,arXiv:2204.01691,citation
33ce500a840aa65aaf84157683fb9750094a69ed,arXiv:2204.01691,citation
de7193100f548b97f52e2fcd68c02f584381ed5f,arXiv:2204.01691,citation
c46b81d63ccbc30acb7f940b8926e93d18f8d031,arXiv:2204.01691,citation
ed6c1222f435cdab5f953b3249d1a4082976c356,arXiv:2204.01691,citation
8f7a4a22b9373681285e9f508827187691f466ca,arXiv:2204.01691,citation
d6e672e15c33753667d7962e4f9a3013dc291471,arXiv:2204.01691,citation
c1dc988ccac7e5a86607ff0f22f241abbe85ac7e,arXiv:2204.01691,citation
af2b6dd81d76c58775f06587ceb60d12a9421113,arXiv:2204.01691,citation
ef86adf8758bcb30836e56c12a05a668a701b56d,arXiv:2204.01691,citation
1d68c0c5e0262776ca8bf3593f0d8e4948521c61,arXiv:2204.01691,citation
861755702d03887c7f4a6a540d7d4ba8df5945dd,arXiv:2204.01691,citation
9286db3933c1115fe012c1341379482da398e4c8,arXiv:2204.01691,citation
e081e5292d0e3bcc510833a6c444a9a99755e542,arXiv:2204.01691,citation
96c977faebc7fb6b6bc5592c615c67de32650063,arXiv:2204.01691,citation
83dadecb4090306032e8500fa75bbefc0438543d,arXiv:2204.01691,citation
f12ed536fe876d5e661bf275d358a72b9201edc6,arXiv:2204.01691,citation
d03b8607ba3cbf91075793af08be8d73ab1b8169,arXiv:2204.01691,citation
4b4c87ad540a51f55c4f62173e30892c53bbf0b2,arXiv:2204.01691,citation
db0f1d63f8fc50f056d2742fb0210277697208cb,arXiv:2204.01691,citation
03bf2ac9be967451ca140d8650285828e3cd574c,arXiv:2204.01691,citation
d561c3aed2c94c159a1e2f4a0fa45fad75899121,arXiv:2204.01691,citation
9ded60b409052eaa7f7a553376e1f14c380ffdd3,arXiv:2204.01691,citation
8d081761fb29083017a4b4a70137cdf5bd0198d1,arXiv:2204.01691,citation
d6a896b7b3acfa5edfe75cf4586e1079425598d0,arXiv:2204.01691,citation
4650d8f503d7078988ffa9eaec691f0d2e20698b,arXiv:2204.01691,citation
598aa9eddd147faac455a5a26b941664fef028c2,arXiv:2204.01691,citation
d2c400c28d7f38f9b46f60795844ca15421f473f,arXiv:2204.01691,citation
113e743ace167f4a41234595a5bbb2eeeab72682,arXiv:2204.01691,citation
98e6ff1f807c084a2f81ce82b75ca65615d7571b,arXiv:2204.01691,citation
f900d4485cbaa95d740aef06ad50c4bc04943a94,arXiv:2204.01691,citation
a25ae7d9b089cb32a7bc2ecfc8694d6d77333d49,arXiv:2204.01691,citation
87b95eab1d2713bd2e925c0197c4cbf1cc2ceb44,arXiv:2204.01691,citation
86abe4d4ffb239fc73e8eedadf197a6e2576a210,arXiv:2204.01691,citation
1dd63a1c77b654d9b6b034107f5b0f938d11bb26,arXiv:2204.01691,citation
28a230efc8347c5432da1912ed5b84ec7d266dd9,arXiv:2204.01691,citation
47fd10613d78e12a1ac630e85ca492b921d6ec37,arXiv:2204.01691,citation
54f2eb8589a7dd868a24bb7ae997da78527d2fdc,arXiv:2204.01691,citation
68c7f780938879536dbf74d2f700f62e0a94ba42,arXiv:2204.01691,citation
3a0cc9b2b0ff064ed471b8dc32f67ce1116d2754,arXiv:2204.01691,citation
04d685f18a3932ad47cd7fb4db537980a0eee33e,arXiv:2204.01691,citation
12d4e00d470d50701dceae24eacf616608c22ecd,arXiv:2204.01691,citation
f695bbbe1abd4f4d81d87c89d0652b0223c0a643,arXiv:2204.01691,citation
e7ef85e0da47ca07975c39f7444b8159ab1d1451,arXiv:2204.01691,citation
f571b998a35c0d2d04a41d4fb62feb77ca94fbd5,arXiv:2204.01691,citation
67d977d8a2c42d6e25162137fd332e329618a54b,arXiv:2204.01691,citation
f0ffc6f1d50b9232e3e90d1ab0edd156c1fc1e45,arXiv:2204.01691,citation
cc446fc0a6c6f4f331f7e914f33f2cc42f1d991e,arXiv:2204.01691,citation
547bf9c2a0a976090a69183ed59ba62819f18ff1,arXiv:2204.01691,citation
812af07a48960178f52a36e683e2466af0f38ffd,arXiv:2204.01691,citation
f291e3e921a0a18b9b374bc8fb978cb7451d4750,arXiv:2204.01691,citation
96672e9631049538b5133fd196176a3b73cbc294,arXiv:2204.01691,citation
81c16aaa6485fc684e0760d474584aabe0f14200,arXiv:2204.01691,citation
825df34808a5d848b178d4fc0a527d3d82a748fc,arXiv:2204.01691,citation
788a85f88b5a8abf0b2adb89e2f60fae64863d4f,arXiv:2204.01691,citation
2c26f5223f75eaac6a0b939bf402a6f36a54001d,arXiv:2204.01691,citation
b3c7ce9ad9bbda1aef40f11081dedf6b09f87020,arXiv:2204.01691,citation
c09f2c047271c0cd576cf6ad814966af53203bae,arXiv:2204.01691,citation
50fc2d333cdb60f7c52591b93ecb6763ee50c445,arXiv:2204.01691,citation
120b93daa1a5a7d8324f9d6eb6374177db0402ee,arXiv:2204.01691,citation
759707c038ad88264b0636fce2afe7e7b7a60c50,arXiv:2204.01691,citation
1cc1bf854919ce1ff393cf5f701a0bd9bb2f7691,arXiv:2204.01691,citation
48ec41beafe978efa62802e43a6dbe6944fc400a,arXiv:2204.01691,citation
6624f314e5f3311b88379df893780ec87e5d2a85,arXiv:2204.01691,citation
31feae9cc3d888b85e1cba366c79b2c50f29c2b3,arXiv:2204.01691,citation
1f484bf253363a48340af3f476e59d1cd0ec944b,arXiv:2204.01691,citation
b13ca9944c6deeae92419b64fcf9d0af431c32b2,arXiv:2204.01691,citation
2ad5abd30d82f22caeeae27729b03ecdff8dca8c,arXiv:2204.01691,citation
78a42831a7a88b88cee1ee2a6e81b5671f4ecebe,arXiv:2204.01691,citation
575ae13834ba97dbd216154aa37d0b88f1960d7d,arXiv:2204.01691,citation
b854224dab0564161664265188a152a51bcf583c,arXiv:2204.01691,citation
f07ffcb86ee2a6c1f466b4a0a859469054382922,arXiv:2204.01691,citation
cc54a5b0c6220162916c7c03ec9ef2784a0562ee,arXiv:2204.01691,citation
08da976e99f633fa980db8b48941c940309b8448,arXiv:2204.01691,citation
da567d8edf81a5cddcf1485a5446027051c354a5,arXiv:2204.01691,citation
201c9472f4f2ed4c10124494f55be2dc30a40e76,arXiv:2204.01691,citation
7b029ee31a511461c9d9e27e12aa068e0fc63aa4,arXiv:2204.01691,citation
5157d2a42823e24c53437ea9f09bd6e147746d72,arXiv:2204.01691,citation
090f7a90906b23d7ecfa990122a97b5c2f5122be,arXiv:2204.01691,citation
0692b2da8d022d6faf348754f63bdfd7fb9724e2,arXiv:2204.01691,citation
c268df1d21dc5173c7706e80d5f279897aa7d9d8,arXiv:2204.01691,citation
f1dc152cad4217bcab4490826d564a3a6592aba8,arXiv:2204.01691,citation
0b2334ddd17bfcf81f2924d829fe73858a6035ee,arXiv:2204.01691,citation
4600f921a6b024b2f60ac669fc33109e3065bf10,arXiv:2204.01691,citation
a96dfe1642801b68e3e8311fdeda4f6aabb8decb,arXiv:2204.01691,citation
6d9b0fbfaeed74c0be25def0895912a8ecb28960,arXiv:2204.01691,citation
b5f576a8eb9a3646705169496ae832051adda92c,arXiv:2204.01691,citation
b7b0d2411723fec46715f129b13fe39e34d0e686,arXiv:2204.01691,citation
d7953149ac17ede48ecc8d7ffef61c9f572a0b9a,arXiv:2204.01691,citation
408b378c45328398c2d438f1d87691d2f40fe2ae,arXiv:2204.01691,citation
38ebdd35a7c84a9f8e8c3f1e2bc266a7d0a8efd2,arXiv:2204.01691,citation
5a30882d729f12e45bddccf50a52308a0986df24,arXiv:2204.01691,citation
81e7b9d43653f22a3325cf7cc4039593ff44ffb2,arXiv:2204.01691,citation
14e74c9ba1c13c49ff2f9deb3b75141ed4f6061f,arXiv:2204.01691,citation
4ee126781444df9661a25b14e0049318a4bd7462,arXiv:2204.01691,citation
e3f91aa0688a0e9bfed7958399e191e225a984d5,arXiv:2204.01691,citation
cc9b2f22a3356a7262a50b15ee022bbeb9c19422,arXiv:2204.01691,citation
630ac252878b34cff962c925365d810beb249f02,arXiv:2204.01691,citation
089c8812486cd381bbc44502ee904900f4706fd6,arXiv:2204.01691,citation
f2e897e30cdbc798dc359d0794b3c4671bf445d0,arXiv:2204.01691,citation
25caf432faf629085f4db9c9614086a57ddd233b,arXiv:2204.01691,citation
8efafc0b62d602a45eb368ac98b7a6dfad019300,arXiv:2204.01691,citation
47328239a046e933a0784945874b48ddf6bfa530,arXiv:2204.01691,citation
75bbd05310d8268a875d9daecb935abd99db5eb6,arXiv:2204.01691,citation
f374c4d9407566e349ab861c5d51720b211e37f9,arXiv:2204.01691,citation
c4654d1dcfbb42ecfa1ae8e4ed8241c75929966a,arXiv:2204.01691,citation
602ac3629baf3fc04e4abb669b9b977144108905,arXiv:2204.01691,citation
2878185fe99e722ede42637e7f967756546b275f,arXiv:2204.01691,citation
3c5f8234fca18fcf76cc9658c7228b5e99e9f3ca,arXiv:2204.01691,citation
c25d625eca1d3155b44e294c56e783281c9d9c6f,arXiv:2204.01691,citation
26ba62c31feb4c9079ffb02054d3142dcfb782d5,arXiv:2204.01691,citation
0789407baf84a63165d881b8564dfaee3cd559d0,arXiv:2204.01691,citation
2eba57f1cac99bf0268da079b484353b5e4261ba,arXiv:2204.01691,citation
26b48dc3ed591ec38e4cba31b53fcbb69bb7221e,arXiv:2204.01691,citation
ffccb1b3247f4e63d1b0c8b8c31c70cb0db16e3d,arXiv:2204.01691,citation
dd46216afa9057ab7decb13f7a006c6f075bf7ba,arXiv:2204.01691,citation
74e5e6ea692c73f96c78df3b211c2e419ab2dfc3,arXiv:2204.01691,citation
117643f52329da1f796623006622dd347676dc68,arXiv:2204.01691,citation
7975471e0bdde3760ff1b5064a18e35ea5361b4a,arXiv:2204.01691,citation
121d34fe66a35ef11e408de4119477971ee6e2cc,arXiv:2204.01691,citation
59646f517577203fec7ed0365c8b46e949bad51a,arXiv:2204.01691,citation
8cdf89b7c79b56e990ac71092fa01f646e2df1d3,arXiv:2204.01691,citation
cd49fc2975eba2abc4c5302ec4f43020d0e13e54,arXiv:2204.01691,citation
6984bf7c0a7c0ca292f01b8a7386ac989d8f77ba,arXiv:2204.01691,citation
a548abe7e89739d2df027b0f8f0690651b363fff,arXiv:2204.01691,citation
3f7b94fe92b95a63eba2c2bf2695a8fa2121bd0b,arXiv:2204.01691,citation
d370245430bbe9ca85d9624c58d3b9bf148cb12a,arXiv:2204.01691,citation
92a73f2d8e86d4e071796c4b651b4875dac370ce,arXiv:2204.01691,citation
d1d648bcad86ae6e7cd1e780d4a750a14d1a67da,arXiv:2204.01691,citation
dc4f5cf5c1df5645ce29b1c00026301fbfd487ee,arXiv:2204.01691,citation
2704333f86b6657cceccb4246e70d2655527154a,arXiv:2204.01691,citation
67338035de60a5d5244e0c699722c51ac0cc02dc,arXiv:2204.01691,citation
ed9198acc9fe7483dd56a0fb06f2c06e860a5e06,arXiv:2204.01691,citation
5a6047eb606a07ae564fe30f9af70ebc05f6cea1,arXiv:2204.01691,citation
1a28214089b1d48416292dc07043f16634694b2a,arXiv:2204.01691,citation
bd4fe2bad049ede7f7d2ad7324f364097bbb2797,arXiv:2204.01691,citation
4450c2f28ee423cff59fc86083e8e204ad3ba0db,arXiv:2204.01691,citation
dfc9bed038c8cb19cff9cc304c677de8a27bc18f,arXiv:2204.01691,citation
c42ee9357401037071b672e47d837639d6f03912,arXiv:2204.01691,citation
6532cd798defb8592ef793adefa80aa7bd570491,arXiv:2204.01691,citation
79cd825b5e49c02727886ed3b8960175863792e3,arXiv:2204.01691,citation
d3f33abbf46353989aa3c04e1918ad0148274f07,arXiv:2204.01691,citation
73b025b05b432407c39b791ac6034c3296307df1,arXiv:2204.01691,citation
882acbb20a0e748434df1fed3a32b6f006f5b7c4,arXiv:2204.01691,citation
caf05506b00388d100eda3175a08fb1e9421f74a,arXiv:2204.01691,citation
a233f3c034f6203a5a2853cf87c8538037e8eb6e,arXiv:2204.01691,citation
b8646191cdec6fc65a195de62a6f8824a5234870,arXiv:2204.01691,citation
5059b570d9241c54887676b93e63f569c9d373c7,arXiv:2204.01691,citation
316436598b10da37255dfca075e1bef03576ffc7,arXiv:2204.01691,citation
97ce2ffd02e596df8c79c85a21c1e59ebb62ce26,arXiv:2204.01691,citation
bba5163dbc56b9cea548ef0cd370897049766c51,arXiv:2204.01691,citation
669122c533fbae1722ca57b7e1c5d557c544a241,arXiv:2204.01691,citation
3922e0510367a242ce14b926163fda3597eaa8a4,arXiv:2204.01691,citation
104b7dac47c4145f7b2eaeee9f8a7f8cc9b68393,arXiv:2204.01691,citation
b89a86a094593c0ce341a7742b75f3f665db8039,arXiv:2204.01691,citation
12853f57b936d832123dd6f4bd9baa45b282718e,arXiv:2204.01691,citation
8577257105588a84298bc719d68f0a8e82e8e4c5,arXiv:2204.01691,citation
f052b0bae05863022ea10c32440d14761e82492a,arXiv:2204.01691,citation
b5c6a567d177b6607d690acf7e696229de6cc3c8,arXiv:2204.01691,citation
ed5fc04a496681d40888df52d3303bab9a8607a9,arXiv:2204.01691,citation
307c943137a5e50aa2f8f20ba3823ed3fd46857a,arXiv:2204.01691,citation
f29d086f5bf1c611e42dc2fcdd42e3bf0019211b,arXiv:2204.01691,citation
db2e346c439575b972599e91434ffc1929e2ccd1,arXiv:2204.01691,citation
051317c2007bbb0f18c82afa82c5ebbcc6c81267,arXiv:2204.01691,citation
70cba7a78d74dc48448dea317b958f6c057f7679,arXiv:2204.01691,citation
db1b73c9e81864eafbed22817f1444b19a07b22d,arXiv:2204.01691,citation
1b2ca8cbc61f66cb29253c6966c2e985f1b69500,arXiv:2204.01691,citation
24c70ec56dfbbd0ebb05a1618787c2dd934ecf31,arXiv:2204.01691,citation
e751cc8dc409383d411c6438c0b71ced88292021,arXiv:2204.01691,citation
6c5cdcffa00ef8cd99e1bc86a78a558ea205e702,arXiv:2204.01691,citation
8dbf3207099b249e0aa577d451e4a2e796f68e3c,arXiv:2204.01691,citation
f4e71a39a6e1895bd2c57dc2aa1ea8a9f075c20e,arXiv:2204.01691,citation
6b9866773bb50e6893bc31cddb4ada73f0820c17,arXiv:2204.01691,citation
bfa064f4c3b797a63bdad3f4f02d79ca12f252ab,arXiv:2204.01691,citation
0247c4451a9be3d7862cb4e8387e19c712dac34c,arXiv:2204.01691,citation
11ac79746884f98a4425bc2ff6878d0bf5b2c1b6,arXiv:2204.01691,citation
8e2349027d9c0fa338d8f7fdf2406d5e0f3c1042,arXiv:2204.01691,citation
776d0ffdb420f744e9816d45b49bb9436a1e83d5,arXiv:2204.01691,citation
27ef41b1a69202ee6562c90aaec175cc47ec534e,arXiv:2204.01691,citation
656d237c30a42d515bf5d34ee3eeecdcf8c25259,arXiv:2204.01691,citation
c8779507ec5e8c5c6812da756005eee4b920d65d,arXiv:2204.01691,citation
b61a254a8b246d9e351455589e8af3f5c159d33d,arXiv:2204.01691,citation
2ca9ec016cbea7264bfa6453858e471a9e23544a,arXiv:2204.01691,citation
c696d905e70197ce4d1d7bbaee25db680a0d62e3,arXiv:2204.01691,citation
9423579dfc77ea66e63bd8d712060acedafff19e,arXiv:2204.01691,citation
aab03b3b8f16712a685cee35eb6874eac735a0ff,arXiv:2204.01691,citation
33c9d335353a3f0f2d23a1cad5b9b7edddd880c6,arXiv:2204.01691,citation
809f780f432782aabd0802793a5ff2cb2382ac2f,arXiv:2204.01691,citation
1160e5e675ca99ef015f92980c011ce771079e3d,arXiv:2204.01691,citation
f2f56afdd2c8c6dd00ec028eba1f792dd99504d9,arXiv:2204.01691,citation
667456ed644b3c4594b18ec4c5078fdf587b493d,arXiv:2204.01691,citation
f0b6bc90852841ca50bf3169da7a773bf7ab0800,arXiv:2204.01691,citation
476bf5fc045abe8f35bbfc435a3bcbc15bdd6f5c,arXiv:2204.01691,citation
9312393fd4246f5d983a27edbc24a25bc5154e04,arXiv:2204.01691,citation
4d0a48445c810c630fb8a6c582979b45768ffbc1,arXiv:2204.01691,citation
fe7c13261a5ffe5909e803b8f34991ea48fc9884,arXiv:2204.01691,citation
0a1fecb2c22d4da3e99d7dbafad98be6bdbc755f,arXiv:2204.01691,citation
8667e8a59b88586a7e2513334dae9ff84a15c731,arXiv:2204.01691,citation
cad526a6310d6ce660daa9b110dc9ed56bb42095,arXiv:2204.01691,citation
e99e26191222ef38d43ec2984949f747473b6ceb,arXiv:2204.01691,citation
6236e62938f31432227341695ab06c271f283194,arXiv:2204.01691,citation
759560e56dae1003fd87ca62931873472395e45d,arXiv:2204.01691,citation
5ab955677b415272a2a63578d4f29f832b00d20f,arXiv:2204.01691,citation
cfe99165e00c47dce3f1350b7987595cb831d8cd,arXiv:2204.01691,citation
252bf5be465279295aa6e97b49f1bb4fe5bed8e7,arXiv:2204.01691,citation
3e22f52d5ee4e486bac02cef93be81b7a40b9abb,arXiv:2204.01691,citation
0b8300b6b5aaeacc535e82ac3ba088a1d4dd6755,arXiv:2204.01691,citation
3651946d92fd072af965d070072870448fd611f9,arXiv:2204.01691,citation
146226cd6e3d924b95097baf5197169a33466e30,arXiv:2204.01691,citation
9e8e6d8a128a293ae3be4691ebaf2b3b35c2a025,arXiv:2204.01691,citation
169bb5be20564987f9c9afdddc489566c77feeb3,arXiv:2204.01691,citation
709c1d7590dde03f75ddeb9d121e0765ff59b89b,arXiv:2204.01691,citation
1c81bb341892f03e06aa7cfa6701f0d58b3d748b,arXiv:2204.01691,citation
a50f7c2ec127f870198f34c2bca3a5ef187cf07e,arXiv:2204.01691,citation
1caf958fca380677f549c7b9dae16b697fc5b368,arXiv:2204.01691,citation
db7d821e9727cbfc84ac76522199a8ed3816fc69,arXiv:2204.01691,citation
e1938a3fbd505d9666ed252b191aaf96ffd5f0d7,arXiv:2204.01691,citation
a2046b77adfc5c57551e0e62b702389496b6223c,arXiv:2204.01691,citation
65e9d868acf9b571fab904cd4a97841b2661a84e,arXiv:2204.01691,citation
aca3814e519363e2747cd3defe9b17f58358dec1,arXiv:2204.01691,citation
c4338e33be435a862cb5f21159f3669224603b6e,arXiv:2204.01691,citation
41c76e0d3d449687ba7d1e7c6affb4784587efb7,arXiv:2204.01691,citation
f045f5b56bad5344e15097d86e707fe482f906a7,arXiv:2204.01691,citation
6a1e7c7a9d92f769ebb1ef5421addbf5900f8297,arXiv:2204.01691,citation
d867069f8d26441226f3377eaa5cd4f2ba109216,arXiv:2204.01691,citation
b61f4f4eb4b3c630fc1008162c76485d7f505dee,arXiv:2204.01691,citation
cb81690942535bf74a6adc5861b131ea74e87e7d,arXiv:2204.01691,citation
8f2e8c783f0338dac22224fe05030d744eda3b00,arXiv:2204.01691,citation
ada560d9a6d0eec4ead89f9282b19b91e2b012e0,arXiv:2204.01691,citation
78214b5dcc1007e91a78ae361cf2cd6220801427,arXiv:2204.01691,citation
a52f7e75fc79411fc71405b2c5c18a0446d5427d,arXiv:2204.01691,citation
e04da8977794a348f685d40ca49c61efcd115125,arXiv:2204.01691,citation
c2158c5ad0a04ef1835f96ca8c308e893a49a38f,arXiv:2204.01691,citation
0fd3aece5c7e54b7c540ae7ebe07d5acc7eab485,arXiv:2204.01691,citation
4be750b67884b81393f547cc63e5ce03df6ebbf4,arXiv:2204.01691,citation
1f7999677cef3a896a09635bf251f45764a487ef,arXiv:2204.01691,citation
a7992218b0f8c8663e8ac144fcf58017a2a3c335,arXiv:2204.01691,citation
895a55cfac289b2d17326db7d185307b161b469c,arXiv:2204.01691,citation
65c0713c14b707d0d254ac000a65b4a1e80ff486,arXiv:2204.01691,citation
58bc2a3427b42bc4f6b5401b29eefac8cb0f1e47,arXiv:2204.01691,citation
455c730ac1c4cf9ed0ad3beff20afb215f642e1a,arXiv:2204.01691,citation
b429bb26268722f9d9984350e2b401cbc73ac032,arXiv:2204.01691,citation
c8b1c313da7f654d58e626e4d32eda5b4c7f300b,arXiv:2204.01691,citation
324dc37492ccf0cc25a1bb598f1d03eee5af3e95,arXiv:2204.01691,citation
f8000d3efb777cd53b19430ead5bcb71df475f7d,arXiv:2204.01691,citation
1d530f8aa0c93c68997e70b3066c49bf59f218ae,arXiv:2204.01691,citation
030f9cc8b8d6d46d6239ef6ae29d9e20867194de,arXiv:2204.01691,citation
fd503e192309c0f69b3fe10daac775cb3d16ad7d,arXiv:2204.01691,citation
c4f51e5101e4fff10694dc1797fd2f5e5210123a,arXiv:2204.01691,citation
28c62e4b9b511fd1c8055b5b544c52ee7a9992ba,arXiv:2204.01691,citation
4046e8f4ac46a533f67aa9432609c150aba5faff,arXiv:2204.01691,citation
3b733b7737f0e9b7051c9e037a36b20aa0a196b2,arXiv:2204.01691,citation
962eedb6cf3bd41f6481eb35030f7a2046521e4e,arXiv:2204.01691,citation
a94ad4474cd0d695d00f4561fac9884896dc6f70,arXiv:2204.01691,citation
7b1739aa37297f617146c943abef32a6b1174246,arXiv:2204.01691,citation
148346981b4ddfcb4af2d852465e435db121f071,arXiv:2204.01691,citation
a9b379a64fd2f9fb9982e55cce1134e57de49db5,arXiv:2204.01691,citation
791c57631617aaffaf368ac0ab5e6ebbdfaa43e8,arXiv:2204.01691,citation
5b20bb872fdb8175d495885d203e81f3c4c2849c,arXiv:2204.01691,citation
7f660ec77b3fbf158e717dfd958a6e57cee465cc,arXiv:2204.01691,citation
257ede13da1f0d8660af40fc7c6e234f0e87ebfb,arXiv:2204.01691,citation
483073177ff5fb54c4db2202eeaf997af9027443,arXiv:2204.01691,citation
14df5d341e85cf1f31ff506feadf3eab050f9ce8,arXiv:2204.01691,citation
b5751c587aac51702e33f9b453eea2381f48c6a2,arXiv:2204.01691,citation
f4efa7928f4bfd0bcea6e422ac682f2d5994842b,arXiv:2204.01691,citation
71ce2e1866792866d70be4220a338357a3c0687f,arXiv:2204.01691,citation
5c0ed9f9a51eead755a96a896e8ec78521d2341e,arXiv:2204.01691,citation
33ef686c36a1d1d994de170005020f8a2d10c3f8,arXiv:2204.01691,citation
881cf08facdbd027022559e8cb1086eef8b28bd7,arXiv:2204.01691,citation
0b01f6cb6b3d2893ff092c0b42e55a8ecb462da8,arXiv:2204.01691,citation
47fccd1b5e3faa0e9184c8b401c3b3486717e697,arXiv:2204.01691,citation
04b4fdd7f8e8a23390afc8ff64fbb0f68a3d6c54,arXiv:2204.01691,citation
9f0b14674eb31430cdf1487a6fe7ed4596d5a1db,arXiv:2204.01691,citation
b565273208fd6bb197db695115e8a74356b246af,arXiv:2204.01691,citation
d653af97a808ce0b6594a543d5dc80cabdf6d562,arXiv:2204.01691,citation
3abf5845a7aea6ac895d7e97ebfe533a83642edf,arXiv:2204.01691,citation
28981263f2d6d0d510e400c2dbbea0797afb16ab,arXiv:2204.01691,citation
f9567b4501210408aa4b7033c230f671207103ff,arXiv:2204.01691,citation
58d06bb21c22192f03fa28c3261122e23e426461,arXiv:2204.01691,citation
1f6d0df3dceb6f696dc0e0bd693b711c45c6f1c5,arXiv:2204.01691,citation
0edf0d6f921cf853408c5c8c23d04fc81b5b8610,arXiv:2204.01691,citation
e6dc8fb324d4af5543123961692801d3ab1ba914,arXiv:2204.01691,citation
e894edb3ad9378c560979f37b8750cf3cd83a81a,arXiv:2204.01691,citation
10b876cd1de07836b5aca8a54d446fe3f1af0233,arXiv:2204.01691,citation
2174f1e6274bbe417ce5c5a2526699b0bcd8ec13,arXiv:2204.01691,citation
f2150de8436a2117c4893a044b55adda7aaf3677,arXiv:2204.01691,citation
76da2c5bfcedcedadf5815e00cff25904c3c42df,arXiv:2204.01691,citation
dcf5e5001c8344a653108a5b33f96d684be50df6,arXiv:2204.01691,citation
ad9eed80bca2b208e60d9648c30f712285498151,arXiv:2204.01691,citation
99079bf0bb1ec840558c8124dafb3ba5ea871bb9,arXiv:2204.01691,citation
ae46f67be9f0a5b300866096373366f3435ebcd0,arXiv:2204.01691,citation
f4ecdaebd24583e0fede6b1c5648008c659d1486,arXiv:2204.01691,citation
42a9ce9908c7555ce11efc48f7c10a638c4fab28,arXiv:2204.01691,citation
d754e3df3da552c87aa9f0ced53bdb2b16c72832,arXiv:2204.01691,citation
e96e412cb43d126cca504f54d32cdce5e3f4607c,arXiv:2204.01691,citation
c8cbd0dd3cf7598abe8abcb1671b25d30ca5abe3,arXiv:2204.01691,citation
e7923d133bb3d426ae50ed32d4eb12627892c8a6,arXiv:2204.01691,citation
cbc4ea69c9b7e52439b96bcb96b360ac339107b6,arXiv:2204.01691,citation
f4e49f0cc301260e800575c87ad1b10c903b4c9d,arXiv:2204.01691,citation
49242c91c017eaa36858759c547fe048f2e50673,arXiv:2204.01691,citation
e921a9fabe39ee501291b6ddda389a21f8cd001c,arXiv:2204.01691,citation
e990d96c27a10c7d299ad0894a1bed74bef5e542,arXiv:2204.01691,citation
2ad1fa0bb7a34c13481584492f69e2199949d848,arXiv:2204.01691,citation
2898e90c707ca3524a36850ec03a5fe7eae95716,arXiv:2204.01691,citation
0eda06234199a3e836d9a7bb8ba7e4ed25987e72,arXiv:2204.01691,citation
5532dfa3c099e923653910918cd4afd4cf2960a0,arXiv:2204.01691,citation
1e2a82ef5e0325a26ca0344c4f8c256c52fae7ec,arXiv:2204.01691,citation
3b075710aecc4e8e8a035215d70004a0ea93be1f,arXiv:2204.01691,citation
a8c82eedf37d6c8f3884245c5c9f7253fb6a4654,arXiv:2204.01691,citation
cb49aa50bbdcd62c4ee86cf89641b35b08479248,arXiv:2204.01691,citation
8913f68977f6e320c24b2dd6f10beb9fea365cdc,arXiv:2204.01691,citation
0ba9f4c73c95f480c81b66971276a849da9fd78c,arXiv:2204.01691,citation
5cf2a702840982b7a6c4d3a00ab5796ce31a7dbb,arXiv:2204.01691,citation
7874c6e5d7313a98b832918d5cb7f1b10ffea4fb,arXiv:2204.01691,citation
caae2e287e1d4e49a8179d721c6b0e7200cf537c,arXiv:2204.01691,citation
641e145e785977480ba0d33f4d22c17958650760,arXiv:2204.01691,citation
5ccdd4f0efe9fae60e4d757c2f623a6e8b4453e1,arXiv:2204.01691,citation
86c98c381bab96bac507ec5c05103e144f743044,arXiv:2204.01691,citation
a7b7461f3f3c225f68cd380806d81f15aef2ad55,arXiv:2204.01691,citation
00f25dcdf3e98064007bcfabfb3b639b51084b26,arXiv:2204.01691,citation
a57d9e1bbe510c7dd8411e30252b02e87b903570,arXiv:2204.01691,citation
08e4b9c179a6c377e8dba33c0ea1909f5c0fa99e,arXiv:2204.01691,citation
48a01cc8023eae500a9d9567fe62483bfe0d9c9e,arXiv:2204.01691,citation
822f284ad0c05d9acf88fdf8cf3013c502f00ca3,arXiv:2204.01691,citation
7f80c4a811d18063274fa13fe085d94fd0dc5cb2,arXiv:2204.01691,citation
09863cfb10bbe29de574e14af03436d8f0b3b713,arXiv:2204.01691,citation
7f319badb2d7e38ad14596d832ad18de34f7cb7e,arXiv:2204.01691,citation
00f922a769f9b34d0a5ba201e24f8be4936008d3,arXiv:2204.01691,citation
3672b17ffda16e14bf034675eaffa904e4e71844,arXiv:2204.01691,citation
eb5ded56d04c0b92f7acb45153bc1f79feae12a1,arXiv:2204.01691,citation
d0cc7d9e96cead3da34b0c226eb7be9b1f190f1e,arXiv:2204.01691,citation
c9e615c867f7741332a0239368df988f619a7496,arXiv:2204.01691,citation
00b743788b0c169591ca8ba2fded73be58a0e1eb,arXiv:2204.01691,citation
1407966036a1d70124f822b16bd961526de88295,arXiv:2204.01691,citation
d084377392d2bcb91dd543402e40a33dd2ad1cf9,arXiv:2204.01691,citation
a5901faf43af3d430e136c1e8b2157db0609f0da,arXiv:2204.01691,citation
223a3b9b39c6358fcb84e47c599e9ed9c2faf985,arXiv:2204.01691,citation
8e51cf726308232369db364477c776f66c9f91e8,arXiv:2204.01691,citation
e569a65350ebef308d33ddc38e73a1c5b00cae76,arXiv:2204.01691,citation
d41f5865416da6455170b31b9cf82459eb4497cd,arXiv:2204.01691,citation
e13103b0c2e068a9eb7336d8f48572c178e8dd7e,arXiv:2204.01691,citation
effe604a80373c6606c4cd1e12793a3eb6f446a5,arXiv:2204.01691,citation
bb38ab0012afec86750d0f6f7976465e9544a54d,arXiv:2204.01691,citation
1595da87d5bab53aa4a360dcb9058ccebeb701b3,arXiv:2204.01691,citation
3990f2211e16fff86af9ad9f0c967b0fe37d3658,arXiv:2204.01691,citation
3c978cdddc7fddfe516d8def8021f1cfc80f63aa,arXiv:2204.01691,citation
3618658f7e2a1ec6551f2cff126b7413dbae4b55,arXiv:2204.01691,citation
d80f83e0b9140e6f619c1d3ae2923131103c4d4e,arXiv:2204.01691,citation
2d44a216d056c9a6fea1240833610da19484e523,arXiv:2204.01691,citation
86337313cb5ea7a3cdd55144caa4f599b02ee55b,arXiv:2204.01691,citation
0692b401d6ccd3a6bd4d2ebd87326a52d493d6da,arXiv:2204.01691,citation
045f15e5b5cd6938bc8ead3ec09268161c6ba7b0,arXiv:2204.01691,citation
7b04ad06498a615f5ddefb56d208c45714c33528,arXiv:2204.01691,citation
1487ff63c991f8a76029471ab902dc5931d71eb8,arXiv:2204.01691,citation
5b517c7baefc9c5282c25438e658a5b271a32c7d,arXiv:2204.01691,citation
535aa2488a33b5796275eef217da7c089dd11db9,arXiv:2204.01691,citation
062a3d1b45e4832ea3cbe9f7db3dba6157c982a3,arXiv:2204.01691,citation
49f2b5dd3ef0e04078128f55755469efc4431fda,arXiv:2204.01691,citation
9f29da2f887a3cb35eed974d908d30568eb5b678,arXiv:2204.01691,citation
e90f31290cb2cba80abdaec108ebe764b2440a61,arXiv:2204.01691,citation
e621b04645d5f0ff5aedf68f707b94e2ae5cb0d4,arXiv:2204.01691,citation
d1eac3dcf2ad37e1a75422f164cc1c5e8c474c5f,arXiv:2204.01691,citation
a091c920e8980444cbc501ff24c6d2f7af857b7a,arXiv:2204.01691,citation
dd95b789a49ee9a9eeb60b1a6ec0271cec8200dc,arXiv:2204.01691,citation
f7bd65f4bf7e2b7233a6cb4bb2567dfa69645585,arXiv:2204.01691,citation
5d844a3d1c09dbf400aafd78e7dbd8d3e8f084ac,arXiv:2204.01691,citation
9f250037e21791bf4807bbacd7ac6854aaddd83a,arXiv:2204.01691,citation
c9478a5a43b0e65ac4d03b25ba52114c442eeda6,arXiv:2204.01691,citation
e7ca0e4d4e4501e46262431e3914731ce8a9b2ce,arXiv:2204.01691,citation
c5a98f1504410ec4e2c4f001ccb06cb2b58eda4e,arXiv:2204.01691,citation
fb48d1326f632da1613a238439f9cf108a483f8b,arXiv:2204.01691,citation
675778f00c92b30c62dd6d83d25b5a912b0d9938,arXiv:2204.01691,citation
5313c01dfff564c30926899fbea39447b17e91a0,arXiv:2204.01691,citation
db8c4c08bd4413e9e7f9d71eff90f97ca2f4e66c,arXiv:2204.01691,citation
310203353c7764affdbf102583e1f6f7db1a12a7,arXiv:2204.01691,citation
65a35edd64c82e051db2ee471111a2bdbdfccfda,arXiv:2204.01691,citation
6a8382ca206560ab17930b3ceb4a77016f6c74d6,arXiv:2204.01691,citation
107f98abb272053dd1d5f1f92e3131536433f77c,arXiv:2204.01691,citation
85bce103ea247ca2f68fa1245b8e44ac323606b2,arXiv:2204.01691,citation
c763e59f1ed0a62657b4cbfb21cd1e4fafbe353a,arXiv:2204.01691,citation
1e7a09af9ec3b3654a63d03e5068baa1c24edb41,arXiv:2204.01691,citation
1d72f5f6695bb270c3c12d06938228f53e24704f,arXiv:2204.01691,citation
731c50b0d6af4c1cb8d95f506541681ea487973b,arXiv:2204.01691,citation
cce886854084ecfec8badc26f275fabfe69176be,arXiv:2204.01691,citation
ec6e2d1cb140e565713aa24238f21feb3c339cc3,arXiv:2204.01691,citation
9bdddf4d82f0b6002b17ea2fd09ab13b1cda73c4,arXiv:2204.01691,citation
a540513d0dcfffa0583b4f35be0f08267cbd2bc1,arXiv:2204.01691,citation
0842ac641f54b5ef63751a83b96e4619b8d6296a,arXiv:2204.01691,citation
a31f9e8da89e74d1a85f14bdc973c8d75cafdd52,arXiv:2204.01691,citation
2ec6caff88519e06a3148fe2890f1741b30ce623,arXiv:2204.01691,citation
ded7eb22dee8ba63f2422f79371c0fae6321873f,arXiv:2204.01691,citation
065eb76c846c76c7f1bfe94324563def704c18e2,arXiv:2204.01691,citation
1e934631aeb726b5cd2a68d02a88f98c9e60ce71,arXiv:2204.01691,citation
69d4f8347f906d00dac06c3fe244a86029cf39e4,arXiv:2204.01691,citation
314fb474798301cefceb089a10f1ae78b3ced097,arXiv:2204.01691,citation
ca198bdf5498cfb1b0faceacee433c4808460199,arXiv:2204.01691,citation
96f9a89c1dbb0713cbfa6a8304cd5142dbdb369c,arXiv:2204.01691,citation
308c330ae4e3d6637339a7ae9565e613e6062fd8,arXiv:2204.01691,citation
1eebdd34ff8d5d936df973728483ff48c00877ac,arXiv:2204.01691,citation
c8a33ab8b95841b7c6a210ba3389291375397fc5,arXiv:2204.01691,citation
58a4c3f8015865da42ba260676e193c93b3e8eb3,arXiv:2204.01691,citation
05bc7ebd71eacacf36c8fcd8f03e558269cf8f2f,arXiv:2204.01691,citation
4af45db0bccd203ddfc4399215846394a18f4a44,arXiv:2204.01691,citation
6f745b5a3e67871a94d5bfb8b916cca7fb1bac8c,arXiv:2204.01691,citation
3a3e31bffc23ab7a589842c4412a3e814ac9ddd8,arXiv:2204.01691,citation
146429f3cc8e881462ba612340d2b07aa984286b,arXiv:2204.01691,citation
2a06620936c10219dbef1122435033ce1476b117,arXiv:2204.01691,citation
10c8c21589962c5757f97ef23fd2480ade7d219d,arXiv:2204.01691,citation
ada8e7e5b8adddb2914f4e88ba92d20f82be1e7e,arXiv:2204.01691,citation
717a57ed620152adf823801802eeb421b9931b79,arXiv:2204.01691,citation
04bc434e5812ef17341049928f4d8834e4ca46a8,arXiv:2204.01691,citation
fa64e81ad6ff1676007d1c8c1d8087575f8d79cc,arXiv:2204.01691,citation
267e9d3c156c42303ba5b2696949cb81b7f67a4f,arXiv:2204.01691,citation
626306aabdde546d33627790338a8ca03c2428c4,arXiv:2204.01691,citation
974aeb60ce25e4fc001236510276f8b77ee3fea2,arXiv:2204.01691,citation
ffc7591e5374fb003ec8617974a93063cca688e4,arXiv:2204.01691,citation
5406ab3a490ade1a141eccedf7f1f69582ab2f5d,arXiv:2204.01691,citation
e12e43beff1e712a6f6d453ecebdf1491bf29b7a,arXiv:2204.01691,citation
07e24dc2ab1b82d65bc36c930e1c4514c64bb383,arXiv:2204.01691,citation
251fad87fe4f627535ba32a29eae343803fa5605,arXiv:2204.01691,citation
1951e288ade1a453c3f1bb544f3e5690a6d177c1,arXiv:2204.01691,citation
be24b701b1404254d46a7d8d17e057bfc69bfe71,arXiv:2204.01691,citation
e5c5ca9216d76dafca279e326c328692bcfd88ae,arXiv:2204.01691,citation
e58f919e7a15419605065a848261eac8384ae745,arXiv:2204.01691,citation
b49cbccd88cacf9a7514c80d33cf5c42b80edc1a,arXiv:2204.01691,citation
91af851f674aaa6064827527a3f40c733e51f742,arXiv:2204.01691,citation
8073322e2b1c9cac6816c3a1ef5e705dc04c77aa,arXiv:2204.01691,citation
edf6e8b460a3ab7d532e5263dca0ea74a5cd1a91,arXiv:2204.01691,citation
649a9b7d1ba78da0f42e89898858fcfaab0736b6,arXiv:2204.01691,citation
f05d2941cd4425ea4e450cfacf08c5c978376a8e,arXiv:2204.01691,citation
b58c2f6a0d7134c208fcad8534dd189baed8af0c,arXiv:2204.01691,citation
16a0a32da2d1fc152f22d1d8bff220a23d3b4972,arXiv:2204.01691,citation
f7acc860803b201c28d9f0c00962df66d2c0130d,arXiv:2204.01691,citation
8d1d786bbf532c6385ccf34f9beb49beae202853,arXiv:2204.01691,citation
81a24412a768b5571e4c49d821db7d24d0341ebb,arXiv:2204.01691,citation
cffe40274d352e28de43854676a2ad203442ec9e,arXiv:2204.01691,citation
49cda517fb1e3700d1852af7e35ab0fe3438a568,arXiv:2204.01691,citation
f9c603bddd99a6768201111ef4176782698c6483,arXiv:2204.01691,citation
2c850c70b52e3cd972b67c006f190de3ee963d4c,arXiv:2204.01691,citation
78c5608259bc7d2469cd3d53aa03fc18d51c5b20,arXiv:2204.01691,citation
c1fa31734bf75df4cdd1a6a04f63307d9817ed9a,arXiv:2204.01691,citation
db0f446a03c7cda8bb812a8ccf53ddee53055e85,arXiv:2204.01691,citation
7fb7dc542eebce34205d2ab8e6e96e059ac932c9,arXiv:2204.01691,citation
6160e0eb0822e5723c2b251eafb5a41f1cd69562,arXiv:2204.01691,citation
0260a39a231db6d7e84591ab9b187c93caa2f77b,arXiv:2204.01691,citation
5088b84507462bf725bb4898623d1dead4c6a206,arXiv:2204.01691,citation
f9dd1d4714c5043834b697b2adbc8d8487e7abb1,arXiv:2204.01691,citation
d97c62086861fa25a1734c7c0611d8bf95c51cdd,arXiv:2204.01691,citation
69afd10d387423a03617d461c3f47a5f3033cc54,arXiv:2204.01691,citation
ff23001689d08812a25ce03844f476e31ed15d75,arXiv:2204.01691,citation
919624d6902f2317a71512da95c0c4e692beca19,arXiv:2204.01691,citation
5d7be84388244d2626ee8d7fd0a462f4c2002ebc,arXiv:2204.01691,citation
d968db43bf21f1db5d9581634bb8cfa9f5920820,arXiv:2204.01691,citation
15394c7810deca4b075f6f59337d8284b1e1569e,arXiv:2204.01691,citation
40d1e0a1e8a861305f9354be747620782fc203ce,arXiv:2204.01691,citation
11e2d39c2f5eabeb12933f4fc7f50bd2b452e1fe,arXiv:2204.01691,citation
fdfe4671d4c2cee9ffd1b30b59beb40a7efda51d,arXiv:2204.01691,citation
20ddca71e0cf3df0d41c850d0b9e3ea4b4c3f536,arXiv:2204.01691,citation
78787fb53720e820600c0d98cc2eb581facd1bbd,arXiv:2204.01691,citation
f6075ce4db8dcc359c3ac97b85f2644dc5cadda6,arXiv:2204.01691,citation
ad9de5aaff60eb19b1d9264a5fafc71356e2ffd9,arXiv:2204.01691,citation
cb1397fd91e6dea191f9db0314d6b390e5e36b1f,arXiv:2204.01691,citation
8dc08e171422fdaa302893c41eb2d3301ebcf24b,arXiv:2204.01691,citation
49dac81bbac4f3604a79a9308d484b1cdbd0aaa6,arXiv:2204.01691,citation
3564562b1fd9ed8abf9aaeef0afd1d759c5e0d55,arXiv:2204.01691,citation
f2951a3016d3d3492de2b0812344f2d2cd3fe017,arXiv:2204.01691,citation
0846688b77c8a9f691a9feb4917ba9f6fe4c6360,arXiv:2204.01691,citation
e07d8f14d954a7664b0150675b90a0b9578def79,arXiv:2204.01691,citation
7ea4e8e12bcf44a0df256986d6a109b29463007d,arXiv:2204.01691,citation
f8e9cbb77a3fd538cf079d8156d82f763e803418,arXiv:2204.01691,citation
2a2d8ef3a738d1f8b09593e6681483de98f6fa29,arXiv:2204.01691,citation
8a9d9b23cb2c9c5f0a295ad80e4299a63ef1a2b7,arXiv:2204.01691,citation
1746ebed071c8c47673a373697043f4b11148622,arXiv:2204.01691,citation
9b6fb3e799ca059dc17ab499176e90098cd22ade,arXiv:2204.01691,citation
5aa01bf10e69b714df58628ffb8a19d83abb1b10,arXiv:2204.01691,citation
0d9690495769d474f91a4e2a7b231c710f7c99a0,arXiv:2204.01691,citation
3d2e1bccea595081350c578e7d03095a4ba670a7,arXiv:2204.01691,citation
35d8c49634309e9af3197b1d107488d372f1960e,arXiv:2204.01691,citation
bd79f32356ff313139fe08c7335b8155fb4a67b2,arXiv:2204.01691,citation
442b8903a2e8808ec9956c0b17dc9d974d8156c4,arXiv:2204.01691,citation
f7fda04c653b44b043735cb4a3c108c84131e067,arXiv:2204.01691,citation
31abdd493806253c5de6e0881d71b0b2066d35e4,arXiv:2204.01691,citation
5dff03b5abecbc6fdbc9518f17ff7171a7c36095,arXiv:2204.01691,citation
8fede60010c6883c14a8d97c1f677181c2c82cc6,arXiv:2204.01691,citation
cd467136e3dc283defd70d17197049b8e792e60e,arXiv:2204.01691,citation
ce756c11e4e161778ee18123897542725d7cd612,arXiv:2204.01691,citation
020ce0b77f5d1ef6cea39fca302b132a14cab1a3,arXiv:2204.01691,citation
fd68cc30656415b9d100ef4a6a4a07e7dfe4690e,arXiv:2204.01691,citation
dc8f6fc7f3e328dc91d8ca2fa62a1235e7c97cfa,arXiv:2204.01691,citation
6bad752dbe01735f85b8046f783647ef8895da2c,arXiv:2204.01691,citation
ef32819c179eb32fe2061b4078c385d8e1ab0582,arXiv:2204.01691,citation
7a643dd28dc1773964d9aa86c3ca064414a0a543,arXiv:2204.01691,citation
25fda350e6d16f7ea1e2181cba7dd92e282d50e1,arXiv:2204.01691,citation
0208a485b702e571968354ab43535e5bd42a23e1,arXiv:2204.01691,citation
8df8bc5577b33c82518878fe7d5d4cab4215ec72,arXiv:2204.01691,citation
25c6acbd1ec655c877d1683bcd8eb8e31b262864,arXiv:2204.01691,citation
7bdd5630dc195cb849f862fd9655a8265853c0b8,arXiv:2204.01691,citation
548abbd15fe082f07d1c08146719857c27dd5921,arXiv:2204.01691,citation
a748717cab6774a54464c7056623b409f4666a52,arXiv:2204.01691,citation
93b08946893d111933cd90b4a476d8da26e1f229,arXiv:2204.01691,citation
85a68a519c7d421a6e1f868c6d0b32eb85185860,arXiv:2204.01691,citation
ffc09c7971df578929ea3764d06e4ab62886421f,arXiv:2204.01691,citation
6fd55a747a57b28ebd4007585f5b8c785b34039d,arXiv:2204.01691,citation
f5a42495c56657a724b1c0fc6e5fffaa9aa349f2,arXiv:2204.01691,citation
63a43ae83c0bf62ba1b559511bc9dc72314fa9c8,arXiv:2204.01691,citation
0cb27c8c827e28ec09d6d386107bcde0ec6c34d6,arXiv:2204.01691,citation
6fccd056e256049ceadbc2300fb68b5446a07370,arXiv:2204.01691,citation
4b1e12c4e1fce382afe16bc4a67fd05347ef6901,arXiv:2204.01691,citation
b0e5ce5d3b30478f1c0fb2fb3f65b83534c3747e,arXiv:2204.01691,citation
e953662e0cf24c9ae407c37f71cca7fc8a7888c5,arXiv:2204.01691,citation
8955752c12946fc6f46c9db9870f39ed200162f2,arXiv:2204.01691,citation
3d6b70eee7f12d383a6b2bdc98bacd20525f8862,arXiv:2204.01691,citation
b0d0a6f9f9ec33ab7fe271b57b6d9b1678295eb7,arXiv:2204.01691,citation
555254f52c2eea90a46870b866b3d609e4ddfff0,arXiv:2204.01691,citation
7fa2d1632262f30921aa0415f1b4c0f15f50e865,arXiv:2204.01691,citation
1801573190814440f436be7f8dec7c4ddede6445,arXiv:2204.01691,citation
20748b741a9aa3dc7c06db2b5e3103ec2dad5f4e,arXiv:2204.01691,citation
16e73533e7f00d5b49f8d5731475bea7130b711b,arXiv:2204.01691,citation
407ddf4a9e89d8acb926edba5d10cacff0aefbea,arXiv:2204.01691,citation
625f758f2f5bd2a1142a232b3b5dc41bc73f84ba,arXiv:2204.01691,citation
ce358cccbc9b84a67d4eb91a650e398c35e9fd28,arXiv:2204.01691,citation
3267c7120cb67167d0fd3d65faac0ac6e5a24abd,arXiv:2204.01691,citation
e4b2dacac4f865fd569368c85060cbf1fc412620,arXiv:2204.01691,citation
e2a1c5b2c857eed7f8bc43a63310ccf50e87911f,arXiv:2204.01691,citation
2b4f666bc082d80b17ab493504d45f79c2532e42,arXiv:2204.01691,citation
018edf31aa67689f8e0465fc5556ea6e5dc1bc91,arXiv:2204.01691,citation
fa1f81b8221be38e4f30bd85828e39674620f5d7,arXiv:2204.01691,citation
b158f84e8f8798a5981275b5ba37059eaa366321,arXiv:2204.01691,citation
2f274db9aa447a13c019114e327057d4b161b6d5,arXiv:2204.01691,citation
a9719e68b0ade710816aacd20b07f54313e79c71,arXiv:2204.01691,citation
16e8797aa6957b8b76e68db60770e592ab1f542e,arXiv:2204.01691,citation
402741bb2c3c781b487ea428591e39d4c821b24d,arXiv:2204.01691,citation
2a596a68ec87f4e955a5e59b17b29314fb17d5d5,arXiv:2204.01691,citation
deb4844900c0b70e0852a3f96d15ff406f781f85,arXiv:2204.01691,citation
972e47cecf41104c8ef8bad2c0b96955c52298cd,arXiv:2204.01691,citation
115c0c8278b90fb798866692a28f32283f3763ee,arXiv:2204.01691,citation
a4af09dfbb5a302d22408628ea4ac1ca5dc7993c,arXiv:2204.01691,citation
d6279090078ecc31d63094a9ef162833a60c2d9b,arXiv:2204.01691,citation
466b7a6e2b12330b6bb23f4af64732b4e77ca794,arXiv:2204.01691,citation
3894da3aefa51f94fdf6f8cb92ea878ecf69ddd6,arXiv:2204.01691,citation
bc5e31e0d0e1f26809a55997b09f0c21c5f5dd07,arXiv:2204.01691,citation
89435c392b611b1e804c12d0176661e91ea54ea1,arXiv:2204.01691,citation
c41b872dd1a138d53528921790f3ad13471ae52e,arXiv:2204.01691,citation
1549659c6a8560ca4943b4b091bd2ac1cd356eb9,arXiv:2204.01691,citation
ee0fb97abf3ade9a7ea62e4507a58b3c1b6fbaa4,arXiv:2204.01691,citation
dd5702e89842963a2431235215a64c6bf36d5955,arXiv:2204.01691,citation
2c5f4e7494924d07775345c5cac7b5e84852fc0c,arXiv:2204.01691,citation
98cb0404653461332986721c2089a73f90459295,arXiv:2204.01691,citation
b87f49a32471a2c33b3fd0240d5ef2fb72aab43d,arXiv:2204.01691,citation
d172afa9ef45231ba2d5bb6a99ce7d3d16fdb2f2,arXiv:2204.01691,citation
7411eb184a85e328e509c3a7b3e43e70c9b1ef55,arXiv:2204.01691,citation
e7bab196b83348c8c6d9900d8168d28499ec9796,arXiv:2204.01691,citation
0deba8482fdfe3498543fb5a6677e4f0a291a15f,arXiv:2204.01691,citation
de977d2761a2147e020496cae71f27230a0024f1,arXiv:2204.01691,citation
6d3c98798fdf0cc311c51d083fae893a8dd78e5a,arXiv:2204.01691,citation
a99454c3faabb52c7b9ffcf47a92d1a1cf831642,arXiv:2204.01691,citation
c1b06213167804e673859d719708fd54f54a5e0f,arXiv:2204.01691,citation
cf460ec4e43099d384b748ceaf8e75282beb8bd4,arXiv:2204.01691,citation
b5e2ee878e757f1e7e557b89e7d3460edacb50ed,arXiv:2204.01691,citation
eac37c416c89a8eafd655dee639344379e2df33e,arXiv:2204.01691,citation
0bcd0fc6d5ce6946f9a4d14ea440b37ce0c28b61,arXiv:2204.01691,citation
55ccc99da7fe93c14879a812e70c9ffbe42f5b6b,arXiv:2204.01691,citation
96dcd1e3fdbdfe207bc0600f081c1e1f67e432fb,arXiv:2204.01691,citation
639fe43da43d1e20c64f87a75013361dca300e87,arXiv:2204.01691,citation
4cf9bbd49f413705dd12fb130b96c050e98852d3,arXiv:2204.01691,citation
02e54abd02c64525c5a9c555d0b3bcff09b9bca5,arXiv:2204.01691,citation
8ce9302cf87ca20aba04bc33ca8f37e59bbd5554,arXiv:2204.01691,citation
b7366586ec4f3e3f31f3fac7df46fad758587566,arXiv:2204.01691,citation
d53d954f7bdbe77c9602952a052f04addffacd57,arXiv:2204.01691,citation
090127d34f08fe92e90712ddbee0b2420953fe84,arXiv:2204.01691,citation
3fbf40b6d2125b0593f34d8e5e597abc00c976eb,arXiv:2204.01691,citation
2b23ab043e466d7e85600f4e7096df2b279a1f72,arXiv:2204.01691,citation
37e1c757eca7903729b14f58e31910cb163deefc,arXiv:2204.01691,citation
ba8f1e36ca5f16a61d679f1ddf7b2cb3e298b354,arXiv:2204.01691,citation
cf19e2dd3a6b0fe3d3e4a62cc04d572d0548b12e,arXiv:2204.01691,citation
5167871d6b35ec6c41a6937dc681c9b4fc2dda15,arXiv:2204.01691,citation
1c1d9ce7028a2784f90a9d0418906e57b9a491c9,arXiv:2204.01691,citation
98d4656ca35f794fe182300b32bb06ad2c7a9218,arXiv:2204.01691,citation
097a7927238a52291856588afd66dd4de1a7276d,arXiv:2204.01691,citation
15891c0bfc4c4e5e345acef4b6fa4ab003a473f6,arXiv:2204.01691,citation
86dca627550956a58cb2e1229d448ae97a6fc214,arXiv:2204.01691,citation
1502270bc1674bcc49dacfcf74b998bfbcfc73ef,arXiv:2204.01691,citation
9969fd03fa53d126124edc00fad3a23dd6a77ee3,arXiv:2204.01691,citation
b57b2d98a872ed729ec8abc199cd0f73f92b4ed0,arXiv:2204.01691,citation
403db2d7070e72153f759cfb8ee0a1691f21201a,arXiv:2204.01691,citation
37a760b847c409ff246ac4b1df1fe5de2fe7de38,arXiv:2204.01691,citation
dee404382e5e8f0c2dc30df3c7537150fce1e70a,arXiv:2204.01691,citation
da584b5157105e679e5542969d43cb30e9dc24d4,arXiv:2204.01691,citation
13db7d610fea1d590774841d9f09d157f85ea6d7,arXiv:2204.01691,citation
2db3c8db6072c7fc14bbdda66327c3491aff1243,arXiv:2204.01691,citation
8e69c81246a6a043fd1de364318968b16717ab67,arXiv:2204.01691,citation
4dd9e7343ccf50e859d1829d62535d19b820b2d3,arXiv:2204.01691,citation
613d27da65907acdade3bb7b1b1b6b69e85ed470,arXiv:2204.01691,citation
c1db3534566a6c6b71f0df8d76565ba2c8e6165e,arXiv:2204.01691,citation
0280be49fbac5280ca1f60e5bad3cca0114b5eed,arXiv:2204.01691,citation
7712b0e640848cd67d34d10f0b8637ba89f39f0c,arXiv:2204.01691,citation
9d06557ea983efd27deead53325c90332ae14edb,arXiv:2204.01691,citation
a44f654accc0de6ab5a5c5a8851329fe81bb6b82,arXiv:2204.01691,citation
a1a54b4235b6c0dd369d00de673a23ae069ceeab,arXiv:2204.01691,citation
433fa1a238ca6061fe16ac28ea7f350fa4c65052,arXiv:2204.01691,citation
1200d9a841fa261a211069da33c29f684c7da311,arXiv:2204.01691,citation
f2abed2c4021c04f5f34ba612b097f02c3b97036,arXiv:2204.01691,citation
453559d74f73dd09de27dddd3c0015332f5e4fa7,arXiv:2204.01691,citation
eb2d16f0671d0b7891788cd223a04fade75c1963,arXiv:2204.01691,citation
62bf0a3d3e5e20ecfd67dc9fe8991c63f151608e,arXiv:2204.01691,citation
d863513d15252797d6bafa03ecf377e183dbf1ed,arXiv:2204.01691,citation
f76d0f6302886220331dd149a01e4f3522980682,arXiv:2204.01691,citation
72499637780f4de2adc9b500596eec8a91238aa8,arXiv:2204.01691,citation
4e94b064f731dcfad6c2b173743e3982fa6ed9de,arXiv:2204.01691,citation
762c34d5cc561b7ad09a2157e5f4969dfd0c7aca,arXiv:2204.01691,citation
cb35cb70240d68b022460c4952e46929546bf664,arXiv:2204.01691,citation
0590ddf6a7030cc583fbca08c2ce88d397d25d6e,arXiv:2204.01691,citation
ca24fe0214eaa56802824eaadbbd5954b2921b2b,arXiv:2204.01691,citation
480dd850710a752583d389da5c4ae9300df30c7b,arXiv:2204.01691,citation
e94307da6262b44d07a471a9153f1ffa13e01edd,arXiv:2204.01691,citation
11df4e9a47a5bdc98377fe955109e4c7e6bbea1f,arXiv:2204.01691,citation
0713b44a6232651671fd2fe572f892c25808332b,arXiv:2204.01691,citation
8e1dbe0e5cecd2be38020cf821ffa5d65f1c5900,arXiv:2204.01691,citation
a459431f37f57044c00796d02f7673de5e798b23,arXiv:2204.01691,citation
06b8e37e8f43b7ad636b58688ac0e19c05e97883,arXiv:2204.01691,citation
ef0c2a66b7bc82a2f90ac298310c064a49da8213,arXiv:2204.01691,citation
7bc7aafef5197a8235309d955eb4daad6679c90d,arXiv:2204.01691,citation
e47211fe976e1000804022c59cb6830ca8bc72b6,arXiv:2204.01691,citation
74abb1a62b70e7f9019c7209ea4e65b72867a574,arXiv:2204.01691,citation
faeb447b7fc8e580699724bbb5ece994c724e3fb,arXiv:2204.01691,citation
9e16f6793b798b111f1de86ed295ef03baa82c95,arXiv:2204.01691,citation
0c9c3e2fdb62dc3a2c93f4818b1402cf785a8302,arXiv:2204.01691,citation
e7cc0ee0d5e88dc0bec72d7f2f43fba374c51a95,arXiv:2204.01691,citation
9a18562347cd01b466c031ed4c425d455479959e,arXiv:2204.01691,citation
bdd135ba75b11b28735fe9d68fdb14fbfadba360,arXiv:2204.01691,citation
92c82a51ad13c361d052987694cf93d6a72d5789,arXiv:2204.01691,citation
cc8796db323d8acd5c11b8c59979ad84a4711ab8,arXiv:2204.01691,citation
ec98b763c19d063664f43b95a8296aed5a074cc0,arXiv:2204.01691,citation
8f00a60abc00d913b1cb4149a0fbf9a2c91b1c08,arXiv:2204.01691,citation
48b44bd68fe8ca3e738eb871735d70722513263b,arXiv:2204.01691,citation
e9ae8e12ba18430ab501c8b1f70ec5c66a92ba98,arXiv:2204.01691,citation
0f37dbe47152bba67690c09255ab2f33ceb6e3f9,arXiv:2204.01691,citation
e3591b256f5792d6ba3912325471f31b06d801cc,arXiv:2204.01691,citation
e338327a7772574c0f97760681dfa98a0c0cf032,arXiv:2204.01691,citation
d89ddb912b9680df66ba6a2ff2f8eb3716dc44b5,arXiv:2204.01691,citation
80b4025d866b165bcb023c79a1964b594afd5598,arXiv:2204.01691,citation
a18fac91f2c55b8373526df19b990fa50b45f0cf,arXiv:2204.01691,citation
ae972bceff8c51d8c1744b0cdb24a007665cee9e,arXiv:2204.01691,citation
4afb57c63679c759cbd8cd8298b015062c88adc6,arXiv:2204.01691,citation
3cb46194e74bde184f9829ca12e33a7357f08fca,arXiv:2204.01691,citation
3717bfa1720994ce19efb145b46d698ca5e1cbd2,arXiv:2204.01691,citation
fb4a7c641b18ae6191719a9dd9b0bd5ff157b3d8,arXiv:2204.01691,citation
251f5cc029ee9648a8cda5e7386a61dda686d40a,arXiv:2204.01691,citation
f0b605a912f724b0396d660e9f30b2525354e343,arXiv:2204.01691,citation
648d9bd5275be9b106af6b3823867511618cb224,arXiv:2204.01691,citation
7fee08a188afca97792bfb9be8d5cb970bfc80fc,arXiv:2204.01691,citation
a2355278b030c4ed13cba1106ced2d4c980fcd30,arXiv:2204.01691,citation
dd23b432fa7372d807e9707b0a330524f8ce4b3e,arXiv:2204.01691,citation
5cde475c3b572cf81d9b14c4fd1163c1c2c19568,arXiv:2204.01691,citation
02d0a08555405e9afef977d17db67e841b499343,arXiv:2204.01691,citation
10efca368b696136714fda841d0848f2c231516d,arXiv:2204.01691,citation
d941fa629c35d80f957e3ebb0db165fc00faf713,arXiv:2204.01691,citation
23b69e9096d9b7ec74315154ed09b5bf0133ca58,arXiv:2204.01691,citation
18c9afb0d6ed37c0933c786afce8641a998a4c9c,arXiv:2204.01691,citation
f39319cf3b1154ecd3dcfbb9f9f590cbc0f2791a,arXiv:2204.01691,citation
920ba705e985210217786ed769c234ed3717da2c,arXiv:2204.01691,citation
508adefca0adaf2b836de00c741d17f9fe831175,arXiv:2204.01691,citation
78b1eb841b584f74ba09b2374c9d528b2c96d539,arXiv:2204.01691,citation
a5ad8dd7cddd7210026645a4df49294cc15c6112,arXiv:2204.01691,citation
19aebde07599ee47cd54382eb0a077a2ccbfbb60,arXiv:2204.01691,citation
3a36de53eabf437bd629a3c0f47e517016b886eb,arXiv:2204.01691,citation
7eac6ced497b966d77a2b104026d50a4f49b533d,arXiv:2204.01691,citation
577c2a287ce87c3669e5afb3ad6abb042a87587c,arXiv:2204.01691,citation
d9557db0eab624a7251e7aed053fe5de56c92415,arXiv:2204.01691,citation
99030063cd23ad00bf10e4a2bbfab87b1663f17e,arXiv:2204.01691,citation
af4072cada1c9e081965ffea4a26407d2477b479,arXiv:2204.01691,citation
8130fd36e651cf4bfc4618a00ee6e14c825f7cff,arXiv:2204.01691,citation
564970e409a15ef0a4699dd70902078c8b32bb4e,arXiv:2204.01691,citation
d8606fa9018392b8eefec8675ac0fe79b66817f4,arXiv:2204.01691,citation
14ab8bec94be4f435feccbc6ab872fa87b286163,arXiv:2204.01691,citation
5a7ad2bf5f26326a0b9fb75532f538045a99c540,arXiv:2204.01691,citation
d43dd59e85b9567b995c1a88ded89a9d69ecf71c,arXiv:2204.01691,citation
48472a217174053a146b0ebd3821e71b53f05a36,arXiv:2204.01691,citation
42dc6e2bb9d79efac89f3a15245655acbf1d86ac,arXiv:2204.01691,citation
83fe6b75ee908d9bf858f443cb12dc0b709a6311,arXiv:2204.01691,citation
4a91feebd6a76ffcbe6ab5314fd5d2d664311f45,arXiv:2204.01691,citation
d0f1f53dd18091b2002e4e339478fb739bc4091d,arXiv:2204.01691,citation
1ed6f9c35bc23965d5451ba39f197fefbe20710f,arXiv:2204.01691,citation
dbaeaa45765ddeb4a6dd238fc5506d73dec20b9a,arXiv:2204.01691,citation
344a289365081eafd66afb3c2757f736a087e7a6,arXiv:2204.01691,citation
abc377522b96b6f05c4ca0b063f9150a8e1d7198,arXiv:2204.01691,citation
22e51729cb40d843ccbc687d4a2c0d1c996bad1e,arXiv:2204.01691,citation
a497b668dce81d6850af1371fdaf6a4a03eafb06,arXiv:2204.01691,citation
04d9b838f79adc720ff568236c2a62fef34d8467,arXiv:2204.01691,citation
3b35f58ee4d0ecb1edc95be882076f267b263536,arXiv:2204.01691,citation
340b5bbb430e8fbf1e3b7d9fa57bf874912f3714,arXiv:2204.01691,citation
e3a637764a3bccece5e1b20d29006040c5856e2a,arXiv:2204.01691,citation
c0a8342d5a87c96a37ccf2bf6f2188a6b1ab8625,arXiv:2204.01691,citation
c94512390c31942a73cbc152dfc7ab0db4ec1e6b,arXiv:2204.01691,citation
344acd1d480f3c679e2ce12007af75b42e574929,arXiv:2204.01691,citation
f9da7cfe8d403f66ab844b08577deeff6d1b1170,arXiv:2204.01691,citation
69ca57ea13337b64a47ecd72f9623dcbe9ebad6f,arXiv:2204.01691,citation
373f0e25836979acdb6f8791627cf919d26e5769,arXiv:2204.01691,citation
5014ed8097639654124ecd79b79ef20eca5b055b,arXiv:2204.01691,citation
fc8ce12d6186ddaa797e2b36d5e8eb7921425308,arXiv:2204.01691,citation
d55089f2882b37fac1a617dc6d08fb00645e96f5,arXiv:2204.01691,citation
f08e6657e93226e67c6cf19a1d76cb46e1535ede,arXiv:2204.01691,citation
a56870071535a7d4b77eeaec4c7edf7823522f5d,arXiv:2204.01691,citation
2df11afb0b0662a8a4c229a148b5664e20491c27,arXiv:2204.01691,citation
49ccd30c63eedc35ba3c460a0042eff8fc5d5e92,arXiv:2204.01691,citation
6c85916729218999b0efcc96f8c6cb9431f40c94,arXiv:2204.01691,citation
79173dc1fea859a5eb12ec53187f6790f976266d,arXiv:2204.01691,citation
a549f6fcec90bb5522d0a5a49bcb4f937a735d17,arXiv:2204.01691,citation
2c2d505f10e3b460b087a4de00d374ebe09f1be6,arXiv:2204.01691,citation
94e04d0e1ad8d9a6b82e8068df71df9036123d19,arXiv:2204.01691,citation
f0c64291b16e7d724bcdc93155e7c5eff02c4c22,arXiv:2204.01691,citation
67d19b3e36d430140c755ff8fc4bb4d240ac97be,arXiv:2204.01691,citation
aa28e62a1bb93154a3623e8cdfa049d7b5882f1c,arXiv:2204.01691,citation
1f077b7578cd2b399f4d83b9c12de1275cf95420,arXiv:2204.01691,citation
ea03e6469bf50eda150c7091022a8b03730a15be,arXiv:2204.01691,citation
cb480cb9e25bbdad971b56669be29bc46532d555,arXiv:2204.01691,citation
8ce4b9851f2f4d7c055767ac3f3af9294442b077,arXiv:2204.01691,citation
6b59f7365081988ef0b84c378a43a0bac3b9e71f,arXiv:2204.01691,citation
a4782b94efb14f18e3a02bf7cd71b56a26414597,arXiv:2204.01691,citation
69471ffec37e37c2e73a022c946f93698c88f431,arXiv:2204.01691,citation
f45a9bf5a93598b9fc8717208a6a8ed1cf222d8f,arXiv:2204.01691,citation
948b8f65aa4703c38c978de1145cb3b072eb7df6,arXiv:2204.01691,citation
a1e7eec013c8a6898d3fd5ad540722c9fe5ed5e9,arXiv:2204.01691,citation
74ecb95811c816f2d59d9ffb7da112063beafd6d,arXiv:2204.01691,citation
fad70318f51bd280980d592d1f0638f21b52a8d1,arXiv:2204.01691,citation
8bcf2e1d6ba76a437419aa06065c2ac86b495af8,arXiv:2204.01691,citation
67e621e2869b3ace4cff7e94c08d903304d3f70c,arXiv:2204.01691,citation
4ebf422d76c31a5c681ec24f6424a09005984207,arXiv:2204.01691,citation
d6c2b8662601b52ad32821b8a8e93414143f7221,arXiv:2204.01691,citation
d906a8e4d623dc6064f131eb064b1160d2f2bc5e,arXiv:2204.01691,citation
2c88fec45f8974c28b57fad0840ca8321ca6c61a,arXiv:2204.01691,citation
6080c15c7d7c8ddcd652012cff7fa2c4e26bd12f,arXiv:2204.01691,citation
3227444169081eb108fa640474077e1a0e4ae9ea,arXiv:2204.01691,citation
51c390a481ad5fb046658369ad99fc58c6065984,arXiv:2204.01691,citation
10a49b1807be1cab5ee1173ec1aaab3919cf6712,arXiv:2204.01691,citation
b761282fe766830fb75a406ca557e773a4ac9d32,arXiv:2204.01691,citation
c7ffef6eef0ad7a88c8a5f87eaea4e2df465f234,arXiv:2204.01691,citation
cf2de4ba64f8ea698b782e38e9f5f9fddce0ec99,arXiv:2204.01691,citation
6ce6fbccd0e7c5bc96eb6d7a48d8936b2f27e8a4,arXiv:2204.01691,citation
88eba58b440aab89cde79216551f490237bc53bc,arXiv:2204.01691,citation
6421798ee517975e16cc5eaf3135a18b3d600a25,arXiv:2204.01691,citation
63b0a41a342c3d96becfb738204913efebbf11bc,arXiv:2204.01691,citation
9bf108758d87ce26f7b9258a79772dbe9dfa4e50,arXiv:2204.01691,citation
081ddcabe10b522c2e80f3b53ab271f00b362693,arXiv:2204.01691,citation
dd35664df802511a9246bd5bdec808a53c9164b0,arXiv:2204.01691,citation
77ef2ab8184302e6487facdb080431bd68e482df,arXiv:2204.01691,citation
3dc95c974f19fc305c56ec8a39382308612a37b5,arXiv:2204.01691,citation
993159b86a19ad1310423f35918adfab30b6c10e,arXiv:2204.01691,citation
28b49fcceaf951bfe5f08876540bc12e3d9ff352,arXiv:2204.01691,citation
1c5f16eb7a565b1516b758ee816d1404a2fe654c,arXiv:2204.01691,citation
82688a471b71fd05645228695208b2a6fd5a47d7,arXiv:2204.01691,citation
f3d54ad2c2177444240c8c1ebeb61675bc931506,arXiv:2204.01691,citation
66dd3f0b9810c204aa98c3f3ef1016369b76a18c,arXiv:2204.01691,citation
4d5873949633ea21b007ad64a4da134ac86c64d5,arXiv:2204.01691,citation
2058a5f0e4ade9cfc5383c3aade29f9c5efbdd48,arXiv:2204.01691,citation
3b205ebb4a80dfb8914a01a27eb3397bb20fba59,arXiv:2204.01691,citation
e92cafb610027bbfebf23b0390214586cd893c26,arXiv:2204.01691,citation
20a3887fc92bd087093dfe708faa2370b5559a3f,arXiv:2204.01691,citation
dc62bc6536e9e3ad80242f10f44c046e4c7bd3d1,arXiv:2204.01691,citation
21bebc2544ce5752e727d6f2010db4550828513e,arXiv:2204.01691,citation
aa64075f0c7a0977508a5dcb6a3c319952afcc20,arXiv:2204.01691,citation
f3a4314870ad7e7cbc050056bd87f04daa4d4fa8,arXiv:2204.01691,citation
6a19dd8a0b2d2ce7910e318d6e40404d86f898d9,arXiv:2204.01691,citation
be1952265f19b0be0aa07851e4ddc3bbdbe6727f,arXiv:2204.01691,citation
e06dda96ce8beac38be7d503faf18bb07051d340,arXiv:2204.01691,citation
fc409c663357758248eea787afd1c7809f30c6f3,arXiv:2204.01691,citation
d43bfbe6fa818a0e5646c5de3ce2dac7001ccf07,arXiv:2204.01691,citation
d182a68584c80ab58ff4ed325152be7dd041e046,arXiv:2204.01691,citation
1db3f8c64df4e64a690534714af3acdabec6f89f,arXiv:2204.01691,citation
7c03cbd425bf4e80fccda67658a43c6f57f8e22a,arXiv:2204.01691,citation
b67725e11f099c1640f933015486b4ec22f123d7,arXiv:2204.01691,citation
a09f5ca165d4789b4f49ea7afefee1ee1b5d5f60,arXiv:2204.01691,citation
c0353775cb33326edc94779dd41ac10804ae7baa,arXiv:2204.01691,citation
1c7ddaed3dc08e58a40bd020cf6048742751d224,arXiv:2204.01691,citation
9eedafc8508fb98ff27c87bb734a1ec7ebcf660c,arXiv:2204.01691,citation
6d704fc8e304abd7f7717d6ef99c41543d677cc2,arXiv:2204.01691,citation
7754741f80cbc7e26fe395404ff307b3d09a8c80,arXiv:2204.01691,citation
45f50779e3d62a8df3096b608a1891f922390970,arXiv:2204.01691,citation
edf26210534555302c4fc19722207bb4bd7739a8,arXiv:2204.01691,citation
17d08bd1f807bde1c12c941fd2780e4acb08a61e,arXiv:2204.01691,citation
fd0f1c57312019ab09f04915b70602daaa54df1a,arXiv:2204.01691,citation
9f57006c90100ad8d3c5e754aeda2aec74cc701a,arXiv:2204.01691,citation
57c1631cb443e7aca82bd77ed5871074d28937c4,arXiv:2204.01691,citation
081cd3daaadfdd5cba79416cbe07cab2aaab1f4f,arXiv:2204.01691,citation
5d9a413d0cf2f226308ad266b2b9642358a57071,arXiv:2204.01691,citation
5b55ad35502b4ad1521bc93d3c273134f17f9497,arXiv:2204.01691,citation
9705d4a44ad67836db2ee3d88ecf0362d597d1d9,arXiv:2204.01691,citation
67cd332df0202173e7648f7751a17f149b743a49,arXiv:2204.01691,citation
f87532739647d93b79689f8024550f3eecbe2fdf,arXiv:2204.01691,citation
a3d177f1ac6984d305b0a0af89f6bab4c17cf817,arXiv:2204.01691,citation
5dff399974bbc6d8db481dbb82732d5307577d8c,arXiv:2204.01691,citation
687e42c4d01a37c835d4ef1bb89a4757e775d5b6,arXiv:2204.01691,citation
6225ef54b2440fe05314c1e800b2628b0d2b7e82,arXiv:2204.01691,citation
131d5516ac09ded99f6b9551efe0c9b35e6d64be,arXiv:2204.01691,citation
b8d405189f4b5556d2882c879454b65bfa66f443,arXiv:2204.01691,citation
750fd7b23d1009c360cdbce19dbf1cf6b3461f59,arXiv:2204.01691,citation
9bcfc6c5ddc14bf5c26914f8a3d47eaca4d991c4,arXiv:2204.01691,citation
3a509c7309e1b7698f3988b3a2b475b74b6c7748,arXiv:2204.01691,citation
23e52fc3fbc3fa95b51e42dd6f5aa39f66b43856,arXiv:2204.01691,citation
0992b7976a3fb87d784959725772565fa56141f8,arXiv:2204.01691,citation
bdbe5f50fd835154203977bb586e1c68fd136437,arXiv:2204.01691,citation
4dc8cca917765a48b4942009dc04da68bb2370f3,arXiv:2204.01691,citation
d447edc0fa7a421e833c5e62de56a35f05de6aa4,arXiv:2204.01691,citation
7cb56921c9813943375d641f1c0a7aeeaa3e8bfd,arXiv:2204.01691,citation
929d4c79b5e2bbb3779e35b754d261cfbc9a740e,arXiv:2204.01691,citation
8f4afa3fcb2661480b31db8eeff972dac9066cf1,arXiv:2204.01691,citation
577f75d63c04696c7096a78c81f82803439f1a25,arXiv:2204.01691,citation
9d6d06ce836780c7e9821aa5386e39322a12f5d2,arXiv:2204.01691,citation
1e4600aad89059b254c5d0a89a0cbd219f99c39b,arXiv:2204.01691,citation
aaf890fce4795ece9aa33bd12c4f9da62863dcf9,arXiv:2204.01691,citation
a7fb4245b412f0e54ec26d5973f041d52c83c0ad,arXiv:2204.01691,citation
b12747548702099b17f4953e65137b912df99b44,arXiv:2204.01691,citation
4698d13ac47a92db952a73655117fffd7f52b049,arXiv:2204.01691,citation
7a4969b40e3ba26dcf426e5e68e3287e52eff8d0,arXiv:2204.01691,citation
35d19834787c9d636ad9d940eace744a1c375e0c,arXiv:2201.07207,citation
d9e75f5a4aa3a77e20fe3746e6c7698ca1046a93,arXiv:2201.07207,citation
c60999920586ebb918bc7f4d13fd17a2825efd7a,arXiv:2201.07207,citation
aab18fd6f490097c9ddee7fab2df955e0c166796,arXiv:2201.07207,citation
3ee863007862f23f41b27254b21a622569b437a3,arXiv:2201.07207,citation
587a234a33a2df7a6156e398be99d7568123d23b,arXiv:2201.07207,citation
c02efceefcd8940bfae6e783161e015fa135c9c6,arXiv:2201.07207,citation
f7fb1240e03ed058a203ad03df59446d685da7f0,arXiv:2201.07207,citation
f4b08454fbd7df1b9ebc3af391405aeb78f97d8e,arXiv:2201.07207,citation
a1da850e4dde4c65489ef55443c24fb17c32716e,arXiv:2201.07207,citation
136ec4b210d37a011a4bf5a7d45bcb50e7cc5936,arXiv:2201.07207,citation
ad69ce3e128faae9dd3588a9ed81c0ae1e61c45c,arXiv:2201.07207,citation
47142548c8caf5e60e8e78a6d4f93511e00f3d96,arXiv:2201.07207,citation
85c6a85f6574a4cbd80e63f99faf4d586d18605f,arXiv:2201.07207,citation
4b0caa2a554c97f9782ed656233218868df1988b,arXiv:2201.07207,citation
6c390f6e2c678569f2be80e5c5cb286d34aed235,arXiv:2201.07207,citation
480179eba122c4f896efc8cf4039f2f756e19e04,arXiv:2201.07207,citation
363a3c445e37cfa657e315cc4f82d5c06c2630b4,arXiv:2201.07207,citation
b39e7490bccf708763cb66a599acdf1c4c3a60ed,arXiv:2201.07207,citation
e7b070d968d1d396e1c480207bd0013aff288fc9,arXiv:2201.07207,citation
a49396691008693fee368e7b7d1dfa15ce864b90,arXiv:2201.07207,citation
ac3967e50c764f0f1dd791f511ce5afdb9ac8ade,arXiv:2201.07207,citation
6ca29e9438224626cafa50f121c22244f35575c0,arXiv:2201.07207,citation
60dbecd36d7822cde94d35936b09ce74334e2ef4,arXiv:2201.07207,citation
751e179505d1fb9be5fa19a0eb3e8074d6320587,arXiv:2201.07207,citation
fc3d07fcfcbfef4258382a705eb2c5acfe13b372,arXiv:2201.07207,citation
360127cf5fcbb677be029e83e58807b3c814a617,arXiv:2201.07207,citation
278c9b0256a510b797ebf5a23a3fcbd09cdb8fef,arXiv:2201.07207,citation
542c2948037ba8548dd336133ecb62137ebb8a4d,arXiv:2201.07207,citation
f2810ab997dfd656b744e334fc85697c374a459b,arXiv:2201.07207,citation
14dd5e503633e3a7c42c0158912fd5f30cb0d62e,arXiv:2201.07207,citation
52c7ca5d600b8d49852219408a5325f7d468c221,arXiv:2201.07207,citation
5b78acfdc2cbf1ed09a76fdb2d769cedd06ca40f,arXiv:2201.07207,citation
c17c942e71448ed2feb28545b98d147abde34e14,arXiv:2201.07207,citation
660ac383bff57e217333056cdec159488d3e16a5,arXiv:2201.07207,citation
46f7f477cd5fa0ef7b0484033c6ec2367570d91d,arXiv:2201.07207,citation
5dcec13e5f66b986eb724fff0873bc3befe1f711,arXiv:2201.07207,citation
09cc6ebb868b0d958cc971a12b63982d5584be12,arXiv:2201.07207,citation
d0665959f21cccb8f2f25a9bf96463fb7e1e3ffc,arXiv:2201.07207,citation
6da5617ac3c524bb376d49bb17c3caa703639a2f,arXiv:2201.07207,citation
30255f6a3541a6240d7b5d2b25923247c879c649,arXiv:2201.07207,citation
cb0c7d9535edf24f08523db3f0f3af7250b92517,arXiv:2201.07207,citation
16b860e62f6d08c65bfbbbb867735f17f881f657,arXiv:2201.07207,citation
24a4ed1fc0c51ddc7de5aca56060b311bb8ee2f1,arXiv:2201.07207,citation
d98964523e5f3f13a860fe61cc2f5fa5791339f1,arXiv:2201.07207,citation
15406a81820e157ebeb49ff8f92523b46220528a,arXiv:2201.07207,citation
1419c6b30c3d50ecbdaadec99346d103d6b46784,arXiv:2201.07207,citation
1814ed5ad8bba72a383b42d2b7a3fea441bfd035,arXiv:2201.07207,citation
6b712d7134329bf0eb50363ce73d73c0becad7c7,arXiv:2201.07207,citation
6bfdea9dee98a85122073bba21895ad8c0c0ff99,arXiv:2201.07207,citation
69133f7e0d69b07a20dd01366ad59d5f82c267ab,arXiv:2201.07207,citation
cf946cf34282fa640346c6daf2c70a651d7daeda,arXiv:2201.07207,citation
543f87b15b888cb0a2381c5b36141256ad5ec84e,arXiv:2201.07207,citation
df9d56616ee050ce370150adc7316612617d3709,arXiv:2201.07207,citation
51923f915f9bc24554d042c6f81d3604f1460f38,arXiv:2201.07207,citation
2d060a99823d824fa218bd1544e87813954b7530,arXiv:2201.07207,citation
dc353b6124a75d60985a74ff532a20c75de34ffa,arXiv:2201.07207,citation
3fe727fa69216722b8409097be2b36842c4ff9e8,arXiv:2201.07207,citation
615f1a22cd632792cdbbb410897a77dddf6f52a6,arXiv:2201.07207,citation
db79c598476dd10e04926391ef53397a32256334,arXiv:2201.07207,citation
abf03d59a76ce15934c0beea918af4007efc5de0,arXiv:2201.07207,citation
ba81a339757245077df7f87eede3c3e5d0e61968,arXiv:2201.07207,citation
b108dbb7b28a0cb189c507c1885c05ce42cb9cca,arXiv:2201.07207,citation
11efb64ff8eb5f0f011b0bedcf5f39c07d163d14,arXiv:2201.07207,citation
f8e7615c7c6d95ecf1737d845ee3eb713e297b5f,arXiv:2201.07207,citation
28ef6c02820b95e3f44602ed9dfa38bd8b94f971,arXiv:2201.07207,citation
4d7f9394e584f301e67b4ad282d30c1f0189f29d,arXiv:2201.07207,citation
ce9c1c4125664ba96b9b0b7e9d5bd9f05f520815,arXiv:2201.07207,citation
ca38d3dbf0ca25d4eeeb43becdc50aa45052e22d,arXiv:2201.07207,citation
48674264e38087905644ff003e7ec7f0831e8c2e,arXiv:2201.07207,citation
ab358214679c14831189c4a8b00a09bd82161414,arXiv:2201.07207,citation
288006fa6a4d4e54737111702c57115f2492ac4b,arXiv:2201.07207,citation
98437947b17cdd0433bce0f57d56858c124f5201,arXiv:2201.07207,citation
9422cc3b9b2cc547174778f3292dc65f8cd8a1e9,arXiv:2201.07207,citation
390a4bc96990092779e75d3da78c13c8066d7218,arXiv:2201.07207,citation
ddafc7dc2fc592d566944371274679db27ec0118,arXiv:2201.07207,citation
6a5cb8d2e43dff39c253a66165beadd6d6df815c,arXiv:2201.07207,citation
c2b809fede0938599f16a1397ae3dc686f4590ca,arXiv:2201.07207,citation
67f9203203c6ac528ccf90291805ef8ff0c197f2,arXiv:2201.07207,citation
ed6c1222f435cdab5f953b3249d1a4082976c356,arXiv:2201.07207,citation
83dadecb4090306032e8500fa75bbefc0438543d,arXiv:2201.07207,citation
4b4c87ad540a51f55c4f62173e30892c53bbf0b2,arXiv:2201.07207,citation
1979ed8750fe982db278dffdecebd8dd0e1e96cb,arXiv:2201.07207,citation
42825570e294c1dc5928983edd3925700466f89c,arXiv:2201.07207,citation
4c21f660843d4ce4041ffb4af073a2d7b1e0b61d,arXiv:2201.07207,citation
7e286c0702a0972d92ccc9cfb23753a65ed5d499,arXiv:2201.07207,citation
a25ae7d9b089cb32a7bc2ecfc8694d6d77333d49,arXiv:2201.07207,citation
86abe4d4ffb239fc73e8eedadf197a6e2576a210,arXiv:2201.07207,citation
04d685f18a3932ad47cd7fb4db537980a0eee33e,arXiv:2201.07207,citation
8dcf1023e5a23b1cc8019725ed3252796a4c7af7,arXiv:2201.07207,citation
e7ef85e0da47ca07975c39f7444b8159ab1d1451,arXiv:2201.07207,citation
b051ffd687052c32d0a6fa9c1ee759ed893ac344,arXiv:2201.07207,citation
67d977d8a2c42d6e25162137fd332e329618a54b,arXiv:2201.07207,citation
b665f0e30d3d1799de1f38b002e51ac9357dc05a,arXiv:2201.07207,citation
c631bd18fd644636efac88b8e2d68b48e3eb4e46,arXiv:2201.07207,citation
b3c7ce9ad9bbda1aef40f11081dedf6b09f87020,arXiv:2201.07207,citation
6f91678f2d5b4007a3b093d6ff9c61480dc2576c,arXiv:2201.07207,citation
09718b55d6b2ce0adf277e82ba471248b58ca39a,arXiv:2201.07207,citation
367f97f18200450cbdbbd0e423b872d6bd5e1f7c,arXiv:2201.07207,citation
759707c038ad88264b0636fce2afe7e7b7a60c50,arXiv:2201.07207,citation
d46dd8e5ba18311029de27290089582bfdfedb9d,arXiv:2201.07207,citation
2ad5abd30d82f22caeeae27729b03ecdff8dca8c,arXiv:2201.07207,citation
575ae13834ba97dbd216154aa37d0b88f1960d7d,arXiv:2201.07207,citation
cde3198d5a47bf6db2c331e347ff1d2647d71197,arXiv:2201.07207,citation
5157d2a42823e24c53437ea9f09bd6e147746d72,arXiv:2201.07207,citation
3d81ecc1bfb565000ac17f3dd281f835c8541857,arXiv:2201.07207,citation
d777eb56150e03d615e338db35b0ec11521d915b,arXiv:2201.07207,citation
4600f921a6b024b2f60ac669fc33109e3065bf10,arXiv:2201.07207,citation
a96dfe1642801b68e3e8311fdeda4f6aabb8decb,arXiv:2201.07207,citation
2beca8278ed8e036a158994ca255def0c42492cb,arXiv:2201.07207,citation
f14b60456e8b2e53496717e05eaf860bde3abe2a,arXiv:2201.07207,citation
e3f91aa0688a0e9bfed7958399e191e225a984d5,arXiv:2201.07207,citation
630ac252878b34cff962c925365d810beb249f02,arXiv:2201.07207,citation
3a1025afce60f190eeefac4cd28177c4a307d572,arXiv:2201.07207,citation
a24bbc43c67525835720ad2e6708c879962262f8,arXiv:2201.07207,citation
bb8b72f0b0301a98c01442d827bce82a76a15e65,arXiv:2201.07207,citation
39a4293a91bb43d0b9ed712766d2f5ac7a50af1e,arXiv:2201.07207,citation
1d14146f52c7e0d30f220222cd3900dac4b0b723,arXiv:2201.07207,citation
75bbd05310d8268a875d9daecb935abd99db5eb6,arXiv:2201.07207,citation
c4654d1dcfbb42ecfa1ae8e4ed8241c75929966a,arXiv:2201.07207,citation
602ac3629baf3fc04e4abb669b9b977144108905,arXiv:2201.07207,citation
d6344982860a744bc4cdac0a891450640a466ab0,arXiv:2201.07207,citation
26ba62c31feb4c9079ffb02054d3142dcfb782d5,arXiv:2201.07207,citation
ec058ce991737f8f911c1bd83e9e5d5637a21164,arXiv:2201.07207,citation
8cdf89b7c79b56e990ac71092fa01f646e2df1d3,arXiv:2201.07207,citation
da436f4b38a2cc9c3c84026459f75f72462003ac,arXiv:2201.07207,citation
6cd8eaab70b0eb3da600651c4141b76e824dea77,arXiv:2201.07207,citation
a548abe7e89739d2df027b0f8f0690651b363fff,arXiv:2201.07207,citation
5e93dbd203dc8997cfd604937ec0fe9d78528049,arXiv:2201.07207,citation
46ad22c87872abdcb871986921c80052837169be,arXiv:2201.07207,citation
dc4f5cf5c1df5645ce29b1c00026301fbfd487ee,arXiv:2201.07207,citation
5a6047eb606a07ae564fe30f9af70ebc05f6cea1,arXiv:2201.07207,citation
e9e6c8b70e1e22473f868ea3454b55f31836801d,arXiv:2201.07207,citation
badfed277b0b65b5411f7ffcdb785bf7998a1edd,arXiv:2201.07207,citation
d6c6c79656bbf9722fbe8c64db7f5fbe291b4599,arXiv:2201.07207,citation
3dcb228d6652105a97adb3347f402fcff37e78fd,arXiv:2201.07207,citation
dfc9bed038c8cb19cff9cc304c677de8a27bc18f,arXiv:2201.07207,citation
ca88a4d1d1352334ef9081e61b8ef402f49ab77d,arXiv:2201.07207,citation
79cd825b5e49c02727886ed3b8960175863792e3,arXiv:2201.07207,citation
caf05506b00388d100eda3175a08fb1e9421f74a,arXiv:2201.07207,citation
5059b570d9241c54887676b93e63f569c9d373c7,arXiv:2201.07207,citation
72aa001ed3ae119b78e6e7298716ba11c35b71c9,arXiv:2201.07207,citation
de628be92adefe0953840d13308d06ce3f74928b,arXiv:2201.07207,citation
669122c533fbae1722ca57b7e1c5d557c544a241,arXiv:2201.07207,citation
d1354ebf51f728d15f5404330f535dd484ec3b49,arXiv:2201.07207,citation
3922e0510367a242ce14b926163fda3597eaa8a4,arXiv:2201.07207,citation
104b7dac47c4145f7b2eaeee9f8a7f8cc9b68393,arXiv:2201.07207,citation
00af56a4596a35b5a319b7a16d3d63f67c717876,arXiv:2201.07207,citation
b244ae0452792b4b44ef82487a65d9156d308021,arXiv:2201.07207,citation
0458899327d1fb8b8b3fc5a141cca832aa66288b,arXiv:2201.07207,citation
f29d086f5bf1c611e42dc2fcdd42e3bf0019211b,arXiv:2201.07207,citation
051317c2007bbb0f18c82afa82c5ebbcc6c81267,arXiv:2201.07207,citation
70cba7a78d74dc48448dea317b958f6c057f7679,arXiv:2201.07207,citation
db1b73c9e81864eafbed22817f1444b19a07b22d,arXiv:2201.07207,citation
24c70ec56dfbbd0ebb05a1618787c2dd934ecf31,arXiv:2201.07207,citation
8b8555d4b109395d937f8b20deaee76ebaa83d73,arXiv:2201.07207,citation
8e2349027d9c0fa338d8f7fdf2406d5e0f3c1042,arXiv:2201.07207,citation
07f67a1187ad0bcd3dfa0f1e414b99ab9ca2ca17,arXiv:2201.07207,citation
89182745c00e8a88400266a0cb6c822d6c80ae9d,arXiv:2201.07207,citation
b61a254a8b246d9e351455589e8af3f5c159d33d,arXiv:2201.07207,citation
c93b0b7347e1ab9f1d8529cc360882e265238972,arXiv:2201.07207,citation
c696d905e70197ce4d1d7bbaee25db680a0d62e3,arXiv:2201.07207,citation
f04229adec1cf2cd780d680f8f97e57be08d28b0,arXiv:2201.07207,citation
33c9d335353a3f0f2d23a1cad5b9b7edddd880c6,arXiv:2201.07207,citation
809f780f432782aabd0802793a5ff2cb2382ac2f,arXiv:2201.07207,citation
17d7115c01f13e95314bdcd61e0b61e686dbf844,arXiv:2201.07207,citation
667456ed644b3c4594b18ec4c5078fdf587b493d,arXiv:2201.07207,citation
7051590b471833922899078adf16feb2e36a6cdb,arXiv:2201.07207,citation
c06e79e09da5fba48c5736f948fe758382796741,arXiv:2201.07207,citation
6236e62938f31432227341695ab06c271f283194,arXiv:2201.07207,citation
252bf5be465279295aa6e97b49f1bb4fe5bed8e7,arXiv:2201.07207,citation
3e22f52d5ee4e486bac02cef93be81b7a40b9abb,arXiv:2201.07207,citation
63bc7ab1e0039269fc607fdfbe2a1de5b366920c,arXiv:2201.07207,citation
a2046b77adfc5c57551e0e62b702389496b6223c,arXiv:2201.07207,citation
f045f5b56bad5344e15097d86e707fe482f906a7,arXiv:2201.07207,citation
b4d1d0a865f6f18f192a88b2caea73541aceb9ae,arXiv:2201.07207,citation
b989217ceb614025343b9921ff87c1f29901925e,arXiv:2201.07207,citation
4eefc576cfdca84976d1bae17ae0516c709d3b3c,arXiv:2201.07207,citation
a343a24a0d47e0acf4d71bfd0215924bc76d0256,arXiv:2201.07207,citation
49c9cb98191a875b86fe993c0fa79acbf776bfa5,arXiv:2201.07207,citation
d12f653de99f3f6a21a624e15915876a0de9e06a,arXiv:2201.07207,citation
09cc262000fb90477bbfb784480e4f8098206db9,arXiv:2201.07207,citation
ce6d3e53f4bececa374e47209c11b342ac43d830,arXiv:2201.07207,citation
79ae70ae4eb42d9a6d80502f0ced08759d07f2ad,arXiv:2201.07207,citation
4be750b67884b81393f547cc63e5ce03df6ebbf4,arXiv:2201.07207,citation
1f7999677cef3a896a09635bf251f45764a487ef,arXiv:2201.07207,citation
8958623a674c56ee194612ada68ea0df9bf2606e,arXiv:2201.07207,citation
0411cf3442d733bf76a321c71b69a5455e7cc51a,arXiv:2201.07207,citation
e04da8977794a348f685d40ca49c61efcd115125,arXiv:2201.07207,citation
65c0713c14b707d0d254ac000a65b4a1e80ff486,arXiv:2201.07207,citation
f8000d3efb777cd53b19430ead5bcb71df475f7d,arXiv:2201.07207,citation
28c62e4b9b511fd1c8055b5b544c52ee7a9992ba,arXiv:2201.07207,citation
5d3e29495fb66b35861c7ac4f2931bc294f2baa9,arXiv:2201.07207,citation
f4efa7928f4bfd0bcea6e422ac682f2d5994842b,arXiv:2201.07207,citation
78d4dd82a3175a31a560c5a0830a5841234eb7b4,arXiv:2201.07207,citation
33ef686c36a1d1d994de170005020f8a2d10c3f8,arXiv:2201.07207,citation
04b4fdd7f8e8a23390afc8ff64fbb0f68a3d6c54,arXiv:2201.07207,citation
c15d0d9c3581e4bb4fa71d4d97a3d7e8be1d6619,arXiv:2201.07207,citation
511cf8a5ade8766df9c3ce93ca1d34a919284e35,arXiv:2201.07207,citation
f9567b4501210408aa4b7033c230f671207103ff,arXiv:2201.07207,citation
3061f308844469b034d901699e7f6bb564b91898,arXiv:2201.07207,citation
2174f1e6274bbe417ce5c5a2526699b0bcd8ec13,arXiv:2201.07207,citation
f2150de8436a2117c4893a044b55adda7aaf3677,arXiv:2201.07207,citation
ad9eed80bca2b208e60d9648c30f712285498151,arXiv:2201.07207,citation
f18494ab61c6fc470506af9ca851cc93d646a3f6,arXiv:2201.07207,citation
199654c8413bcf722c77862d802b9a3a16f32936,arXiv:2201.07207,citation
f4ecdaebd24583e0fede6b1c5648008c659d1486,arXiv:2201.07207,citation
984adb3206db3dadf68bd13c4c93b7f049e28bff,arXiv:2201.07207,citation
c8cbd0dd3cf7598abe8abcb1671b25d30ca5abe3,arXiv:2201.07207,citation
a5378efef0f3942fd2639e2e6e9996bf9edc59b2,arXiv:2201.07207,citation
49242c91c017eaa36858759c547fe048f2e50673,arXiv:2201.07207,citation
0eda06234199a3e836d9a7bb8ba7e4ed25987e72,arXiv:2201.07207,citation
a32688780cc763b1d0b2d59f9677521779ee6612,arXiv:2201.07207,citation
1e2a82ef5e0325a26ca0344c4f8c256c52fae7ec,arXiv:2201.07207,citation
abf495840db5406c0cc2384d64cbd30e1fa6bf9a,arXiv:2201.07207,citation
4590a916d28d9c94438c7fc1e88c38143f69dcdc,arXiv:2201.07207,citation
b5563fdbb1b7ced8b164e827e3c7bea0086ab65f,arXiv:2201.07207,citation
ab8e812d05c0faa7f13cfe00587355e9cd186269,arXiv:2201.07207,citation
86c98c381bab96bac507ec5c05103e144f743044,arXiv:2201.07207,citation
43b67bb18673cf2784554eb99331b015069e584f,arXiv:2201.07207,citation
13098501f3ea01387d36740960ad47f1844694ed,arXiv:2201.07207,citation
822f284ad0c05d9acf88fdf8cf3013c502f00ca3,arXiv:2201.07207,citation
a171718e6ff547e4650950021a9459b78ce4002d,arXiv:2201.07207,citation
7f80c4a811d18063274fa13fe085d94fd0dc5cb2,arXiv:2201.07207,citation
7f319badb2d7e38ad14596d832ad18de34f7cb7e,arXiv:2201.07207,citation
e8d3556db19c55b543c268334da56976e84e9e7d,arXiv:2201.07207,citation
a54bfaad943b427d382893b358c8a9b85a595ece,arXiv:2201.07207,citation
c9e615c867f7741332a0239368df988f619a7496,arXiv:2201.07207,citation
552cc693ff14e0c481ee16d7bf7110ed3d2010a4,arXiv:2201.07207,citation
d084377392d2bcb91dd543402e40a33dd2ad1cf9,arXiv:2201.07207,citation
8e51cf726308232369db364477c776f66c9f91e8,arXiv:2201.07207,citation
e569a65350ebef308d33ddc38e73a1c5b00cae76,arXiv:2201.07207,citation
1a258888bbb682bb84775a816275341ddaabb135,arXiv:2201.07207,citation
517ae624b59df997c9f98b2d13697c02cccd1d13,arXiv:2201.07207,citation
bb38ab0012afec86750d0f6f7976465e9544a54d,arXiv:2201.07207,citation
3990f2211e16fff86af9ad9f0c967b0fe37d3658,arXiv:2201.07207,citation
3618658f7e2a1ec6551f2cff126b7413dbae4b55,arXiv:2201.07207,citation
210bf5938e040458709402ed38f3483becf92b41,arXiv:2201.07207,citation
fef3845f9150899416f107d91bf5bdbec2b8c496,arXiv:2201.07207,citation
497b41ae5d70334c519c06ce06791bc44935b247,arXiv:2201.07207,citation
062a3d1b45e4832ea3cbe9f7db3dba6157c982a3,arXiv:2201.07207,citation
e90f31290cb2cba80abdaec108ebe764b2440a61,arXiv:2201.07207,citation
a31ad2669a0b5b4d86dfbe645195cc1401914abf,arXiv:2201.07207,citation
51f8202c358f69b5c9353d59bd9a91ece8f5ebd0,arXiv:2201.07207,citation
e621b04645d5f0ff5aedf68f707b94e2ae5cb0d4,arXiv:2201.07207,citation
d1eac3dcf2ad37e1a75422f164cc1c5e8c474c5f,arXiv:2201.07207,citation
4a3b03035efb23722c1c6bb825ec734af7096bca,arXiv:2201.07207,citation
a091c920e8980444cbc501ff24c6d2f7af857b7a,arXiv:2201.07207,citation
097a862522c54680b1d3a71729cd78160113ea24,arXiv:2201.07207,citation
9476c8203fcbc4dd768299396b6bb459f426478d,arXiv:2201.07207,citation
b635dd85b8edb9bf2daaf7dc62840c78c1fe4c94,arXiv:2201.07207,citation
35ef7184a35e2225849ec9414d51360564596b4a,arXiv:2201.07207,citation
fb48d1326f632da1613a238439f9cf108a483f8b,arXiv:2201.07207,citation
fcfd281145d72d4571fc58b6e670ebc00141d486,arXiv:2201.07207,citation
85bce103ea247ca2f68fa1245b8e44ac323606b2,arXiv:2201.07207,citation
1e7a09af9ec3b3654a63d03e5068baa1c24edb41,arXiv:2201.07207,citation
f8a7da4404b403df55ddfe30ec809aa50ef543e2,arXiv:2201.07207,citation
1d72f5f6695bb270c3c12d06938228f53e24704f,arXiv:2201.07207,citation
cce886854084ecfec8badc26f275fabfe69176be,arXiv:2201.07207,citation
962d24583b2da43c7537d4c9dd4f9cfae6a14533,arXiv:2201.07207,citation
9bdddf4d82f0b6002b17ea2fd09ab13b1cda73c4,arXiv:2201.07207,citation
badb84ec2d95d3fe51807914bbd2f56a8d0e6c3c,arXiv:2201.07207,citation
a35428170e40b493bbd604deee6e3593805542ab,arXiv:2201.07207,citation
f6e48c6e2c3723aff7fe27cc7d34c7da1a4d1ab7,arXiv:2201.07207,citation
b62d9b5e513926f6eb5c88c30f74be20cc8f3b94,arXiv:2201.07207,citation
10c8c21589962c5757f97ef23fd2480ade7d219d,arXiv:2201.07207,citation
0423f727d85b5d5591b69af41a61ecb7a7e94088,arXiv:2201.07207,citation
4e91f09e1e2c69745ba237c6b71bc638c09c90e9,arXiv:2201.07207,citation
5406ab3a490ade1a141eccedf7f1f69582ab2f5d,arXiv:2201.07207,citation
251fad87fe4f627535ba32a29eae343803fa5605,arXiv:2201.07207,citation
75083c25e61adb871b440c42152f4033e255d253,arXiv:2201.07207,citation
be25e23712f104156f598cce2310293f3ede92bf,arXiv:2201.07207,citation
91af851f674aaa6064827527a3f40c733e51f742,arXiv:2201.07207,citation
6e15f76e13756478975bb20adfa1e0b9351d6758,arXiv:2201.07207,citation
20e12d24ac13c3213bf2b9a92398d1cd5f371927,arXiv:2201.07207,citation
edf6e8b460a3ab7d532e5263dca0ea74a5cd1a91,arXiv:2201.07207,citation
b58c2f6a0d7134c208fcad8534dd189baed8af0c,arXiv:2201.07207,citation
0f9f7e780c24db0dcc0b528a2377c1e8c379f07a,arXiv:2201.07207,citation
57b5f7d388ea4d7553c6d2cf63606a4d4f7d029e,arXiv:2201.07207,citation
f9c603bddd99a6768201111ef4176782698c6483,arXiv:2201.07207,citation
2c850c70b52e3cd972b67c006f190de3ee963d4c,arXiv:2201.07207,citation
78c5608259bc7d2469cd3d53aa03fc18d51c5b20,arXiv:2201.07207,citation
7fb7dc542eebce34205d2ab8e6e96e059ac932c9,arXiv:2201.07207,citation
5652faf4b49361d59954f6f24e7985a7464d52cf,arXiv:2201.07207,citation
5088b84507462bf725bb4898623d1dead4c6a206,arXiv:2201.07207,citation
055a073ec1399aaba42dcf1b880e4cc57ccaf923,arXiv:2201.07207,citation
69afd10d387423a03617d461c3f47a5f3033cc54,arXiv:2201.07207,citation
ff23001689d08812a25ce03844f476e31ed15d75,arXiv:2201.07207,citation
2db92245e328f6507258fe0cffda0d90c8588cc8,arXiv:2201.07207,citation
919624d6902f2317a71512da95c0c4e692beca19,arXiv:2201.07207,citation
6c5d701979dbbd9c066c28787467dd4ea94bf83c,arXiv:2201.07207,citation
78ff1ae907177b9cc70e61270ed1814c7997ce6d,arXiv:2201.07207,citation
0cd9df3a4a36c503db5ad9db8a47910fb10b156e,arXiv:2201.07207,citation
cb1397fd91e6dea191f9db0314d6b390e5e36b1f,arXiv:2201.07207,citation
c1fe3ddae2443ffd11cb62e76537af0ee207833f,arXiv:2201.07207,citation
2c0b8042723d5b7454be1bcfe12053801c9b1bf8,arXiv:2201.07207,citation
dc620bbfbbaa0446ffcb62a9961bc9e00865f395,arXiv:2201.07207,citation
06552667bd28b30a314de7caefda0e2b8226fab9,arXiv:2201.07207,citation
b7b9b119b956442b98ef4989588d2e9b341bd9f5,arXiv:2201.07207,citation
81f5b3ef32b9bb09d7048999ba6ed11eb5a061d9,arXiv:2201.07207,citation
3d2e1bccea595081350c578e7d03095a4ba670a7,arXiv:2201.07207,citation
ace33eec6b610d7ec8ba6562dad75bb82d632b96,arXiv:2201.07207,citation
bd79f32356ff313139fe08c7335b8155fb4a67b2,arXiv:2201.07207,citation
f7fda04c653b44b043735cb4a3c108c84131e067,arXiv:2201.07207,citation
cd467136e3dc283defd70d17197049b8e792e60e,arXiv:2201.07207,citation
b2bccc03f0476228e3fb9f2c0f3b2d4cebb82d25,arXiv:2201.07207,citation
52d39e54f491bc87c2fdf0c3232817fc0548c893,arXiv:2201.07207,citation
548abbd15fe082f07d1c08146719857c27dd5921,arXiv:2201.07207,citation
e713c2d7fed016aad3affc3d9c985a55c9715250,arXiv:2201.07207,citation
a748717cab6774a54464c7056623b409f4666a52,arXiv:2201.07207,citation
85a68a519c7d421a6e1f868c6d0b32eb85185860,arXiv:2201.07207,citation
6fccd056e256049ceadbc2300fb68b5446a07370,arXiv:2201.07207,citation
c9ff1e9cdd46d2c78a5bec9d4c30150d761b4436,arXiv:2201.07207,citation
3d6b70eee7f12d383a6b2bdc98bacd20525f8862,arXiv:2201.07207,citation
96073c37cc32c0efc143762346286325f9cb7c5b,arXiv:2201.07207,citation
555254f52c2eea90a46870b866b3d609e4ddfff0,arXiv:2201.07207,citation
7fa2d1632262f30921aa0415f1b4c0f15f50e865,arXiv:2201.07207,citation
20748b741a9aa3dc7c06db2b5e3103ec2dad5f4e,arXiv:2201.07207,citation
f9cef96bc0e4e282cbff93d35a7fc68e643504cc,arXiv:2201.07207,citation
c7f68e81f19a554849c0e71b22fd2e16e23e5dd2,arXiv:2201.07207,citation
625f758f2f5bd2a1142a232b3b5dc41bc73f84ba,arXiv:2201.07207,citation
b158f84e8f8798a5981275b5ba37059eaa366321,arXiv:2201.07207,citation
2f274db9aa447a13c019114e327057d4b161b6d5,arXiv:2201.07207,citation
65b5fcfcdf9f59c435d44e79d190fde731fa1b41,arXiv:2201.07207,citation
930c64992e2bfdee65d692dfb60dae8b1fa6408c,arXiv:2201.07207,citation
aadcaa2d209744e86709c843b512d0c938e17d3b,arXiv:2201.07207,citation
1f305bc1e04766553a2f993eed0a645af47ed772,arXiv:2201.07207,citation
0a42291d9543eabe33f6c14278333484071a707c,arXiv:2201.07207,citation
4ad89a9cb25d7ff019ab6712009ac05b33129257,arXiv:2201.07207,citation
6bbf24e501ee48e4e1831fdc5e8d2be54350bad2,arXiv:2201.07207,citation
115c0c8278b90fb798866692a28f32283f3763ee,arXiv:2201.07207,citation
376461a2c049f6fa51a4303853fdc672e4d07a0d,arXiv:2201.07207,citation
fbcc06f1112861585bdc7f0a41b9865831022623,arXiv:2201.07207,citation
89435c392b611b1e804c12d0176661e91ea54ea1,arXiv:2201.07207,citation
07234ac99315d465ea63534268d1649fcfce1c57,arXiv:2201.07207,citation
672f7645fb192c7457d49d20fec84b5fc2e3163e,arXiv:2201.07207,citation
ec1f781e72e031ba44bbd5c42718e57b404c3967,arXiv:2201.07207,citation
d41c76390c494287a30f1ffba133ffdc8805b1b8,arXiv:2201.07207,citation
ee0fb97abf3ade9a7ea62e4507a58b3c1b6fbaa4,arXiv:2201.07207,citation
e7bab196b83348c8c6d9900d8168d28499ec9796,arXiv:2201.07207,citation
de977d2761a2147e020496cae71f27230a0024f1,arXiv:2201.07207,citation
24e7d6c6f201bbe1403d83673b37a4c5ba5e65f6,arXiv:2201.07207,citation
6d3c98798fdf0cc311c51d083fae893a8dd78e5a,arXiv:2201.07207,citation
a99454c3faabb52c7b9ffcf47a92d1a1cf831642,arXiv:2201.07207,citation
b5e2ee878e757f1e7e557b89e7d3460edacb50ed,arXiv:2201.07207,citation
2fef87c86ea8b318a81031befe5e09fe3706bccd,arXiv:2201.07207,citation
572a4e3e4645a14e7c70b004e624ef474d719425,arXiv:2201.07207,citation
18fa0bc650ecafe8e1a199daf9a38a3352763eb3,arXiv:2201.07207,citation
4cf9bbd49f413705dd12fb130b96c050e98852d3,arXiv:2201.07207,citation
eefc6fa78ca394fa14217f9f20b1f235c3eae3fd,arXiv:2201.07207,citation
b7366586ec4f3e3f31f3fac7df46fad758587566,arXiv:2201.07207,citation
37e1c757eca7903729b14f58e31910cb163deefc,arXiv:2201.07207,citation
ba8f1e36ca5f16a61d679f1ddf7b2cb3e298b354,arXiv:2201.07207,citation
98d4656ca35f794fe182300b32bb06ad2c7a9218,arXiv:2201.07207,citation
98c9a5cc0d1bd3fa1fba75297f7602740741a9a0,arXiv:2201.07207,citation
86dca627550956a58cb2e1229d448ae97a6fc214,arXiv:2201.07207,citation
02747bc59ddf832b0b7d04a1f491d9fa519066fe,arXiv:2201.07207,citation
da584b5157105e679e5542969d43cb30e9dc24d4,arXiv:2201.07207,citation
f743464f22136d5b845483c5fd1597cb5809ddad,arXiv:2201.07207,citation
8567eafcf47808793b012cd14d56a22a6566c0b6,arXiv:2201.07207,citation
8b79110660063b6d3e8cb04bcfa74a09257c9b29,arXiv:2201.07207,citation
fe472d15e2fd294c5d871a5b316d6a74908f409f,arXiv:2201.07207,citation
f2abed2c4021c04f5f34ba612b097f02c3b97036,arXiv:2201.07207,citation
453559d74f73dd09de27dddd3c0015332f5e4fa7,arXiv:2201.07207,citation
eb2d16f0671d0b7891788cd223a04fade75c1963,arXiv:2201.07207,citation
f76d0f6302886220331dd149a01e4f3522980682,arXiv:2201.07207,citation
fee99505eddb66b815320a48314875265ed6230a,arXiv:2201.07207,citation
8f6fcaf8d771a4eb3fca8576e0e0a475a8d7cfbc,arXiv:2201.07207,citation
e94307da6262b44d07a471a9153f1ffa13e01edd,arXiv:2201.07207,citation
866d8d693e941a02f06014a814a0d99f50516a41,arXiv:2201.07207,citation
323385dfa4ce2279efd0c2a4a71bf8474d37553c,arXiv:2201.07207,citation
faffd56c4024f552335a76639526d5d60e7a278b,arXiv:2201.07207,citation
0c9c3e2fdb62dc3a2c93f4818b1402cf785a8302,arXiv:2201.07207,citation
e7cc0ee0d5e88dc0bec72d7f2f43fba374c51a95,arXiv:2201.07207,citation
9a18562347cd01b466c031ed4c425d455479959e,arXiv:2201.07207,citation
f63853c34905b7cb83241d17112bc0376f180a39,arXiv:2201.07207,citation
a016a87652118930dc64bd8a59da9b1abfb1738d,arXiv:2201.07207,citation
7d00f891789ed7ead693f8efff89d3935da12aec,arXiv:2201.07207,citation
ec98b763c19d063664f43b95a8296aed5a074cc0,arXiv:2201.07207,citation
3717bfa1720994ce19efb145b46d698ca5e1cbd2,arXiv:2201.07207,citation
4da81eca6660866b78a8a3671006bfa750c11c16,arXiv:2201.07207,citation
1e1421eb90682938d78695b9ac42f8501db613c1,arXiv:2201.07207,citation
7fee08a188afca97792bfb9be8d5cb970bfc80fc,arXiv:2201.07207,citation
2efae9851606b5f8b16edbbf357b30de5846876e,arXiv:2201.07207,citation
26960a59fafa8d7f015128c666bf22881f17a7a3,arXiv:2201.07207,citation
a2355278b030c4ed13cba1106ced2d4c980fcd30,arXiv:2201.07207,citation
f68af8362c7977c32c81889c5504e8e2782f0e61,arXiv:2201.07207,citation
fb67ee030579553f5e58e162010b770ee74cdb25,arXiv:2201.07207,citation
02d0a08555405e9afef977d17db67e841b499343,arXiv:2201.07207,citation
e7d5f13c250a40ecb6d58a3119a19acd74e86933,arXiv:2201.07207,citation
18c9afb0d6ed37c0933c786afce8641a998a4c9c,arXiv:2201.07207,citation
920ba705e985210217786ed769c234ed3717da2c,arXiv:2201.07207,citation
3c10d04623d991dcf6c53d2b31ca76fbb174295d,arXiv:2201.07207,citation
a5ad8dd7cddd7210026645a4df49294cc15c6112,arXiv:2201.07207,citation
5eb113b55526fd73249c47bfb544b9db959bdc22,arXiv:2201.07207,citation
3a36de53eabf437bd629a3c0f47e517016b886eb,arXiv:2201.07207,citation
08baf4452963cfd067407c5799a0b9c0cc34d173,arXiv:2201.07207,citation
7eac6ced497b966d77a2b104026d50a4f49b533d,arXiv:2201.07207,citation
af4072cada1c9e081965ffea4a26407d2477b479,arXiv:2201.07207,citation
564970e409a15ef0a4699dd70902078c8b32bb4e,arXiv:2201.07207,citation
14ab8bec94be4f435feccbc6ab872fa87b286163,arXiv:2201.07207,citation
d43dd59e85b9567b995c1a88ded89a9d69ecf71c,arXiv:2201.07207,citation
42dc6e2bb9d79efac89f3a15245655acbf1d86ac,arXiv:2201.07207,citation
7613e3b52b5a66f0e229320d1b632a22883a3583,arXiv:2201.07207,citation
d0f1f53dd18091b2002e4e339478fb739bc4091d,arXiv:2201.07207,citation
9d79b6d2381535521d499d89cdb5b0b4190cc251,arXiv:2201.07207,citation
31f4e4092fcd2a50d81eda10a300bd3efb648b84,arXiv:2201.07207,citation
cfac22d6f340a862c23e7eb398471c8cd51d0bde,arXiv:2201.07207,citation
aba6f3d0c334d6ff7ee7691a974ac1d95064e64c,arXiv:2201.07207,citation
c94512390c31942a73cbc152dfc7ab0db4ec1e6b,arXiv:2201.07207,citation
344acd1d480f3c679e2ce12007af75b42e574929,arXiv:2201.07207,citation
f9da7cfe8d403f66ab844b08577deeff6d1b1170,arXiv:2201.07207,citation
fc8ce12d6186ddaa797e2b36d5e8eb7921425308,arXiv:2201.07207,citation
d55089f2882b37fac1a617dc6d08fb00645e96f5,arXiv:2201.07207,citation
1c53ce6c7291134272a8125e13056e9bbade95a4,arXiv:2201.07207,citation
a56870071535a7d4b77eeaec4c7edf7823522f5d,arXiv:2201.07207,citation
49ccd30c63eedc35ba3c460a0042eff8fc5d5e92,arXiv:2201.07207,citation
9ed390a25c0734dd1af57d0cc401bdd95aba3e4d,arXiv:2201.07207,citation
5f4efbe3aae1d8f44ceab1da257ae685d6beb00b,arXiv:2201.07207,citation
f0c64291b16e7d724bcdc93155e7c5eff02c4c22,arXiv:2201.07207,citation
6e38c0f982570d3fffe67a636d2ab5f21ae076cd,arXiv:2201.07207,citation
aa28e62a1bb93154a3623e8cdfa049d7b5882f1c,arXiv:2201.07207,citation
ea03e6469bf50eda150c7091022a8b03730a15be,arXiv:2201.07207,citation
c6e273017799813fa7920781f29e8ea49829e13b,arXiv:2201.07207,citation
6b59f7365081988ef0b84c378a43a0bac3b9e71f,arXiv:2201.07207,citation
7f0b1e6042d77f57b816ca2e5f5e7200833304c3,arXiv:2201.07207,citation
a1e7eec013c8a6898d3fd5ad540722c9fe5ed5e9,arXiv:2201.07207,citation
d71701ba70859598abe6f354ed2a512e93c3cb19,arXiv:2201.07207,citation
74ecb95811c816f2d59d9ffb7da112063beafd6d,arXiv:2201.07207,citation
fad70318f51bd280980d592d1f0638f21b52a8d1,arXiv:2201.07207,citation
799f12d084a11932ab26a7ce2b2913d68924b748,arXiv:2201.07207,citation
d6c2b8662601b52ad32821b8a8e93414143f7221,arXiv:2201.07207,citation
d906a8e4d623dc6064f131eb064b1160d2f2bc5e,arXiv:2201.07207,citation
3227444169081eb108fa640474077e1a0e4ae9ea,arXiv:2201.07207,citation
fc5a66656f5695ae196eeaf15fd5e400f8f83666,arXiv:2201.07207,citation
c7ffef6eef0ad7a88c8a5f87eaea4e2df465f234,arXiv:2201.07207,citation
85a3bad02c8c87445a66c053d1be86e93cda229d,arXiv:2201.07207,citation
88eba58b440aab89cde79216551f490237bc53bc,arXiv:2201.07207,citation
63b0a41a342c3d96becfb738204913efebbf11bc,arXiv:2201.07207,citation
9bf108758d87ce26f7b9258a79772dbe9dfa4e50,arXiv:2201.07207,citation
dd35664df802511a9246bd5bdec808a53c9164b0,arXiv:2201.07207,citation
3dc95c974f19fc305c56ec8a39382308612a37b5,arXiv:2201.07207,citation
77ef2ab8184302e6487facdb080431bd68e482df,arXiv:2201.07207,citation
21b0e9cf7966f3641f0fed59bae6e11e3cc85930,arXiv:2201.07207,citation
993159b86a19ad1310423f35918adfab30b6c10e,arXiv:2201.07207,citation
1c5f16eb7a565b1516b758ee816d1404a2fe654c,arXiv:2201.07207,citation
dba82ffea08d400555541cc7ebb2387ecee97f77,arXiv:2201.07207,citation
3b205ebb4a80dfb8914a01a27eb3397bb20fba59,arXiv:2201.07207,citation
aa64075f0c7a0977508a5dcb6a3c319952afcc20,arXiv:2201.07207,citation
7362b81b808ebafd403eaec6f60a124340d68d71,arXiv:2201.07207,citation
be1952265f19b0be0aa07851e4ddc3bbdbe6727f,arXiv:2201.07207,citation
e06dda96ce8beac38be7d503faf18bb07051d340,arXiv:2201.07207,citation
d182a68584c80ab58ff4ed325152be7dd041e046,arXiv:2201.07207,citation
b67725e11f099c1640f933015486b4ec22f123d7,arXiv:2201.07207,citation
a09f5ca165d4789b4f49ea7afefee1ee1b5d5f60,arXiv:2201.07207,citation
9a27e3ce02e935e611f89fb7465759f82c13705e,arXiv:2201.07207,citation
123b90489def0113d85b8387e91449b192c794bd,arXiv:2201.07207,citation
f4a6fac2807fbbb40f0d6e081c57c62e7934d994,arXiv:2201.07207,citation
45f50779e3d62a8df3096b608a1891f922390970,arXiv:2201.07207,citation
5b55ad35502b4ad1521bc93d3c273134f17f9497,arXiv:2201.07207,citation
9705d4a44ad67836db2ee3d88ecf0362d597d1d9,arXiv:2201.07207,citation
67cd332df0202173e7648f7751a17f149b743a49,arXiv:2201.07207,citation
a3d177f1ac6984d305b0a0af89f6bab4c17cf817,arXiv:2201.07207,citation
c8401ca54ccf4ee7237daadf0322ed186d587c47,arXiv:2201.07207,citation
f34511cdbe840cc073201f3932a021234ea3db72,arXiv:2201.07207,citation
e5b077152faf4b57ad94bbe1a57ef00dceaf6cea,arXiv:2201.07207,citation
23e52fc3fbc3fa95b51e42dd6f5aa39f66b43856,arXiv:2201.07207,citation
8d587b7647409a8e74f994552dee224a16971770,arXiv:2201.07207,citation
bdbe5f50fd835154203977bb586e1c68fd136437,arXiv:2201.07207,citation
9d6d06ce836780c7e9821aa5386e39322a12f5d2,arXiv:2201.07207,citation
aaf890fce4795ece9aa33bd12c4f9da62863dcf9,arXiv:2201.07207,citation
a7fb4245b412f0e54ec26d5973f041d52c83c0ad,arXiv:2201.07207,citation
6710349bfaac1929cdea990ba4710b12b795b43d,arXiv:2201.07207,citation
7a4969b40e3ba26dcf426e5e68e3287e52eff8d0,arXiv:2201.07207,citation
9d243b955f2253a563c438d8449e1c468944a545,arXiv:2201.07207,citation
b393f619a87c5b6aa63c7abc7118263205b6aa62,arXiv:2201.07207,citation
f1f63620e87facef02234e82864c4b8adee081ec,arXiv:2201.07207,citation
63f05ba4d7ec1af82c756348e7fb6c90c8ab4c4e,arXiv:2201.07207,citation
99779dd44f1555de8717acefae05698e572254e3,arXiv:2201.07207,citation
8d7f27aefecab5cf000fc076fb80d56fd5d80398,arXiv:2201.07207,citation
0fa17b5f7b9485f744158f5665f828b54a45944f,arXiv:2201.07207,citation
987c5ab507b2fce644a9b73a8f8338c80cba944d,arXiv:2201.07207,citation
d625c0c24246df86885b09e960147c384d0a4e9e,arXiv:2201.07207,citation
59757d4b4ecff238ada3277455e61903549979f7,arXiv:2201.07207,citation
a392c7ff653068c3ce2daec638a657d047debe45,arXiv:2201.07207,citation
936233026bf1de9646cad1bd0ae3e8349da1d259,arXiv:2201.07207,citation
c89999fa9fd796136a421d26623a54a05ee8eddc,arXiv:2201.07207,citation
b73f66e19be7859f01478f49e1c031bc9a9f02ca,arXiv:2201.07207,citation
bdc8c92a44714b468b40ef3d77e96d966f93141b,arXiv:2201.07207,citation
32ef08a51d2a79334d4d088947768ae15af00db2,arXiv:2201.07207,citation
a8f5ecc4a3a5d1ed287d57f759d94d13f04b41c8,arXiv:2201.07207,citation
ce16bfdf70e4316940d9303b320ec428234fb73f,arXiv:2201.07207,citation
2026c795a2c0ea07d860bc01843c01f02ed16faf,arXiv:2201.07207,citation
619ea816e8ef3fbf6fbb715753bf83cc2c2df7a5,arXiv:2201.07207,citation
2ad5dcb7f427cbaeb23639ee643fe042a8c0f2d7,arXiv:2201.07207,citation
5f146b8945fac10b1ed6c06f60c3541d8bf5449f,arXiv:2201.07207,citation
df9b2b471b9b2550a29b2fd2df6b9d5967f9133f,arXiv:2201.07207,citation
e87dc5cbdd7e350c5be5fad22d13c97c0ceafb51,arXiv:2201.07207,citation
092fc465d80015c677167f213de77c0114ede76b,arXiv:2201.07207,citation
95a019d605e85a15bcd102ae5f95338cea1f5046,arXiv:2201.07207,citation
2c7233368ac3d06427ad4a8a02a8039295a26f80,arXiv:2201.07207,citation
7b3b59103e16338755624df5ef46639c4778e99e,arXiv:2201.07207,citation
8a28ed496937f0103c4d8bdca750e2245ec79913,arXiv:2201.07207,citation
75051304b1d4518536bfcf67bc06cc8145cda03e,arXiv:2201.07207,citation
143ff789f500307bab6725c466da97492cb5c771,arXiv:2201.07207,citation
7080139d78e718b0efe91cf1bbfe17f288100596,arXiv:2201.07207,citation
03c0a606b8f9bdbc4832cb061ad524fb5d16287b,arXiv:2201.07207,citation
8bb23188a1bdd777d5f1d2ae204c67056733cd97,arXiv:2201.07207,citation
bd72b578c02b542333132f2fe26517b462663ef2,arXiv:2201.07207,citation
ee376d2aaa7347a8dfd880092efbe67770ca3f43,arXiv:2201.07207,citation
a5ff668294a0eb7216edda6c42e76ba6b18ebcb3,arXiv:2201.07207,citation
7e2cad1c2f774ab108d35b317c237d9311bed830,arXiv:2201.07207,citation
f28d952e3427270b3f6d3c18d6fb8b614c5fae06,arXiv:2201.07207,citation
0fd5fb95058d42a7566d6cf69f6112b23e3adcc1,arXiv:2201.07207,citation
af654dd94f72bb087fd2e75f8b2390a513d906af,arXiv:2201.07207,citation
da7cf58776fbb1a4aacd0e9c6a7fe77f2ea904ab,arXiv:2201.07207,citation
ec1a50c33d599e9b3522c0972913e47d17fddb6c,arXiv:2201.07207,citation
02b5acd94cbbbf7b3c4b6c4d56d590104f4a4fc6,arXiv:2201.07207,citation
491e129c10bca2f9e50c9c4859b3cb825d217d37,arXiv:2201.07207,citation
57da517dec2fd80ee86aa7c3fe6f4c356e139cd7,arXiv:2201.07207,citation
e36e5a2c5d324ebf026ebe79f01036597fbef0df,arXiv:2201.07207,citation
41f84f296558fb4e4ab5b577066c5e1fcc67d007,arXiv:2201.07207,citation
d113972f8ea7dab1a5b2d0cd5c7fd7a3dba12406,arXiv:2201.07207,citation
d5d00bb98736c934bb277edadfb2149852b2e99b,arXiv:2201.07207,citation
c1a71387908ec16de970f250f7bce4b9e4306ac7,arXiv:2201.07207,citation
e2b57df28c8edf25bf8adb86ca5a9e7fe61eea0b,arXiv:2201.07207,citation
4720e99e0af0c055e075e8e8699e6e4a0cf61fe2,arXiv:2201.07207,citation
783397edf4f6966acd3a24ee6718ce6d0c9aaab3,arXiv:2201.07207,citation
532ea3c35087ae2d7a45bddcf8ce8b1917f32f6a,arXiv:2201.07207,citation
cfbdf67fc11977637d4cb13ed7e1abce75623796,arXiv:2201.07207,citation
b49707c75c9f29ea020111e7a6f3af28c7061729,arXiv:2201.07207,citation
86642b3c6af6230614255ce95f33ed7324ec276d,arXiv:2201.07207,citation
cf95279b1da9de1aad9e7c651f5048f69af295ed,arXiv:2201.07207,citation
c6045936879d7e31d36ca715a175d6547801d133,arXiv:2201.07207,citation
72d25ac40c980bb79b9497c5058d3a0028b9fec6,arXiv:2201.07207,citation
8913acd46056751a8a9073350aa629473bfb9101,arXiv:2201.07207,citation
df5f55482f25e64533afb3d7613a4c78ad7c89b8,arXiv:2201.07207,citation
c0b6149a7ff72817d5cdb008566dc4f0ca9b9379,arXiv:2201.07207,citation
7eea609fed1e520b9af26dafde71fdc3d2e4ebb5,arXiv:2201.07207,citation
8481576cc8bc6de4abd09fef5f0f8b8cfee56db3,arXiv:2201.07207,citation
e88bbf62d3ce30e5a4c8ba7919f9d0ce37573d92,arXiv:2201.07207,citation
3dc1d321296f0f831863e5eb6f9a2ef93f70bf09,arXiv:2201.07207,citation
2f91ae9e841953814c188a213f362de3d33d3a5e,arXiv:2201.07207,citation
cbc70b2959d104be97fa78b1ec35ed381d25560b,arXiv:2201.07207,citation
c959735cb6c545747ed85b3feb9514405e79d148,arXiv:2201.07207,citation
eb87604ee57fee65ad354961ca8212ba1bb55fe2,arXiv:2201.07207,citation
13fc4de85168e8a52f780ddf08c93d793ed737c1,arXiv:2201.07207,citation
b4aa7899aaf1df44712ed115a2bba63dad506abf,arXiv:2201.07207,citation
cb61ebdcbb36a799b7460ae33aaad8c08e98bb9f,arXiv:2201.07207,citation
6a17ca694171aac647db88813e44b3c6d6ed12da,arXiv:2201.07207,citation
7b56f03e742352c9aeca6714fdac30092ca7ddb5,arXiv:2201.07207,citation
a10512fed043320bb924c644933eff93a9a56eca,arXiv:2201.07207,citation
fdfe5d147b43560003c345485dcd6afb59cd648e,arXiv:2201.07207,citation
441c9227a852eeca93c794c7c24d5cbcbd6076ad,arXiv:2201.07207,citation
31b99032f20373a19043c85492bf717fc17c06f1,arXiv:2201.07207,citation
76804a75be77959394307a80f3a33065b0a5ec9d,arXiv:2201.07207,citation
a55d5b7d80152ad9a976dffe17b106e9665f4201,arXiv:2201.07207,citation
09a6e95e87e569dca187f86ce3b155c8be145a9e,arXiv:2201.07207,citation
81ce10ec4d91ebbd12ed0d0beab77387302632bb,arXiv:2201.07207,citation
502b2919c7406ad1f74d4aaeb997ec63ad659e14,arXiv:2201.07207,citation
66c90d03c00c128435825561f4095069eff0d746,arXiv:2201.07207,citation
6e0c98f0e7a992102e682dbe2a598d21936e2a11,arXiv:2201.07207,citation
f696ffb1f0408e06ab4d91985f3e3f837c370c77,arXiv:2201.07207,citation
834e81b07b22cb7dd31c0b93763ceabb552466bd,arXiv:2201.07207,citation
a2dd101a706cf7ccbfa2efd39fec84510aaf8022,arXiv:2201.07207,citation
6f4ebb65cb904f703c152c9703a8300af6ac714d,arXiv:2201.07207,citation
4906654ecb2d42cfee13f46bebe2ec02bb6442b1,arXiv:2201.07207,citation
bae5e043025a6856637bdf6ebda2a6ac6c2ece30,arXiv:2201.07207,citation
761509e64bf8eb462b615e5fbcea866289ccc8af,arXiv:2201.07207,citation
893fc269a46c2552cec5e076db99eb724362e9c0,arXiv:2201.07207,citation
2a2dda2c2cf49e4457c1c2973071064fde09f1c2,arXiv:2201.07207,citation
cd9348ed9f4d81ac533529f5559652f25bc01b24,arXiv:2201.07207,citation
4f0acfbef71769acaa2faced3faa7c6d2af1a0d3,arXiv:2201.07207,citation
d0317495dc03c22501618db88e15acc714044298,arXiv:2201.07207,citation
b81bc9208c088dfa925375368f249c5e76fddd9e,arXiv:2201.07207,citation
cf5fb966719eec6e75ad5f75f4ecf8d7e8723bec,arXiv:2201.07207,citation
59bebcf322e2714f8f6c84e602ffc44493d6f39d,arXiv:2201.07207,citation
572935d7137521dc19649f354f39721f78696104,arXiv:2201.07207,citation
0479547a69ffa48fe106137eba8358a9d8a2cc48,arXiv:2201.07207,citation
d7a505964defe667f9c7aa8cb7b79f1caef89614,arXiv:2201.07207,citation
85fe670df8b056520eb747277d70769f9a532816,arXiv:2201.07207,citation
ea4f6a6dbe31729b90836221ba131f080937ae5f,arXiv:2201.07207,citation
9ca54942f9c99c528aeaae7f220e3e970d2744e8,arXiv:2201.07207,citation
8fd7cec26c8d1c74e1031d43567fe811476625a7,arXiv:2201.07207,citation
b34c93096b2b3c5f6f5ac7aa52bf85757d74f7fa,arXiv:2201.07207,citation
6c376b088ebb10c7a0d35c0b9fbbb9ddbec44255,arXiv:2201.07207,citation
99e00f5073246b35f6be3ffb4193f59d43bce766,arXiv:2201.07207,citation
653b1e942ff9230bc692f7b3bc97ea5eb834d553,arXiv:2201.07207,citation
e1b62c7ee4e22ab63e3b0c9968563e6675833e36,arXiv:2201.07207,citation
1a182bba3afc9f65cd86eab33f15a6dd09650c1b,arXiv:2201.07207,citation
844ce36b30b50a3f611e4b670eeec60aae5b1878,arXiv:2201.07207,citation
ae9a2bcd460354c706aaea8797b1c2c15841a6b6,arXiv:2201.07207,citation
aa39f2ab6cfe1540b0887234682523e9ad6707ab,arXiv:2201.07207,citation
ba1ef829f09c37aae1d69b9275b3ec3a43a95ee1,arXiv:2201.07207,citation
61216632442f58815a29d45efc5a3a0385cc4839,arXiv:2201.07207,citation
391369c2dad3010938a8cd4b643e3fac46700839,arXiv:2201.07207,citation
39484c454bde6b96d013873f7300481473e993b4,arXiv:2201.07207,citation
2d02347eaaa0f7ca79be45502439b0608f091a49,arXiv:2201.07207,citation
dd38755291d108ab86c68d1aac7485921bb8e647,arXiv:2201.07207,citation
68505397a2ec40a241e7b23eb06b26038ae4e0c0,arXiv:2201.07207,citation
3273d832fe00050b6cf0a14b23e55894b814cb9e,arXiv:2201.07207,citation
efe28dccb9d6acbae0d47418551a319145669538,arXiv:2201.07207,citation
584b0f65551936feec39f0110d665091dd885391,arXiv:2201.07207,citation
931d1a4e3f28829225cc1bc83897f97bc38a156b,arXiv:2201.07207,citation
8a4498bdc31ca56803db14c72a562542b79b2bc0,arXiv:2201.07207,citation
40e99f11f715a464308bd17276f1fda6d273c100,arXiv:2201.07207,citation
8a2fba8ef1e8ed302425b0d442efe2ef70900439,arXiv:2201.07207,citation
095414a066f40becc223a03b91218e4b40887203,arXiv:2201.07207,citation
83331243fcaeab4d5c02145d62f3d42df2c2d651,arXiv:2201.07207,citation
93269b3eef6e487dc69d9dbfe259ec901ac74e83,arXiv:2201.07207,citation
436535512e62251dec7c94e5ab8dbcd6835b5eaa,arXiv:2201.07207,citation
11659f2acd8439529c9f48af4bdfe4590a1e1e04,arXiv:2201.07207,citation
d3500bc1d4b0a8bf2038c5fdce25b1d76775ade0,arXiv:2201.07207,citation
6580da9e71a5f8d89eb94600def5cc85f4db8f7d,arXiv:2201.07207,citation
675afcc87fd6e89d319165f8bdc3f9089a9a3c14,arXiv:2201.07207,citation
b2ee0f84af3c1aff059bf67b9b41c836d67db137,arXiv:2201.07207,citation
f0aff5a84c804edb8442f197c339bb418eca188b,arXiv:2201.07207,citation
1a6d55fc6525eee6734b029cc4a3a07f240d75f1,arXiv:2201.07207,citation
e3116a5d5784392d9190ca35997f65a252291032,arXiv:2201.07207,citation
d01a0dd3ca1433574d496f9e6acdf36a79b9036b,arXiv:2201.07207,citation
3c6c3c4eeaf0b6b33cd982b57a46713b6d669ddd,arXiv:2201.07207,citation
f85842ac60ab2613d8de7d4881cbdf605b3efb72,arXiv:2201.07207,citation
c7b7892ecd34b184e0673d043ea9fd5b98cd0b1a,arXiv:2201.07207,citation
3ae618cf5c264dcbf6c4d30ce40c4315502fe6de,arXiv:2201.07207,citation
f94bb63b34c6a84a55d10472c6b07e4f25febbaa,arXiv:2201.07207,citation
765e5ec6b7c934afee1b0fa5bb1e6870aac46ff7,arXiv:2201.07207,citation
7dff7b71640148c9509b4a53105a69aaf263c1c1,arXiv:2201.07207,citation
a15fb6c8ab8d10f243de9511173ba130c243ee53,arXiv:2201.07207,citation
666ae5eb1b9f753ea43a7c5d5a4d3ec68ebc7706,arXiv:2201.07207,citation
2ead41f69963db84b763637400019ec9ab7a56a5,arXiv:2201.07207,citation
6682841765fcb9b608be2533142fbc55b40df54a,arXiv:2201.07207,citation
cb4ce9d960c0c91aa72b23fdf4b4de27dc0bd1db,arXiv:2201.07207,citation
5c7a5bbcac94eb4ee97782a8708d8c2d85fc5984,arXiv:2201.07207,citation
33f421e1c921f10e608ae6249be4b79633909d28,arXiv:2201.07207,citation
1773be628c1ac76eb0e2d024a96627a98f27b62c,arXiv:2201.07207,citation
22711187b1b7d22e41ece0cdc15998b8ec53a297,arXiv:2201.07207,citation
ed71c22e1190748e6af4fe4f786032987898e6fc,arXiv:2201.07207,citation
946fed1fa7699690779e0f0352e092f188373438,arXiv:2201.07207,citation
1fe69e3fea28bc4468d8947c6df66ba37ba332ec,arXiv:2201.07207,citation
fabc9b1079970e7b7cdc30d72673cf963a20e8f1,arXiv:2201.07207,citation
9868f6f8d686b8e50c2099f9cd72d5bc61dbd5da,arXiv:2201.07207,citation
6da2b478ea9b6a4c193c2830cf9e99beb5d826a5,arXiv:2201.07207,citation
09b74fefe44e809e14cdd04085cb740d73be76de,arXiv:2201.07207,citation
7d1bc2b4d2267f48d784750c4bd57dc94a093645,arXiv:2201.07207,citation
0aa28e531fc701fe95c1a5a4f9d02541c0e4fd2f,arXiv:2201.07207,citation
5f5613630ad62a8db6374ad2ab4a15fb51152a2d,arXiv:2201.07207,citation
9c4ea9b95934761c79e9601f12c51840941d3ccf,arXiv:2201.07207,citation
e922f89b83f6668cf3bd9504038edfb61825130a,arXiv:2201.07207,citation
df04fdcd6cd01e451ba96dba0fae7ae52668ebee,arXiv:2201.07207,citation
e3c7262cb541bf6e72e4e932e9369424dc6a0551,arXiv:2201.07207,citation
8cedeb11139eab187e43414fd7097c5d578dad7c,arXiv:2201.07207,citation
c35b8dad08e11a77c249c0aed2b2f7f9ba853acd,arXiv:2201.07207,citation
314f1d3e28d5cb35aac456c692e6f69360090c28,arXiv:2201.07207,citation
845972f85dd156302538a559e92d41f9721197fd,arXiv:2201.07207,citation
68bd733e6c024044fc5b970cdf7597fdee873f59,arXiv:2201.07207,citation
dcb22b5924fb0ff6ef2b310eabfbea66682cca0b,arXiv:2201.07207,citation
e9b40e2cf481ebe5bf40b6958eebaf5ab1274481,arXiv:2201.07207,citation
2a6dba98bfa00381173a76d3e0317fd81c00ee4b,arXiv:2201.07207,citation
be4fce2c9d6e1833cd92c6f1ba9872ea3142876f,arXiv:2201.07207,citation
7b50f70ac5aa391f3c6f2dabd8157eb4b8628332,arXiv:2201.07207,citation
9ad90fb50754c11e60c208f1f698eed617d75d1f,arXiv:2201.07207,citation
3fee0ed72b618a8a319423fc8308a367dd5e778a,arXiv:2201.07207,citation
f89e85059a55b647c93822aefa7e985376e0ef20,arXiv:2201.07207,citation
e3772a4f880c6cc4ea6087b9f6ec4d3a6f33c4ec,arXiv:2201.07207,citation
ece2e04102b54c0796c65c84cf216f427ac7866f,arXiv:2201.07207,citation
8132eef60d50765c61e8f0451a4958d4534601c5,arXiv:2201.07207,citation
ecd3e41e5a50a66b303d706010b660193cec6d9c,arXiv:2201.07207,citation
6f3f1f6f90e74ba5936569a11fcc0cb29cdfee87,arXiv:2201.07207,citation
245a6572b6aa65277f72c01cf8ccebce9e6055c0,arXiv:2201.07207,citation
a94143d4553c6d378c67827234fd3ab3eed85e9b,arXiv:2201.07207,citation
d5f1391a226895faea2ef70dbd69bcf2d78547ab,arXiv:2201.07207,citation
e42e4c6f3834ae8c8caa91baef3c5b67cb011053,arXiv:2201.07207,citation
e3c2c4104ca8923fd58508ab6cb52f5c579a77c9,arXiv:2201.07207,citation
d020fbea1d99d48e5b9d1b00cf61f58626fba18d,arXiv:2201.07207,citation
d7655b20c9f88df1089edd78980dad5a257eac51,arXiv:2201.07207,citation
c44366b834fbe7fe295ce220825d4744152ec692,arXiv:2201.07207,citation
aedd5c4bc11d8faf01e8456c91a183f2f76e5778,arXiv:2201.07207,citation
b95aea8ee39d6f985c15ccd39311072dd6eca889,arXiv:2201.07207,citation
b9531d4364be4ee8a7dfbef3a0b323740220e54b,arXiv:2201.07207,citation
7c0cc7f7efba81ba78b4d9ff21282def690514e8,arXiv:2201.07207,citation
788a8c36f2638091905f50090f9191da908bd08a,arXiv:2201.07207,citation
fd50db0489828d0da2557a6da8d931d523479957,arXiv:2201.07207,citation
4cbf53465e2af3aa4f0079167a0474fc713f3ce0,arXiv:2201.07207,citation
3d6300263adb1a1e8000fd0eda55518a3642afa9,arXiv:2201.07207,citation
6a1d85d1a73d2b80f8a61db62e9b64299eb2dd7e,arXiv:2201.07207,citation
dc256e179d4e8eff48879a40ddc414b15b0b2300,arXiv:2201.07207,citation
a2dc1867fde2b2fdbf829c0e70f3491101221b88,arXiv:2201.07207,citation
4c9ea71ebca90fa902c718a40c19dcef5d6cdfbe,arXiv:2201.07207,citation
58114fba5d0db0d3815148f4c16af7f973030069,arXiv:2201.07207,citation
72c54b43a6ed039ea140b753fa7c59b594dbc1a4,arXiv:2201.07207,citation
4e0c7732e8e68a1285359e41ab3dc1d02c408865,arXiv:2201.07207,citation
3f573716cadfe0bf5c548e2dd384ef2012beb4eb,arXiv:2201.07207,citation
dcf0acac5b5fc572d0ac15a2f8722f1bf45adbb8,arXiv:2201.07207,citation
fa8fa745f58d362925dd44f02750bab1b30a1189,arXiv:2201.07207,citation
bbbbb6517d6b1d17b5d5ab7170103d2c8540ed30,arXiv:2201.07207,citation
b3dae5011b9b44b861f884b2b788f2fc9bf59a4e,arXiv:2201.07207,citation
6a2895f994832459a3fb0e691dc90b9838fdcd93,arXiv:2201.07207,citation
1473e0d6ae0790fb0834729577a42b37d68d829c,arXiv:2201.07207,citation
fa2d16678b65017f8883cc73c0c1b085bad8b57e,arXiv:2201.07207,citation
a9a588421e2a14868c2a719271f12d2bd6100981,arXiv:2201.07207,citation
d065dbe07e15593606d471a370f4f9ceaa6143ce,arXiv:2201.07207,citation
bb67e739b5056931e51eecfe2100a53031c04c19,arXiv:2201.07207,citation
b42713664a72410307839fe44ec51aef8d69c943,arXiv:2201.07207,citation
99988640d3926f85c589a0bf96fa5487c218af3b,arXiv:2201.07207,citation
b9c2beb83024832724f06a777dee888b6b0e1e10,arXiv:2201.07207,citation
9eaa62a2a45634c6e922ed1a3f2e44b4424398fb,arXiv:2201.07207,citation
f9a3f275c1d36f7a99e2617b3e4ca18315519077,arXiv:2201.07207,citation
ca9b337bc7a7e62c63efd902d338dbb6b0fba8ed,arXiv:2201.07207,citation
991c2164c85a80034afeeeee88b3208da766e76f,arXiv:2201.07207,citation
94db8a625418800c8ae7b48157a9cad1c8129051,arXiv:2201.07207,citation
fa971b9918725a47acfddaa67831565129be81b0,arXiv:2201.07207,citation
da59acaf11b3e351866d595afc5dbba177743bbd,arXiv:2201.07207,citation
567982eb9199414a81bb1d614e6d2a5789b268c4,arXiv:2201.07207,citation
d635dd61a584274919a0a5f5a0933855a4557f7c,arXiv:2201.07207,citation
44018ce0fa39d40fafaff99669f68868423b3153,arXiv:2201.07207,citation
289e80eafb185b855cb8aef89362ec9e3579ead2,arXiv:2201.07207,citation
34d52d34e06122e30c207a8e38d4d911e6a2f012,arXiv:2201.07207,citation
6ee3c97933f21b95dfda33e991b9aa44ac690cba,arXiv:2201.07207,citation
2f398e6a3962d42a5789015e7cd1e8b822e1ed10,arXiv:2201.07207,citation
072d387ad3436f97bce984066c53c1b2e77b1ad9,arXiv:2201.07207,citation
ec783473ce69f5a92104587aec23189206096e6c,arXiv:2201.07207,citation
f4e4f2090b639372daf32d4b466752b0fb32b261,arXiv:2201.07207,citation
4bc26792b53cee28bee9653ebc226390cb56dd91,arXiv:2201.07207,citation
0ebad08c67e9bb775bd0bd7a0c5acf7555679c2d,arXiv:2201.07207,citation
55f64d78fd7a2913b40f9708952ddad604650be1,arXiv:2201.07207,citation
11ab270eedc47ec3e4bf3ca7de84cd769b53f66d,arXiv:2201.07207,citation
8f48f5b22fe0e71227d002fac0bff1ee937c45bc,arXiv:2201.07207,citation
3f8d2977a7753f9a3b0b5d18e6bee6afb0028ed8,arXiv:2201.07207,citation
958e7731730b2de5db5fe3bcc4b9c5e0c305f61e,arXiv:2201.07207,citation
5b17f9c781b26ad90ca4e2a2926d71e5385121c4,arXiv:2201.07207,citation
4382b564fe5fda196d9cc4df6ab6253d3166b51a,arXiv:2201.07207,citation
cba37115c06c4b1b9e589398adcba978c776e30b,arXiv:2201.07207,citation
59f3cf13401b9cc45d0e5ad7ea525e1eec84cce1,arXiv:2201.07207,citation
4b1278b2266ce5009e70f2efe85ccff87350de9c,arXiv:2201.07207,citation
8679575a82d9a2ba5970a96fcc5ac461aecbc90e,arXiv:2201.07207,citation
b25eff5b54a1145de6138f36da0cf1a961900ea3,arXiv:2201.07207,citation
4b7ad761c08a7ffb191577b3d4fd4ff2d66a8a38,arXiv:2201.07207,citation
d622d8b2d5adc4b638a73b105686840e264dfb8f,arXiv:2201.07207,citation
fccc3cbe91ef873b6cf5929c3971c2218972826b,arXiv:2201.07207,citation
b6b6e59f3bfdda9d4a4dfe56c46b30706fd18cf3,arXiv:2201.07207,citation
a3570e82001666955d319647ba832df4f60a2044,arXiv:2201.07207,citation
42d8143a2c803a2cf328f0b568a57dcd5b1dedf5,arXiv:2201.07207,citation
11155af5ccd1889277f4269f6bb349a7633554f4,arXiv:2201.07207,citation
daed41785efecb393898af61b27934ffa5421230,arXiv:2201.07207,citation
d6274dd321da90648a573d202ffef96b5f9d25b0,arXiv:2201.07207,citation
adbdddcfc97ce2aa15e1c1ce126a14d51ab5b7d3,arXiv:2201.07207,citation
28825be66b50fcc1ea23900afab3389ed077275c,arXiv:2201.07207,citation
94701d9c6cfc1aecc174ff62ccda939f790c1710,arXiv:2201.07207,citation
5b6622e03e20ae1acbcd9390f98d7739c7fc6517,arXiv:2201.07207,citation
361a0d14e000a04e39884e5e32eb99dcedff18b9,arXiv:2201.07207,citation
28cbd1f2a472ba9a0330c97e7e6820b29883a69e,arXiv:2201.07207,citation
56bae809f4717f2235c16ebb36f2fc0144979ec1,arXiv:2201.07207,citation
35c2f6f40d54d578bcdcf9797c7f153088554572,arXiv:2201.07207,citation
a3ca77456142b78367dd5d53138b50dfac8086ca,arXiv:2201.07207,citation
0e3c90f70019f7c736e3abd762c652e3e2561fec,arXiv:2201.07207,citation
72d3bf6f696d3f67e17e5211f64b7c6fb0316883,arXiv:2201.07207,citation
1eac02f299c171d17190fb257fc1f4c20f0d08ac,arXiv:2201.07207,citation
18155f3818e12f33d926f180b92a5c1f68e22f93,arXiv:2201.07207,citation
6514abaf6bdd1c31ac5dc4ad40760ff8422c6a4e,arXiv:2201.07207,citation
4a48d628e53f554eb6ef09a457ca855188b96171,arXiv:2201.07207,citation
3721eb984e7e00a94dd9fc84e0183b2ab5991033,arXiv:2201.07207,citation
fb46cc7e1c079f970ff7d997ecf3e52b13bdfb73,arXiv:2201.07207,citation
d9d4f6f8955dc3d861d2de0882ae4e444719c5a1,arXiv:2201.07207,citation
b8e475c06603dd99ec82301437fe38f7a3bafb83,arXiv:2201.07207,citation
38b417da54f173cf2852bf75dbf5f507a53b4f91,arXiv:2201.07207,citation
460ad9ab0ccf5c97583235d313f1b1cd9c4e247a,arXiv:2201.07207,citation
24ec095f35bc76e2557a63baf5bcc6dd735aabce,arXiv:2201.07207,citation
516dafd778d6dcce0ef04ef0539257976b897d24,arXiv:2201.07207,citation
1cff5549753a518ed9d6a3517b5050968d710b27,arXiv:2201.07207,citation
a06d3e9e90008c64c45a0029d580541d5f646771,arXiv:2201.07207,citation
062eb69864bcf63517bbf1ee215cddf79517b85d,arXiv:2201.07207,citation
e63fca764a07f991a62361bf98e9cd109ab4a40b,arXiv:2201.07207,citation
4599d5af850da482f591a02a3b17d56e0d358771,arXiv:2201.07207,citation
b854589889608edcc45409c27f528c91c8c9e7b2,arXiv:2201.07207,citation
7f6cdece764b56262e910a801f8c133e6c27b7ab,arXiv:2201.07207,citation
dfc0aafbcdbb9fe991dd27821fe11a4131af315b,arXiv:2201.07207,citation
7785760e4fb60dc03e56014ecb60aa53c2d1d2cd,arXiv:2201.07207,citation
3fd9059e4489098ed402721e5f83be24a690a053,arXiv:2201.07207,citation
6140211405f9917ded519da50f00eee989eabd7f,arXiv:2201.07207,citation
5f0b826ffe17faa2cdec21752e7d1863bd909f2c,arXiv:2201.07207,citation
4c4350cc1c28209b5eb37a999f06f72f643983a2,arXiv:2201.07207,citation
475a396daeb1972b078ef175f51f44231e7f6b21,arXiv:2201.07207,citation
2d62cc03397ec7389ae42979420e0280073affa3,arXiv:2201.07207,citation
de4c362339afc7e070bd4250de3dcb06b32a46fc,arXiv:2201.07207,citation
fbfdc403d6a9422eeec926aa4fbf16f6113efc3e,arXiv:2201.07207,citation
a2cf4648aaba7165ec3c8511465577235b11eb98,arXiv:2201.07207,citation
dd40511ffd92fd377f029e6d4c79c90bb2b10376,arXiv:2201.07207,citation
c4c1c1d7312c7be6ad000f84201a72494dea33d3,arXiv:2201.07207,citation
18ccf45e9ddecc03dfd7487e03adc80ac9c42b30,arXiv:2201.07207,citation
e7c4c6e1087727341f2300bcb2d3485a289103cd,arXiv:2201.07207,citation
564ff0ece1aee93b90ff6c45fc3f73c4f28299bb,arXiv:2201.07207,citation
5e21755c1645e657ccd0f25b79f85711e6338e01,arXiv:2201.07207,citation
f69e3495ead0e655c171d5ce9ee05955c5f8ab2c,arXiv:2201.07207,citation
0c7f24e0a48569c4dabbf1439e00c2f9448980f5,arXiv:2201.07207,citation
152e0185bbae8a58e7e03aa4a630c0e7e6e19513,arXiv:2201.07207,citation
7492ef863cd376420de462dd1f041abb91172530,arXiv:2201.07207,citation
3427401d213a5ccf6a597ba7f60af39db1093c5a,arXiv:2201.07207,citation
f8692d290c8620726da282b327753a25c39302d2,arXiv:2201.07207,citation
498decc50ccea9293f63a98c30d7c3439be074b7,arXiv:2201.07207,citation
a2f1b49c7d909e5a40d0f9ff773a4e9ffe018fee,arXiv:2201.07207,citation
b4e6f30ab07666dc7d485b24f072f2533609545c,arXiv:2201.07207,citation
425f1edd88fe3539c40ddd93c3e07c95de67ba00,arXiv:2201.07207,citation
6c6d3884f0a8d8ce0e7d3da60d5bff5c115aadd3,arXiv:2201.07207,citation
e2e9ed7d80fb07dd82788dfd629b7df83b886bf3,arXiv:2201.07207,citation
7b0a186b0140ee91fb13991c9c7187f3dc3b0670,arXiv:2201.07207,citation
337f421a364a6fa8ca423afd627bee2426f69395,arXiv:2201.07207,citation
9e0da24b96eb4f3f77ccdfc485a4d7d7d21a4585,arXiv:2201.07207,citation
30d5a29a35eb7268ff9fe0779f1303a640c9159b,arXiv:2201.07207,citation
33eed6ea6805b59617fed7c41ef5825b5e4d1621,arXiv:2201.07207,citation
7d884f1ff991eb9fff7bf31fa006196e58934b8a,arXiv:2201.07207,citation
99e52537a642dc05c152b68a774cdb7c20ed4693,arXiv:2201.07207,citation
a7f801222c4d053c1ac49fb91ce3a4f750e8343b,arXiv:2201.07207,citation
e278df6b2b93e9650cdb6b658592c6c606442f97,arXiv:2201.07207,citation
0cb30be84a534399bebc6f4f53a3585b1eb48231,arXiv:2201.07207,citation
b3dde42b38e30665340ff1a7fcbeaaadaff26b50,arXiv:2201.07207,citation
fde266447d68b2728752a7835e8c97e1af316ac4,arXiv:2201.07207,citation
d84c43779a2feabb0070a3affd25db0d71d7711d,arXiv:2201.07207,citation
9926fb56a7a3a68ae66dd18f8955c1b096bdb474,arXiv:2201.07207,citation
bc5c73c101da795cfa44e4ac7751cdedca9b6d93,arXiv:2201.07207,citation
54a65fb8c740f96c83efb4181c4311474a7835c2,arXiv:2201.07207,citation
d989a874275c238abb8a903de03903ff8f149e41,arXiv:2201.07207,citation
92428562d77e74584b38ec2e6323c933022987a5,arXiv:2201.07207,citation
01d9bdf230442f6460127def244fb0ef06b47b8b,arXiv:2201.07207,citation
cc25dc73b0a479094744b2cbf24e84d0b109e4f4,arXiv:2201.07207,citation
d416ebeee27c2cb6c25acd35fc65f7453398aee9,arXiv:2201.07207,citation
0b47356f17aea1de66e39e5f182a105c96af8dd3,arXiv:2201.07207,citation
1672b010fe8abc50744b92a08bc9148c36aebe35,arXiv:2201.07207,citation
fd206a301c7cd73cb0c829385c37acff005d9ae8,arXiv:2201.07207,citation
a70ffa44b8b97f3a05d394e4769bf8cd6fab8106,arXiv:2201.07207,citation
99da2f941c0a606278463f1e5e60a2bdbaf8eb99,arXiv:2201.07207,citation
a2f44031dfa55f6da176955bcc37aac726de3a00,arXiv:2201.07207,citation
20e034573ef44c5bd3dd77dbee9718aeb6c0bb19,arXiv:2201.07207,citation
32be385a1cf9971ffce0a3e6c60e7522c8449eac,arXiv:2201.07207,citation
696ec1f8d25de41a082ff6c059e296c8fc6d9af2,arXiv:2201.07207,citation
56c2569fa7ff9e7fa7983342e95851ca0b313dbd,arXiv:2201.07207,citation
f26f82ae8c8be9b886654adcbbc2d2ed71a7f1f5,arXiv:2201.07207,citation
ac258100ebe178287ae4ae3dc7ac78f8c27e017d,arXiv:2201.07207,citation
1c259361caa85c2d95a7d04e5e42fa98693da85b,arXiv:2201.07207,citation
a9c4efebbeda0c38601eee232a07c5c307582140,arXiv:2201.07207,citation
5fd124c12d7ff50e0afb43890d90eeca161f5c0c,arXiv:2201.07207,citation
8e3d701b767213062edda831e7deef010e48c9fd,arXiv:2201.07207,citation
4238d87f27a861ef636a3791ef64ca85d4701382,arXiv:2201.07207,citation
8e3e7deb95d2a984cba615ec847e64f354626cdf,arXiv:2201.07207,citation
2218ab2653ed2ab651a03d98056e2d6ae1d99132,arXiv:2201.07207,citation
02a00ce9e7bce14937f46af0423eea40b7b63303,arXiv:2201.07207,citation
79e7ead8f59b17431de2b86af10dc0c30a1f5a2b,arXiv:2201.07207,citation
588930cdd801f335b5e524d13f99aa94136a20a0,arXiv:2201.07207,citation
b4eefd84c64e5caff20fc817fbcfa8975b5bc289,arXiv:2201.07207,citation
2b787cd20fbd226746220f0e6e7cf9c4d4e4079b,arXiv:2201.07207,citation
7b33d345eb0a645049c2b33717e3bedc717048dd,arXiv:2201.07207,citation
50b59143bf3469f082b2308fa394bb6d55091a41,arXiv:2201.07207,citation
d6bd400073090b88ea535a6166ca9c164b8015b7,arXiv:2201.07207,citation
b24a191abe87ac6cb159711a56d658c75c22ecec,arXiv:2201.07207,citation
90df9c970aa98aa49bcf79e252ab26b1bb6889c5,arXiv:2201.07207,citation
767a7e949ba4520888e7442ee01e6a37c254fc53,arXiv:2201.07207,citation
e7f2818d27829232f71628b70849826910b1fe16,arXiv:2201.07207,citation
e17c58d7a48b6b811df023484161a3b9c03e0d6b,arXiv:2201.07207,citation
1efb48995732f58dbf2e251bfdf8571545033db9,arXiv:2201.07207,citation
bcb197654f39bb9312d8d0333646b71254d29239,arXiv:2201.07207,citation
a3c1f6809dd1455da73eec407bcb3be92e680112,arXiv:2201.07207,citation
01a5d0ed2300ec86aa82d0e56222932f200ad692,arXiv:2201.07207,citation
bd206d206e78b90c9d4b7ccc0d3b57e051075e9a,arXiv:2201.07207,citation
1e98a9532d4e1fcf947d5b215e2cfabbf6cc41e0,arXiv:2201.07207,citation
a8282d1378cf872817d3291f5e7edb6fbdf0121a,arXiv:2201.07207,citation
33aeefefc159f3ac887fa05bdec05e6c181134b7,arXiv:2201.07207,citation
60b9ffd8935d46e0d43e143186124cecfa6e5118,arXiv:2201.07207,citation
40df8b43583aceaa48e7e4bd789071e2c7cc0b1b,arXiv:2201.07207,citation
53daed7461dde3e321ca7fa59860810905e657b5,arXiv:2201.07207,citation
50aaac5fdc2b5a33bfd3ba93cdf4e5e302f34297,arXiv:2201.07207,citation
a217e8097ec7061f7136d3a1ddfb38dd9ba3bd41,arXiv:2201.07207,citation
8147cec9245d34d13732a08e915c920a1a499bb5,arXiv:2201.07207,citation
67daf8c4fe1958d20ebdf95c2a36dd490c73836f,arXiv:2201.07207,citation
45afc0765fee381a279b4f3c8879b1b68aa7d6c8,arXiv:2201.07207,citation
461fc74ecead523fa9b131b3e3d5df36ce5ec4fd,arXiv:2201.07207,citation
bf6517f7ae91bc738de42a1aae632084189e69c2,arXiv:2201.07207,citation
e8a897a12ce666a898582c3454a3e49acae40422,arXiv:2201.07207,citation
268e28f8d5235031dcd7bfae0f857439e27e8564,arXiv:2201.07207,citation
e45d0221d00cd5b29a0a287d6037428bd53dc5aa,arXiv:2201.07207,citation
82a3228dcda7fd2a8e5d1fc9bb2bf43bfb6ac531,arXiv:2201.07207,citation
8946891e94831adc8cddb0d32311cce2445c96d2,arXiv:2201.07207,citation
bee68767debbdc96d6f75947e544a8be98b869e3,arXiv:2201.07207,citation
87688fc9f2a1f542bd87da27242d9d82472c33fe,arXiv:2201.07207,citation
092245d86b77181c36f972b1b7a17a59cd989c4a,arXiv:2201.07207,citation
e86a0320e4e22b5a4dc673fed10268cdce520526,arXiv:2201.07207,citation
c3e2bec83b9105b7925aa76c0f38b88d2e337b31,arXiv:2201.07207,citation
3496c072397fe185c48b83f9b91aa8d5a52bcb87,arXiv:2201.07207,citation
d3ca116177369bf6fbe27de64506a2f401aca996,arXiv:2201.07207,citation
1c89d8672a3742672850fa46f1e8ec51f3261019,arXiv:2201.07207,citation
1ad735714ad2e4ee5b94ce26c976e5ee5c7cde3b,arXiv:2201.07207,citation
aa5a4d1e014f1900a907ecd464218a272f883ecb,arXiv:2201.07207,citation
993143b7cf13e8e6fa9243996c60aa9a29c721cc,arXiv:2201.07207,citation
749d59f887c8ac83fd4f5178465e8b03e463358c,arXiv:2201.07207,citation
0a893657e00fe8ecfadcc65c63bf293e70cb1564,arXiv:2201.07207,citation
3d0e7ba0ac33ed6d07915fa09cc66302aede57cd,arXiv:2201.07207,citation
b3d0871705f246045d58b77bdb9574d5bc3d949f,arXiv:2201.07207,citation
2c3a4099a62b4bfc2cc69692df8f0d8f98aed7c1,arXiv:2201.07207,citation
695b9fb4d56cb281146b288c30cd06d50f0857f9,arXiv:2201.07207,citation
ecb6a8003d4726cc1e9e9f3c2d8ff6c0627e4e95,arXiv:2201.07207,citation
b1e36c125d0b0ef48bc55ae7b8a92c8afc40e300,arXiv:2201.07207,citation
b435bd3fd2c855a755061a5ace42fb444d4f81a7,arXiv:2201.07207,citation
d7d712e507c1c6273b05c773c825a668c5cf1504,arXiv:2201.07207,citation
ee2e0077ec46704f2cb930958c9bf3739a904227,arXiv:2201.07207,citation
b70075b496c1f519093884945be5670c32cbceed,arXiv:2201.07207,citation
755853c6b30f5a186131e23a63c68a3f2737068e,arXiv:2201.07207,citation
45452caffcd65896f993816e5624afef12842a1f,arXiv:2201.07207,citation
024575aec54fb329eb6224684592d85b6672930d,arXiv:2201.07207,citation
6414281e2efb42601aa7bb5eac8759a774896968,arXiv:2201.07207,citation
807abb9c185ce233e2c8a2fcee49be851a1c968f,arXiv:2201.07207,citation
67c09c9f93aa91f2419f2b348e1545bc2c115e71,arXiv:2201.07207,citation
e4bb1b1f97711a7634bf4bff72c56891be2222e6,arXiv:2201.07207,citation
316f980cfd2e217234386166a46eb080bf027cdd,arXiv:2201.07207,citation
791e40e5c14355c303f674664c5e645e0511f7c9,arXiv:2201.07207,citation
841991dc5378b5916074866eef2a1abd807bd3f4,arXiv:2201.07207,citation
bf0008d1b521be0c96bb34e8de78dd404ad37099,arXiv:2201.07207,citation
33864bf364ab17b231054f5d8a199bc5d2225918,arXiv:2201.07207,citation
58f9efc8dfb084738b07ecb3599186dd753f4f33,arXiv:2201.07207,citation
ddc8e42be6e35f4ff413d34b2c9e0403540b38a7,arXiv:2201.07207,citation
dcf87f11e245b76437c2f551c1ff6a7842585811,arXiv:2201.07207,citation
7569d62c7651625456a2cbd4922d9d65351593ac,arXiv:2201.07207,citation
28c6ac721f54544162865f41c5692e70d61bccab,arXiv:2201.07207,citation
0458c2ec6b3b3fc17a60dd09ae4904dd1eefb171,arXiv:2201.07207,citation
5e4597eb21a393b23e473cf66cb5ae8b27cab03e,arXiv:2201.07207,citation
c3925ef53f864e5c30189272f63801248ff1406f,arXiv:2201.07207,citation
aade40af0d85b0b4fe15c97f6222d5c2e4d6d9b3,arXiv:2201.07207,citation
451a657dabf80ebc43f6a3be518250b2cd5dfe1a,arXiv:2201.07207,citation
9466f846352cb9df46b932cb848239c5f76b878f,arXiv:2201.07207,citation
8e1b062df7eca0177106a2309a291583dae5c485,arXiv:2201.07207,citation
9546c08bc00ab2dc7d296823de7125611c8ced46,arXiv:2201.07207,citation
ce212cb873a54e5716da53a66b10298ac013008a,arXiv:2201.07207,citation
2fef874531ed090c99c0230378698a2beca8b317,arXiv:2201.07207,citation
f5ec0b22930faf15c3a7912bda367e8a9f4c8bd4,arXiv:2201.07207,citation
0e1ada6dac9337fb32355c9db4682b8102a8a856,arXiv:2201.07207,citation
64a80a33018a0fdc182b06111e32b2e08e186f6a,arXiv:2201.07207,citation
5dbf93a68b7fda600521f046dea35ea8ba9e884f,arXiv:2201.07207,citation
360a4ffdcf3a79a2cbede43b1313de6e5e0e47e0,arXiv:2201.07207,citation
ca4d1d9c61e6496bbb0f361b55413f265d81de6e,arXiv:2201.07207,citation
0665eece2f00b570fca893b0d6f8960ddd4c09ae,arXiv:2201.07207,citation
b4115b608b934627bcdfb0750f0e5305ea7351f9,arXiv:2201.07207,citation
446fb5dead075a1a08862662738f462e9a0e91c8,arXiv:2201.07207,citation
0bfc804e31eecfd77f45e4ee7f4d629fffdcd628,arXiv:2201.07207,citation
a5cddee937d7d2f005e781e453833cd64d3cf343,arXiv:2201.07207,citation
38939304bb760473141c2aca0305e44fbe04e6e8,arXiv:2201.07207,citation
af6d0ba799213cbbcbfceb1fb9b78d2858486308,arXiv:2201.07207,citation
e41482f4ee984f17382f6cdd900df094d928be06,arXiv:2201.07207,citation
5a52c09e88febafeb7e0e8485b06924443d97ab6,arXiv:2201.07207,citation
e4b5e56be41e28e16fbad807087b87496f25e9ec,arXiv:2201.07207,citation
a53c8ba374d430d6c3786d13c04edb200d547750,arXiv:2201.07207,citation
5da8d559955f0501ad6b2a97fe8a106f067cb5dd,arXiv:2201.07207,citation
a836ea129e926e32ed7340148cbeefff91832203,arXiv:2201.07207,citation
67188a50e1d8a601896f1217451b99f646af4ac8,arXiv:2201.07207,citation
30659c5811e90e0615bd5732bc84723ab44c0382,arXiv:2201.07207,citation
8ba93052c60a266b31e121fd06e8ce9cbd9b1bc0,arXiv:2201.07207,citation
ca31b8584b6c022ef15ddfe994fe361e002b7729,arXiv:2201.07207,citation
1cd8373490efc2d74c2796f4b2aa27c7d4415ec9,arXiv:2201.07207,citation
e418bddc14666671c4df6a9747f39f0f522a1bad,arXiv:2201.07207,citation
aec546a0a4b32593c3338d9e2626c1c886105576,arXiv:2201.07207,citation
587352c3b95c90de6d37f061c8e117f42be0b575,arXiv:2201.07207,citation
d1500f1dbd62e26ef0753f31e845078f58479968,arXiv:2201.07207,citation
df710c46594c04fb59ef9a93d3b4e1cb387a1b2b,arXiv:2201.07207,citation
42b920abd44e76d73708859bfe13034555f1f8cb,arXiv:2201.07207,citation
2d3bc530d8f1ed36932a70bc362ea94d988adec9,arXiv:2201.07207,citation
03251361c1d67c6b5badffc7059fdd7fbfea1fed,arXiv:2201.07207,citation
ba0ba7a67d169345c7cf0143e9047d9c2b0448bc,arXiv:2201.07207,citation
d9823ffa34f865fb1d0adef95d64a0c352ae125f,arXiv:2201.07207,citation
5c828011a508611df4d58cced9cc48d049dc4eb9,arXiv:2201.07207,citation
4e0fbb5babf75e5d45efdaac6e9504cf7479ff3f,arXiv:2201.07207,citation
8c88c693d5dc2802d3b76b85740e1f04fdaaf801,arXiv:2201.07207,citation
ef5c3052dcff67abd9bbb699e637847d1bf2120c,arXiv:2201.07207,citation
5d35d6cbc406a379e8b043eb135b6752df5c45f1,arXiv:2201.07207,citation
66b7272b9ae1fd3f7cd66b2a5c69e43a29b2660f,arXiv:2201.07207,citation
9dd3455df251d11e8d1461f3ed0c104615de37d2,arXiv:2201.07207,citation
c50348d3491567b2cdad5ea981620c31f876dad9,arXiv:2201.07207,citation
c03313fe8a59a2b8a9871b5226fc971fccbc2ba9,arXiv:2201.07207,citation
94bcf0390d5acb1b92323bd15cc1dc311314122c,arXiv:2201.07207,citation
eaa7853facb9b49444b48a96192cb4be66b62671,arXiv:2201.07207,citation
ed30969f0e4811473144ffe83c1baa6d54f02202,arXiv:2201.07207,citation
dc135dabef805c7271f53ec4b212bdf8996cfd9d,arXiv:2201.07207,citation
fd231b76eccbc44d8c5d4e3fee5fc7277ad4c62f,arXiv:2201.07207,citation
82da02137bae421a3f7a89c3bf2ab662037f4dfa,arXiv:2201.07207,citation
60e6e3767c36bf9e16b58b7221c5712b4d3d5293,arXiv:2201.07207,citation
eebb4a3162c1251b51e50ccd83797babc5b776c0,arXiv:2201.07207,citation
615962d8969c8e0ffe43319689dce6c50cbf1f29,arXiv:2201.07207,citation
45f1dbf9ccc10fd0a46268967582c835866d788d,arXiv:2201.07207,citation
29d9c516cee64ec4a5d8ea94129e6f8da2d60488,arXiv:2201.07207,citation
44d74b0d77b4056ddd4c6611a76711c8bab2e0a7,arXiv:2201.07207,citation
265139833c30e46eef26881f211c201185f74cfe,arXiv:2201.07207,citation
b458fc5261595f44b36325e5eaea1f874d65138f,arXiv:2201.07207,citation
af705d648b5b16daa3dcc593bc593f2574d76c07,arXiv:2201.07207,citation
e45036dddb5f27d3e87d2f14a2d9e6a402e7b5b7,arXiv:2201.07207,citation
a79c7062809548fdfb593d68c106034012a401d9,arXiv:2201.07207,citation
d671d62a1eb4d57343e4a0928297266dffc0c118,arXiv:2201.07207,citation
8e37dc1215681aa153a51c07078ba8befd6a6e01,arXiv:2201.07207,citation
9dee1aceb09f7d4c22fdbaf49d238e1502effd1b,arXiv:2201.07207,citation
41640c2acbdf158f8a538a5441caab80514c7bfe,arXiv:2201.07207,citation
f197bf0fc2f228483f6af3285000d54d8d97f9eb,arXiv:2201.07207,citation
d61ca71f64133f12d0534f1be5d2b7a0af3d2803,arXiv:2201.07207,citation
f0888b9c0ef63e68c7758e6aec2370961c0eede9,arXiv:2201.07207,citation
c695c4e68561347564ea0daa50dc339dff73d8c5,arXiv:2201.07207,citation
dedfe929d182cc3537a9ed765d589b4735ce062a,arXiv:2201.07207,citation
b8ca7dfe49501c0dbeeeadbdc94737a5b4fea313,arXiv:2201.07207,citation
c33258c3e2f25d4297522c23f05152acdeb58b79,arXiv:2304.12244,citation
dade1de9860ca2c183e28cdb43afd5d4843b7d27,arXiv:2304.12244,citation
4f9b04f26f5687c57948bd4f48ea8c8302238805,arXiv:2304.12244,citation
f2ad87f006c2c92228cd8b537622c1d0d9bdc94b,arXiv:2304.12244,citation
2f3efbf3e77ff11bb9cd95ca5ed18d372c6af4d7,arXiv:2304.12244,citation
c8ed18daaed3eb43c2f01fd35a33c9522284835e,arXiv:2304.12244,citation
54e7c5c8cf29d143057316acba6c9ded5e38661b,arXiv:2304.12244,citation
f1ac439f8a963dc391493dc241cb41c49598a761,arXiv:2304.12244,citation
0fa9fbc48c04fb3f477b07fdc22061060280c64e,arXiv:2304.12244,citation
f7781a78146a77aff823fe1a09b293a9e6e1bdff,arXiv:2304.12244,citation
8d1ce8db6f4b0a5b5ce199bc45e06f377b93ff44,arXiv:2304.12244,citation
52adfcdf7264a707385a0a641dcaa8655bf8c5f9,arXiv:2304.12244,citation
bb33f9e07e661b52a6fade948f71d5a0e0bbc773,arXiv:2304.12244,citation
60544b1d0eb47a3fcd6669745785d514702752fe,arXiv:2304.12244,citation
d882170a1d5812086cd821e82ccb7163a996beac,arXiv:2304.12244,citation
937154c2b26d9468af7e9903ae4bf4344df4558c,arXiv:2304.12244,citation
5293f9baf0b34b53617d8c3b5c579a2106f150b4,arXiv:2304.12244,citation
c7cda3b723c8fde80eedfc64d70fb9395302204d,arXiv:2304.12244,citation
861ff345351bad6a40421fd3f454a6de1d67efb4,arXiv:2304.12244,citation
292c64dbc88a049db39ae548c50fe76939d8577a,arXiv:2304.12244,citation
c26c09b52444de9480a33760d7cfe09c021410c1,arXiv:2304.12244,citation
7781f08e9539fa62fe2fd1ad70cd1471eaac96d7,arXiv:2304.12244,citation
f7fb82d4a79c4692078aab0a64252c3eaa761e30,arXiv:2304.12244,citation
579370203d88fe8e36d4861b090362c0c34c3ecd,arXiv:2304.12244,citation
42516e61567cdc719008efcd6fabb344d95c0634,arXiv:2304.12244,citation
94db68629d38d65ce4cd46e2b9c14f2de823d600,arXiv:2304.12244,citation
a6275f881dc26014974ab6ab9c581a06085b11ee,arXiv:2304.12244,citation
b3b37ddeac7e5c7bb6ea20f52722d4d1f6c63fad,arXiv:2304.12244,citation
9fabaa4bc84991bbdc2cde5c5a3cbefa8f5e7967,arXiv:2304.12244,citation
a25607a857e89e8d5611768b80ef23b8c963a07b,arXiv:2304.12244,citation
a81c481189ec4719b80ceec31f7c0277ba782d4a,arXiv:2304.12244,citation
0fd6ee50e28fa55277fcc3b176bc366279bc2b34,arXiv:2304.12244,citation
212072d3466f1add14734cd7f9586a71c62b989b,arXiv:2304.12244,citation
6766ed9472af54b9b3f849913c95f587bf5a2545,arXiv:2304.12244,citation
a6525258b11348e78eb136f7219006bdec261f3f,arXiv:2304.12244,citation
4f14d2b419e064fc424cf8ab34eb55bbaa09f6f8,arXiv:2304.12244,citation
4fa7eb4fc2df99e000ab973c9ab6459c82fb852c,arXiv:2304.12244,citation
c7537df0f1740aeb6037d5d6ebe796ab73d0caea,arXiv:2304.12244,citation
89f8ae8ef9bc1db8c5b0ee6c0dfa6824c5132cda,arXiv:2304.12244,citation
4deccc959504ffd34cdd3afd04f067578b9b3a4e,arXiv:2304.12244,citation
ec9ee072f79613d56cd6902fd524b1747ac6f1d1,arXiv:2304.12244,citation
64ca2fd333966bfc7603331a32eada2dc286d8b9,arXiv:2304.12244,citation
06651d370772b9f3f6a6f6671af235592bfa3e74,arXiv:2304.12244,citation
545bc8e1209beeba293ebe9c5dfea7cc8e4c8d3f,arXiv:2304.12244,citation
4c49cad5b1cbb8ae987d7795c899b678134b9a57,arXiv:2304.12244,citation
d6e7cec15b34786debf4cb2bddf96ff107ef62c5,arXiv:2304.12244,citation
7bdda23a6e293ff03db8be0a19fa51855e7de51c,arXiv:2304.12244,citation
f63c28ab8082ff1df5af4c63d28b978214040197,arXiv:2304.12244,citation
da30931a1d7bfaddc0a47d00bd5a8600c4ad3e96,arXiv:2304.12244,citation
e549950da3f9645bc016fd61431aaa95ab8a168d,arXiv:2304.12244,citation
cc35548ca7f8b797402e9a95ff901b642af0b2b3,arXiv:2304.12244,citation
130d872488a20bafd6e270a939486d876cadcaee,arXiv:2304.12244,citation
98db1a0f88f6b9ce125d1058a8d6071614176404,arXiv:2304.12244,citation
8343f9745b8450f179a150a0af4eaae94dbbb6e1,arXiv:2304.12244,citation
1082c43d67be0c09720217abd943649c3bb0d5af,arXiv:2304.12244,citation
fd01eb8621f9a3c5a657ce5c9f0b60d18de82c57,arXiv:2304.12244,citation
ba9c64d4e82895d1687d7794f2254d22f8641808,arXiv:2304.12244,citation
231d4842edd8128ed8515b635930241af984ad65,arXiv:2304.12244,citation
e7ca4f5f00b1e05f98c105638cade67bca452d27,arXiv:2304.12244,citation
4e466c83e953cab90477e94f83e345c846228caf,arXiv:2304.12244,citation
7a097ebe594b1007491c390367669961bebc02e7,arXiv:2304.12244,citation
a26f44e9deda0113f2d93992e92d004ecb92426a,arXiv:2304.12244,citation
0a68c72f5ce11b39d21312c3e77e4742962018cf,arXiv:2304.12244,citation
d0b26fc297c2779b4c59ae019dc8750f614c3f47,arXiv:2304.12244,citation
bcd1e8568bbbca1dc9c785191fabd79a682beac7,arXiv:2304.12244,citation
776a9df830e6433d13e1b9428f4ca429bbf09b47,arXiv:2304.12244,citation
ed9d0bc05f1dd92c18fe29a45d14592661c4b553,arXiv:2304.12244,citation
aaffcc433bb4f28663369b64487222b5f10ad7cb,arXiv:2304.12244,citation
14c72b137533e1dafd83fff4ecfade3c3436046c,arXiv:2304.12244,citation
bbac8add2506c1beaa3719f459e2aa271b0f1113,arXiv:2304.12244,citation
b17c7aa2aac0cb03d60f85cbb582ba52384a15cc,arXiv:2304.12244,citation
1d9c1d192e2b6d17fb19a85c1ee68c9138c95ac3,arXiv:2304.12244,citation
b122e0b3964205066f1fca192785bf292c26c793,arXiv:2304.12244,citation
23bfbea19913fa022b757f67851a98c9d97564da,arXiv:2304.12244,citation
908b9a63a6cac1319e983fe8d4b4fd871b2517d3,arXiv:2304.12244,citation
179d3928ceda469af35f95d9b366989ced3d3476,arXiv:2304.12244,citation
4558092d99ecf5b80b9c9340fe61142873f0c243,arXiv:2304.12244,citation
0ee70ee752c6f200a4ebceaabca1a9b94b95c2a5,arXiv:2304.12244,citation
206685eb3ad285d89ec9047890f5facde15db8c2,arXiv:2304.12244,citation
f29108866934dc766abee82cda44ec7b5a9393ed,arXiv:2304.12244,citation
f11168f682dfaf3256dc9c31d1393d25ab2501aa,arXiv:2304.12244,citation
821f745e7ec0813775d17242177fd057ef11c85b,arXiv:2304.12244,citation
489c4b46d488472c8ee56281daa99b4228ed0ce6,arXiv:2304.12244,citation
e0f85a1fd80d22295ec23ff190f2165c1adb35bb,arXiv:2304.12244,citation
6fdc192ed7b3ca502c0d0f3deae8e2dbbe43f234,arXiv:2304.12244,citation
91d7e3e1cadd9d92c65ba6d028230e493b3185f2,arXiv:2304.12244,citation
11e559be0a6bf3dba27b2642b97d4553dee7b23e,arXiv:2304.12244,citation
8f145ed4ecdc9ac8885d3e743fbd287b0ecd7d59,arXiv:2304.12244,citation
e5cdf9f00cfbc8e68ae57b51e040d16276d7115a,arXiv:2304.12244,citation
ac529f215dbb892fea27077626fce93a0a1e5572,arXiv:2304.12244,citation
20a0f57c7041bdfc27fad058a8189687d53e423a,arXiv:2304.12244,citation
082764721f692624420edffc45b073a0bca14bf7,arXiv:2304.12244,citation
791abfa7ff6fc1033113b2c62d9340466d588cb1,arXiv:2304.12244,citation
b4c285c57aedefd512f2ca5b490470345a77b556,arXiv:2304.12244,citation
f6ce4c3ed205fa176dbea545b1972c423e1ad86d,arXiv:2304.12244,citation
299fe51fac7cc0f345c9c3dc46a7d17e69690a91,arXiv:2304.12244,citation
a82d24d2b1eaae8c051c9bdb2752e19bf1907e6c,arXiv:2304.12244,citation
fde9295102d562e7647727488af390916bd6809f,arXiv:2304.12244,citation
fb70bcedfe620d0a218b3012e5049c03a4a3639a,arXiv:2304.12244,citation
0f4d22916b9bc851f77c8b03410ffe1df6a0c817,arXiv:2304.12244,citation
308e63094fbe6d14837c91d807845cc6c56d0c1e,arXiv:2304.12244,citation
2ad1d0e5fd9b0a71fa3d09f9048daafe22697b39,arXiv:2304.12244,citation
4330294cc7fba74f415efa9ada0ce1200f1ac2e5,arXiv:2304.12244,citation
91697fabeebba80fada56b43b64529f79fb29334,arXiv:2304.12244,citation
e5f56092cbe315ef0177c3e24332f3d2a07fac18,arXiv:2304.12244,citation
58f8766d995dbfa71dcbb543a9811c94c91cf89b,arXiv:2304.12244,citation
6605e2c06e6f7e24fc46fb04e67534cd09dc9eba,arXiv:2304.12244,citation
3d3a2628996d859235fce41c5f23f5123c181cb8,arXiv:2304.12244,citation
1832dba0a034ec033f2c2be07bbf36041a748544,arXiv:2304.12244,citation
d052ad722f454de0537454a8581c00b8a9aafda6,arXiv:2304.12244,citation
da51d8c8d2c8c5d767836335990f086e5df0aac0,arXiv:2304.12244,citation
fd0338267ede80bc6d840e699a86543829e85d13,arXiv:2304.12244,citation
9c2718387edbf9f12b07ad00aa3273a03b3f054f,arXiv:2304.12244,citation
2bee1cc0031961dc0a470f476276282b07df9057,arXiv:2304.12244,citation
1a569d44f944069432ce73e3d6266a24b78a98e3,arXiv:2304.12244,citation
ee416e13e8adac0b7c9411181328cb495670f1a0,arXiv:2304.12244,citation
6d2ee1d934c0016c3ccec3ca07f62869dc1d06b6,arXiv:2304.12244,citation
e90526e869bbdfa20e025182f477021e6ebc8126,arXiv:2304.12244,citation
00949326441eb6feffb1bf0f6d378a998a632b0b,arXiv:2304.12244,citation
c4487f8bd307187d2bf27a015b11b54adc770bf0,arXiv:2304.12244,citation
c69a8148b4c8584c4665031837023f2e4987ae07,arXiv:2304.12244,citation
d2c9893210a9e07bd06ae62f50fd2b331810e1aa,arXiv:2304.12244,citation
2fcc2a4fa9ac9ca02d626f52d69795299fb6a5bf,arXiv:2304.12244,citation
c60769a5a1c260df5123d9ace5607dc40ac356f0,arXiv:2304.12244,citation
0f0157b3e679d3dacdfa56277831fed9b2b8e0a2,arXiv:2304.12244,citation
3a89dc7a79f24aefd23065840444c0dba1206a1a,arXiv:2304.12244,citation
0467ea5c1751f55693840be65a46573fe1c9d5eb,arXiv:2304.12244,citation
2e882c144a25770a90aaff6b5826e5bead8ce278,arXiv:2304.12244,citation
5d6ea8c124549450394d016a1e95f603b74fc198,arXiv:2304.12244,citation
bc4b173d49b4dcac8ebd6329fa5b48db954e50f1,arXiv:2304.12244,citation
f321cef5c3d8d602cc85a759ae3a9526c0582b1c,arXiv:2304.12244,citation
6c286ab65716525861406addd7c877e7c5670473,arXiv:2304.12244,citation
71aa4578fb712bfa22afaf36ad658c6d69652cbe,arXiv:2304.12244,citation
cc062e2681751d0f09b2a9f18d6997deed32941a,arXiv:2304.12244,citation
4bd34bb29e25696305f3dcf773600ee5f6dfff4a,arXiv:2304.12244,citation
a2cb3425c98f33d8dcb992c23b9e08773f20f2a7,arXiv:2304.12244,citation
9c381e4cd9234546c5c95fdd9fe328ff78d42d42,arXiv:2304.12244,citation
e75a008b93ae19ca64993385093032b2b92f5631,arXiv:2304.12244,citation
905c9e7afc4ac89ef164ca4c7171331c6719c4fa,arXiv:2304.12244,citation
1bf2a864b5b46c7c93ff273d49f0f5020f73ae20,arXiv:2304.12244,citation
e7923d133bb3d426ae50ed32d4eb12627892c8a6,arXiv:2304.12244,citation
69741f622962bfd17818d51bc7fa96b57392a351,arXiv:2304.12244,citation
29bfc39b9eb357fb7d18b2029d1570844f2c9b9b,arXiv:2304.12244,citation
60dc1f62217fc222c23d374d7d2342b057b83665,arXiv:2304.12244,citation
1c2b518a345102344e9b7fd1a530338cd23390b1,arXiv:2304.12244,citation
ff6f8ef8f24f5352c0fa73e2058921e8f34d8f60,arXiv:2304.12244,citation
f264e7f6e398e4a2f6c4b84f073a9de1467b6cf7,arXiv:2304.12244,citation
128df79fecfde288abadf8740ffca93f6dcd6b6e,arXiv:2304.12244,citation
c47703fdeb3569f4d14f2e9c87c93729fcf0a261,arXiv:2304.12244,citation
790689cbe7d44fa50f67238ae0c408a04426be0a,arXiv:2304.12244,citation
4672b31e40ca2e5f792b20f23a4d89ea498b384e,arXiv:2304.12244,citation
115f5f5dd7e5f33da07037335698a6e89fa4a4a7,arXiv:2304.12244,citation
7470b30284d055337ada62136c8f6e80a32c179b,arXiv:2304.12244,citation
f982585c0442539800cd4c9a7cfb2a64d58a167a,arXiv:2304.12244,citation
4d588fbbc7100ad967d43be9ea214da9c04651b2,arXiv:2304.12244,citation
709bda5ae9fac001e4ac84ff178e22f9903d95b7,arXiv:2304.12244,citation
ebcc683e5494bd8fbe596dfc4b3eaf6fb641fc74,arXiv:2304.12244,citation
ab49f4037b38690501565bf5e0b2b079ed76df0b,arXiv:2304.12244,citation
95b42a49ac1c061846b500d02022edd96da95971,arXiv:2304.12244,citation
9dee20169ebb3e0dbb8a4d24e1d7ebf50d340144,arXiv:2304.12244,citation
29764cce1641000c290144a0f6ea1377caff17d9,arXiv:2304.12244,citation
cb65e35b48c692e1fa8f676270e152b6e12037ac,arXiv:2304.12244,citation
e84ea7de17d55d11c63e3956644e2b0c34902622,arXiv:2304.12244,citation
0069f94278ca17cc9c6ae65c6740fc976f698a22,arXiv:2304.12244,citation
47e124da3072b16e9428fe4b8cd11e6e24b2d03a,arXiv:2304.12244,citation
cc66970b020e40867ad259d9b450433366e77048,arXiv:2304.12244,citation
c84cad456ad539fa2765cf39f41090d15f582a8c,arXiv:2304.12244,citation
ac2a21b5b6a1e869623d7bded559ea91d4800460,arXiv:2304.12244,citation
307af802abeac7134784cae4eed46f50495fecf7,arXiv:2304.12244,citation
9c74b3bdede5e51ce24a9fd857c3fb0d4e4fee03,arXiv:2304.12244,citation
4142deeb6fe31bede2d96d890a3622496a2b4699,arXiv:2304.12244,citation
d673950816e7b8ed4fae6d562b5ef5a8b55133f2,arXiv:2304.12244,citation
3997d41786918a150e15af8f22a4dec57f538fe6,arXiv:2304.12244,citation
73df3e273452aacfe90f0c4bf22ff24249de0e07,arXiv:2304.12244,citation
ed745c14d8d2632b25ee69967e225da32f6cafa7,arXiv:2304.12244,citation
25e8f017d558da4ba658b221398e10d5f7904758,arXiv:2304.12244,citation
f569c8756d2f9272c03ca717933bf80f23743768,arXiv:2304.12244,citation
7318374463349cfb1ab31627e5c04bf963449d11,arXiv:2304.12244,citation
bacb7e4d55a5b757d1b1a5fef613457c300d713f,arXiv:2304.12244,citation
029c144203a8b190e6118f6b630b9f5d737410be,arXiv:2304.12244,citation
f1ebeadf2cfac33d126589d74f39041198a00be2,arXiv:2304.12244,citation
e5fd00515021e7e7dbd6a4692142f58943ccb750,arXiv:2304.12244,citation
e28a8cac2967d4665b005d3ae930508f83441f15,arXiv:2304.12244,citation
749208f13dbdd93183d80f0313b5f0aa9c835688,arXiv:2304.12244,citation
8738cf80088f2868d35e3bd5366e873e1adcd73a,arXiv:2304.12244,citation
3b6350a7a53911767f50ca3f17f99619470bf997,arXiv:2304.12244,citation
45e2c831525ab988d5db077943f329e1312fddc4,arXiv:2304.12244,citation
cb667e807c670706be918f6eef29084a7db9d34a,arXiv:2304.12244,citation
f8f12a3cd35d775097d75df99b19bb4c89de065d,arXiv:2304.12244,citation
123df211ca36cf7c85ba0b392168f048549db683,arXiv:2304.12244,citation
d8816300bc395f0fbffc31f56a839b1846598202,arXiv:2304.12244,citation
9934c78aab745e1c8b51d966dd7af8b789d543bc,arXiv:2304.12244,citation
d00e454b745efeffd6aa495f3e9f5380a0b94e4b,arXiv:2304.12244,citation
01e212799de4d512942db93e380ade2e5c4e893b,arXiv:2304.12244,citation
ad07189387af46e5d5636c0e8d3a7bf81124cc7e,arXiv:2304.12244,citation
4c2e4cc031bf166b3b9fa188eeb98b8abeef041f,arXiv:2304.12244,citation
61ef2facaa6111b2cd689ad8f758fe9a2dc2c594,arXiv:2304.12244,citation
efb8ecfbe788111e9fb6f282aa867817b091377d,arXiv:2304.12244,citation
4fb1b0623b17ecbb9b21af36af3a297e358a980a,arXiv:2304.12244,citation
b36e6ebba7c84aac09d272fa2dd5fdf42ed77651,arXiv:2304.12244,citation
817c76e0a2ba805723d0497a74f0fb829f0f6260,arXiv:2304.12244,citation
aa1a27238b78608a000a0f6005c72fb1fc619b36,arXiv:2304.12244,citation
8f2db783ac3481d9fddea610009b555c888d3dd1,arXiv:2304.12244,citation
92b367e88c21f1430251889c54856cfb3e5ce996,arXiv:2304.12244,citation
86e3be7505f7102db96688da6896f793e5bcca9e,arXiv:2304.12244,citation
c35002ee2707617558d8c89e6c9a2e19cfb30e13,arXiv:2304.12244,citation
0158406f856d7fd7fa7067edc4ba712350927ffd,arXiv:2304.12244,citation
3404f2051763368df1613e3d9b7b787cb4a8b833,arXiv:2304.12244,citation
f79012b6f7cf43de4126f6d5faf95be3a536fb79,arXiv:2304.12244,citation
371b6c17ee55a204117493195f364daf38caff61,arXiv:2304.12244,citation
3dd6e3dc2d7a8fa6aaa4671557e6a94e62aa1106,arXiv:2304.12244,citation
05cb2ca6041b016bab19d73d05c8a8a75d2d748c,arXiv:2304.12244,citation
23c595cf09da5560ef20dc08e5cccfc438b35b2f,arXiv:2304.12244,citation
c503d6948bafb16d9da83516746dcc9ceb52dd39,arXiv:2304.12244,citation
7e0347176f2fd6b5132ab57100e8893e1b77620a,arXiv:2304.12244,citation
c7e0d42b977aa9282a49d4f2ae0ec2b00e8bc7b3,arXiv:2304.12244,citation
c46b458cd78897eadabcac6e082974711bd53085,arXiv:2304.12244,citation
7174cf188e9d7b5e1842c0d0517ba5df22bc6a8a,arXiv:2304.12244,citation
29e11383388a28daf18ea90826c752a2186a5a17,arXiv:2304.12244,citation
b3d798cf89ee9366a4bcf591eface07858522d54,arXiv:2304.12244,citation
f59d5b07fda1ec98ab97a23cd22043d20a174ed3,arXiv:2304.12244,citation
12590628f00da825cb537284592d88cb848c5b11,arXiv:2304.12244,citation
d19bd6f8d925130cc068d0b9b202a944037afc67,arXiv:2304.12244,citation
07e24e9ce013b2caa083e535023894fd7c103051,arXiv:2304.12244,citation
a0665134364bd90bdf99a858b5c3341b1e864e57,arXiv:2304.12244,citation
25c7534bd4d6f4f15143ce4e2528de494d4195b0,arXiv:2304.12244,citation
8e2640fa514a758a9512488daa2fc7315204d766,arXiv:2304.12244,citation
06f1915f80a680967274f6d715a6ac238311308f,arXiv:2304.12244,citation
5997e69e637ba532b287124af85e48e02b98f432,arXiv:2304.12244,citation
f139eb6451a2e064d08e66547228fe0a7a796ec3,arXiv:2304.12244,citation
ed72d7f8f42d7013762d1222c416477ab73ff60b,arXiv:2304.12244,citation
b7864b0e76f402ab668247ed20438374b6be8e3b,arXiv:2304.12244,citation
2c8d1dd82cbf82cf3b68d2e6cff1a14aff40898c,arXiv:2304.12244,citation
9a0cd90d265af436605216cf4e1a41c8cfff0ef0,arXiv:2304.12244,citation
20de6c444f3df9674a7f6f8115dfa14c2b10197a,arXiv:2304.12244,citation
41f0a04d08245b9dfa021a0c5c5a2f3a4326194f,arXiv:2304.12244,citation
fe5023da5940dbcff7fc52b4c99c8f5d2196d73b,arXiv:2304.12244,citation
def249fad2fc1852ab48a4f4d18463107abd6401,arXiv:2304.12244,citation
f279eab3a298eafd4fc48f0a7ca1f8e0e80e7e70,arXiv:2304.12244,citation
e1e5604dacffc30dc93bb7bc7080758e1b70d8e1,arXiv:2304.12244,citation
405ef1bdef49b959aac958374f33d40e44e309d6,arXiv:2304.12244,citation
7d282da198488f862db63e5b0f8b469e4f4a44eb,arXiv:2304.12244,citation
6f560c72a36ecd6a4faeb345efdff1fc856e60a9,arXiv:2304.12244,citation
ab79c408d679cbef7eaf4007655377f1c081e454,arXiv:2304.12244,citation
50c5a7f081b7ad54ecd3db0e90230b8d77caeb8e,arXiv:2304.12244,citation
49e68e804d63df12fce620f9e12f7351d02fa95e,arXiv:2304.12244,citation
97dfe3145fc4cfd4ca87381299beea48a6c2a3fd,arXiv:2304.12244,citation
1057783fe18f9213673df638d04c2fb81fb78071,arXiv:2304.12244,citation
d238f25614f15d329399843c2e94ee85aa057ff6,arXiv:2304.12244,citation
e3b033f839d0db90e98884c89347194ad109fbc9,arXiv:2304.12244,citation
96ee2efbd4eb1a6e35f5c6be8b9d7f01f7b765e3,arXiv:2304.12244,citation
24e8029197b5f99126f0ef4e577d55a275405b36,arXiv:2304.12244,citation
755d79556085d841398de808d3c84e5c4f59eb4a,arXiv:2304.12244,citation
f2d95572cde472fedeaaae78c27b51304fe19ef2,arXiv:2304.12244,citation
ad346966b7863a8bb783e0c41f6d4f98ad971698,arXiv:2304.12244,citation
994a08fd88f8e90affe78e7e518a4fe74f024ca6,arXiv:2304.12244,citation
7ae48cdb8a044ccd22d279a01d135ecfd304d025,arXiv:2304.12244,citation
60a75a440967713a1fbcc85506a3d085f46fb8c8,arXiv:2304.12244,citation
42280e4374616c5f0305a8ab843fea630c0a02f9,arXiv:2304.12244,citation
b118857dc1b4441e32cfec2f0000ad79de4ca1fd,arXiv:2304.12244,citation
9312ef53cdfd65c796e48141b341f4b3c2cea7ef,arXiv:2304.12244,citation
4b2e5a6f64fd88a2f97266acbacad309a7a9ea4a,arXiv:2304.12244,citation
64570f4cc8a55a4bac3bbb956414dbf5072c2987,arXiv:2304.12244,citation
6946078dc0fa801139f23168b4e3d62b5848c46b,arXiv:2304.12244,citation
dcd7e42e655713402207acecb842e0b6424bfb8c,arXiv:2304.12244,citation
e40f31240c5bae29bd0bc000046b6788af9bbb66,arXiv:2304.12244,citation
6cb37add3ca69c91325054d11395f52baffdc361,arXiv:2304.12244,citation
8147c5503cb8ea33ed25540c854fdfadaabc1032,arXiv:2304.12244,citation
f98e66439962390990eec532b8bf1315979068d8,arXiv:2304.12244,citation
548837aeeafed6cfa5a44f474a2740f1b99142bd,arXiv:2304.12244,citation
b98029d2a2dac2953533d8ef2724b1b4b85ef3d3,arXiv:2304.12244,citation
a28dafcdbba4d1be04716a3d1d2007349be0d0eb,arXiv:2304.12244,citation
1de9d28dd335b188130ceb251a744026e82ab634,arXiv:2304.12244,citation
b4ab16793520c9ab8db307677a4b9ae77220bf65,arXiv:2304.12244,citation
da6b8e0afb632fc47023d010c36ae7a2553f4e13,arXiv:2304.12244,citation
0fcb93b3115d0c5f618c4b455d87f6a7d82a30e5,arXiv:2304.12244,citation
7cc026d930b582a23a249986e7521c07c1a67932,arXiv:2304.12244,citation
9efe4d229b0f894cfe62282cc40d1deeca6d0b0f,arXiv:2304.12244,citation
013fc904ac01513d0c1a3109bcdbd9318711889b,arXiv:2304.12244,citation
792edc33d347464cd62dc1a856e47b78902aeab9,arXiv:2304.12244,citation
0a44db2f1035eedaba16b4d362437b3e6fe7ef26,arXiv:2304.12244,citation
2e70bc1746833bb46853de7f47407509d54fc42e,arXiv:2304.12244,citation
d5620c0557b57c1c791e0155b37ffffc9fd3e218,arXiv:2304.12244,citation
f72f7f20b0f7e0ab403e88c77a80ab0dea2007ac,arXiv:2304.12244,citation
6db25af3b87e1fa821d3fefc47185a7ff08739ca,arXiv:2304.12244,citation
2f3a9ff8b9af246098c43e3e826a72979d0d4d4e,arXiv:2304.12244,citation
7f5120db8f2ed7665bbfbff6f04e3e46fb7e0be9,arXiv:2304.12244,citation
119f041150074143405d361698501b43e4f99a24,arXiv:2304.12244,citation
a8f12be2ae515eb24353812ed0a8aec23cb2de61,arXiv:2304.12244,citation
4925492709034cfb614e89c15174669efc54d169,arXiv:2304.12244,citation
5f49ec9560ca9e03eff32a607f6caabc08f98926,arXiv:2304.12244,citation
4394013f66489d308665aca0aaceedeb35bbeff8,arXiv:2304.12244,citation
2d906cda427cb2c4a71069423312e57ba4cd5445,arXiv:2304.12244,citation
ba6d7ca4ee60dedeae7b34b792f5c5523c3f5093,arXiv:2304.12244,citation
008dd5b22d6ad251492a86bdd0ae4598e610dae0,arXiv:2304.12244,citation
bd4cc23a7cccb0d1ca17fb15fe1324a794dedab3,arXiv:2304.12244,citation
fb7594942ca400058cbc0d770a785435bcfc7431,arXiv:2304.12244,citation
ff7a9e6d7af50872c34913386873dfcfcd0045eb,arXiv:2304.12244,citation
775f4b4d0447c6dc930c92c40de3208faa3e5c2f,arXiv:2304.12244,citation
3112ca0f901124d5337997e54a599d7937edb3cb,arXiv:2304.12244,citation
785c8105605b0b5f7692010ee69eb813514f5b4f,arXiv:2304.12244,citation
51850aee7a16f497bcee2e3be097e4e3837c1159,arXiv:2304.12244,citation
7b0a7008e7a8806678b1f446bdfac0cde827840e,arXiv:2304.12244,citation
db426acfb1f36c71337b2b617a6c95379be5fb26,arXiv:2304.12244,citation
1bc3afa6f78f3f1891fd34e8f07d39d1c8f7fdf8,arXiv:2304.12244,citation
d18495151dd305ddb0dabf3eb76e5e07f6b82400,arXiv:2304.12244,citation
8cef5342ed9ddd79b1e360fd328ad6461112d982,arXiv:2304.12244,citation
6a7c29829227bfd65ae0ffec294a874bb9ea0871,arXiv:2304.12244,citation
6544cd41e3d2d67da99b184e7c5186ab071ce916,arXiv:2304.12244,citation
f2e8e3eec1ed436f741b910d87ec9346c35700ce,arXiv:2304.12244,citation
ac7ba803f7b690b76fd4208b9fee630cef127ff5,arXiv:2304.12244,citation
7c1fc0a5cd0d655f8a77139f3dc053998dbf7165,arXiv:2304.12244,citation
78cca0da033edae72951940f9dd18eecc23ae36f,arXiv:2304.12244,citation
f5a73707d1cddb8142029671a1ff1c8778df6f50,arXiv:2304.12244,citation
e1fe3cd95544222e368232f78524924a5aa07834,arXiv:2304.12244,citation
85c9ddaae4fcfd74d9b2127b01f31e9713413a01,arXiv:2304.12244,citation
1efe2baede90ef6558c995ef83c2ce1c4777683d,arXiv:2304.12244,citation
0445711f119fe20d0a2f8837cd6184c79d331f97,arXiv:2304.12244,citation
bde841b0dbbf7a15ee69966a828c7fe2cf532ad9,arXiv:2304.12244,citation
d6819eebb479ee6e9955227c2d87ee9228b63cb0,arXiv:2304.12244,citation
38a6e850d598e4283559c6a2511eb7459c91af20,arXiv:2304.12244,citation
5287f309de1e55c193b19d91980bab1a88563f9c,arXiv:2304.12244,citation
0e1a3c83fa7184211ee331a5fece022424bbe65d,arXiv:2304.12244,citation
4742fb4ab612054679595fbd80e14bbed3ee8199,arXiv:2304.12244,citation
af47fadf6adaa81c949c82c8479734d4ea727795,arXiv:2304.12244,citation
edb2cc0f2d7ae50717b708292a543b319bae026e,arXiv:2304.12244,citation
ef6ba066fe4b3de1ce847a96dc7798558bd99b64,arXiv:2304.12244,citation
8a943b18c20ef1b2bb26dfd4f36100bf059fb195,arXiv:2304.12244,citation
1d818d70b50d9ac6bfba9484c9d20ddd9735e49c,arXiv:2304.12244,citation
bee5db90312bc27ce5a444ffe28c8d167fd39a7d,arXiv:2304.12244,citation
c7eb85a0d7e70aac6cc547e73602e9afc9f570e9,arXiv:2304.12244,citation
10f278d20b235a4ce3c552da9c4642de3a98b483,arXiv:2304.12244,citation
0485537cf0119c578907c3e9d6e743bfeb4157f5,arXiv:2304.12244,citation
e040c2983929b87740dff903056e1e4df71d325c,arXiv:2304.12244,citation
84d04da0f2aca59dda369223c0b68ff82283dc1f,arXiv:2304.12244,citation
3d48d1f9dde07b92e303851d787ee863e1433249,arXiv:2304.12244,citation
1db93f8ce312fac041f9271a9b8068b9cb4b9fb2,arXiv:2304.12244,citation
bbc5cc1559b03997ee087e86e42dfb5afdd4a792,arXiv:2304.12244,citation
d62cd2c02309400756528ac55bbb18e2b51f3f42,arXiv:2304.12244,citation
ca0c191b51a3e559ccbe44e83cf368c371f1847f,arXiv:2304.12244,citation
e94ceaa23305a1a72c4649e3bd3f69a1927056a8,arXiv:2304.12244,citation
378d5aa66f1a6623fca515b81279399768c296a4,arXiv:2304.12244,citation
e0ea2443e8af4acc4c8e1729363fc6730d1a29ac,arXiv:2304.12244,citation
35eefc57d05a0b73ec1a848b32f56e2cf2651f01,arXiv:2304.12244,citation
cba0576de64899f369f559202812d2cc19798bdf,arXiv:2304.12244,citation
e0843ec146ac83770a32f7bd638718a65686d89f,arXiv:2304.12244,citation
0d157c187b075e890d86b3fac26604c5dd6e845e,arXiv:2304.12244,citation
0fe6935d5d7280fbf4ef83b0130c5f4d02d3b9ea,arXiv:2304.12244,citation
1b50041bc6cc3b517b1de0b9d5c76a67f8ae2fe7,arXiv:2304.12244,citation
ed89c6a4290aa0ca1952c019c4d63eb93b614556,arXiv:2304.12244,citation
5d4513c5321cac93ec26e6ebc5d82e1f9b7c7b51,arXiv:2304.12244,citation
6fb186be5403449f74be2294d52de0160d0d1d40,arXiv:2304.12244,citation
680eedfe1f66c1a58105d2ee8ee071ae962a0fb6,arXiv:2304.12244,citation
efab0199b447384941e1d3c73d9378af33b8845f,arXiv:2304.12244,citation
a5af3507ca363f3c84f16388502970ffb3188aef,arXiv:2304.12244,citation
92c0c44d89287de52e150dc985f0e40e26a0583f,arXiv:2304.12244,citation
9393b0c00d509d58f9e8bb782fb9ec2c3bbf1b3c,arXiv:2304.12244,citation
5eb113b55526fd73249c47bfb544b9db959bdc22,arXiv:2304.12244,citation
68d88c8e8318d441ad3e00cef5ff59d966c06de6,arXiv:2304.12244,citation
1c36ff1318995ab8af98a3fed44bcfed93e0ecf6,arXiv:2304.12244,citation
bdb55e27a2594c99a6b2002f8fa3ac64060c9297,arXiv:2304.12244,citation
c53ec4f663c494d193b7aa11a6ed7207015e332b,arXiv:2304.12244,citation
6ab12c4dacbd88733b96c6019037c64c6702b0fe,arXiv:2304.12244,citation
c896ab9fd8d829a80c2abcfe98d3f6d1b3c7f502,arXiv:2304.12244,citation
4411966278b0ed2f50fce16f131d73cee067d74f,arXiv:2304.12244,citation
9d79b6d2381535521d499d89cdb5b0b4190cc251,arXiv:2304.12244,citation
ed8ff544a41ddb64f7cceaf924f479f6bd9c0855,arXiv:2304.12244,citation
3c81187fe776dab26834b8f833f54fdf127a6a43,arXiv:2304.12244,citation
8f2da3a0775ec12983308c56a84cee38f02e799c,arXiv:2304.12244,citation
4fc70ad78f8b7661912dde8174e3f019980f749f,arXiv:2304.12244,citation
c06d80dbce7b8dc34e34f938aca0de0d5cb54fcf,arXiv:2304.12244,citation
897580ae25ef697a0c2ec6548a19844f8f480aab,arXiv:2304.12244,citation
79ccd8b2fdc8ee7a2cbf60a2b0eb7e6e962c3edf,arXiv:2304.12244,citation
0bce2795374e0070138e89c84917bcba9ce9dee3,arXiv:2304.12244,citation
9a5efb6f69019688cf3ffe27264c9a3d55f3f452,arXiv:2304.12244,citation
bbcc159658595879f2fdfc019220bcac35776020,arXiv:2304.12244,citation
9f82c4872e455b2ee9dbf862b7dd9fd549f7c43a,arXiv:2304.12244,citation
626cc655ca05c368c26591217b12db63324fb7fe,arXiv:2304.12244,citation
3777748543f1ff1f3ed8b16f063435217173b865,arXiv:2304.12244,citation
efde8940a0b924e93d35184c4a1e8f9670b94fe7,arXiv:2304.12244,citation
4d710532fff7aec8187f68fb2ca90079c40e7004,arXiv:2304.12244,citation
5e5be5fb051c1b542fce450b50092b3f2c92b5a7,arXiv:2304.12244,citation
48d2324d4b936d4ebfbd07c2aaa5f0684c63fff0,arXiv:2304.12244,citation
087da36d123799f63245a34ff43e2f03dbf42e62,arXiv:2304.12244,citation
947e39b1e28e6ac948cf8abe7db2a0aeeb50537f,arXiv:2304.12244,citation
89ff880b0d126458da236d1c46b2d71db603d12c,arXiv:2304.12244,citation
afebe22663bb64197604dcfcf517761fc9c8035a,arXiv:2304.12244,citation
f9a0b2be896dc0d12f2c5532ab6ecf8fcd983489,arXiv:2304.12244,citation
0ebbd9526f6b382c34b5a8dd97323de37ad07805,arXiv:2304.12244,citation
12361097de16eea65e89356a50aa0f13b633440f,arXiv:2304.12244,citation
ebb9f90d7b9e63c7e85bc0b4a8e6fba7a5c57017,arXiv:2304.12244,citation
50ee11e0d057defe6c449099e01b12cf3cb74446,arXiv:2304.12244,citation
339d2a56f0e5176b691c358a86891e2923045c8c,arXiv:2304.12244,citation
a23f691774c794d53720bcb87a66092f53b556cf,arXiv:2304.12244,citation
c50dd17e19ad6520a4f5111ecd9754f06ce858e1,arXiv:2304.12244,citation
5435d05882f189a1359e3395225959169a7888c4,arXiv:2304.12244,citation
6f3de19dbcc03a92f22c713a617e1269f5868cf2,arXiv:2304.12244,citation
21cf7504bd8d9086af220939c2526c1e65b65135,arXiv:2304.12244,citation
f4821946e851dfc6320139c559c45ed6375d7648,arXiv:2304.12244,citation
d9d7b3aaf4cf403439e587d30b66e9f61449c056,arXiv:2304.12244,citation
f94d498fdd5b841622e3e4d733f6d8e92ac3a69c,arXiv:2304.12244,citation
37ff4e49b6894da5d933e88ec4dab559bc3c0272,arXiv:2304.12244,citation
f4b021d6aa7a00c64e7cf88c4f9096c8c42e1540,arXiv:2304.12244,citation
84bb47ae6e528ce1dc0e9e3353bf92a45fa120d2,arXiv:2304.12244,citation
ab83eae00db6a19de1ebdb23f7ceed29b5832675,arXiv:2304.12244,citation
3427fbb743845b8f6108e2b464cf0d455b85736b,arXiv:2304.12244,citation
9cbe3061ad19f2a955c239a7ccb74d7b12c5f9b6,arXiv:2304.12244,citation
e0a2bc27c87c4e7851a45002ca47e3a9301bf7a9,arXiv:2304.12244,citation
6579e4f48d15a55bc1d5c133c8bd26663a3f2317,arXiv:2304.12244,citation
e4d4dfbe64702485682dfb7d0af29b95f62638b0,arXiv:2304.12244,citation
4827ecf2d6604cee08fdf1570bfd92a8a16cf9b7,arXiv:2304.12244,citation
bb93f6381d06ca29f3114e825cbca18d8ab41063,arXiv:2304.12244,citation
3a620ccaa0e770258245319b0839b4d00dc6d169,arXiv:2304.12244,citation
635577dd7434946f04f0913b093e223c29e4d9b9,arXiv:2304.12244,citation
711774dbe2d14045c4df37b57b324d18e0fe5572,arXiv:2304.12244,citation
2105e036a0e49dc9868a8b9ace12ecb7c001ac38,arXiv:2304.12244,citation
a2f36bbef278ffd53212b7e3c4cb7bb9c92e7f3d,arXiv:2304.12244,citation
41a4234a11c2000f84fe5e0d6f9d60ec3d66a447,arXiv:2304.12244,citation
898dd545628758bf622954ee43450bcf8c58f22c,arXiv:2304.12244,citation
3456b268a84d2cc5f4d569aee2e737a8fbc1b8c8,arXiv:2304.12244,citation
3c6c150b40394b01b1a91ed9e4b848478824a849,arXiv:2304.12244,citation
d56bbba1911156e1468b91a8ac83eb65fd78e88e,arXiv:2304.12244,citation
f2182f156aaaa6986b9ab208d872b934b1f0d8ec,arXiv:2304.12244,citation
282058c7b1f07b878c154f3b4245992fd2bbb15e,arXiv:2304.12244,citation
46148dfc97d763a5be6d3049aa76840a201bb99c,arXiv:2304.12244,citation
b6a3555a960a448ba6d9b4aa9c02038982e3d3e1,arXiv:2304.12244,citation
428d9462fa6431186812bc9535f6bac83c5bc844,arXiv:2304.12244,citation
7229fde03d19a585bd2694f8103b807fadf635d4,arXiv:2304.12244,citation
5a5f74204ed577bd52e0b1158ee5ab1153958c24,arXiv:2304.12244,citation
eebf5c6a5102ea7a782dc57aea5539da603e1f2f,arXiv:2304.12244,citation
f0c5af8d484a38195cd333d3e11e26e93178d46c,arXiv:2304.12244,citation
6887a2513182a1b7376a8aece2e38cae23c26970,arXiv:2304.12244,citation
526eb6b44a1c85866eb56c696952b4ec39ee408e,arXiv:2304.12244,citation
acedc44bc1172da6e20b33296078a212a2df6d82,arXiv:2304.12244,citation
ab4a170aa096756a0db3ae035bc05dd969d3c829,arXiv:2304.12244,citation
30e33e9ec257a60d8f095a285f31c702511db04a,arXiv:2304.12244,citation
3300f5ba1da9fd64d6a09909005d53ce02c52642,arXiv:2304.12244,citation
13065291b871cade87cd3a0a793729cbc57e69ec,arXiv:2304.12244,citation
ff6c450f2ddb60778ea36975560ad956f63caf24,arXiv:2304.12244,citation
a77ae51a2a90828b9c14a53023bc6556c2093c7b,arXiv:2304.12244,citation
706df56fae88f3a6e6d3220b62c7ee621c861a03,arXiv:2304.12244,citation
008092c741dd2c78a62940373038e1e5c5a6089e,arXiv:2304.12244,citation
22386388e46a1ddd5ed4dff5255055e5a0ef49c8,arXiv:2304.12244,citation
8fdee21732bb55f36ef12bd4e92bbc17bea22255,arXiv:2304.12244,citation
78b502c3f6f404d623ead6cd12759b839d80c320,arXiv:2304.12244,citation
1ebb73f0a763fcc407d793a62513bbcdab84e9a6,arXiv:2304.12244,citation
b59182a6bd936424b02ca8dd548f058dac9af9b2,arXiv:2304.12244,citation
cd4b6fbbec2395a2d1b04d84c13282c2772b15aa,arXiv:2304.12244,citation
8c471d5d265c14a8712d3621903aed5ca2f48442,arXiv:2304.12244,citation
7e05833d34eb3dd9a3a4d8eff8a83dfcef2f1804,arXiv:2304.12244,citation
dd49f09ec1d263a4be1587af9f717c167b123018,arXiv:2304.12244,citation
51f0c3b06861c79fbb283022df109818ce4ebe51,arXiv:2304.12244,citation
99b34dcd5f8a577bf69b1f1e75eb3cf0c529a287,arXiv:2304.12244,citation
2d7776390b61ef860cd51136e41380bcce017825,arXiv:2304.12244,citation
a392c7ff653068c3ce2daec638a657d047debe45,arXiv:2304.12244,citation
e768b0f708d53f25ea6872c0ecc369afb62ae544,arXiv:2304.12244,citation
e473884a5192194a192aeda660ac7a35f01d19e8,arXiv:2304.12244,citation
f1ebf631f9f71afe936a7f1e9da1d0b2556fbc6b,arXiv:2304.12244,citation
bb58d09f0913ecf52d422a21b1d0e4a282a9ee68,arXiv:2304.12244,citation
53af27d243e2d2f83b6a203ca3ab6f6ddf96a60e,arXiv:2304.12244,citation
ed265d8ee817ad7631ab1157429ec16399e6a855,arXiv:2304.12244,citation
c6f21c64c08295e595c82602c37f0bcac96d3907,arXiv:2304.12244,citation
f5648f90f08e9a3beccd5f7efc6ebfd0f72f6bd1,arXiv:2304.12244,citation
fcc406dcbf883770e22b78ac8ebfa4a24c1536bd,arXiv:2304.12244,citation
1be8539eb935e70a8b7195af545a44367f162905,arXiv:2304.12244,citation
c8c9002af1d90e9dafa3d07e9edf0d883ec45472,arXiv:2304.12244,citation
e728752799ade4cdcc05338b6b84541385eee470,arXiv:2304.12244,citation
6049081b1422e160c82b1e255c4315aaec94a740,arXiv:2304.12244,citation
58c20e2549d4f645f511902bb8d0a7366a43a160,arXiv:2304.12244,citation
427a8b983c3b2e9a9111a1d88173eba5c5bfd7b6,arXiv:2304.12244,citation
242c76a916f83a6e7ec368c76c0c546d69cefc00,arXiv:2304.12244,citation
20be3ba3f361d9630cc0c17442a0d0132873e63d,arXiv:2304.12244,citation
c8e1dc10f302fb5cd748672d5d10d95a27c3bd0b,arXiv:2304.12244,citation
0291e9bf06c80904c26ebb3d4d8e2d981483b715,arXiv:2304.12244,citation
ad1986615effd5bf14ff23864974ceb021bbc41f,arXiv:2304.12244,citation
ba6c8d0179c8979436981716846cb2c8da3c8f68,arXiv:2304.12244,citation
46c3dfaf6f665162c44a31b5a4217028c83af737,arXiv:2304.12244,citation
3f37462afde6c573d78abfc5da73c93ec0998713,arXiv:2304.12244,citation
2057869daa0b3f88b2b4ee3e7b5413d880357f35,arXiv:2304.12244,citation
dc47abf03e644afa0bdc834bab11018d3804e3c8,arXiv:2304.12244,citation
330fd503ef6924c6972813ca8dbc75d48973ec11,arXiv:2304.12244,citation
507c4ae9196d68e18ec448c80403801581d63447,arXiv:2304.12244,citation
1f6e4293a2ff7c1badd0d037fe142551d28cd996,arXiv:2304.12244,citation
4359793ae51594fbf18b7a84fe491d57fe9d576c,arXiv:2304.12244,citation
ac5d0faa5b07c884e21f423b8c4f22b3c1c3a01a,arXiv:2304.12244,citation
2cb79606ca33afc127b975009f5214276964cc17,arXiv:2304.12244,citation
eaa8e175c0234f4fa33f12e2d1fca05ef817d5cb,arXiv:2304.12244,citation
7ff72d93d36e96c35a2b13485450216f8585b861,arXiv:2304.12244,citation
abaaa617151b99f2febf94d1aa2ec9fc6aa65f5b,arXiv:2304.12244,citation
809911e5238a84a8f8a9d96d6be2879c198edfde,arXiv:2304.12244,citation
49f6ccf5e21cca944b1741154705f186adc9e12b,arXiv:2304.12244,citation
2c4f702a4bbb733e1abfb722c5c74fa15aa85ee5,arXiv:2304.12244,citation
034884ecdb9c55d2fc2e441c4a96b2b73a5b4757,arXiv:2304.12244,citation
6f8d26bef8ac26f747a8bd9919109798f61eb0ed,arXiv:2304.12244,citation
0cdb58143dde0d4ad34226c5f384d2cd98df9ec7,arXiv:2304.12244,citation
70b3ae0480e795608ce0b2a4b555d002c5d6f4d7,arXiv:2304.12244,citation
9379d8b1df9c9a486e20f619ab4041593d983928,arXiv:2304.12244,citation
26944f7cc9c05dd99df5c7e86ee10c286824bc14,arXiv:2304.12244,citation
22b45a6e2e9f9ddc1c6458596e78d4085fe44342,arXiv:2304.12244,citation
1a2548ae8e8b47951d4da56488980e4ee90f7b08,arXiv:2304.12244,citation
f03035398844d112f8689c9e1aebc882faa418a4,arXiv:2304.12244,citation
4dd076464992f012580fc83fd89dcf2bd83c9490,arXiv:2304.12244,citation
11e3007bb19dbf331b5e44f1b5e1f7ab95056c07,arXiv:2304.12244,citation
535afc8aa44f9b8686610c8a664168f9b2d58fb5,arXiv:2304.12244,citation
9ee9d8ca43fe003e6fecc2af9829747ec6d00c2f,arXiv:2304.12244,citation
a06237d612ae0d53c0c591620c238bd8c2a46158,arXiv:2304.12244,citation
8444b6982b5fa799e016e20f833594bb2f9ab12e,arXiv:2304.12244,citation
40f2b2fcefd912369d3d4f6a67f2bee6ad5c5b92,arXiv:2304.12244,citation
9a9253e1a8e5b22800d8a17b5b10c25306dd009c,arXiv:2304.12244,citation
2f5ed86600054c40ca7eb9709b80664d92de4784,arXiv:2304.12244,citation
acb8ef3ddf25a1240c43d50ae0c5ddd0db802329,arXiv:2304.12244,citation
163f887737189dc60640b2a57aa56c1c4d2fe75f,arXiv:2304.12244,citation
202f3a1341a9e614c2611de4809dd12fe7850f36,arXiv:2304.12244,citation
2a88c2b6a7d838f5635e707070440353b8980b33,arXiv:2304.12244,citation
15617761321cc2507636f830f3ad5948b0fedae5,arXiv:2304.12244,citation
18963eb0956c3491cf282a72d9159161bd215156,arXiv:2304.12244,citation
5b7cc3c440147f13f032570213eab40eca8d70c1,arXiv:2304.12244,citation
384f91e20bd3516b35e564c7f9b43ddd46656b86,arXiv:2304.12244,citation
8ac4090cc9f95d5c6c858bcd46ca2dc322311ac7,arXiv:2304.12244,citation
5ba7f682630a004835bb3e4d868f522a9adf83d1,arXiv:2304.12244,citation
ee52a820e35cf5095e681ccf8ca8eea978d336ad,arXiv:2304.12244,citation
3d5462cb9ce4654bd2b33e567401893ce0c1316e,arXiv:2304.12244,citation
a8489211b2fc9065b8e1ce62b6ec3815a32493e0,arXiv:2304.12244,citation
98c703db23d27376f9987f7e8f0fd41baf25f5c4,arXiv:2304.12244,citation
11159e03ed50d72cd84f7949b09bf87b6d717c1a,arXiv:2304.12244,citation
c5aa6a57dd59543edacb785905b79e0481c27c24,arXiv:2304.12244,citation
61aa225f9ac05650e7d9d878722e18c0704b6063,arXiv:2304.12244,citation
965277f2896600d543ae1209c6f1c83f5d3f3043,arXiv:2304.12244,citation
ddd7a0eb870049521787394ac4f3498bb794b2c3,arXiv:2304.12244,citation
1dc914b7dcc157944018cdbd953ba1fbdd0fc52d,arXiv:2304.12244,citation
a649db6921c327b75df38d4b81e9c8b4173fb175,arXiv:2304.12244,citation
0907d616383b18ff4a9973ce012b97ea51c9e7ab,arXiv:2304.12244,citation
583eb562bd5f210b305154b2235d668d3949a195,arXiv:2304.12244,citation
dc3b69ed88f62d1a95c25f8cbd01d144b00312f2,arXiv:2304.12244,citation
af3648fdec8b22f69f35714811f20a4c34997892,arXiv:2304.12244,citation
ffeb4c933b81f06724379603e69e1b8f9cfbdb64,arXiv:2304.12244,citation
d981b07ea7cc09cfef20cb28dc2d2639fff9604f,arXiv:2304.12244,citation
5bb74befb93e69bc59683ac572f12e48d9cf9846,arXiv:2304.12244,citation
cab3d65b3f4d0a4169d0fdaaed15af6be1d6bb84,arXiv:2304.12244,citation
5119a96013a10d5308f966dabe67304c703698c6,arXiv:2304.12244,citation
f77ee02d220bd045bc83732ce6c10a9d1a54fb62,arXiv:2304.12244,citation
c6dd31c40836d616b50feab17aff569591c4262e,arXiv:2304.12244,citation
7297e52a26eb3fe93cf2be62d55f6026a5006121,arXiv:2304.12244,citation
0edc2883c836aad28e559d4a4ceff805dbe808bb,arXiv:2304.12244,citation
1e56e3956a86b57d351c305d391cdb65a10c67bb,arXiv:2304.12244,citation
71303f1c03a56694d983b1c0230b432714243ba2,arXiv:2304.12244,citation
49349271983686f6b43a6b963f0d8191ae062896,arXiv:2304.12244,citation
235e891e6bbf510c8c470cd91aaba5fb16dc742e,arXiv:2304.12244,citation
c00c67bb564f8f4e9912439f2283da691a16541e,arXiv:2304.12244,citation
2b3ad2fdd9d2013119232ee49e6d21eb08474b74,arXiv:2304.12244,citation
46c780bd4b4349359c7b4b3aeeeaee9d2f9c7128,arXiv:2304.12244,citation
3072ad4982cd916606ac88ea1883d4d725c4eda4,arXiv:2304.12244,citation
b2145d032360697b95631bfdb8bd694607fab2b5,arXiv:2304.12244,citation
0a843b9c0536bb94479949cf802c06b5a382c316,arXiv:2304.12244,citation
a5258c6939a412daa381144442e7ab019da18a27,arXiv:2304.12244,citation
83cd74cb7d525cf387bba7b02ebdf9ab30093c68,arXiv:2304.12244,citation
c8b18682965ff9dccc0130dab3d679f78cefa617,arXiv:2304.12244,citation
be9033d9b03e230e016d17c2e15754d27af2c436,arXiv:2304.12244,citation
4a05e9e32bfcb911e2fe0cbf5d5e61cece3e6163,arXiv:2304.12244,citation
1c941518f9eb023aae102f83c3e3d9fed2d238f1,arXiv:2304.12244,citation
f17945bb329439dc01e4aeacc6864fd1596698cc,arXiv:2304.12244,citation
42fd7750403a2802a981d8da3ac27f7bb31f1592,arXiv:2304.12244,citation
04503eb8c96d1978171803cf3bb54273f6ad9a19,arXiv:2304.12244,citation
268713f2e2c208319b997a083aaa2ef0015ba6bf,arXiv:2304.12244,citation
f8ff20a083234ae5e8b560babb97a0bb771bec25,arXiv:2304.12244,citation
7b5ad79c9339e5b823277d403d648948c0cc23cd,arXiv:2304.12244,citation
108ba828c42b22de5ee1a10eb6e44cc58a5cfb6c,arXiv:2304.12244,citation
1371a9170f802d56c60940693ddeab60b71d08bb,arXiv:2304.12244,citation
fd59c78825ae11c117b57e08e8003250343362a3,arXiv:2304.12244,citation
e20bb8741b6c9ef2119056ea05df389b2d173ab4,arXiv:2304.12244,citation
9619cb4055ad8777cf5323b27de7a197beabb858,arXiv:2304.12244,citation
537a571ec39a4b8739816e88fb9b1b5f8ef4aed4,arXiv:2304.12244,citation
5795319850a8a4bf469dbfe432d56e3a02b2b5b0,arXiv:2304.12244,citation
ca6e4f2be5d595623298d62682504571d8882b5d,arXiv:2304.12244,citation
9f5b8d5310a2bafad2838dcf91c88a02b0aca106,arXiv:2304.12244,citation
8055de58a5b58ac180576756a7703a930dac92c9,arXiv:2304.12244,citation
a3cf86e7603e374f8488e841973d4f0ddc2223f5,arXiv:2304.12244,citation
2bbc0f8ff058227d693f680d64f9736ae7a19f23,arXiv:2304.12244,citation
a0a463a43771abdc99471e1f0d823293ae89d59e,arXiv:2304.12244,citation
4aca2c5186e9a97a8ac917e9e4a159c2a3a0a0da,arXiv:2304.12244,citation
08b790aa8ec96ab5b57a865ec9d7f2e7a599069e,arXiv:2304.12244,citation
323849c020407861bafa48fb8b6f3e208cd25111,arXiv:2304.12244,citation
1b3c238870c810b6f2301cba1c702318776c4f69,arXiv:2304.12244,citation
3c9cb3004ea53d74b85bbb40bb2c4148979880ad,arXiv:2304.12244,citation
efc50d7ee5bcd8039ba5d686d7d943be3ff199b0,arXiv:2304.12244,citation
2dab06fc6e65d0333aa1bd07de0301c2ea3738e9,arXiv:2304.12244,citation
097f407d01be7ecaf166f43008be1af003e47eff,arXiv:2304.12244,citation
6e9736a35020a91c3639269a1b281257cdbce9cb,arXiv:2304.12244,citation
d92a423e09804595c8a2e241f890f5a24d326bb5,arXiv:2304.12244,citation
512a5c307fdab29112a0f4af5c94a3436632eda1,arXiv:2304.12244,citation
1e53e98e8709748a6385137d8f240787c12fcfd4,arXiv:2304.12244,citation
a9a67aa9fdbd037889dc8aff1cc992625d7e6990,arXiv:2304.12244,citation
2295507e7d2a101196396f7c1ef245a7ef4072b1,arXiv:2304.12244,citation
5c118e57b5398224ca4401c902cda33da7d29ec3,arXiv:2304.12244,citation
69f6de04d1dc37634dadfc5147d9b43cee3c7ee3,arXiv:2304.12244,citation
31ac7cb4be50bd1fa524f585b64ae07b73a8cfeb,arXiv:2304.12244,citation
779c031fc347bb278a610673e8dc41406d3f7fa0,arXiv:2304.12244,citation
f7ab7dce6d60b6495dac2680e1ff8b484e38800b,arXiv:2304.12244,citation
a40f6cda4b576ed01d4f631ba9cd3c8ffe427965,arXiv:2304.12244,citation
1885369d494c0d51aa785665ae266d9380804bc4,arXiv:2304.12244,citation
7d09c6c8ef1e1c0c447cb8910c27a7acf1dd96af,arXiv:2304.12244,citation
47cda129fc742647739591351fb3f40676018cf6,arXiv:2304.12244,citation
ad5c359094dbfb68b1e09b22e2be3ce6dac33e3d,arXiv:2304.12244,citation
4915538917afdfebbdc97132b6a430497db4fc54,arXiv:2304.12244,citation
1479933ac1c165a1be48d466844a0b7d7215598c,arXiv:2304.12244,citation
e67a84e7301d91155989e4f3bef004f424eceb5d,arXiv:2304.12244,citation
00d4fea24baae6ac9a77ca2b0744f466b268e780,arXiv:2304.12244,citation
1b2e2a355916f61eea1f30fba1135509950118ba,arXiv:2304.12244,citation
c8a93db7e0d56adbc18217de5138fe0bde570c01,arXiv:2304.12244,citation
ce9c85b3103619669cc7220e5a081f2393e0318a,arXiv:2304.12244,citation
6c17de3e719c0f4d1df6a16f770c2a9a5f18206f,arXiv:2304.12244,citation
82067a6f837033d1a9064d482a62b842f6b41ea1,arXiv:2304.12244,citation
1544f956492b613b47efd9ac79c3987df373fb81,arXiv:2304.12244,citation
043aa8e8b4768e2b36c5097141b88a6ad2b591b7,arXiv:2304.12244,citation
4111767ade19b94f5811b535cc66a0a55f9d8901,arXiv:2304.12244,citation
f9fc7b5ebd5fe30257abb03ad87d8138eeeb28d9,arXiv:2304.12244,citation
47c447d9f350eef8d51bc13460ccd241a4c13c79,arXiv:2304.12244,citation
49873ee415619efd9e1e4c16f73ee066ff008c1f,arXiv:2304.12244,citation
d862aae89c364eb97442372979a0d185e95ae3bb,arXiv:2304.12244,citation
8ec57d7830c55261a18851471cb60d09f393a12d,arXiv:2304.12244,citation
1e631d2570228d5a0b5d5929e15fc588e1db09cd,arXiv:2304.12244,citation
0dfd1770d51e1f34e3c7423290d14da47c049641,arXiv:2304.12244,citation
6c00f661c46391642208a5292f38b5a9e0e09cae,arXiv:2304.12244,citation
a5ed7a04640b11374871ccd6f6498bbc25aa8239,arXiv:2304.12244,citation
ee4014497ccf2f65d6e05d3956b0e6b0c7369bae,arXiv:2304.12244,citation
c00c3fd40e4ab89faa14c0d2d34e0ea5de8e3608,arXiv:2304.12244,citation
a6b624ada5db7bfc7e074eff35e246c08a940576,arXiv:2304.12244,citation
f6dcdc1ec9f0103bf28cb84fd9b704cc1d042fe9,arXiv:2304.12244,citation
b30e8ef07654aa5f52ad26f6fbb1fa5ba7f9573f,arXiv:2304.12244,citation
746b96ee17e329f1085a047116c05e12eaa3925a,arXiv:2304.12244,citation
f034495786aa96980b4b3eca0b877cf6e3ffcb83,arXiv:2304.12244,citation
345b973239dc12c1c3cffa9a5fb0d39f7e736d30,arXiv:2304.12244,citation
300536a2464da34d7527d7f7ba299b2cf7111f26,arXiv:2304.12244,citation
8e6124739e03c9d7ea4903de00c3370d2f1a8387,arXiv:2304.12244,citation
c113d96c532c11eca026f50e80541eafb112e35f,arXiv:2304.12244,citation
a2c59567ceff5debe2cea463162d7beb5a4abfec,arXiv:2304.12244,citation
ffc6c18e9c89e9a20a31d6c351499bc408c9b85a,arXiv:2304.12244,citation
3f9a4f5c1a462bbf113282b35ed3791f48606fac,arXiv:2304.12244,citation
7c8851cce662351c49da94fa4512e2a6d2c1ace0,arXiv:2304.12244,citation
c9e4af8b55db19f9bc9359806ca9283053366fe5,arXiv:2304.12244,citation
2f97fe9ce214394151536118b6e1f0bdd3b190ee,arXiv:2304.12244,citation
86f2f055218b9a8b1ab867bf3889f87b16da73f4,arXiv:2304.12244,citation
f1ac5ef8fda205f6014034fe62c13145fe7cd692,arXiv:2304.12244,citation
4e2f99a2ad6660825a8b3cac03eb47dec2c06a1b,arXiv:2304.12244,citation
2d1adda7a9b0596d8b470c065da5a6528b364a7f,arXiv:2304.12244,citation
76b65c248677314865a110424542c220886dbb67,arXiv:2304.12244,citation
a2ca6f085007d0dceafbc09c2df24e70e771eac5,arXiv:2304.12244,citation
0a7aad85e06dd46ce96bf0e0d20979678b5d4cd3,arXiv:2304.12244,citation
e35e304fd28db3c74295fbc905e7f28f845da91a,arXiv:2304.12244,citation
fa6618681476b6bec51b4233ab83658f1f9a6db7,arXiv:2304.12244,citation
d06e65f74715e071678bf8ccdcf9d52004a10280,arXiv:2304.12244,citation
9e19a6a6586116b0b5363c197c3c37f864549967,arXiv:2304.12244,citation
c108a2fa4bd74178e72d2dff135fecb815dad299,arXiv:2304.12244,citation
92feca3498d2a048ffed1b018e083d6cdf1cf80f,arXiv:2304.12244,citation
9f6ef7c2731658d1eb3eee2b26c2886c8dc632b7,arXiv:2304.12244,citation
68e4b134021dff43b168f556711e7573636e994d,arXiv:2304.12244,citation
363064388aeef51f916131e87916a48054435cb5,arXiv:2304.12244,citation
23b608d50413862fe82ca371d919da18c77ec0ef,arXiv:2304.12244,citation
7d35cf27e99c3df9ecad8d7c177b67d38a367cd3,arXiv:2304.12244,citation
a0b07f40de7b307dfc40e5c569af0d14d4160e8e,arXiv:2304.12244,citation
c0b454e0a6aa51ff3ba56778787d0c43932ef6ba,arXiv:2304.12244,citation
8f59a500678a4c282956b0affaa2afee1cc9b2f0,arXiv:2304.12244,citation
f0a41714b6dbd6cbb26eaf04b92f8c9b704f57fd,arXiv:2304.12244,citation
2f7361894305c1959549311d4475e94a124f4a1f,arXiv:2304.12244,citation
a915b3b2d0fdfefbf038a8746ceaf001859f3431,arXiv:2304.12244,citation
5678a1ee9d5542785115555b856e51a1dd9eb0e9,arXiv:2304.12244,citation
c8eee9766f0968e8f1b1be0731bc70b85be0ac97,arXiv:2304.12244,citation
6c5e9961b6c7139ed33a9bc6775f72e497129534,arXiv:2304.12244,citation
3f75c088b44be491fa1060a0eb3064f61dfe70c3,arXiv:2304.12244,citation
3c476acabd21dae0ae154cb77c6cdb96c6b6496b,arXiv:2304.12244,citation
59a48bf399484a2e5b28c1f1168639acc8cf3412,arXiv:2304.12244,citation
46a41357eadac1459c81588136c5c053abfeefe4,arXiv:2304.12244,citation
ca757b42595d40dd0683d508e2485e030bc4eb54,arXiv:2304.12244,citation
56a4fb8bf5bac348e2efd5f8628d52a409102100,arXiv:2304.12244,citation
554b5514ebb83efe98e0c32a3d9fd661be9bc613,arXiv:2304.12244,citation
6fe7e6ce3cc0ebd038caa456d73fd7472e7d6c38,arXiv:2304.12244,citation
dd334c161aad0e459e8980b362f9a3c7fd6ae51f,arXiv:2304.12244,citation
030b888709dc14ccd6f6b8151757066e9c33dc7f,arXiv:2304.12244,citation
db5516b3fa82ed1f63cc951a5f99578332ad37b9,arXiv:2304.12244,citation
5ec2aa6c84e4b7ee51c6cc3e4cd74ed3b21c2df1,arXiv:2304.12244,citation
2403ca4ff39727bb1c922891d0320c07004bc17e,arXiv:2304.12244,citation
12ecb85d1a201ec5cda64024f22e91d6853ad212,arXiv:2304.12244,citation
7b00cb1fe1773f964d123dab6d4812c7bc63de06,arXiv:2304.12244,citation
62863fbcff6bc411bd83dc50d3e1bcbe72f651ef,arXiv:2304.12244,citation
02ac355296f001a010b1db115d909c052767ccb3,arXiv:2304.12244,citation
a23599aef366be9492e924a2861dc381fed048af,arXiv:2304.12244,citation
3c7da712ed58b8e5223577a3ea734171cdc3cb30,arXiv:2304.12244,citation
72c73d5fdf1e67a566cd534336d76b754bafdebd,arXiv:2304.12244,citation
6f3ab8f21e7ed9560f6dd3d5fb9a8923beb16aa3,arXiv:2304.12244,citation
02377b6fa91ae7de8d06314c7bbe205cf84a05de,arXiv:2304.12244,citation
135da052891fdcf3842901b6b7585ca8c258f1c2,arXiv:2304.12244,citation
a4fe9129afaf2ce1876057d0f33314a82a6731a4,arXiv:2304.12244,citation
1df72f625cef4a4a3b60d926890f8382b1b958fb,arXiv:2304.12244,citation
1ff5422e92e9691b67440842d4d601e388e99f9b,arXiv:2304.12244,citation
efe9bda2508339efae46febf6168b44773c9f5cb,arXiv:2304.12244,citation
b0393c805483deea3e094466d49f0a73a1270275,arXiv:2304.12244,citation
0ee5fd7f997c49c540835e4db18b34acf7a9a4cf,arXiv:2304.12244,citation
b23cf88fd5a99ae68618a3b64d3cd3b3c0c6a65f,arXiv:2304.12244,citation
7101f275fc7afc4b0a29a0d3734ddaef2987d94b,arXiv:2304.12244,citation
9ccaeea2c76a9072ccebf3eea3438d2ce18f5723,arXiv:2304.12244,citation
433b22bdb9eb7b87afd3f6e77f643c3413ef33f9,arXiv:2304.12244,citation
bb991838e419a3cdd8617bb6384a95f0360113a4,arXiv:2304.12244,citation
c72edf78bd0992f2c09f6f65c344b823bcd5806a,arXiv:2304.12244,citation
2ad5e1e36563882b7acc5df0a1d703a8c42dc5be,arXiv:2304.12244,citation
4e61fa433eb1a905309f5955a75235e74f7eb6b2,arXiv:2304.12244,citation
c4d43fe1b7e44c5e9929d6edf7bd11de4e6d293a,arXiv:2304.12244,citation
8a9d70cd7923d0fb79360890ab96c47c8107c4e2,arXiv:2304.12244,citation
da3c41164c7502709cca508710127336e138621e,arXiv:2304.12244,citation
d496eced38a50d5f1e0926d9e6dac71ccfab0bb3,arXiv:2304.12244,citation
07038b2d2da9f1785a1e8e260a75c8215bd36ac7,arXiv:2304.12244,citation
6810ac40c7c36249ef3f988ef803ea8540419f39,arXiv:2304.12244,citation
94db8a625418800c8ae7b48157a9cad1c8129051,arXiv:2304.12244,citation
a7d047dd9f41d5f3e7eaa39e5ba8c97cccc7276d,arXiv:2304.12244,citation
602f041b7ba9f1bc0bd30d9f26c8227026e812be,arXiv:2304.12244,citation
77744ab3d5d7570bdc2a63f17eaf3e6a1b50a1b3,arXiv:2304.12244,citation
9988a412f879731cb67e536663b8ceeb273f5c34,arXiv:2304.12244,citation
c3f079f9f59f255e032a1239aea02a2affe93be8,arXiv:2304.12244,citation
042ceb6be64a0b9a40bdbf7c96fe4dd7fabd93eb,arXiv:2304.12244,citation
d9bde53b440a86a754b7212b024757e139ad39cf,arXiv:2304.12244,citation
b93ac10de176c4a7aaa2cc652b90bb25636532cd,arXiv:2304.12244,citation
7cebf3afab09d990a2322ea053d0de96f31f2971,arXiv:2304.12244,citation
f6b9ccd7533b58e14d284191f1a576b0c764b3d5,arXiv:2304.12244,citation
8a0414576973c122f72b09a25ba88d494cc7e36e,arXiv:2304.12244,citation
50caaa898eb3605a58a550c7aebacdc1cff3b6da,arXiv:2304.12244,citation
a1714677252a39d1835824efb185beb0113ca189,arXiv:2304.12244,citation
cacd57ad4eada225ae7c436fe726ac5549a6f926,arXiv:2304.12244,citation
87333df290f936a771e6e5dd4f5ed2c174d6fd28,arXiv:2304.12244,citation
08436b3ddafd2edc798753ebc87f6ceffed6e8df,arXiv:2304.12244,citation
a4e3fcc394193737d9925fb74ddb520fa6045a6d,arXiv:2304.12244,citation
8c95d8c8e34bf4cd778384fa49feaef54514cb9e,arXiv:2304.12244,citation
3dd564a7500861162904c6875a102118891a03f9,arXiv:2304.12244,citation
a5805cca2c24c9125795c10daa87671cd5609972,arXiv:2304.12244,citation
e12aec7435bd348ec4357faae7d7ccb8d83d954d,arXiv:2304.12244,citation
ee85c7c666135f4aae32336968f09584029b6a35,arXiv:2304.12244,citation
a3d749bc119f5c8425779e4e72e650720db2fe4b,arXiv:2304.12244,citation
46a294a1ddc43517a9ad11d05da7af1e93e91a39,arXiv:2304.12244,citation
79d86f01b5c9ec2725adc35290f38554cfb1cb08,arXiv:2304.12244,citation
a36b13d1088b958fd44859ddb90009674991bd92,arXiv:2304.12244,citation
1b95053af03b5a06809a4967c6cf5ca137bbcde4,arXiv:2304.12244,citation
2296629527ebbd6f8c897df7cf5cdbac3f0cc15b,arXiv:2304.12244,citation
42ee90ce864f1cb2a865f554fc3c6531d0ea34d3,arXiv:2304.12244,citation
f395f022548d1d1f11e231f42d4852dbff5e9376,arXiv:2304.12244,citation
7147a7ccbac8add23010c5fcc25137e754afb3ce,arXiv:2304.12244,citation
88cd6e0f7c2f1fe2bd4796a6729447d60bfeffc9,arXiv:2304.12244,citation
2565b1ae47fb8e47017bee18ef1c602d6e1f4e44,arXiv:2304.12244,citation
e9640cd4bdb0fa93a94151ec00259909b5e88d6d,arXiv:2304.12244,citation
b88b25aba67d7a391eb480563fbfd5b4a6625444,arXiv:2304.12244,citation
4372100e5f676b0a2db93a97b6b1e45ae593b75e,arXiv:2304.12244,citation
95898b1f82cf7ad7d96fcc85b4def7f086325af5,arXiv:2304.12244,citation
8cd49ba8d962fffd624ce25d259265f38082be4d,arXiv:2304.12244,citation
8e4fff506c2ce70eeb770a63848209e351a39033,arXiv:2304.12244,citation
184bfcbed3fb8dadffef665412f373cebd42ede5,arXiv:2304.12244,citation
acbce5ebf3f254188d10f6ba7de1ba716db89774,arXiv:2304.12244,citation
08e84c939b88fc50aaa74ef76e202e61a1ad940b,arXiv:2304.12244,citation
15ec731c626f7e2c2025db5c7ed0555daf7e0c79,arXiv:2304.12244,citation
e9aec062906c7fb16e540dc9fb7ed2cbcf129407,arXiv:2304.12244,citation
13dc9eb9cf36c5bb287671a41cb31b7de2a4cee7,arXiv:2304.12244,citation
ac45bbf9940512d9d686cf8cd3a95969bc313570,arXiv:2304.12244,citation
a88d5fb82358d19d0daed7d35d49f03ea6796b57,arXiv:2304.12244,citation
c65ae14538682aa5a572e5b64e2b0d478af4ac28,arXiv:2304.12244,citation
eff9d7ed06f30f121d30ee13802a11f172ef66f4,arXiv:2304.12244,citation
217c8dad8f8a6ddce907a947bf06d6f8fbb1c035,arXiv:2304.12244,citation
16daf858baef5ff2a698596bf26999a618fa521e,arXiv:2304.12244,citation
6d9d552af11f333b56158b4c4a3ccc236820eca1,arXiv:2304.12244,citation
4a776e757e46c0c41020cb15e574a62aceb20cf5,arXiv:2304.12244,citation
8c1243e089621d09025e1e51e8e01cb2cb20eabf,arXiv:2304.12244,citation
fcee1c19e12f3b7e3595aeba702416d055bdbc3f,arXiv:2304.12244,citation
94c40f141e1948428f119aaf96d351a41093c60b,arXiv:2304.12244,citation
478f71f1cd9bad0435560544a9dce7ca49d97766,arXiv:2304.12244,citation
fa21931a9b23a7f0b7c4975a661d9ccc8e84d059,arXiv:2304.12244,citation
6514abaf6bdd1c31ac5dc4ad40760ff8422c6a4e,arXiv:2304.12244,citation
6289df32d25f73e7b4a71759a3d23b4444338131,arXiv:2304.12244,citation
09d4808857397bc858c6cb6fc46989a9776819c0,arXiv:2304.12244,citation
c1474dc03848cb26d118bc37c26636d7082c3854,arXiv:2304.12244,citation
76030473be6a8495125d6c2ab58446617048d36f,arXiv:2304.12244,citation
65497726b8338492fe41da4fd34da0da31775b92,arXiv:2304.12244,citation
38d2f3ea8fc0736a2058d3b1a12daf325ec3f457,arXiv:2304.12244,citation
59084df7203c6be33838ba3e3854eb9bda053ed2,arXiv:2304.12244,citation
7ed27977b0ba1264ea5d6e68be391a841dc97f90,arXiv:2304.12244,citation
1edc9a2b5210e23d5ceccc5cc1b5848dbb4ceab4,arXiv:2304.12244,citation
1b387e3fbec0447c8bf2dcee21f6db59cdddf698,arXiv:2304.12244,citation
f2e78a574925486d1f13440f55688bcffde80101,arXiv:2304.12244,citation
c3d1832ed0444f75d44116fabbdda891aebc4b01,arXiv:2304.12244,citation
a2e128be33b85f8f91515e205bf0237ecc0546cc,arXiv:2304.12244,citation
d98aa44f79fe798ad5ff0cac6e7bf32ee30bd156,arXiv:2304.12244,citation
5272acad9e4201e93dabe3fd99bd7ead9b1a544d,arXiv:2304.12244,citation
48da863032925a94c61dd87c8b984d32e98b9707,arXiv:2304.12244,citation
fee61c03fd5ad4a8d8bcdec5bcdfacfe25b361d9,arXiv:2304.12244,citation
aa8d1e2432cd3f8634268e80efc18511e6a36150,arXiv:2304.12244,citation
718eeca371e1f533614f8b530a40cfdfcab9c330,arXiv:2304.12244,citation
41113411e1748a34bb80f12c761b7af1ed6dbb90,arXiv:2304.12244,citation
61672e29c47e73cc317425c2842fedba0a52438a,arXiv:2304.12244,citation
90d04e5f1cb6efb12e14e388730cf58666325edb,arXiv:2304.12244,citation
6d465be006615460d41060f9f5068d51fc1f46b1,arXiv:2304.12244,citation
d86a80f8a15cd66074449a4cbb1b9fc799dbf03b,arXiv:2304.12244,citation
caf60d1120c2d5a894098f01b51d2e2ad32301d7,arXiv:2304.12244,citation
34ad751c1e797975452c655e3912313044d1dd17,arXiv:2304.12244,citation
ec9414654469692d8f1de8e2401a3dcbc58ee11a,arXiv:2304.12244,citation
7a31971b0af439dec6fc484cca20df57f440b644,arXiv:2304.12244,citation
1f5b4e393a1e02ab49e5ca2e6819cc28841918a2,arXiv:2304.12244,citation
6cfbbf7604adda1df65932e3c4d157770a2df000,arXiv:2304.12244,citation
83d12fa58743015f8abe4097fb58088f2d13c7f0,arXiv:2304.12244,citation
cb2295766b2f8f35524f6a9f93ae39d948d50bd4,arXiv:2304.12244,citation
9266dc3c65334e36a12fef7e4b231091d346b8a4,arXiv:2304.12244,citation
6e8a92479981afec0610414d0501d8ef56c555dc,arXiv:2304.12244,citation
4ca4926ddf4056fe251de0ab9acd52febe62e02b,arXiv:2304.12244,citation
0c8e6a064f494578092d8ac600e7c51aad4eb097,arXiv:2304.12244,citation
a2b150e02306038389f5df683428f5a4659a468e,arXiv:2304.12244,citation
f68164bf402e311a510a741860e96ab4ea24aa9f,arXiv:2304.12244,citation
2f79b5eebe8f04566938d4d1eafbc885346f4f80,arXiv:2304.12244,citation
540e1195d8f40cb043bd123dfcab0f85c0a3981d,arXiv:2304.12244,citation
c094bdf2fcd49e851d6df4d303e0d6c416ee4659,arXiv:2304.12244,citation
2896edafc003e1be02b897c99ca0a8c864853c5d,arXiv:2304.12244,citation
017f1c28c7d4fb65c6fff7d3c2fff1687597e252,arXiv:2304.12244,citation
20a965316352e813b5cce13b35e537dbdcf30b9d,arXiv:2304.12244,citation
dba72e30edd31bc1567c6f64afccbc89130cb15f,arXiv:2304.12244,citation
dab4f70d75a04e62553e583f2450d9bb1f0ead46,arXiv:2304.12244,citation
4558188257c5041900c3fa086a7a069dde252e9f,arXiv:2304.12244,citation
936f7f0fa77efcd322805b93a8d74c48a4108290,arXiv:2304.12244,citation
012e24f7c4dc92f26b41cacca501c0d4355b02fd,arXiv:2304.12244,citation
e3f7ad05b1652c6ada78cffbe405bceb723bc70c,arXiv:2304.12244,citation
7421e62ce80274458f5ebfcc8714530cb1827469,arXiv:2304.12244,citation
e1b7f13051bec4a713c6226c177b63599d49e3e9,arXiv:2304.12244,citation
4e2a46a2d815dac0f9c7dc34fe08941c7f3c1f43,arXiv:2304.12244,citation
0fd454e62f76b9edcfa8baa43a7467368748483f,arXiv:2304.12244,citation
d034a77636c0b155eb3f752f161203f7891135cb,arXiv:2304.12244,citation
cec47ca89bab798cbdf8ea0b7d68bb4e5871dc69,arXiv:2304.12244,citation
37680e5cb6030e01f1a44a5abe2257972196ae26,arXiv:2304.12244,citation
3793e9bb830cb6961668e4c2fd33cd8d524c6308,arXiv:2304.12244,citation
54c9a97637822c9e1956b1ec70b0c9a0f2338d2c,arXiv:2304.12244,citation
520ec1b21db7aeda19a56325e7942655300bd06c,arXiv:2304.12244,citation
e27e891bf54a4f6f216bbcf345d149301257c9f4,arXiv:2304.12244,citation
490ce578176a5a1a7f8df013bd903df1cf88fe24,arXiv:2304.12244,citation
215de09ac6e5de81187c85065b5ace8bc01f2862,arXiv:2304.12244,citation
bf11f01929afed0ad3ccfe1b5e0fd34d90ef2b4f,arXiv:2304.12244,citation
422e4b666cbd4dd287a458b8b559cd2426a4f60d,arXiv:2304.12244,citation
9c60c766d65daa5554949fb3bce2df1ef58a5a16,arXiv:2304.12244,citation
0c26024316c823e326bed05fd1611de365c0ebb3,arXiv:2304.12244,citation
6233b5863f9a0e8bacce47ce21bc3e81c09497bd,arXiv:2304.12244,citation
57d0e672040800e8d882ff0022647c087095e35f,arXiv:2304.12244,citation
0c7f6e2d8b4feed05affb9a3e9b2591e19fe461e,arXiv:2304.12244,citation
91e8ce403704a38bee8a5df90d99979a796d1741,arXiv:2304.12244,citation
adff39f3972d349afec4bc7bcbc580b670a99097,arXiv:2304.12244,citation
82c69212dbf7df4acee404b5cd8d1f9a44387baa,arXiv:2304.12244,citation
227b5f8206b64858edeef6723b96af14133077e3,arXiv:2304.12244,citation
e51f20efb872d0ba99a8b501259948bbb2f6963f,arXiv:2304.12244,citation
ad13b213681b6f634bc83a264df246e83dd9a9d9,arXiv:2304.12244,citation
9fe24deb746583b41b287a2a9cdf4b85d75d5580,arXiv:2304.12244,citation
6974eeca4aa3e2fc904364ac7b3eca9cbdf9ca7c,arXiv:2304.12244,citation
33af85c1b2b9325e096a5b8ee36af8d957a45914,arXiv:2304.12244,citation
c4ef333deeeee9cc8cbf16a9e76bc4a60a43ae03,arXiv:2304.12244,citation
25483f55517bda8162cc9a8c34f4ddb2198d5193,arXiv:2304.12244,citation
0b3e7b5cbef627b1ceedceadc5f58787f432163b,arXiv:2304.12244,citation
40e8037ea711c90f43aa24ea089719fc35df578b,arXiv:2304.12244,citation
9b3a76d3a5f48080c31cd123f9d3899081d32577,arXiv:2304.12244,citation
439f1aacbcb32cba6da8f75bd9b15f7ea35e9d4d,arXiv:2304.12244,citation
98b607e7cb84e1a5c87c8a49562ae35435e6722d,arXiv:2304.12244,citation
90614ab3c5fc2ff3da6f31cbb2f51f5568774fa9,arXiv:2304.12244,citation
d96e228ce2e10d2215fa1d9833238bb1f2157656,arXiv:2304.12244,citation
696bc5ba0d023822bbee6b878a71ea2e4a4b0e5a,arXiv:2304.12244,citation
ce9a2bf60508bbf3a5729d294e51c6c689695bb5,arXiv:2304.12244,citation
0b246b581922ac7f6adaec562acc1483378c0f8f,arXiv:2304.12244,citation
1c091ddbd2acb70056c514317586ffec2d7d2fef,arXiv:2304.12244,citation
8e817e7c898a6a52f0abd5acfb9de9e313b13ccf,arXiv:2304.12244,citation
cdcf3f36866ef1e16eba26d57c2324362247ba84,arXiv:2304.12244,citation
da9134f694959b68027c33c8e998ffb3d41305da,arXiv:2304.12244,citation
670b4f3aebb1156f608880e26f710d3dc04fee51,arXiv:2304.12244,citation
15a2682ba1b479dea284062dd097a9a349a2eceb,arXiv:2304.12244,citation
706fc333fc951f48ea26169d88478b5e4c36e82c,arXiv:2304.12244,citation
5ee2d80a3b0e7b0a4c7d9418d7c3f2fee9b6011a,arXiv:2304.12244,citation
12aa2b1e9556c20752e37e8b18d0e396c0cea1c5,arXiv:2304.12244,citation
0aaf7a76507248d80f65b6a49e200d2370bcb2c9,arXiv:2304.12244,citation
62454a3694e2e52b8698458440612505a3f7404b,arXiv:2304.12244,citation
4d2e4436f2ecfad866000a545bbd65e516d8525f,arXiv:2304.12244,citation
19e3e729e7521c9c67b3c7b7481dbea65d8a4158,arXiv:2304.12244,citation
03289c2f797d93a8f056cb125dde071bf055a25a,arXiv:2304.12244,citation
6628f9ee35e36cdfdcac8a46cef4dba8d529a83b,arXiv:2304.12244,citation
a1cdae1444507912841305bc2fea2faa3b518f63,arXiv:2304.12244,citation
b535a71f03192b139ad8934d1fa075de6fdb796f,arXiv:2304.12244,citation
e21899907bc9f861b5997f67965a6b136285aad6,arXiv:2304.12244,citation
850d691e5f97001012fc323173635374d0a45ea9,arXiv:2304.12244,citation
23e5395b4c6249c2873666bff73e203821c14719,arXiv:2304.12244,citation
3b918b15178bcc84fd22af5094fe1efbcd388e72,arXiv:2304.12244,citation
c170d4c6c0f9a0d0f78d09dc78eaed51d8eb5376,arXiv:2304.12244,citation
6f217d984f36499d88ab8a3d89572171552e6f3f,arXiv:2304.12244,citation
085b560b00fde9792da6787c0497ade5a18abd07,arXiv:2304.12244,citation
34ca51ce10e8d1d6c950ba519329714a0184d004,arXiv:2304.12244,citation
608510b4a783c15aaccd0d6ced3262fe7e16963b,arXiv:2304.12244,citation
8147cec9245d34d13732a08e915c920a1a499bb5,arXiv:2304.12244,citation
5001630bcc65e8e0e621b19625629a2689724743,arXiv:2304.12244,citation
f05c288caeb9a14ef387e6867934ced3d2200259,arXiv:2304.12244,citation
c59b23ee87ba01942a7bab79728f85e66ba34ec7,arXiv:2304.12244,citation
5088a04d1a9f42b967f3dcf791145e8aa367fc54,arXiv:2304.12244,citation
1606ca3e8d4cc409df635e494dc34d678152480a,arXiv:2304.12244,citation
ddb815ed9e291b2cb0678bf0754895f253732aa9,arXiv:2304.12244,citation
ea47e244807df8aa8b61c64b411d7d121b66679f,arXiv:2304.12244,citation
84c03d0ec9dd00de3dc7ea7577ceefc9f093c564,arXiv:2304.12244,citation
67daf8c4fe1958d20ebdf95c2a36dd490c73836f,arXiv:2304.12244,citation
2392b6d3a5cad9e5cf349169eaeee848266adf6a,arXiv:2304.12244,citation
b29134737a0c81c13d31fc0263b3c4d4f05ccb78,arXiv:2304.12244,citation
22cc1f1f8663a1d609e1892db9af4414024e5af8,arXiv:2304.12244,citation
6f39442852656f8a9decc95854a2ed461b3a83ab,arXiv:2304.12244,citation
cddb552f6c3464a54a02b0b64b2d1af56c086606,arXiv:2304.12244,citation
957b601e2beefeaaf2e069e0130054051c8a7782,arXiv:2304.12244,citation
6a0f1a8a03baba3e54a1a2ef348a1b0c2b8dff4b,arXiv:2304.12244,citation
84b7c486c56bd3880cb8eb01de9ae90ba3ebdaed,arXiv:2304.12244,citation
ab90da70bf4671bb95d8e7ff97b2cce19768c579,arXiv:2304.12244,citation
3a0e65b8af17adfb0f5f6db2fc80ec908a776fbb,arXiv:2304.12244,citation
d6354e91d8dcf73bff50097b76a81de874f7bd7a,arXiv:2304.12244,citation
8079c263ae0f03a5fe30b9c8c0636cd837cd124e,arXiv:2304.12244,citation
4c8cc2383cec93bd9ea0758692f01b98a035215b,arXiv:2304.12244,citation
d25abd12a3453180900bd6194a6f30f6ed893f94,arXiv:2304.12244,citation
0ab00c549b8683baeae23fb6c85f26c7a9878de7,arXiv:2304.12244,citation
d238a9770d24d0725656ef6cf4789afebf2126e7,arXiv:2304.12244,citation
a173b47ee90fb18948d70126f4d40b5561b7d932,arXiv:2304.12244,citation
9486179c5ab6e0cff0ef919c34080a882bb9fe9f,arXiv:2304.12244,citation
ad44f2392df3c6f2c45d21fe1dbd8ec17003530d,arXiv:2304.12244,citation
d55ed10e6a77e8f0a2359eb92221915f56481843,arXiv:2304.12244,citation
5fc1a3a49e8f1d106118b69d1d6be3b6caa23da0,arXiv:2304.12244,citation
749d59f887c8ac83fd4f5178465e8b03e463358c,arXiv:2304.12244,citation
859d9e9c77ef556fc6257c2a395e9edfcac3b775,arXiv:2304.12244,citation
84a36e19f9394f22b34f79756fa9628a795e02ea,arXiv:2304.12244,citation
29f032fc875576b5c3c6b1c2d76af8639bacfb88,arXiv:2304.12244,citation
98b445c5cc76764c7032254a4371d29cdb79eb99,arXiv:2304.12244,citation
c96297261467b5daa2d01227496a70d444602434,arXiv:2304.12244,citation
1ecf2955a2f4f2039f36b0334e2c376a5c901d6c,arXiv:2304.12244,citation
aa638d5ffb01a84bed00d4c890da3cfcb386a8fa,arXiv:2304.12244,citation
b549adab842e48b037d8aca84336296f84a9fa81,arXiv:2304.12244,citation
62b4e06f5249d22e4a153ec4a2dc934c6a014372,arXiv:2304.12244,citation
ac72bc444514f1607c01b1f200b7490002badd8a,arXiv:2304.12244,citation
16c42a500bff0af731ee505aae23aa4d2937fc91,arXiv:2304.12244,citation
cbd81507197e2d32b6f6c8ac99039f3a607ee8f1,arXiv:2304.12244,citation
396305230ddcf915b19a19683a89e34d76321a33,arXiv:2304.12244,citation
cdca8d98fc23f99bec1e45c51abb89cf2c885f18,arXiv:2304.12244,citation
a3dd7d33dfaa9e02e43d92e900cba01f52d8c4b9,arXiv:2304.12244,citation
e5d0a261a8e224ab4ed9fada3e6cbb88429a0a9e,arXiv:2304.12244,citation
428fb2510330e6cc7b600b4ef3ccd074de0fad70,arXiv:2304.12244,citation
96a6f08b57ea33e10f0b59afc85589f9a6e18c44,arXiv:2304.12244,citation
f8a2dca1e8fe56e698984c077f7ff58d8ca867e9,arXiv:2304.12244,citation
d9d84f8b9e6bf4839f43ab865158d79a3b9bb1e9,arXiv:2304.12244,citation
f8afa4bd5b05f52ffa304f56aed7a5792a42ef1f,arXiv:2304.12244,citation
b118deb1e0715a5aeec11e399321501ba09ce2c4,arXiv:2304.12244,citation
b092ac4a0bcfec38eae7819e40fd8c9e97f4cc7f,arXiv:2304.12244,citation
b931b242f40a032b9ae7dae9d9fc10c6ab90695e,arXiv:2304.12244,citation
c01c7c1f903dfaa78812fb20a6cb2db25e4712e3,arXiv:2304.12244,citation
7b22ecd9f1ced58c1704ac6191e029b98054e330,arXiv:2304.12244,citation
8c71e49b619a941d6da7747e37221e8a4d567200,arXiv:2304.12244,citation
3b36d16985286b03e06e8404a7be49a9713d37b9,arXiv:2304.12244,citation
894ed1aba8e42a4ec27ba53ecde383b14c5128ca,arXiv:2304.12244,citation
7ee2841cced52dc38d5f334d1939c205c1cad716,arXiv:2304.12244,citation
1ce1738d7f224ebd7ad98e23692404f06697b5f4,arXiv:2304.12244,citation
6ab61706e21c5360f3206f20031c994ae794a5c1,arXiv:2304.12244,citation
e3052ebca5eeae6a8a73e44517903d39746f5f3a,arXiv:2304.12244,citation
d910a2ee08ca318ce56951f812be2b79c7318732,arXiv:2304.12244,citation
c055baf5e8586edace51d1a7720de3c4ed345d72,arXiv:2304.12244,citation
f0950a3f27c0fefffba60ae1c9a8ee360d5eb55f,arXiv:2304.12244,citation
ac4ab9b23a002e81c9419c520747a603fbcbb40d,arXiv:2304.12244,citation
c1de3f236064836c376036099f269b95ee738fc0,arXiv:2304.12244,citation
eb5cf10406a8ad31e0ebe56b36571d5db4758a62,arXiv:2304.12244,citation
aae1d88c70cf18ef6aa23693a4dce8204e22d087,arXiv:2304.12244,citation
dd6a5032b61404ad6931cd28b1b5d7d9f75c9de8,arXiv:2304.12244,citation
dd3fb89d1201d46fa80b6a9519114599c01c11ac,arXiv:2304.12244,citation
40e0b9361d88b1879891eb6d16de110b30bf6c62,arXiv:2304.12244,citation
96f6ad72733599db609332987ec6b65e30f11d07,arXiv:2304.12244,citation
f2ba9e7d9624bd94a786ea5e3161a9425a21a475,arXiv:2304.12244,citation
c93bdb1a1ca567c46354a1d9d00054354c8b7704,arXiv:2304.12244,citation
c74a13b251b6af6dfce49eeb128b1c0e2ddf955d,arXiv:2304.12244,citation
0476750c048abe336b9a24dbfa60b975bf0834c1,arXiv:2304.12244,citation
5dbf93a68b7fda600521f046dea35ea8ba9e884f,arXiv:2304.12244,citation
0bfc804e31eecfd77f45e4ee7f4d629fffdcd628,arXiv:2304.12244,citation
37665dd5ae7245f087d663785c17eef068578676,arXiv:2304.12244,citation
e0ca43a635d35fd0414ee76ca1e7c287715f5b00,arXiv:2304.12244,citation
b5069352383579c6464d8e5ec34eab693c45f59a,arXiv:2304.12244,citation
e06595ebb2fe4d73fe42e566b57d7a109df75615,arXiv:2304.12244,citation
03d13caead288fdb7f4f86617bba0400d3bde5c7,arXiv:2304.12244,citation
3e664adb009dce373129a3563e4b2cb08731bc76,arXiv:2304.12244,citation
687c9a4956a7ba94e7f7d85951b18c7abdbaf883,arXiv:2304.12244,citation
ae39f3c1c8c1bce030d3b32847519dec0405d9aa,arXiv:2304.12244,citation
1e3ef48abeef882e12f9553a1baf8944f3782c88,arXiv:2304.12244,citation
7e70b9ac85ff2b27fb2c1c67ea52c39552812dc4,arXiv:2304.12244,citation
a428934c4517cca0266952d09d0154f0b41527cc,arXiv:2304.12244,citation
0adc7754095cbc8fde5c365ed69e39e7e26dc24f,arXiv:2304.12244,citation
b3c57ef511e290cd9a642c00f1974d029d1cc9c4,arXiv:2304.12244,citation
5a3a04af4935302f0871bf14a4b573d477ce96be,arXiv:2304.12244,citation
07c4a87f54136a313fb726797546fa0282f91bfb,arXiv:2304.12244,citation
454c8fef2957aa2fb13eb2c7a454393a2ee83805,arXiv:2304.12244,citation
a0a79dad89857a96f8f71b14238e5237cbfc4787,arXiv:2304.12244,citation
fbd2c8089870814449f9254a711041bbae145a82,arXiv:2304.12244,citation
0244aeb7c6927e2fb0c2e668687e160a00737dbe,arXiv:2304.12244,citation
b56ff2343cdc0916a6c0fa075167942aea03ce7f,arXiv:2304.12244,citation
aa828072e36be23887eeb3ac277901d8f893ef53,arXiv:2304.12244,citation
9e16d8cc6096ec0d2733a4ecf41ce09d9a4bd19c,arXiv:2304.12244,citation
a01976ed98daf466541c8fea07d82ef4c852eb22,arXiv:2304.12244,citation
74cbfe5b9331ecc717cc47913ec43e707badcf97,arXiv:2304.12244,citation
a122863d239643453195424c04067e89406246e1,arXiv:2304.12244,citation
02529b2666a536053a2e2940de5b28de36fd594b,arXiv:2304.12244,citation
1181aab9d72c4927e634717407d39fd5759644f5,arXiv:2304.12244,citation
68ab1c79158000db6deccb1509c58d2e1f1f8633,arXiv:2304.12244,citation
82817b85081ee075975f4a69039314b7741a979f,arXiv:2304.12244,citation
ce994a2e8ece97e3314383c634473da4f90fbdd9,arXiv:2304.12244,citation
d039efd8ceb1cc811edd8cb140c197b6507f1453,arXiv:2306.13394,citation
3e26bf15723d69d27124f4ad3a341b4b39f6dcba,arXiv:2306.13394,citation
9df2169cab4d5e9046f9f2261a08872841e7af19,arXiv:2306.13394,citation
b0fa0f312e2d8df8bf6200768cc3697cbaa08358,arXiv:2306.13394,citation
6041e7a13b56a30b10f2aaf3f4f9cb7d549193b2,arXiv:2306.13394,citation
f6fe29489b5da853143deee41e899daf77839799,arXiv:2306.13394,citation
bda531f257f3473c6aa9d6c956f7a3b0662317d8,arXiv:2306.13394,citation
b5f50369c4418476887ef8206f0bfd894262a873,arXiv:2306.13394,citation
b02bf50b2e33144e6180874fb4a62647ed8b7dc3,arXiv:2306.13394,citation
2148d49399c46ec2eb525c2d7f0f6458cd683f58,arXiv:2306.13394,citation
19a33ee5660bc12fae773a3db567cf543d19f067,arXiv:2306.13394,citation
60ede7464454260a047fae294c928a73405180f7,arXiv:2306.13394,citation
333d542cf80e80a0b76c97947b432e23cca42c65,arXiv:2306.13394,citation
48462dace7802669a45a375ec88e98ba2ea13033,arXiv:2306.13394,citation
a0700387176d0606c8bb236bef51edfed0409037,arXiv:2306.13394,citation
fad657fe5f6b31b8a198346cf7ed772f912bf814,arXiv:2306.13394,citation
a77f85c44d8f2f5ca8435538fbb8cb20d673b89f,arXiv:2306.13394,citation
9b98e37e4a89681054e46215017cd0adfe7e23d3,arXiv:2306.13394,citation
e48e41c85f5fbc51cf5ab320193688c411097bd3,arXiv:2306.13394,citation
05207033818081c20e11fdd228fb5513199ebea3,arXiv:2306.13394,citation
d61362ae53e090a8726100c0a73613a2e2bc660d,arXiv:2306.13394,citation
8dc719da1cce78ebc61fa7de9fa418ede390884c,arXiv:2306.13394,citation
44ffb629096d407bc6cf72c4e6266b326e946f6d,arXiv:2306.13394,citation
619b3513488bc94b6aa7e11b3e9ad52677a380a4,arXiv:2306.13394,citation
a71c8e40586179b75fa9d1d241a0dc249db81354,arXiv:2306.13394,citation
52f8bf15b4b4c0ad40e5ae2646964a4a9f12c12b,arXiv:2306.13394,citation
a357777b743666ef6edf16f1483ec0caf2553542,arXiv:2306.13394,citation
489ceabffb042853473fdbcfc4d0867a7876eab9,arXiv:2306.13394,citation
d9a556df0e8bb25e4c52b3141f2295ac762fe091,arXiv:2306.13394,citation
cb55deb958ec9915f30a30bd7bb2980db3b92331,arXiv:2306.13394,citation
773cbc9c15a414e2a66d9ee9ed17c34607c05aa7,arXiv:2306.13394,citation
d55e6675b453fd0a17890d38548c2477e6d326eb,arXiv:2306.13394,citation
526ed83c337d50c56c40466a205d0e983d98d5cf,arXiv:2306.13394,citation
90710eabfd8be80e370551929fff6440cb97f97e,arXiv:2306.13394,citation
57b7b3e11909edfbe589a435897744bd6585b720,arXiv:2306.13394,citation
8d1ce8db6f4b0a5b5ce199bc45e06f377b93ff44,arXiv:2306.13394,citation
a922221ac3d15f2d129fc2af1f3f1b573cf486c2,arXiv:2306.13394,citation
f060b9190a59aab9af3c39d4c6018fe6e0b475f9,arXiv:2306.13394,citation
acccc7ef0f33f234ecd0e5e339619f715548ef39,arXiv:2306.13394,citation
af242f2f44bbf81b4492ae9feb19e9ac574b692d,arXiv:2306.13394,citation
4df463d27b6de758665f55e2862f1c3e79f3ec34,arXiv:2306.13394,citation
6d3bc591a6d3ad2c40bcbfbaa912b7550f088f44,arXiv:2306.13394,citation
d5a6012a820ec8fd3059b645521a43be8a4f8451,arXiv:2306.13394,citation
12d18016e33b67ad99cbd874fca856c7ac42a480,arXiv:2306.13394,citation
226c6727ccbbba37a1c55ee286f834bb10647b69,arXiv:2306.13394,citation
67be5fb0f10043aad0a54861f29e8d1508732e5a,arXiv:2306.13394,citation
f1ba9217214d5ad32d17a9deef577ce0be76dc8f,arXiv:2306.13394,citation
84bdbfaee03bc86e5dbcaec424b8b4ae8e8f0bce,arXiv:2306.13394,citation
b36c56a7584e5aeb2541e5937ca414b794333626,arXiv:2306.13394,citation
619c50b9744e6da611bca824577579b1173d8148,arXiv:2306.13394,citation
aa1798045a0144695b4fb61b4e525b009e1fbf21,arXiv:2306.13394,citation
f7d07068ad48c2aa7fb90c6b6122071ff2c843c7,arXiv:2306.13394,citation
bd16b2748948f9cab715d7741eb11c9c813a5d52,arXiv:2306.13394,citation
2df8741291073497c24b9e2d4dd99e9597d7297e,arXiv:2306.13394,citation
e751771085f57de0d7af50d93e48340589147a97,arXiv:2306.13394,citation
53449b9e905065e2f812eff7dd1339b05a8b4ae2,arXiv:2306.13394,citation
c2ebc3299841c9f41fca89f6951af48fbb5f2683,arXiv:2306.13394,citation
f390d11e155df71ae24618c9ed80f83d0ec9b027,arXiv:2306.13394,citation
8e7131df37dac0081e84455f0dee304a3d503ff1,arXiv:2306.13394,citation
c8afcbba671000a307341f30acd1a548cc76e2f8,arXiv:2306.13394,citation
ee9c8e3cfa1bd365fe02afc688d9f94ad670e8da,arXiv:2306.13394,citation
e976fffa23249fde45b60c05cde8c98494b37ea7,arXiv:2306.13394,citation
41cad28f60993ace4a047971586df2771d0e072c,arXiv:2306.13394,citation
2b2a32d0a3777ecf45876570cf7902515750d55e,arXiv:2306.13394,citation
324e1c8d73c25f1affa3e8992365a000caf74884,arXiv:2306.13394,citation
b618d57bde4e0d4ebe036103584a40b18bf1f58d,arXiv:2306.13394,citation
f87a88ff727565eb560f46b07745e5bf9eb87315,arXiv:2306.13394,citation
0f642ef2864c5ef46dcd20050050256805753541,arXiv:2306.13394,citation
f0301bcbdc87883911ffef88a0a970bcc601895c,arXiv:2306.13394,citation
3d757893659557883571e1ebc2c29daebac96786,arXiv:2306.13394,citation
4da3b03dd7b24bfbe7a818b9f00300bb349dcc38,arXiv:2306.13394,citation
9c27ac3142dfd5278d13c88589d4e829b9308e50,arXiv:2306.13394,citation
a34f8bab4bda353a0acd7405a8aeb384faefd016,arXiv:2306.13394,citation
78a843a7bc1b13a3c83e27160bd8ecda0d5e8c3a,arXiv:2306.13394,citation
6ecd23bc1f8fb0b8d1028e646fcd9857582a2928,arXiv:2306.13394,citation
bf26abf41f8c8e72659747428bb944e6a2dc227e,arXiv:2306.13394,citation
b15aac06cb963104698244c99bd8b11e40b630b0,arXiv:2306.13394,citation
2065c185f7e9d2286e99996564ae2b8a736ec4cf,arXiv:2306.13394,citation
6f027088641aa976af055f38d209c18450c37fb4,arXiv:2306.13394,citation
c990c320c3a86236e78e985943365575dfd2fb20,arXiv:2306.13394,citation
22542f706dd0a41b0139ba2da54caa45c7481a61,arXiv:2306.13394,citation
2d7e03efc0573fe6f810efa20ae43047c3f3d091,arXiv:2306.13394,citation
7cb0224b26ecd978ecb6d1babd75fa105c1432ed,arXiv:2306.13394,citation
e2bed84a1fcf417418ae978afe7b91bae630fe86,arXiv:2306.13394,citation
14179d68919bb4de7813332a17a8d7aa2c9372b9,arXiv:2306.13394,citation
d1fbbba2ac5a56aa87565bd40361ce930f204ab7,arXiv:2306.13394,citation
d8d445db6f3901b4324d0d4c7c99f3eaaae4dfe5,arXiv:2306.13394,citation
1d6d84463357d635a537093c9bae12d5ab78a6be,arXiv:2306.13394,citation
ccb317adab5df9dfc72e8b5a91eabe478fe06b5a,arXiv:2306.13394,citation
0bd4d0cd9a4a15fc007cd00f733ade533ecea2e5,arXiv:2306.13394,citation
ea2e6e21d4a24e0cc7bfa2804866ca08625a7af8,arXiv:2306.13394,citation
81b4f5084309d76cc07436c1feb94e83574a661c,arXiv:2306.13394,citation
4d2266239d29aebdfd11806c348bcf81ddc5d4ee,arXiv:2306.13394,citation
459cc557791f61cf696f24e80b9827756de94e1a,arXiv:2306.13394,citation
0d6684fb9604437aefe526aa89c199976f9a5168,arXiv:2306.13394,citation
292f9592829d618e4c31eaf1d7dc44849869d222,arXiv:2306.13394,citation
3efcf2b9ee86b4398027a3e5af87f2fa842f2172,arXiv:2306.13394,citation
62b0298284a8e5b3cd02b5461731785df5edb9e2,arXiv:2306.13394,citation
f6306fbddeab478060a59a47f43aff7535f93e72,arXiv:2306.13394,citation
9f57afae632bf9b64fae3847881399b2d097a65b,arXiv:2306.13394,citation
05760ad455151ac032276ee22e6344da4a8c1d84,arXiv:2306.13394,citation
69ea0f30de7226274d6cabf1eeb10a3829620dbc,arXiv:2306.13394,citation
391f6206350c70d6d8eab39704320b385bdd732d,arXiv:2306.13394,citation
afaec4d0c736e89d24b9c409592cd54bd7f93aa1,arXiv:2306.13394,citation
17b4d09c27ad1191325ec50486d358f7cd20e68c,arXiv:2306.13394,citation
9658fa862e6676589e009971a7733f0e022873e7,arXiv:2306.13394,citation
edc33b5945bfdd214024d9daccb5194f543d4a9d,arXiv:2306.13394,citation
18d83103fb98905ccbce420987470eb2ea021187,arXiv:2306.13394,citation
98d2aa744042bf91057c0a27e07d465e2493b099,arXiv:2306.13394,citation
a0924cfebcbfa256d6005593c2cd8ef72bef0974,arXiv:2306.13394,citation
226aae3f8c246dc3df69eb856834889aad33cde8,arXiv:2306.13394,citation
c3316647836afebcf168f2e1b533fe5344a6063b,arXiv:2306.13394,citation
13398189baf8efc4660825c641aba15d883f51e4,arXiv:2306.13394,citation
71837e66048330a2b3a1b1840fdf0c10b69db3b5,arXiv:2306.13394,citation
0876bd9a17fcfa0fca41ee3464b9d30813a2b566,arXiv:2306.13394,citation
2430993c7f6490287dc048734ecc0b2289ba1033,arXiv:2306.13394,citation
9a5071bacb2bcb98ddd95076dbd446240b4da2c6,arXiv:2306.13394,citation
5ae5b98a244e1453c3fd4b4d6f7add070e305cd6,arXiv:2306.13394,citation
7e343692d67606123a6d3f910899cefb4aba997b,arXiv:2306.13394,citation
57f67ac7931e71ffcebc90c52252ccc264e9a595,arXiv:2306.13394,citation
e78ac202a5e8f0955abd440f4d2a64786a7e5f8e,arXiv:2306.13394,citation
ea2bf53da4cbcdb0f8919e19f267fb7bfd68e27e,arXiv:2306.13394,citation
2d446df5148c0dd6b4dcf68fa0e573d6c6c19784,arXiv:2306.13394,citation
292261a561e190746ec517254de89cbca9825a32,arXiv:2306.13394,citation
fe6ba384eb92e3533fb24a588f7bb768edc215c1,arXiv:2306.13394,citation
8a37094080af2fd6f3d38c3ff9b19a278a488857,arXiv:2306.13394,citation
0018126f8ab12070667d354811d91eb9cb54b4c1,arXiv:2306.13394,citation
4c3c2663fbdc4a06a8dec68815f65e22a6e13731,arXiv:2306.13394,citation
6b971fdc5087824097331c0c21942b1034143847,arXiv:2306.13394,citation
116355b1d047d08c2fc4b04c08f0f42d5e98d87a,arXiv:2306.13394,citation
c997982665a28590692f7db2fbcb4e1c51ded464,arXiv:2306.13394,citation
2ece751b5999b8bfa19d5479fab560a2c579d893,arXiv:2306.13394,citation
a13d0d545aa1dcffa5b907a2124ac7e30a2aa77c,arXiv:2306.13394,citation
23be95d998d9b9a5da3a3859cae9a8b195adb152,arXiv:2306.13394,citation
6635c33636723c3a04af0171eea7b06c489f0351,arXiv:2306.13394,citation
fdc092d0bddb1a99a80a37be878f183096ad236b,arXiv:2306.13394,citation
d206210114590bfd8e9d720e21429e7c86226fab,arXiv:2306.13394,citation
33b07d3b101f4c6a8301ec72304341f7c15146a1,arXiv:2306.13394,citation
72a5b2f9e486a8201314ea8484f1d03908396ef8,arXiv:2306.13394,citation
27c741e54cedfc7e648103f90b109dd58143fd34,arXiv:2306.13394,citation
83669e13e78867acd1daa55e8c97f74c597510b1,arXiv:2306.13394,citation
0d426b4dd26dc2baaef545eeb445136d612bc6b7,arXiv:2306.13394,citation
c89691da851a68631074c73a8951608a8bf93f66,arXiv:2306.13394,citation
137d83835c6faba10e9c0a59ad9be28dc674f53c,arXiv:2306.13394,citation
bb0b86bad44dac2b7c049855771c0eb61578983a,arXiv:2306.13394,citation
8b82abd63fd195afd90a36927564c296a8c01014,arXiv:2306.13394,citation
c5c1eea3338ffaf46b548cd7e6678c2118393e47,arXiv:2306.13394,citation
1ea8a8d84440a30b337a1a8687e5b1e1dd818d54,arXiv:2306.13394,citation
cb45c9d52fd4adc4947095a8e9c4d1ee5e46a841,arXiv:2306.13394,citation
799f40dbcdf4ec9234edc56be178b745b02bef29,arXiv:2306.13394,citation
cc8482389037a05467e518283d32fc6d555c542c,arXiv:2306.13394,citation
f8da4c2f0af4a6e897844cdfdd35814192f84bfd,arXiv:2306.13394,citation
e7b10945abeaaeee9cf65d619d41cb937070dac0,arXiv:2306.13394,citation
7fff4d37be8a2bb5e9c561659bf44bef79246aaf,arXiv:2306.13394,citation
fa33de4865070e9640c2e07f23d270be4ae82e25,arXiv:2306.13394,citation
a80f82d2157a5e345b4808506e14c8f5c7e3e69d,arXiv:2306.13394,citation
f1f273a3ef89d33853e6ba1a8b8bb03ce0d53ae9,arXiv:2306.13394,citation
428ecf50296a73e9bc95f94dcfb7e5655a1cd900,arXiv:2306.13394,citation
6578dddc7fdd44bfd0b8733022226d8ca02cbe8e,arXiv:2306.13394,citation
5f19efcbe086b3acc9e5adda8733e448722a8072,arXiv:2306.13394,citation
6ef49ed073f4f73bf14578983f217b73cc879617,arXiv:2306.13394,citation
a0c6365a23a07e26bf90db410574cad3ff68edba,arXiv:2306.13394,citation
367df51db7b6a4482e2de15145cb803f87af26dc,arXiv:2306.13394,citation
03355e7a5534ccc16f334a25834e01a2fbc8c0ff,arXiv:2306.13394,citation
ac0246145edbd8ec58134b4ed519d95f42d22299,arXiv:2306.13394,citation
880334f22a8bd9db1d7977477d50e70ff9749d83,arXiv:2306.13394,citation
317fa78cf88b4c6606b3cf59a0bb69775b36b399,arXiv:2306.13394,citation
f9de40080cc808b0ae87ff22ec26ee4342305912,arXiv:2306.13394,citation
ae2e1311be8d72f6c2c8b09777ffa2171b6d53f9,arXiv:2306.13394,citation
3161eb20b49a220648156a862954d2f09b160083,arXiv:2306.13394,citation
93ad88b10c00acbb7d3888b5c446494dc6591666,arXiv:2306.13394,citation
b29cfe8d8081054d8e95335c63ddc96c01d8bfb8,arXiv:2306.13394,citation
554b34c6a85694ff0cb7f3a7c63b22a62ba6a406,arXiv:2306.13394,citation
43a3c8a9bb672e2f013dc563a178a0dc901f5363,arXiv:2306.13394,citation
6bd66b02188145b471dc43a53cd1ccb78357f618,arXiv:2306.13394,citation
f7e4033c8da0482f494f1a63a75b2a1a4fe94f92,arXiv:2306.13394,citation
e49b704f4c5835f0c57388aa90319bc367c3d959,arXiv:2306.13394,citation
8314898a4cf8e807ae34e5f0c3e3038725d426e0,arXiv:2306.13394,citation
eae231b80eda0aea1c5e4fb72ee534df3a0c2029,arXiv:2306.13394,citation
983393bce2eed08c2433062d9ab7d2b08325e365,arXiv:2306.13394,citation
0c8b315d49cf28a4cb3b187b0f81747435c4bf6a,arXiv:2306.13394,citation
51d8f214736010332f21653d36d6a5cc188bda2b,arXiv:2306.13394,citation
3cdcb4dfc6b64ec9af9a419691070827217052d0,arXiv:2306.13394,citation
f0e659cf89b63655833be9cd4e587e37dd390507,arXiv:2306.13394,citation
f38d56de8c560cf15c5d87ab79247b6f68301d71,arXiv:2306.13394,citation
b3b0a85b99d89045bfe0a859ffd94b6fd7669412,arXiv:2306.13394,citation
2014ee8c3eda5757e745bad03aec89fd9922a32f,arXiv:2306.13394,citation
5894ada15eeb6c226128aa21ebd73362300b0c15,arXiv:2306.13394,citation
9a57bb2f4be217ac5967e38d7bb7b20324e67c19,arXiv:2306.13394,citation
3b23dd0634e7de523598df0a907a5bf558eb9c88,arXiv:2306.13394,citation
e9c5a3f8049bc5ee865832b9ffc85c8dace8c157,arXiv:2306.13394,citation
fd0d2480926af0bca16621e5c6e663eefe927471,arXiv:2306.13394,citation
2f01268d24cf8945cb78a457db4953526ffb343d,arXiv:2306.13394,citation
b93f7fc4619f8b48238066d68bb3e86a2e43d14e,arXiv:2306.13394,citation
d98d24d94d96c043bcccf3aad885be89d573ab40,arXiv:2306.13394,citation
a5a4bf1f4243fe43d7b9b59f5b962b90f30ee090,arXiv:2306.13394,citation
60468219b8c13140abc56b6b0887024286169689,arXiv:2306.13394,citation
e74af364086384ed8477fab866c81913f084d4af,arXiv:2306.13394,citation
9b0ae838c3fd625b8e6122953028e30db53a2f28,arXiv:2306.13394,citation
522a6c7196e304cbc690a158a68afdccf7bd4fce,arXiv:2306.13394,citation
04e8103c5049fd95eb99d218d2e9cd0c29f13dbb,arXiv:2306.13394,citation
69641624cfff35861326374e575b19d9430967a0,arXiv:2306.13394,citation
4c6c7618c3de73a9776801392e08f5f24635028a,arXiv:2306.13394,citation
7813f950adfb0e59ebdfea22d9a53cbf3ca4c172,arXiv:2306.13394,citation
5c9217a9b3370bbf363c805cb2780ba64ea0a0db,arXiv:2306.13394,citation
a6edeebbe15a1a30241cd0cb36d608d213578740,arXiv:2306.13394,citation
2e9f57757bd4c34da4e3aec5e78d8a8b9deebefc,arXiv:2306.13394,citation
fa0e09af5c86fd89ebf5e000084f0ce8c44ac32d,arXiv:2306.13394,citation
6f44746e023f60b3282fbde50bd2543033c90852,arXiv:2306.13394,citation
1c3fb6be8ca78862f9d97a18aa8d46bd69fc6c6b,arXiv:2306.13394,citation
c81d70608f320d975de11601fb4f009ffd301ce1,arXiv:2306.13394,citation
1c64e6878fcd6a01aa1da7eea9e0bdbfd0f39196,arXiv:2306.13394,citation
35e5b73d222a6ca5f513359da0b8c2759f15d900,arXiv:2306.13394,citation
64f44daf20429fd1b048fd64075a2b1b8c5a9d18,arXiv:2306.13394,citation
741c1a7acd147c90ab352b8f0eaa1f546b6657f1,arXiv:2306.13394,citation
3ced03c91f1c8936fb9112fc08ab7ad5795e7379,arXiv:2306.13394,citation
d4de3fadaf82fcd1e1303192bf475b7af4a538ee,arXiv:2306.13394,citation
a4df9e5d001b14dc3d23b9ee65d657721a57b6b6,arXiv:2306.13394,citation
45b6db8e2203f525be6b769a625e16641f2629cb,arXiv:2306.13394,citation
079d7ed3d33542a307124f8ca9bd105c1a08f0c1,arXiv:2306.13394,citation
fd79dcbc9e1d269f9b416704bcf32ed6dd3f0724,arXiv:2306.13394,citation
6171ef8ac845e6589712cd2054e4c372cb6bb6ef,arXiv:2306.13394,citation
b1e278bc369ceccb1d39ee99f95239fac0d038da,arXiv:2306.13394,citation
58f8723cedac2b608f6f2c420d252515a06381e5,arXiv:2306.13394,citation
0a1fecb2c22d4da3e99d7dbafad98be6bdbc755f,arXiv:2306.13394,citation
866a01d3844723a4e9e6fececcd555eb983b8659,arXiv:2306.13394,citation
c366ebbf1516df5f6cf2824d48160d326e90a8e0,arXiv:2306.13394,citation
c09e55cddbd5839a1cef3d684e96db7cbbd4ccc7,arXiv:2306.13394,citation
b3dc26c4512e966af967fd39cfc01d8f8e1b67c6,arXiv:2306.13394,citation
a4cfce7de08dc54ad876d777ee4851c3257e8482,arXiv:2306.13394,citation
adce901a98685ae9b01c1ec8d76ceafc00ef2799,arXiv:2306.13394,citation
5e0cb2d326a6d197ef51b6692cc67179c3ad7cad,arXiv:2306.13394,citation
d8c89ceb4524de26d91f54b22612309fac53c47a,arXiv:2306.13394,citation
3e2cd0e778ee2a5c2df651d1e6e21b090d2118a6,arXiv:2306.13394,citation
71decb03ea41de44aa1167420127f781204791a6,arXiv:2306.13394,citation
fa6ac9fcaf0b87b1d1938825cc5ed348005b33ba,arXiv:2306.13394,citation
3582ad147fce6a4a6425da7555163847fcdefffb,arXiv:2306.13394,citation
27900c444d9c3f60aa8b4ff253c5c325bcadc41c,arXiv:2306.13394,citation
7fd2d9bc7150884a628ef0c4c933e4af4719a6d6,arXiv:2306.13394,citation
f59b98a07ef7cbe6a7fe840813194c89cc10a3ed,arXiv:2306.13394,citation
123b4baa8e87918af43c4c92542da26873f98655,arXiv:2306.13394,citation
17fdf94362b3ae856f67edafd6a8532dc87642ee,arXiv:2306.13394,citation
770863973553e628b3089a2f3cf86a43cca88d6c,arXiv:2306.13394,citation
6147d8dfa15cfff92e4827e26da29e49f4d5ea5f,arXiv:2306.13394,citation
3e900d28eb431d974d60ec8cc976a407161bd548,arXiv:2306.13394,citation
3cf1ceddf5a1e487a8e5dadd5cbc96b714c6c8c1,arXiv:2306.13394,citation
7319a8bfe18c701399431f15e65ceb5756c3452f,arXiv:2306.13394,citation
82a65b313da5af4c78edd74b8bf1bcb192c1eefd,arXiv:2306.13394,citation
88d5705c3f723c8fe656fa835f9e573c3cad2a91,arXiv:2306.13394,citation
215fddfcdcf41c25e9a4260475e7058c34d35a8d,arXiv:2306.13394,citation
98bcd8d878973f5dab65c12a920761b3d6c21d25,arXiv:2306.13394,citation
289f8ac505808fa536f0530ba32b5389023568a3,arXiv:2306.13394,citation
d6c0f8d3056e951873449fb2f6d9c7ae52a4a31a,arXiv:2306.13394,citation
7ffe883cf9ccfc8f212231d4f4b137d5096013e9,arXiv:2306.13394,citation
83e3bb785cc56093b9cdac84e9bcacdb0f092d44,arXiv:2306.13394,citation
806c10ee0086eea6052122a34d559b7fbd82c822,arXiv:2306.13394,citation
11f0e05fb15a151d9a62418a52c87582c9402d43,arXiv:2306.13394,citation
5105e734fc2a95f6710e0bbb93a829b7e0bbf6bc,arXiv:2306.13394,citation
0f74aa18e83856d67a0d433007a73ebe62a5ae81,arXiv:2306.13394,citation
33b802ec36e29a6d211d33c39b5f93548475bb6b,arXiv:2306.13394,citation
406a577425c36e05163ee3bf448d65a6eb480ab3,arXiv:2306.13394,citation
393f14be3f303cca987c71333dc0d21d3bef5ddc,arXiv:2306.13394,citation
1ca8f45c39b17b68333541cae2da32b42ff89fbe,arXiv:2306.13394,citation
22d851bf126dadbf2225142b72f0548a01b86072,arXiv:2306.13394,citation
4ddb5a467459558b50c341e47fd325bc6a0e3ba8,arXiv:2306.13394,citation
903e2169fcb33c74f73cf4e12e1b508b3ab37156,arXiv:2306.13394,citation
037c9b6d01d32154aca8963c0cdbafe49e1d62d3,arXiv:2306.13394,citation
9b7670cff6e3527bc571d21740e9a81320128461,arXiv:2306.13394,citation
a8b9ae79e58786f19d4fc4992fb3bf7ae1891f57,arXiv:2306.13394,citation
4e71babdc755bc5a40a476164567b0b4b9bad4cf,arXiv:2306.13394,citation
2379b4037b8e5496b8e5c43c3ebc1807caab939e,arXiv:2306.13394,citation
7607c38ac6059972391e8c5d21a5dae5c0b701d5,arXiv:2306.13394,citation
69636c6ac0f6e279b37287fb39387d85647b76be,arXiv:2306.13394,citation
2dc8a283eab8e40ab4a4151bbbd827531811a486,arXiv:2306.13394,citation
512a9deb53a6e86f2275a05e2085d4a8fa17c7ad,arXiv:2306.13394,citation
b4ff75842d457a6ed7f81fdc813c8708a462606b,arXiv:2306.13394,citation
4efcaff9daf5496c6695d5c23bcf371f9aff9880,arXiv:2306.13394,citation
0f794af47f950ceece9ebc7c92fc30d7abaecc13,arXiv:2306.13394,citation
17985e95aed2c47311940c877c57793afcea31dc,arXiv:2306.13394,citation
a6d5610fe1fe0bca27232bbe15f7a58e019819eb,arXiv:2306.13394,citation
e5f255b387245480d493a4b8f07a473344d8bf66,arXiv:2306.13394,citation
d383378ba3851523afd31357343d797b5024cd0f,arXiv:2306.13394,citation
27c53381af4d06fc3327dd8d138a0b9e0acdf27e,arXiv:2306.13394,citation
eb97fada8107ccd0b70ed5879ff15e16cac8baa2,arXiv:2306.13394,citation
e3fbea37760f177da42c5b1136ed6a770a6b6d01,arXiv:2306.13394,citation
8b2b72fbf5502c725f759786ed4041f653f05324,arXiv:2306.13394,citation
b5ffe1c8d4c3182d6a3c9c4b249d25990b8680d1,arXiv:2306.13394,citation
fd85290f9c79790b21c976eb88e1cb695258e78a,arXiv:2306.13394,citation
40455a044a750e367e0c225cea74bf078ca73c95,arXiv:2306.13394,citation
e7923d133bb3d426ae50ed32d4eb12627892c8a6,arXiv:2306.13394,citation
a9f3faf6bb2ff9ad3a08a9cdf1fd668f923157e0,arXiv:2306.13394,citation
0ccd6f20ca72055a78c44e48c3296e173708010e,arXiv:2306.13394,citation
0fd120ba34619d90d98e2252f69cbb0b750b65b8,arXiv:2306.13394,citation
1ee64628a20890cd08c9bff7832dbbe0e8c6cce6,arXiv:2306.13394,citation
f9efd9ffd2395e0fe3e013ab701c6d1d05fa9362,arXiv:2306.13394,citation
9a460f06b4853bdcd0a12409e9741056dbf0cb96,arXiv:2306.13394,citation
ea7006e204e4fef17d997aee6289d904a02e07f9,arXiv:2306.13394,citation
e9e33904db5ffb5e07c10ebbc83408511f3802e4,arXiv:2306.13394,citation
3fd475bf085bc56979b8a689b152321c4612e5a3,arXiv:2306.13394,citation
f7e628ad2d03e2eb3fc1a3b30d31bf6d725c5d31,arXiv:2306.13394,citation
d406345539b4fbac537cf50e88a1032b907b6c3d,arXiv:2306.13394,citation
cddf14e5b97090111d3fa814c9aec60e2bf24b8a,arXiv:2306.13394,citation
86b323634ee53a6e235026fc3b82a5e06f0123e7,arXiv:2306.13394,citation
4171851c35c6cd5ee5445fe4e04a7aaab786fc77,arXiv:2306.13394,citation
8488293909ecb1f2b7f68cfc36cddfc20ad2c8d3,arXiv:2306.13394,citation
f1975ef3a08c9b70984bfefe94c4356646acff4c,arXiv:2306.13394,citation
983a428780512ea2ed0b176e11da9c591bd97b76,arXiv:2306.13394,citation
2477b5ad59f8c61688525d8cfd965f7399bf35e2,arXiv:2306.13394,citation
2adbf228f96164e4780cbc19da9a0005cf8cde32,arXiv:2306.13394,citation
903c7d3578b8e436275c4f2da123d0a30584cde2,arXiv:2306.13394,citation
a09e68d3ad6b165e79e04d9a0e0f224ad32dd617,arXiv:2306.13394,citation
66c37317412267c1a098f8c84828a2db84c48f8b,arXiv:2306.13394,citation
bcb3e1a7af9d559f1df488e28b10f177203a5d28,arXiv:2306.13394,citation
a19047227678c7bcc823a6c5467dc797063da146,arXiv:2306.13394,citation
92658eaf0eaf6665c1bfc2bb3c57755e82926bf8,arXiv:2306.13394,citation
a8249fa88a2d413b2e9c98b92a49db6bd7cb8068,arXiv:2306.13394,citation
1279888e52ea4dd2a437c7024c3f5a6d20cd3932,arXiv:2306.13394,citation
507213c02f2d3e7b669c02ea39ae25ff74ca9647,arXiv:2306.13394,citation
818f0cea10975fe6392a0e660969a206a90d8d6a,arXiv:2306.13394,citation
9dd647405a7da43bbd8efca0283eddf9c9c0c0e3,arXiv:2306.13394,citation
9253b1c384389b418d77d33d5c6666731bbeabd8,arXiv:2306.13394,citation
e3c21821e1ae738da253b043298b067e3792298a,arXiv:2306.13394,citation
fda89fd26e40edcb29439c9d759610dc2241cd2c,arXiv:2306.13394,citation
c71787bd1f5e81b96b8b642c25be0846a3a6054d,arXiv:2306.13394,citation
ecb9f40387278b19c2a992aa405c0cea77785f61,arXiv:2306.13394,citation
fe5ffdf318126a0cdf7b2bf99e42ac61d168e82c,arXiv:2306.13394,citation
4ebee7a7e144ff14d1f6643447a81fa02bc7b658,arXiv:2306.13394,citation
aa5d0f6a14a9da689de842f6af61021e6d91aadf,arXiv:2306.13394,citation
34f59c97e604f47f7dd849366d48fbe1c2e5b145,arXiv:2306.13394,citation
f26cdcfa41d4b8ade4686da862945c7124b52539,arXiv:2306.13394,citation
2c1c394cac95522aa1cce4df77b4133c703491c2,arXiv:2306.13394,citation
10fac9486996a1f2b67ce0d980dbeca3fa8e37ac,arXiv:2306.13394,citation
ac39ffcbd2437a8f44ecc81864e05eb35999abfa,arXiv:2306.13394,citation
cb6156bcce5b1c8a3b5c084888cae25542f9bd62,arXiv:2306.13394,citation
bfa37bc88704a291d9b9248de81e518a437cac34,arXiv:2306.13394,citation
497b41ae5d70334c519c06ce06791bc44935b247,arXiv:2306.13394,citation
3411bd971d8b8a2e5bba8244e1169a636e3daf76,arXiv:2306.13394,citation
4dc3e19f754a010927def738d27054ac91e1e9cb,arXiv:2306.13394,citation
0a2bd81cb88fa72cc75994accd4762682caf5f6f,arXiv:2306.13394,citation
1941b2626d16434c1a86458db9ed63e3ff49b08e,arXiv:2306.13394,citation
d89617ee3f65c222a76a6b096507a895270a6c77,arXiv:2306.13394,citation
61e1548964c8aa1260d3c429e37a145bb3ef9118,arXiv:2306.13394,citation
5e805ffe13612d84f4c9526a93e94423e737fdb1,arXiv:2306.13394,citation
8bb5226469491a2970dc719928662a7430e232bb,arXiv:2306.13394,citation
acece8c987ed4c89a37f86a2a7082c192a6c8a75,arXiv:2306.13394,citation
ac2a21b5b6a1e869623d7bded559ea91d4800460,arXiv:2306.13394,citation
41f47afb7efb0378834057fccb7d11a6bb4d8387,arXiv:2306.13394,citation
2024e5247104cf2261314e813e0bf8d48467ec43,arXiv:2306.13394,citation
79bfe1ccd46ecc5a7b81cd767520d37985e7fb01,arXiv:2306.13394,citation
a05d7e1d459955527dcf44f174024f9c6808fa3e,arXiv:2306.13394,citation
cc6282f0e8a864a1a3aca18036b45c899b0098b7,arXiv:2306.13394,citation
8b8b9ccee62407fe733ac4d2e8d106f8cd0eab28,arXiv:2306.13394,citation
bca0ba8d123c88b63229594519ffef60472e02b8,arXiv:2306.13394,citation
60428c9fc07ede51f3d2f04212aeb9510b41bf64,arXiv:2306.13394,citation
73b87ec5f2d635007345c540d5ebcfab132111fc,arXiv:2306.13394,citation
c99d5d7a927598426ea83782747f0e6531949de6,arXiv:2306.13394,citation
3836fc4d0f48c3b8dfb38967e01ba8f0ec4b323d,arXiv:2306.13394,citation
8bb2d00baa2a888c0b0dd796faad1c2a5d311eb3,arXiv:2306.13394,citation
e56b56cf0e8530cc34a104f2290187c0f1244b7b,arXiv:2306.13394,citation
8151a0f8852df0ea66582f330c0b96624418b651,arXiv:2306.13394,citation
69484e1f608cbae2d5693b1d2ac345d7ece5452d,arXiv:2306.13394,citation
416e1b9ae18bb07e520de4a40d9ce0eafced9f2e,arXiv:2306.13394,citation
fe6222c7b337fd8b7d91f978e2beb9f14a6f32f3,arXiv:2306.13394,citation
5c230779615572074b8dc9a932671929e87f6752,arXiv:2306.13394,citation
aadcd5568f5543eec05ecec49b506fc14ba02e28,arXiv:2306.13394,citation
91842cd8c848217bf6f06b2be1b0914cc6d4c344,arXiv:2306.13394,citation
976e24fdb80ee5141997cb8fa13ee87929a47d8d,arXiv:2306.13394,citation
c23490f57fe0dd1ee77d3acbdf5689667ff3452e,arXiv:2306.13394,citation
8c7ee714067a52e2f2bfe43cc83143bdce50c870,arXiv:2306.13394,citation
1f8e7916cd2bf60f5089f153256abd479416c21c,arXiv:2306.13394,citation
71a32535bf1dd2411940a25d0cfdb066ca852b84,arXiv:2306.13394,citation
0af4359948693c7aa60caf5e13aaab9d32fced92,arXiv:2306.13394,citation
cd2d98d6931c38f4735e540ea76fc2ffbf6656f8,arXiv:2306.13394,citation
11fd61e012b596cb3e8b3b6fe6522c3e166ccf26,arXiv:2306.13394,citation
df7a98e0c627dc58079cc73566457a77feebb4d2,arXiv:2306.13394,citation
ecc51ce52ca524be17616a9c0dc8a051a2996ad7,arXiv:2306.13394,citation
1f4285daf4c1f240bee16ddf4a5fb9e43f9a905f,arXiv:2306.13394,citation
616c9225b7de00d5fe0d9dbfa7c5707f0686b381,arXiv:2306.13394,citation
126b0342302f0960a894703117e1fddd9409f05c,arXiv:2306.13394,citation
4fbd9ed8076f32b5eda3483005d7a2d05763fd57,arXiv:2306.13394,citation
e16c336a502fa9d9ea1bb67537b00fcc8449fa5b,arXiv:2306.13394,citation
466c7118d3070a1f88a0cd45108a9640e3013eda,arXiv:2306.13394,citation
84d38d424097ea776ae2f89002f31479c0184b70,arXiv:2306.13394,citation
f25250492276f21c0386ec34e39d08b1bfb168db,arXiv:2306.13394,citation
3b18518924b1bdaac5855d9d8554316d938907f8,arXiv:2306.13394,citation
3aa1f7a0b5ec471d8e0c0e54125dbc29e214767e,arXiv:2306.13394,citation
02f3ea7628d83e82872d51c80084b07b627487b0,arXiv:2306.13394,citation
a0048e1855574dcf5b131b6c49feaee5b256330c,arXiv:2306.13394,citation
ec74e46b9b0484f29578ed9ffce734e453e2bb9c,arXiv:2306.13394,citation
420a81b09e54c604f3c90653e161be13131cbb03,arXiv:2306.13394,citation
f9459b58b89d58f2852a0ca6be067a6beb277ce4,arXiv:2306.13394,citation
48eb81867bee27cefb4ed03e6c1dbbf97df8b481,arXiv:2306.13394,citation
f1ebeadf2cfac33d126589d74f39041198a00be2,arXiv:2306.13394,citation
79587af3abdd6047297b5708397cc4ed06fb6656,arXiv:2306.13394,citation
9709873a9290edb3e23eff8dde4d3ce1116539ea,arXiv:2306.13394,citation
2e96ddea02dbc3db2f7484b1501cf63ad1dd6368,arXiv:2306.13394,citation
942328473407147f609761dc22128a503713df58,arXiv:2306.13394,citation
3b6350a7a53911767f50ca3f17f99619470bf997,arXiv:2306.13394,citation
cd9f7ad1ae335a301c0900d2fa114875c67d5064,arXiv:2306.13394,citation
042e07d3f2ef78a85e8471c6451d91d099e772ba,arXiv:2306.13394,citation
0b6ede61117660bfdb8609da8e64bebd8ad159f5,arXiv:2306.13394,citation
5e49ef83811ce010dfa5fd237a027ee52c098daa,arXiv:2306.13394,citation
78dfb79bdb2e608245a8ddd1fbcf175f9043f258,arXiv:2306.13394,citation
58d4c252e4de3a763b879db4513f15a643501d89,arXiv:2306.13394,citation
8b628d4469e7a244ba44c7788aa2eac54ef70418,arXiv:2306.13394,citation
7b7de663ae203f8650c5876fffa9556ba9e84469,arXiv:2306.13394,citation
2db74ac168fde14deee585f7fd21b05846711677,arXiv:2306.13394,citation
4465715eeaee19283aaf96a557ac6682fdd09217,arXiv:2306.13394,citation
f46c92305ba8e0eb782d99cf1857501f026f9707,arXiv:2306.13394,citation
eb8d97378c2aa78dc2ade95b6558dd8a388efb12,arXiv:2306.13394,citation
38e8d73aad0bd225879ded07bd42111f2e42db4a,arXiv:2306.13394,citation
a048a89dbee23c4479c272b885a1731e5aa342f2,arXiv:2306.13394,citation
68b11149fbf9e801d59f8ec584ee9e76ebb36f37,arXiv:2306.13394,citation
6b34d9f4a91670a265ce51ce4be71cdbf8e15d05,arXiv:2306.13394,citation
c1fa31734bf75df4cdd1a6a04f63307d9817ed9a,arXiv:2306.13394,citation
8bfcebde35182cb51ac156ae20c30fa8b1919318,arXiv:2306.13394,citation
344ea934835aec1b883210eeea3855c279549927,arXiv:2306.13394,citation
28a907de09db656ff82d1c2b18bbce4e39a2c6bb,arXiv:2306.13394,citation
7b35905fc8b54fd298edc6d10cb855e87629e1bc,arXiv:2306.13394,citation
5c0da59174f71465ca5cbf2de72308dce0bb4068,arXiv:2306.13394,citation
a345bd1e6b1d040505d38f33098bdf8c9a622868,arXiv:2306.13394,citation
0bee7b683db29799aea9bb7c76249e38835e967f,arXiv:2306.13394,citation
e005ba8ad565dd9d9b62f144c50fbbdb8e1beac0,arXiv:2306.13394,citation
94ae45252cbefbb1381d23c20ba3e053e70fdb96,arXiv:2306.13394,citation
5976a31d1b0f3edb4032803168e33cb7fdacb5a4,arXiv:2306.13394,citation
8bcc3f4e44e8b2deca7fe9c884a5fd6ef02a46ca,arXiv:2306.13394,citation
c809278c060543c07b640abfc34820d543730888,arXiv:2306.13394,citation
faa76d61e9e8e7b247d1632e76bb2138693bb67a,arXiv:2306.13394,citation
0bef0c20b84cc3a944513fe3e2ff9bab90713fff,arXiv:2306.13394,citation
e593cd20c582a1336b7de9e4f41b2f77a0dfadcc,arXiv:2306.13394,citation
3c09eb869374eaecb3eb71ed89f21fd511a6e730,arXiv:2306.13394,citation
cf9f8815cdcf6db63f71b6ddc5fbb54344d8a115,arXiv:2306.13394,citation
89b9cab0d5c1c206be80b6a0b6181fc79394f0b6,arXiv:2306.13394,citation
d615a2da03c03c6503a5a7a7c61546f6a4e8554d,arXiv:2306.13394,citation
0846688b77c8a9f691a9feb4917ba9f6fe4c6360,arXiv:2306.13394,citation
a7050c96b89eb06a716ee2bd4477094de69d82b2,arXiv:2306.13394,citation
c15d62b79e3f95dff9f22068bf90b8069806e21f,arXiv:2306.13394,citation
6567c0e4f7bfb009e05b29bdc4e5b4ef94b40469,arXiv:2306.13394,citation
c2cd90c5ce3e029c900a7e837783b8e32fbda424,arXiv:2306.13394,citation
18f0a8f035b212ae82c47170dd2d08b66a2cb4af,arXiv:2306.13394,citation
0a043970059a22f43e295e32084c861f242eb57c,arXiv:2306.13394,citation
b2c032f6122321392303dd6b68784be86b5308c6,arXiv:2306.13394,citation
0c33df9fc20c9314a0883611e9912a94b511569c,arXiv:2306.13394,citation
6242915289b937ea87f278c682eb7d9847797345,arXiv:2306.13394,citation
06f9147453d518c932110311de28bc897550de6b,arXiv:2306.13394,citation
e90689ff80c5cda5a3f18b912dd0e09bd6e4c49d,arXiv:2306.13394,citation
ec877ef98d08dde72cfd1e29f73cd40ac6d3316d,arXiv:2306.13394,citation
502bea683e65203d966482d268a181c1bff25bcc,arXiv:2306.13394,citation
19c50d71b651f2ca3f9f4709dbc5ac53925693bf,arXiv:2306.13394,citation
843f89ce925cfedff681bf22cdf3d1b2cd8a2678,arXiv:2306.13394,citation
915147811cbfcfdb1c9b8a6da388f2378ab8fce9,arXiv:2306.13394,citation
9ab991106044733043922fee457a1e3311060c2a,arXiv:2306.13394,citation
bd054aecd5f901d8a1b29d84c8b0aca0f9987068,arXiv:2306.13394,citation
dac1d9c0a6919b4eb59f417fa409d7ceb5eb7db5,arXiv:2306.13394,citation
90de34816d7b5aec17f8bf048b75de7d257cbaac,arXiv:2306.13394,citation
b17aab3a2dc9610112b905bd4e9ad1254a8e2492,arXiv:2306.13394,citation
19da3456612cdd1949cd3c3bf28f57873e5c4df7,arXiv:2306.13394,citation
c90832a84ea0b17626be02abd752c8e5421f7db8,arXiv:2306.13394,citation
815d24b05335dce6253be01a61f47538ed654ea8,arXiv:2306.13394,citation
8839700fe75a6e78f12cd73bcafed4c54cfcd19b,arXiv:2306.13394,citation
9008b6df6ad1fbf93406911de8d6f233795d5e31,arXiv:2306.13394,citation
0f172f3e813bdcba1f68a93e418752da452cc034,arXiv:2306.13394,citation
423e03b2a83e79a0ecdaafbb7c7bd5b956a2f3a8,arXiv:2306.13394,citation
4f62ac743e2ed33e682a9c6f5f7875723d9a7025,arXiv:2306.13394,citation
a5091934018e32a261f29e82907c418820327ed8,arXiv:2306.13394,citation
99efe9ef5589820306586c8d350758170dd61153,arXiv:2306.13394,citation
ef81cc84a5357cee1ac1c21ff99ff07a606a75ad,arXiv:2306.13394,citation
5127d4b515400985342b9420013c149233ee5bea,arXiv:2306.13394,citation
1b0b89ea94b54390b7e8153a42e497197e828a66,arXiv:2306.13394,citation
5de6597b613e6cb1dd95038b91311c77f7b6f250,arXiv:2306.13394,citation
4eb8a27c29809fbdb5c769e394409ce8c48856e1,arXiv:2306.13394,citation
dbd4b0d89182d0b26d5e2757cbd7c9af92b76728,arXiv:2306.13394,citation
705aaefdd658ebd1fba6df4587bde46059b869b2,arXiv:2306.13394,citation
3c22740ef315d42f88f8214432b3b907ab815456,arXiv:2306.13394,citation
492aa7696c025c9a4cdd236c955001589db28dea,arXiv:2306.13394,citation
b4ab16793520c9ab8db307677a4b9ae77220bf65,arXiv:2306.13394,citation
3b6496f92aacaf7da1ac312557b1c289b3bef543,arXiv:2306.13394,citation
a8504c190e8b58177993a457a76acc76b41db6cf,arXiv:2306.13394,citation
5fa9bdc8709835d1c5fd1158f5ed72b6a8b1b226,arXiv:2306.13394,citation
24d044e45aa4dbac099b435ef931c221d4191588,arXiv:2306.13394,citation
55fa59e52a64228611330572346545b8d924de98,arXiv:2306.13394,citation
019b14c04e9cba115b969ce707a45770023aa96a,arXiv:2306.13394,citation
c7d857f2421170cbae8107717a8aef0e99d6d2df,arXiv:2306.13394,citation
3af2bff5415fb119583908a08130af18c84cc9e9,arXiv:2306.13394,citation
dd8cbf43f811275f78638af597cc943bc7771f03,arXiv:2306.13394,citation
827d88432bf719c39493f8b52449198787879a56,arXiv:2306.13394,citation
1c09675aa3d0986a36f790fb7276f6fa29c41d94,arXiv:2306.13394,citation
d077069902bc4a40bafc8cadcc7827ad45242259,arXiv:2306.13394,citation
b831371811780e6c919251c905e31e9216ce4c13,arXiv:2306.13394,citation
b622d252eb21e5e90d318b533dfd2e606608916d,arXiv:2306.13394,citation
0463becaf1c27325b354f1563fd1c20e2040222f,arXiv:2306.13394,citation
1dfb95e5e365999702e8f16271c90a8fc172aa5f,arXiv:2306.13394,citation
305533bbddc2d8d960d58511ef4603275a096955,arXiv:2306.13394,citation
e448569d1af141336897d9aff91cb5818dee1004,arXiv:2306.13394,citation
9c0e16973abbd0bf8da1a6fca8c1b644f3ffe45b,arXiv:2306.13394,citation
4925492709034cfb614e89c15174669efc54d169,arXiv:2306.13394,citation
f9582334417a67634b877621c567ef37641694ef,arXiv:2306.13394,citation
ec277a5684d52f2e5f5b571c1b6b17552da59708,arXiv:2306.13394,citation
0c9b4f8ebf3118e5fa0518211a7aa6e2425ed1c6,arXiv:2306.13394,citation
f43afec8c20ee227a43f0820335bd23bede7f2b5,arXiv:2306.13394,citation
5f49ec9560ca9e03eff32a607f6caabc08f98926,arXiv:2306.13394,citation
84447fcc43ce4c9f975dbc8ec9e54e67c6453833,arXiv:2306.13394,citation
ab36ffad0a5364b17d3a73ea3258c5ae4068c341,arXiv:2306.13394,citation
3e12f0356f6a24fc97e1541f881003f8c0515094,arXiv:2306.13394,citation
965f28f3b0334b53bd30a10c324a359c5f5c6e65,arXiv:2306.13394,citation
c3a3d10d8ca64c546431b0604f4838518ac40e15,arXiv:2306.13394,citation
7c4847af1154118aae5c2f07fad4b98ea9bff49e,arXiv:2306.13394,citation
32ab8c59adcf1b5b5fdee2f5ddd8addfcba3bf67,arXiv:2306.13394,citation
5d9a7165fcbc756d514d08aad2eff1775afdbaaf,arXiv:2306.13394,citation
eba22fafe9a7f7cdda35539ae3dc8debd77aa714,arXiv:2306.13394,citation
cb42b45a8875f9c20c91ba02046e806569bca618,arXiv:2306.13394,citation
5c7bd0e337f2080038c0c62d6167dfd6d5007ed2,arXiv:2306.13394,citation
565582bcf30a55ceafa453e94da26d528eb1fc20,arXiv:2306.13394,citation
f4966e4fb7cabf892cfa2f19fe547a223ba6ee6a,arXiv:2306.13394,citation
ea928e4c1b390a9454f9bd418c44193054e7f431,arXiv:2306.13394,citation
6247ef8bb75fb971d7e7cac2aaa27e118900acee,arXiv:2306.13394,citation
6beb659f177e524bed731bc3e7aca3260a92f7ad,arXiv:2306.13394,citation
134a66cc64344b9ef913e0f25c2fab6f4ff92c94,arXiv:2306.13394,citation
1338ea7c16daded3fc1a2185f9dd859828d884a6,arXiv:2306.13394,citation
aacc7f6a862b18d1ecf608eb551a90ff740785b2,arXiv:2306.13394,citation
ea95ce75a3c205e347cf3671f550f6a0e415be64,arXiv:2306.13394,citation
2d384d1c2f46645b2808cc4bb779aeafdea927dc,arXiv:2306.13394,citation
6d242c538893f35e35855190db96103a2b22d521,arXiv:2306.13394,citation
100d12b7a41db0d16e5db26d54db4e7ca8f24899,arXiv:2306.13394,citation
dad0c0d62c7d4afd19353b5ed48581e495cc8e27,arXiv:2306.13394,citation
e235f936d187789b70d29f2c56288a09226b6c7d,arXiv:2306.13394,citation
a07bd7bcc79c19f7257ac016f950a19a261b2c12,arXiv:2306.13394,citation
e97e55933ba0e821be2adcbabd6546e520a24c9a,arXiv:2306.13394,citation
bb9190c2e0573a076f991037312d7cd65d8ee686,arXiv:2306.13394,citation
6d2a2e27bd6d4b72ff92f5dcf5ca46ed2baf68b0,arXiv:2306.13394,citation
9ed62259f39572f01d8b0c2188e52f24f818c423,arXiv:2306.13394,citation
49bb41b653495a63d416636ae7545c44ec6b59cc,arXiv:2306.13394,citation
ba8f1e36ca5f16a61d679f1ddf7b2cb3e298b354,arXiv:2306.13394,citation
4dd465695fa8358dc879ec32461a7bafc918a150,arXiv:2306.13394,citation
b3017d44ad81e879a66c2551d0a7e30a53212e35,arXiv:2306.13394,citation
5332966dc0e2c50def336eebee24702e386f2ff8,arXiv:2306.13394,citation
2feb4d83da1892db3934fcf406c8beb6cd10ded1,arXiv:2306.13394,citation
666f9f90c297ea7acb471e43b8f754b9d46b6f79,arXiv:2306.13394,citation
c680e5d34b713f8b63ad68149973d5b2b485dd07,arXiv:2306.13394,citation
43c3653e5fea945bbdc84be3efd9db019ce51f43,arXiv:2306.13394,citation
b2dfbda2dc8bc8954d64db8f0c43d187490456bd,arXiv:2306.13394,citation
de52dd1a127ccb0c80d3bbefbb3d32c1115a5986,arXiv:2306.13394,citation
f6aeb1921d39ebe47750b9fe3e77a4c264b8fb91,arXiv:2306.13394,citation
24ccf4962150d54fb77f8eb6337a55e545995d81,arXiv:2306.13394,citation
13136f0614742d62c0478cc4eec630bfe67217d4,arXiv:2306.13394,citation
e983e8a71aea786544fb81a7b0374f851a7ba8c4,arXiv:2306.13394,citation
62312a91938220ebc389f4453e72816408e6d2b4,arXiv:2306.13394,citation
a2a00b7212adc3b852dc8c48197fd2aa11e36663,arXiv:2306.13394,citation
50b900f9d4cf428c97253a1f2289d5628d798bba,arXiv:2306.13394,citation
8e3d6656c3f5a1b4c23181240c0c5f9b71890a1f,arXiv:2306.13394,citation
f684aa1e48982f22d7f7bb831b06298582a63a48,arXiv:2306.13394,citation
7f43222a5b53f1accb6c70fe2df17b572a077ea7,arXiv:2306.13394,citation
84fda709932464575ddfcddae40eee3152bf769b,arXiv:2306.13394,citation
d90aaa882f785d0cd96197a928358336832da908,arXiv:2306.13394,citation
043f80aadcafb06ce393ad7f8621f0b79753f55f,arXiv:2306.13394,citation
62b85d34ad4772594afb93bb0b2dfd597cfd8b62,arXiv:2306.13394,citation
186303c13e9dfca078913a7b4a96f93cf450eee4,arXiv:2306.13394,citation
b45cca1e804cd1ee8bc0cc29906ed22ffbf8f0c9,arXiv:2306.13394,citation
36a2f6713fed47f1932e19ee4a8b6eeffe3aefdd,arXiv:2306.13394,citation
ea9c2bf883bee6aa117a5fd85117ba0bb36bf687,arXiv:2306.13394,citation
668f9e22b64c270d0bdaefe16c6a69992a39692a,arXiv:2306.13394,citation
034bc82f65fcfeea24c32b236beb2cc1b7a9513b,arXiv:2306.13394,citation
d0e5421fc93c99fbdcc2c3f045b11c351ea76364,arXiv:2306.13394,citation
5b7ad7b37bdc9fb43e054d18e2d918de33ecb8d8,arXiv:2306.13394,citation
0d97d163ef8c10db9c4be9e1e97d50eb12580b1c,arXiv:2306.13394,citation
8f13f5dc6bce34630c6c34e46fe0bfd559efb54b,arXiv:2306.13394,citation
8ab0db9c193491491ed44f5bf217f62023c0e61a,arXiv:2306.13394,citation
09b29e7d4b280e03bfd55c256cfeb50e5b2f2dbf,arXiv:2306.13394,citation
10f278d20b235a4ce3c552da9c4642de3a98b483,arXiv:2306.13394,citation
c8e17ce205f9c538c32f7f482687cd79e026f3fe,arXiv:2306.13394,citation
260f54bc42934cb85c71318863b5f3b2c042d92f,arXiv:2306.13394,citation
353c781fe72253f05896430335bf80f3c02fcc21,arXiv:2306.13394,citation
48b23225d036b8aa306dfcfa9c35cfc4195e4bd1,arXiv:2306.13394,citation
9b689793009bd46f01116a1ef1c73363af8a25e6,arXiv:2306.13394,citation
e655a70fe5f86d265a12b3e162f08af585a2106a,arXiv:2306.13394,citation
f3757ba2d8ab93d62fe976c3e5e4a5e5cbcfdfaf,arXiv:2306.13394,citation
1921e2e7f65eec605c4690a215c8901eb14320e4,arXiv:2306.13394,citation
d6da914d0c8021df6622857aba23b794fc7e6a40,arXiv:2306.13394,citation
b590281a19d5880f3454455e398732a7550d43eb,arXiv:2306.13394,citation
cc5f0c6e92ec9d37fba3f52defa3efe04fdb08d0,arXiv:2306.13394,citation
2e668116801d3368094f6d936981a70cc356e0b2,arXiv:2306.13394,citation
b438a496045feccd1c028f1ce034062636a1ee04,arXiv:2306.13394,citation
3896d68145ef7f8fd23687ba7c204523c7d7b808,arXiv:2306.13394,citation
b0b0c76395c61ca6d9104744de89aa4f5d711acb,arXiv:2306.13394,citation
4bdfe9159821867369261180b61f15cfa0957ae6,arXiv:2306.13394,citation
dc8da3541af776de51c1f1072da2cc5af842bcdb,arXiv:2306.13394,citation
35a9e49660eec4832490516d08389b14a0906186,arXiv:2306.13394,citation
d2626d990c9b2a2ffc4de76b266b4653e36fffc4,arXiv:2306.13394,citation
872f069b4f8ae3a9aaab9b32f9c563cfb6f8cd93,arXiv:2306.13394,citation
3c50e5667d4d6b81dae2e1cb4ecbe10ac32cd72e,arXiv:2306.13394,citation
6c5dfb45136dfb442dea2b8a7925854ed5911187,arXiv:2306.13394,citation
21caa1e04349a77f46a6683889c0a6a7ecfb8afc,arXiv:2306.13394,citation
33ebcdb0c65d2a83581dd80361b63c699b9af1bd,arXiv:2306.13394,citation
22a226ce5e9fda1947cd26b72ef542e197e2329a,arXiv:2306.13394,citation
4612a427a3293c64a9dc71effb8d8942ce3ebdb1,arXiv:2306.13394,citation
93ef7bcafce7ba004e89a292f4aa1eb0b53a80ee,arXiv:2306.13394,citation
9e2037d7d2f8222a7be86d2471eda895c8040ff5,arXiv:2306.13394,citation
ed458b5d6442aa700131ae4574a143ec1b4cea42,arXiv:2306.13394,citation
c3f7bb144864b39493ab07e44ea5cc8eb20b51be,arXiv:2306.13394,citation
2394adcc1e5da3e2896c53be07df6075787770db,arXiv:2306.13394,citation
5670896a5644b2ba38c5e0da3d4ba77d3dbb0ca6,arXiv:2306.13394,citation
7bf7b9d24eaef1d30f77cda4f4489e36a8329ee9,arXiv:2306.13394,citation
a6a7193975a745d092d01888f15225fba2b0bb9b,arXiv:2306.13394,citation
b314ecf0a476b25fe21a74f0896411b4e08ae067,arXiv:2306.13394,citation
2705bb223507cdd1b9d4ff253b1129afd472f810,arXiv:2306.13394,citation
90623aa899422b0804993a4b5a11c9b8226bd0bd,arXiv:2306.13394,citation
fdbc542fa0fe613ec5f10f2f36edc3c1f09a73a4,arXiv:2306.13394,citation
cec4e2ef84852292f8135dd82ebc2e1143426ba2,arXiv:2306.13394,citation
c0be36d82bbc3a611fbea4f2f334ee7eed397b9f,arXiv:2306.13394,citation
b0d1897c7aabe4703321f2173fdf0dd41746e488,arXiv:2306.13394,citation
8c384adc81b5cd7a5bbc497b9305f8493b939bf2,arXiv:2306.13394,citation
aa4645eaf2e81efa7cd72d4c7508638918a7a55a,arXiv:2306.13394,citation
4873ef1dc27bc063b8fea3ed7aeefe8e2147a0bc,arXiv:2306.13394,citation
f9b3cb121f7fd0884d807a07f9afbaabae674056,arXiv:2306.13394,citation
2635c1aeee582dacb865f00d1289b443c3d96d02,arXiv:2306.13394,citation
65708a9408af756b4bbb32c4d420e2123279decb,arXiv:2306.13394,citation
40068542d9157e67b58932a281c0be82170bfb27,arXiv:2306.13394,citation
8ddd206429f97f0568ccf58c8b1d9cd54bed1f91,arXiv:2306.13394,citation
a05c0dd5a8bc70814517fb424cf55e94b4208e67,arXiv:2306.13394,citation
1c53ce6c7291134272a8125e13056e9bbade95a4,arXiv:2306.13394,citation
7ca79effd33190aa08a8fc9f9aae1a6d030c94e5,arXiv:2306.13394,citation
c4d3c2516d24bd1c0eff93ea047147f3afd586ca,arXiv:2306.13394,citation
aac9a66d9840c092a0b7c6b198431ce8411a9b24,arXiv:2306.13394,citation
9eb67e6179ce1eba746a5c2d35b5187458442a95,arXiv:2306.13394,citation
130d3c0e55cc8e61537c31d8d3c3cd02330b8950,arXiv:2306.13394,citation
ba1f57bebc41887a7e7eea2d6c3de952d46624a3,arXiv:2306.13394,citation
d1e3785495dd5c192a767bbf18aa23b62cc91a47,arXiv:2306.13394,citation
8805dd4733a6b503409c251b0e4cf5d8ed9ab201,arXiv:2306.13394,citation
4bee9cf0d3c397b1e67157eecc600f200efdce78,arXiv:2306.13394,citation
3651f295b9b6fc267a359328a6961e39dface36e,arXiv:2306.13394,citation
191965af25a4ff05b3aef29441d54973787ef808,arXiv:2306.13394,citation
bbd885c424715c375a6f8068da359c9c117263da,arXiv:2306.13394,citation
37f8b6e05237be56ca6f5d2652ab000395a0eae2,arXiv:2306.13394,citation
10e036936f72cf71a975e620cbe5a209fe0079ab,arXiv:2306.13394,citation
ad6f68db45aaebc0e61b342d03da4c2702ce5697,arXiv:2306.13394,citation
d90b45ad12e49e3fb9d4b9a4ddef323436c9c9ad,arXiv:2306.13394,citation
4c4e432be26a334f9887f8a0fbac878e3bab4839,arXiv:2306.13394,citation
abf641a6e35224aa786c56dff9513a45d2976779,arXiv:2306.13394,citation
85af152a06415f15dfdac7d7046aa5fd31fa11d5,arXiv:2306.13394,citation
d8b9881ec3a8bcb365734278e36fefcd020f5275,arXiv:2306.13394,citation
e0c60a96ddb0c468f4a330f436adb37dd5ba87e7,arXiv:2306.13394,citation
74e3e679a746f3798016e042bb082b463c5a219a,arXiv:2306.13394,citation
902b7597bda7b0cf4b8ef2b0df9bc570f229f689,arXiv:2306.13394,citation
4827ecf2d6604cee08fdf1570bfd92a8a16cf9b7,arXiv:2306.13394,citation
9dbd5ba59d900b8cde2f515fd4ef83e6bb5e9304,arXiv:2306.13394,citation
c426d15c48bef561fb8b790fdf0c3d18c5b5d237,arXiv:2306.13394,citation
f142fe615c5f47c7b6293a97d16e18b134e22bf6,arXiv:2306.13394,citation
ee2ad6649b8c1df092fa93965ba4c7daa497c2c0,arXiv:2306.13394,citation
f0467822fed5ce8041269e0d747f67bc99ddaac5,arXiv:2306.13394,citation
9eafc70fdc24b1fac8c4075a6ea7e0ff2f0f328a,arXiv:2306.13394,citation
bf01278f323c023bbf83f5b9bdbca7eca29b76b9,arXiv:2306.13394,citation
96ea9806a0db5d3aef2fbaa00a29f14b71831306,arXiv:2306.13394,citation
379b131f158ae80bbd4f34160510af81b8added7,arXiv:2306.13394,citation
39a281717ccad318b1f75b059e322e60b157626a,arXiv:2306.13394,citation
0ce5e5ac7dfd61e05c42957553296a2034cdcd3e,arXiv:2306.13394,citation
33b6c871d102b9cd7cb12ecfd18c5034c4e1aa22,arXiv:2306.13394,citation
9a2c37ab4e38652f0d50dc9818e06d35e646e2b0,arXiv:2306.13394,citation
90badea43def60f0b5ed161db7958097c58abfb4,arXiv:2306.13394,citation
7aa2ea3d890e6130a282e557ac8466c0597faa51,arXiv:2306.13394,citation
a768f7f3a4542b0909ee43ef402b55f7273b78b7,arXiv:2306.13394,citation
85dde00b42f55a59b27c5ff698d4f75bb4619c4a,arXiv:2306.13394,citation
325d77cc8f6fe77045c0d6d9eb32fc7019f64e63,arXiv:2306.13394,citation
2c2396e96e88f8ff0b7f37ad243675913761d58d,arXiv:2306.13394,citation
140331a0807e2bb9d9544e7b354a116ddc922454,arXiv:2306.13394,citation
6444644fa06f8416acf31b516b7917a3a64b7d2d,arXiv:2306.13394,citation
9ffa33afb5160e5059bd165b75cb14027ecfeb86,arXiv:2306.13394,citation
61b1e363576279fe00b3dff906783146e859ff1d,arXiv:2306.13394,citation
a525a70bf9f96964fe14480b7b2e787056fb0bb5,arXiv:2306.13394,citation
62a82afa1b2adadb68b4667ede9faab0613a6cd9,arXiv:2306.13394,citation
e4a51ac5b0c1fc45e628dbc71a10052e3af7573e,arXiv:2306.13394,citation
9390a4441197232e2cc44688980417e59b1051c2,arXiv:2306.13394,citation
1a71f7b216b710b936da666027014adb83af8e7a,arXiv:2306.13394,citation
cb07b22effd5d3aecdd5af5b3c0c897c6d45fabd,arXiv:2306.13394,citation
1446e8a4ae7f851772edef992c23eed9c4cbe8cd,arXiv:2306.13394,citation
a883fa136596b08b1aa7805b1e0c4b85a3ae0b4d,arXiv:2306.13394,citation
9591e903e04ca4b74d7892b59fcdbd368d6e5e31,arXiv:2306.13394,citation
8a9dc173a27c7522965a72411ef951d1ae2d38d6,arXiv:2306.13394,citation
03e2f5cded1b1d92dc8e693e0e93ad466f6cc352,arXiv:2306.13394,citation
a57bdbed3032070564efab6e39c197e27cf82d23,arXiv:2306.13394,citation
32e11562e20f14c153176288df8d3217427ef197,arXiv:2306.13394,citation
88e52de2320e06c7556795be43b38c85a9800e5a,arXiv:2306.13394,citation
285d2884ba835a62f50311b360185bb6a6b1d061,arXiv:2306.13394,citation
9a74aa7c959f9308438d9868cc7dc237c5ed6683,arXiv:2306.13394,citation
bc612aac20b532da7688329b3f4b0726bd6ecf8a,arXiv:2306.13394,citation
b1cf4814bbf64498e0a2d3e11b8a7dcac71dc475,arXiv:2306.13394,citation
4d915b7291b76bc3a5af93d5d9edc7ba8c1b3df9,arXiv:2306.13394,citation
024646fa496d1fc2d082e8f3ea3dfbddd9081714,arXiv:2306.13394,citation
1b71ead33dd0c4bf677622fb01fb774e23c6da87,arXiv:2306.13394,citation
aaa7e486cb41d0bd84af174bee80545fe3635769,arXiv:2306.13394,citation
74a0ee91424a46fb73a340d0daeac69cc4e4a37c,arXiv:2306.13394,citation
2dd98960f9b129c18dbbcffb11e034619b0af0df,arXiv:2306.13394,citation
235579f08caa153bced258662da9a36825aef4fc,arXiv:2306.13394,citation
425dbf0bb4198b630190fc582c9e658582d62817,arXiv:2306.13394,citation
2bb3473b4dee613d2ed2c6819f13a8a5fd40981d,arXiv:2306.13394,citation
602a4c5cb3a23d0b950f3ccef5b2ab1c135d5d55,arXiv:2306.13394,citation
24a91683b4011fd24d9593ae9a48783234bc9819,arXiv:2306.13394,citation
d1a0142954814bab9d01d330a67082f630b35e72,arXiv:2306.13394,citation
457f936679c44b4c477563bb7936e232fccb581e,arXiv:2306.13394,citation
5d1aad2ac1f5de9c47cc499832c511bc7ab7800d,arXiv:2306.13394,citation
fa3e962751f094e2236e843e9057f36fe5f8ba5c,arXiv:2306.13394,citation
bb0799cffdb2d676e1b68d15183371473c03a4fd,arXiv:2306.13394,citation
507c4ae9196d68e18ec448c80403801581d63447,arXiv:2306.13394,citation
33539cd2a03a1ebcc9625ba10ecdc6e7e3b4c42f,arXiv:2306.13394,citation
59b5223861e7f5e62a1fad746b74a26a21992f04,arXiv:2306.13394,citation
ad7200da4049842369b1f3cc40cd0f7faf803a91,arXiv:2306.13394,citation
0cc05e1acc178cfa4b26cb1b0271497363d4147f,arXiv:2306.13394,citation
01e550b39b2014a99656e41ca2b0e7e78503df5c,arXiv:2306.13394,citation
b6f76e2c02b020f447067ba13eb7e5b04c33bece,arXiv:2306.13394,citation
e83da7dec37f3f20a7508ce96ed6ccf981005ad6,arXiv:2306.13394,citation
bd05f4c741673538c829133965461047abfe96e1,arXiv:2306.13394,citation
b044e1eab133605270c0f72f695525fdb65aeab5,arXiv:2306.13394,citation
67dc68d5bd5a4d39004d1fec75e039949bd51e40,arXiv:2306.13394,citation
5bb3e6ce2ec81e71607e1f675962e01bd1bc02f0,arXiv:2306.13394,citation
25724e27cdbcf28a8d22f9e48f81e8cd5e401513,arXiv:2306.13394,citation
227c2f542f7848c16af712ea417ea2177a6450b9,arXiv:2306.13394,citation
9686f718fc9955bfdb6f8ce3e37fe46f57bc123b,arXiv:2306.13394,citation
7f397693975382fcf3b19225c0cd89d5f50a017b,arXiv:2306.13394,citation
d160e10dd95a8633bbd693e376a0f13d32549a77,arXiv:2306.13394,citation
7b181a867f243d83ed0731201b69a82e038feea3,arXiv:2306.13394,citation
fca2da71f3dce2f757aef39e561a572f68106603,arXiv:2306.13394,citation
e5b3e02748e9d5aabb8f2756a90d7ac9feb4d49d,arXiv:2306.13394,citation
67cfffd1791cac14ef74b6165cc1b2afbc677691,arXiv:2306.13394,citation
8728a996ceddd79eda7280608e61b11e5f993715,arXiv:2306.13394,citation
4bda1a4b99fe37b007d727f6764a79e91a40321c,arXiv:2306.13394,citation
8a31a1db48f1776e245ee73666f327d00682fc5f,arXiv:2306.13394,citation
896d85d6310ffc6e4e3d328b54f127e898841bd4,arXiv:2306.13394,citation
d3c5f4d6a90c158fccc7df5c8e6644b47d5786f6,arXiv:2306.13394,citation
9cf34c447ba9d82960bf7509edbd38e97cd5d445,arXiv:2306.13394,citation
dd5f21a71cf9f8c9e24aa1fbdac86c2cec35d6f9,arXiv:2306.13394,citation
98c703db23d27376f9987f7e8f0fd41baf25f5c4,arXiv:2306.13394,citation
11159e03ed50d72cd84f7949b09bf87b6d717c1a,arXiv:2306.13394,citation
11e9e4854f304de88a950378009f1663155cf1f0,arXiv:2306.13394,citation
af31e3bc59459e7f6215b903fdc8562c0694e79c,arXiv:2306.13394,citation
3a4f81830045a8bc64b85b12656de45377971eac,arXiv:2306.13394,citation
10e88b978fd2a455c9addc9fb4abca72fce83e34,arXiv:2306.13394,citation
0257ea7eee5afb66d8394f5fdad9fd87d3ef04a2,arXiv:2306.13394,citation
583eb562bd5f210b305154b2235d668d3949a195,arXiv:2306.13394,citation
715a93dbd51aaf7278e22c921af184a8eaffbd2e,arXiv:2306.13394,citation
ab7a029c430f9643a173906472533c71426acfb9,arXiv:2306.13394,citation
5c6b4d01babbf24c3474e6a10fb7154bd515b3b7,arXiv:2306.13394,citation
cb98545d6ff56f4d0f8b639d3e778b7dcbf029cc,arXiv:2306.13394,citation
000d1d7fcc043c34a99afff72c06328034594bc7,arXiv:2306.13394,citation
bfad5b798e2223259a787ff01e9a08cf10948d88,arXiv:2306.13394,citation
a343ef4f46ccbe0ed352afe748c68d422fb032fb,arXiv:2306.13394,citation
1c76caee0fd659253a042e91f87ea85b26a29594,arXiv:2306.13394,citation
8f1c46e0938ed9dd4e106ede775bb8e75a8442f5,arXiv:2306.13394,citation
5d3eacfd4e44dd5fa88026edc5848f8bd5efea0e,arXiv:2306.13394,citation
dd0d619e59421f4bbe7b1230d4327c2ccca9dbaf,arXiv:2306.13394,citation
c17848e995c69a63134c8ea9b1068c07df058010,arXiv:2306.13394,citation
7e9157b84155d75d1300e373375daef12d838f28,arXiv:2306.13394,citation
74894e3d6cdaceba75d6c256abc1cf82483e4e21,arXiv:2306.13394,citation
fcfbf158468d35a3f339e525e6810f8950edd2b2,arXiv:2306.13394,citation
6f61c7f50144ba142981f22ceffc1cf9edb9fa77,arXiv:2306.13394,citation
edea43a7a0e181f6d26b358969578d5b8869bfb0,arXiv:2306.13394,citation
5d2bc3bf1fdf2b11ebb4f48de1c98918e39d95aa,arXiv:2306.13394,citation
c39db860fd303ff1a836797fd411ffffb7c35267,arXiv:2306.13394,citation
be58f40bc78b10d09adaa92bfa48788662f276d3,arXiv:2306.13394,citation
90ce22cf2f5c1e13756e1962c56555f94750b6f4,arXiv:2306.13394,citation
abaa0a01ecb88218f95b5d2bc2ae1808acc671c4,arXiv:2306.13394,citation
923d60078f043b90ab6b321d91e50d6d695e95d6,arXiv:2306.13394,citation
c6023b7b7c4b540fb5c79fe2b9f7475f2482c480,arXiv:2306.13394,citation
a1a6950adf1ec638fdba66eee3561bc1b3864670,arXiv:2306.13394,citation
9ec9d316ba8d8dd731dd810f2a000d47d06924bf,arXiv:2306.13394,citation
5cbc3f8433576fcfd977a2f58af6968661cb9d8c,arXiv:2306.13394,citation
5d05b7411131f8730dcb6ccb89a66700b3d6203a,arXiv:2306.13394,citation
42383c5ef294cfe5cd3ac9463ac20c49c1f35074,arXiv:2306.13394,citation
557167c645b6b792922775665b69db42c67a3c90,arXiv:2306.13394,citation
be331430d8c2ed63e0e31375524f6d2118746b82,arXiv:2306.13394,citation
22552dd0e7789f175a302055f06444a12e22b652,arXiv:2306.13394,citation
821796e724c06772da9a66c9d13d75d749c850fe,arXiv:2306.13394,citation
5b2e57ee9b129f023414b2e6a94197b3641b4eea,arXiv:2306.13394,citation
81860ba97bda3b9d6ce20e1b19492fff7ffff7f7,arXiv:2306.13394,citation
2126e045f81b831da34c185e2b51a49194bf4aa4,arXiv:2306.13394,citation
027cccc533baefde3244fd30c5f212516f584d01,arXiv:2306.13394,citation
9ee07c29d44529075b8a57d34e8644de7acc19b9,arXiv:2306.13394,citation
6ee526f585b28df575be596a332c046018f61dd5,arXiv:2306.13394,citation
5c6abccb4692c3eba5f13a2871a0f8ab272a24c0,arXiv:2306.13394,citation
845d45dee9fc462b074cdb819928045ddfcecb84,arXiv:2306.13394,citation
31ad694d8a9b50ad8f619d06b4d25d48f9d91201,arXiv:2306.13394,citation
362dcc6cca690940f4b47828c5e1894332f193eb,arXiv:2306.13394,citation
db54861e0b31b0b341bbc9655f30dca98201ffca,arXiv:2306.13394,citation
acb53707ebc5ce954d9821fc721382d997befbe7,arXiv:2306.13394,citation
1fdf0077a6e598669f9b9c8a07a1f8742cdf2e72,arXiv:2306.13394,citation
bae3e3babdf9bc7c05d765811005a4964854149c,arXiv:2306.13394,citation
991177a764b5a1d01d4466867238cb97104729fc,arXiv:2306.13394,citation
b8a0f5b718c2dce94c134b0cdc721d75183a6e01,arXiv:2306.13394,citation
bbd0efbe50ad91d5078079d541164ae6d97f3f10,arXiv:2306.13394,citation
aac4640980821b7006aa96a1cc99d434cb4fae56,arXiv:2306.13394,citation
a7853ac0766ce2668fb37d3dbe5ccea476c90047,arXiv:2306.13394,citation
db646f0eb37bb97fda3a89f94c81e507f9421ba9,arXiv:2306.13394,citation
14f139d035b818cfd16e1dc7665aef6b2ebc6741,arXiv:2306.13394,citation
6b99a0401e6276aa422384d92242c0c13d7fe1f2,arXiv:2306.13394,citation
4819967d614dead5f2c306589d57275c5d023668,arXiv:2306.13394,citation
a7889534f02f40cc0a6c89e3ac0d4ecb2e64cb3a,arXiv:2306.13394,citation
c3e374afdfc6aaf7c2d9ec0c8ead80bd40f4387e,arXiv:2306.13394,citation
0cd3ac5831e934597cf8c3b3fdd3edd05a610f34,arXiv:2306.13394,citation
0152e59caf854cd75cef30f99307d41634916653,arXiv:2306.13394,citation
54252f42d6bf510a3aee2f2095a9eb10ba991245,arXiv:2306.13394,citation
f7749635a5fc0492ef4705bee963ffa887bb2865,arXiv:2306.13394,citation
a1f7e1568d76b552522c742fbfb6360f7c51c60f,arXiv:2306.13394,citation
2b1575331a01200a48a2fe6b91185504fb0907f6,arXiv:2306.13394,citation
e852785ce2acc2b79aad22f7b2585585a9c88bfc,arXiv:2306.13394,citation
46ffdb8058906d481117a5f17f42475a435e9dae,arXiv:2306.13394,citation
01ec189ef9a2b144badef907283fb1e8c746b79d,arXiv:2306.13394,citation
a7f4deb9a1452374330f202bc8d36966a0f254e8,arXiv:2306.13394,citation
d21cb7b9744365f0ada5527be380236495dd3521,arXiv:2306.13394,citation
22ffbc1864b2ed2d848c54619416a741b144e067,arXiv:2306.13394,citation
38333f6e8f0388968edc4b2ea7a683ce69677e69,arXiv:2306.13394,citation
cc37925b1b117723d6fd35f9771cc22a6b73a3de,arXiv:2306.13394,citation
c2f3d3e847faf3a8448eabb5bd5fdb6bebbc3a05,arXiv:2306.13394,citation
58aa6e143156e59e6d7d902c56a3275ef7a2287d,arXiv:2306.13394,citation
afe6b5ba9ea1f1a45d3873ac27251ed65f20e0f1,arXiv:2306.13394,citation
887306ee7ebd9eebd7faea24106ec8e8f1a50987,arXiv:2306.13394,citation
7d0d587ca37ee09247886684a220bb1625e77910,arXiv:2306.13394,citation
c15fc0ff90a3bab9676227da860ea3fd7d9b9b8d,arXiv:2306.13394,citation
3a09a5046d9707bb53646329d28920d025a4a8c8,arXiv:2306.13394,citation
f02de8db178664ff4a636b47798e809d4dec8501,arXiv:2306.13394,citation
179a60cc2469859543aac6abc81c97752de50446,arXiv:2306.13394,citation
a41a372966c1d8dacf90fea9dd6f00564b430855,arXiv:2306.13394,citation
ef03c907ee24e2e6c0f2d24639551c82862d1080,arXiv:2306.13394,citation
727282aad52cd4c1ebb3a0a4678d84bd1ec42dc8,arXiv:2306.13394,citation
09ff7cdc583b28ec63dfc85c7142f2cb0e5e4eef,arXiv:2306.13394,citation
084e4d013c43ca4686f0dac75b3495c6624545c8,arXiv:2306.13394,citation
decf9cb628638642d2c6cdf843d01376fff5e0e5,arXiv:2306.13394,citation
e6c30459128f4421f97d44224f0e3b3fbcddec43,arXiv:2306.13394,citation
1b93eba7e1f1ca764d94909cd7a936ab12002eb4,arXiv:2306.13394,citation
4edee5ec3ec71f791b76b90c3c0f01c2d18ef924,arXiv:2306.13394,citation
615a43e98c81e28f32b333b0130227e8a5100a51,arXiv:2306.13394,citation
9738dde55ab77cc26271a5753db7dd7851176fd6,arXiv:2306.13394,citation
6fde101147cf3b1980f1ac54a45026dddf110f3a,arXiv:2306.13394,citation
01ae1c181dcb5117491affae728065e5e62bf074,arXiv:2306.13394,citation
9d8dd2c8f6367423ba07cebf7d2d56be3d5e0e76,arXiv:2306.13394,citation
4c844908db42eb3094de084413777d2db43eb92b,arXiv:2306.13394,citation
9efea405e5dfd277472f24f1dd95a26ca5734a6a,arXiv:2306.13394,citation
ff2c8108050041994ab3c54f482602dbf44445df,arXiv:2306.13394,citation
3c026fbab985ad0af6bfe4818b94c29a286fa4b7,arXiv:2306.13394,citation
bf6ae34333441cb37b5d29de59cc5bc067428bc4,arXiv:2306.13394,citation
8a9e11addba791860a9dbf15de75cc28d2cf844c,arXiv:2306.13394,citation
fef461207f173c03231aa9a8ddf30c01bf4caca0,arXiv:2306.13394,citation
a4f48e62aedc705dcb757f5ad8f732c5b364539d,arXiv:2306.13394,citation
0a39a9d3d884501ae103ec47d48608b6b642203a,arXiv:2306.13394,citation
982bc3b4025e971f95d8ba071f7bb667cc71e7a4,arXiv:2306.13394,citation
b38845e9adbeeeab37519a2fc30e899411b4a36a,arXiv:2306.13394,citation
66de45276e57218bb2c3472f2fb95aa9971aa842,arXiv:2306.13394,citation
4aa8b64c51e987d703045023cd72b3ba5e115f99,arXiv:2306.13394,citation
ee8c1a46c90f1261c23479e15c6bed7f67ad8943,arXiv:2306.13394,citation
662f0841a2a8435c8b3f196a4016347ad31cd8d5,arXiv:2306.13394,citation
c0ef72d02b93065e77c506e23ce9acbbcd945893,arXiv:2306.13394,citation
0b217fdd06c4757bd843cd8be79df0e0288d477b,arXiv:2306.13394,citation
6d017adda6b2b1ea627dde2f0e85401ebb9fe566,arXiv:2306.13394,citation
155b54d11285a29c4086891da7c1c1975d6bfe39,arXiv:2306.13394,citation
6d49ed0ea24b9c218f5ec6731cd261ce618df2ac,arXiv:2306.13394,citation
cb2c664f7f3226f47e22e9fead201b6c7c132f50,arXiv:2306.13394,citation
fec93a13a40f98a36a7ae9ab42633e46c806c27d,arXiv:2306.13394,citation
2f1b41ff7394fe30d22c0b12ba40835fd32d0764,arXiv:2306.13394,citation
b6648235f437c5be722db822f1f29a6a05984cd2,arXiv:2306.13394,citation
0a7aad85e06dd46ce96bf0e0d20979678b5d4cd3,arXiv:2306.13394,citation
674976623d89394587bba42539c6c99d700bce29,arXiv:2306.13394,citation
6675bcf6dc97c87da7afda223938ec7e51ecc3b2,arXiv:2306.13394,citation
2c030ad4be327dc3447e23ad68c303714c55cf14,arXiv:2306.13394,citation
6a6d8794f77dcdabebbf80b8f79956f707f16eb9,arXiv:2306.13394,citation
6c6f63643eb97a8c309a881e4ba21461454478fe,arXiv:2306.13394,citation
3421d12d98956c36c5d39c0ef023b378b6922068,arXiv:2306.13394,citation
c50ee01a2d2973a8ce4a0d4b4a31e98d0c261a19,arXiv:2306.13394,citation
bd4e670b16b9086dbcc2b8e24106143b53317539,arXiv:2306.13394,citation
9a257f5a2c3ab73ec123c3980c2a29e7d8258fbe,arXiv:2306.13394,citation
3414be052766667fe375221804e48f4a9c815ba5,arXiv:2306.13394,citation
a379d387a48b079286bd0bf0264166a6cc254ef5,arXiv:2306.13394,citation
14394ae5ee9153b78266cbc53a04dd6ecc4d1a4e,arXiv:2306.13394,citation
77cee69d827c2a631ce37cdf8cb7e4eed2677af1,arXiv:2306.13394,citation
7751f6cdec0f4473c1733eec91699744a7d5176f,arXiv:2306.13394,citation
56994972adca9319577617345128e46803a4043f,arXiv:2306.13394,citation
437fbf13aa6c141c26d328921fae1dc40a2f234d,arXiv:2306.13394,citation
3fc696de90d8f582fa90faf597abf39434e277b4,arXiv:2306.13394,citation
0d8ba6b312e4391bd3a4c0fd9df04d3bb4fa8e9c,arXiv:2306.13394,citation
edb7f6708959115f92bbf04e6f38b1549489ebae,arXiv:2306.13394,citation
8887d4d41320e446ba60aecd4c5e8e8b466288a0,arXiv:2306.13394,citation
2f8e338d9bac4648809536971880b5e9865fa027,arXiv:2306.13394,citation
02377b6fa91ae7de8d06314c7bbe205cf84a05de,arXiv:2306.13394,citation
bb67e739b5056931e51eecfe2100a53031c04c19,arXiv:2306.13394,citation
4c111e261bf0f218341e2295cbdd6aae5a5329a7,arXiv:2306.13394,citation
05839a68bd05880beef2f171cee7aab960bb6d2f,arXiv:2306.13394,citation
4d7c68ec1a86ef5d187e7edb2f0ad63adddc8ea2,arXiv:2306.13394,citation
5e7274bcda47b704b6797bb14be8b7a61c047a61,arXiv:2306.13394,citation
1de5b29e746bb33113b80a0997ef61a73ce70d78,arXiv:2306.13394,citation
5506409ad47e709ed1a1e4ab0319f4f931b7e379,arXiv:2306.13394,citation
73d57469550b92e1dce5debdddae725f2a582581,arXiv:2306.13394,citation
dd130373e2af67ef57d90c6eda0ce1eb7ff40de3,arXiv:2306.13394,citation
e291850b23d1c1ec49bc68e9e9266880898216b2,arXiv:2306.13394,citation
a8c422a624ad846ac4d2074a98645d9eb2f364a8,arXiv:2306.13394,citation
80248c8c7cbb5bb1d2a508001108f3f15bb60430,arXiv:2306.13394,citation
f8a642fbb51e0b0ae4774781309545d15d6d9b11,arXiv:2306.13394,citation
a1714677252a39d1835824efb185beb0113ca189,arXiv:2306.13394,citation
86f6fc1f96d189a314f10680eed4e7e9807c4f5e,arXiv:2306.13394,citation
eaf0ee6c400d69a16fa8d5205b52a1a9b10e2646,arXiv:2306.13394,citation
8ff45750057cc9452ae09aef6b9dfee3bd84b083,arXiv:2306.13394,citation
1cfb7fba7194860e8b8818eb5e87e0a8e14e518a,arXiv:2306.13394,citation
ec8e2b45c4601730015608a58e33409224a81228,arXiv:2306.13394,citation
60cd4e9f579b1324e8c30907055552bd0cb3dd32,arXiv:2306.13394,citation
cdf6d0eb9673ba5b83735ff358743f4226ed88b7,arXiv:2306.13394,citation
a091bf215c716a146140f81c751712db628c8e20,arXiv:2306.13394,citation
c1b5195bc09a2232ec2b69e5a2a6bd39b3162c62,arXiv:2306.13394,citation
1b05e2243134099efb6d6bde5f2d4944869596a3,arXiv:2306.13394,citation
b80fe8a916e32a745573afbbaf1741a5c33020f2,arXiv:2306.13394,citation
a6c03ddbec5456c1de836441365db92fef512589,arXiv:2306.13394,citation
d1313748a791e7ac21e4310d9b0e0d2febb8ab56,arXiv:2306.13394,citation
0e0a513624426e017a125d0498235b8f32ce9aa5,arXiv:2306.13394,citation
74a2ef37466667c843b6322691c49b0475030cb0,arXiv:2306.13394,citation
cd1d7f5c4ce2d31ce9ee72db165a8272624da7d3,arXiv:2306.13394,citation
bce43cb9af37a0c8d90f8cadaebd6bb002685edd,arXiv:2306.13394,citation
4d5262260022d8baff65242c6eb879d184447d5f,arXiv:2306.13394,citation
a050c9b0c321839e4427ab9defa3463be7825ac4,arXiv:2306.13394,citation
9dad4d7c6da4f3bb56a24742998c76a2629ac9fd,arXiv:2306.13394,citation
a35084f393108217938c393f450dc7aff4a7ceb1,arXiv:2306.13394,citation
b0eed53f6733150941fe18bc0f7ccd0f6b4e9f7a,arXiv:2306.13394,citation
18155f3818e12f33d926f180b92a5c1f68e22f93,arXiv:2306.13394,citation
f48b95576bd50a69937d8bbff0cc42bdb20e49f5,arXiv:2306.13394,citation
fe91e1d22537bd514e9b642bb3b966f74fd62f9b,arXiv:2306.13394,citation
ca00f4056f9039d3c1a4c3a113f5ee0527149b66,arXiv:2306.13394,citation
090294139835018d2357a7b638fb03b4c7dd5df3,arXiv:2306.13394,citation
af5f256e9771bf9cd02451195e3a7ac693fde3ed,arXiv:2306.13394,citation
002d2c4569d070a55fe69c25ebccad8e9ddae572,arXiv:2306.13394,citation
c21781a9ebb3da9dfc318259633f6eaea8e8447f,arXiv:2306.13394,citation
ece33ee67d74c29cd2a83c505e5bf0b818f9c2a1,arXiv:2306.13394,citation
d98aa44f79fe798ad5ff0cac6e7bf32ee30bd156,arXiv:2306.13394,citation
b33b8f7508f8a802e2e669ec16348bb789ae0470,arXiv:2306.13394,citation
61ae93ee6b2028217a977dfa41a5765934d6d911,arXiv:2306.13394,citation
e36f79b2bfbf50cf6362cc563a6e5c261e3f0615,arXiv:2306.13394,citation
1e1230ef1de1ba9c4f6cb4789184a295133afac0,arXiv:2306.13394,citation
f2b6323973955f9a1ebb9be76a616991de3d3a8f,arXiv:2306.13394,citation
c672ec79f55cef8f7a32cd8dddfa981b893f1567,arXiv:2306.13394,citation
6a33e58ef961a3a0a5657518b2be86395eb7c8d0,arXiv:2306.13394,citation
1c9bab7ab072c619133c936b5b85160e5373e638,arXiv:2306.13394,citation
2d4a853affeb0b164fc1134df612aea658f36459,arXiv:2306.13394,citation
0825ef213b4fdeadc8b27fb5a6361bb84d57bc8b,arXiv:2306.13394,citation
2b14d9e190022e388476ebb24eb1a84349ca0de4,arXiv:2306.13394,citation
d1f925c65d56ff4de5d317a54d47d6df34b17d4e,arXiv:2306.13394,citation
2141ed804636a1cf339d606cd03fd3b3e9582133,arXiv:2306.13394,citation
4f5654ec1dfc04478be42d03eee8e6db6bd9ca14,arXiv:2306.13394,citation
cb2295766b2f8f35524f6a9f93ae39d948d50bd4,arXiv:2306.13394,citation
c60305f2a719c0ab5427a1f55304293ce18cd2e1,arXiv:2306.13394,citation
4923e93f043091da51ac41b039be1698a1158d80,arXiv:2306.13394,citation
79d7ed32ec695145c6ae6cafa439e0f82ee2501e,arXiv:2306.13394,citation
d23f08611ea1e64f691ecddee1f7f48c8015eea6,arXiv:2306.13394,citation
fb064f8376eba221245c551cc028e4dbcb9f043e,arXiv:2306.13394,citation
53c3c3984649ca82a2f85629dae01087e9e72991,arXiv:2306.13394,citation
91159f6d3d52e6cfed1e4d1c6e50d1b17086a910,arXiv:2306.13394,citation
d77bc1a237b67c57b0c1b99b4802e703747a9688,arXiv:2306.13394,citation
62aa2c64f3f4a1d357f1f1e6f5ce8cb0bbe9bb6d,arXiv:2306.13394,citation
0f9a3c5c6a54fca6be2afa0fd5fd34eed96a31e8,arXiv:2306.13394,citation
0f9a94ae9c99fa4205bab07b3930d8c8c041f058,arXiv:2306.13394,citation
e263e08a20080a2543d0ca29d3d63c4717a8beb6,arXiv:2306.13394,citation
49b79d61ffc2db6dce8c2cd9cda06e1876ed8b4c,arXiv:2306.13394,citation
1a5a79b393b3f00eb5a47243ee031ad799d2f641,arXiv:2306.13394,citation
d73f6cc2ea4665410b053433369ec6db1d835868,arXiv:2306.13394,citation
2b41b3e23d6b8b84445abb77870aa3b9e71c75d8,arXiv:2306.13394,citation
486c2df78cbb770a90a55f7fa3fe19102fba2c24,arXiv:2306.13394,citation
328eb183007bf4aefbf42437b42a15db375803e3,arXiv:2306.13394,citation
ea3448eb86a233189631d914721e587d45931b64,arXiv:2306.13394,citation
154cc4e8a9e8ad24d4f9c9440b187d06b9ba57bd,arXiv:2306.13394,citation
2baf63dede1a96cae314c4be99bd3cf9f49b148e,arXiv:2306.13394,citation
48557ff1c18c4403fd05caa9249e09c756058b7b,arXiv:2306.13394,citation
bc51e89a83ea648f875007c4dc69364c84bcec2d,arXiv:2306.13394,citation
73f082fc7df9f2b9f3bf7dafb7c4422bb7aae968,arXiv:2306.13394,citation
d2d2cf9bb166f4e54d3199bc7488314206a23fda,arXiv:2306.13394,citation
b754ff078bb45131aef0b8bd7aa1bebd238560da,arXiv:2306.13394,citation
658a67be17e32998480ff51ba4c0d832e86db441,arXiv:2306.13394,citation
ee2c769943f9e46c3bbee117d1ecf14566b7bf1f,arXiv:2306.13394,citation
cf193b5b34178a444cb9bd9f51beb4124b753935,arXiv:2306.13394,citation
f68f6f2a057c4e6e5a3c91fc8563533d9bf6e560,arXiv:2306.13394,citation
02fc3ba0c7f8ea63aa750a971613bdeae8fd5101,arXiv:2306.13394,citation
5f370f52e24d185ae44bb0ea18cbd4be2aab0d15,arXiv:2306.13394,citation
0c7ca22dfbe1ce02cb0f0658292499457db8ec6e,arXiv:2306.13394,citation
619184447595337a9fe3dca72c4e951e7ab7467c,arXiv:2306.13394,citation
76a3f4a79ae9a00db2f2b5f6877021d8deb96ada,arXiv:2306.13394,citation
65b3d8ea0a5feb3ca9b0e6d9d034563acad0a69b,arXiv:2306.13394,citation
e066347a8896058f50d0259b91b6ca3c40f52c2d,arXiv:2306.13394,citation
bf14244669d5505f63343d4365d99d24aa6c5e82,arXiv:2306.13394,citation
bca0bbd01ea917b7a9fe369288ea3ba03d3b1ff3,arXiv:2306.13394,citation
ad13b213681b6f634bc83a264df246e83dd9a9d9,arXiv:2306.13394,citation
2f566575a246752d59438e2bde22f88680927af9,arXiv:2306.13394,citation
34cd58ce4da403f75a2b9107d649cf117c9a64ee,arXiv:2306.13394,citation
0b3e7b5cbef627b1ceedceadc5f58787f432163b,arXiv:2306.13394,citation
56cb3506586c540d4bd2c573fad66d22dff69826,arXiv:2306.13394,citation
807f336176070bd3f95b82a16f125ee99b7d2c80,arXiv:2306.13394,citation
0b395ed1c8b284e551172b728e83cf257e33729a,arXiv:2306.13394,citation
938d1028b3c3cd4e3d34eed20b622bdc33453f6e,arXiv:2306.13394,citation
0a1e0c479e13e7553ac79ddd6780fbf8e8e82165,arXiv:2306.13394,citation
25738c43c0c4788d803981eaf5d397691aba0958,arXiv:2306.13394,citation
04dceb1b11d7e9de8ab5b7d10bd9a95026c33c9d,arXiv:2306.13394,citation
54f60adbec5af199907c07ed281ad893ccc00088,arXiv:2306.13394,citation
a492be0002bb01a7e9295c4eafd15b285654c554,arXiv:2306.13394,citation
eab54bef4b479e0b06fc65c8cab2c0400fa69b8a,arXiv:2306.13394,citation
2ae7bdf4d68728660a1e0cc3e6d6b2d67cb72363,arXiv:2306.13394,citation
124d4d374fbef2016fa9880489871a58a7450644,arXiv:2306.13394,citation
d813e7edec4836dbf9d35363a6ed02782df3d18c,arXiv:2306.13394,citation
77693ca00a8ef775af96b5c450aa0afdb0e10a51,arXiv:2306.13394,citation
32aa3741f0983ab438fd17d09dc24a70595bb67a,arXiv:2306.13394,citation
93c525267e93c78309a5b28a3eb0780704125744,arXiv:2306.13394,citation
c1e450284e7d6cac1855330a1197df8537df653f,arXiv:2306.13394,citation
c50c4940c8f143ee4dfb8793730b92963322f255,arXiv:2204.06745,citation
ed5a53e3f320aea137d84cdafb8ed9847546d0b8,arXiv:2204.06745,citation
a45f34ec2fb7ddae23e569a40d538c76e07b77ae,arXiv:2204.06745,citation
bc505b308420cec64025d20ae7a00e494a97022e,arXiv:2204.06745,citation
c01dd96803eb95ffd3bb4472d6dcf313fe4d675d,arXiv:2204.06745,citation
d963d02f7528354f31f6e59f858bb9af05bbdb5d,arXiv:2204.06745,citation
8b3db5886452c3dab6b26679def260be9ac72578,arXiv:2204.06745,citation
10c296b94686c7029895c773422f11bc6e519edb,arXiv:2204.06745,citation
0c70e78fdecf1684b9335cfd734ed9f3acbf849e,arXiv:2204.06745,citation
2b3b7eff79478d2581212086b8c019304ec852ce,arXiv:2204.06745,citation
1facfefafcaa191129ba367ae245eb525420a9d5,arXiv:2204.06745,citation
c65fe2990e4a530b781b464a82a14646543deac8,arXiv:2204.06745,citation
e424091ce8a2f8b7d15c31fde230042c022067b1,arXiv:2204.06745,citation
8b505b49ecf6b2f98efc46b4a8217393e509b839,arXiv:2204.06745,citation
3900324d95d02982de7b377e93440fbae6657f79,arXiv:2204.06745,citation
58b30fe15c8fe3603f3f032ed28de6df606aabe8,arXiv:2204.06745,citation
93e0024d6bb189bb1c580891f527ea20f096cee5,arXiv:2204.06745,citation
c27dd24c9d8ee5ec5dde4e11ee8ae32da0b84155,arXiv:2204.06745,citation
ff2bf54eb1c4b10b1e7ecdc0854a721ddab56bae,arXiv:2204.06745,citation
98b6079999d934b231005c13fca574cd908dcfa6,arXiv:2204.06745,citation
57394b54f4f0001addde5fecbaa20a04163da35d,arXiv:2204.06745,citation
daab8977d0d2a0083f62423d984ba5abef5bffdb,arXiv:2204.06745,citation
23e4e5dc75ab6798ecf7ca1c9a630f6efcd62606,arXiv:2204.06745,citation
d4ac35b8cc0aae73dc16c4fb8ade81b139805681,arXiv:2204.06745,citation
14e1e7c934922d854e1a851774a88dec87fff28e,arXiv:2204.06745,citation
80a9d52504a0052be995c7fa2306caa53fd44e15,arXiv:2204.06745,citation
dbc55a61f4c79834d4fe49050a384fdcdd6d731d,arXiv:2204.06745,citation
637c4da5a5986f9a4d6fc53ba77e176c7f7e2066,arXiv:2204.06745,citation
4ae3bd5038de5b67c04fa3923c36584e29582b09,arXiv:2204.06745,citation
bbea7adc52e20460c39568c09aa97d8ffd098613,arXiv:2204.06745,citation
667761decf1b1b780ccc30f4e2650baca6b2d954,arXiv:2204.06745,citation
c64c89f9b06b5ecf16ee63e3398abeeab05098af,arXiv:2204.06745,citation
45780f2eac1c1de18315713ecb62ea49a7d6d05f,arXiv:2204.06745,citation
a2a2f5133a9b355cd88f3e2f321587e7faf8b535,arXiv:2204.06745,citation
21d16c0e96f907de610950344ed784551e8e4ccd,arXiv:2204.06745,citation
4a95939cdcc8ab268bfe1b634a22d56cb93d640d,arXiv:2204.06745,citation
a58fc4e0d7c01ef7a1679aef88cc2bf0d79c5d6b,arXiv:2204.06745,citation
b7aedafe8f8a214c7c9323954e49300c9023a3e5,arXiv:2204.06745,citation
3770eb141b01719c2ff83506ed478546ee64b7ad,arXiv:2204.06745,citation
2ad5abd30d82f22caeeae27729b03ecdff8dca8c,arXiv:2204.06745,citation
c7d536d907a31c55a844e428f7b80787db0f36f8,arXiv:2204.06745,citation
122f0a445fb2975c3a827b49f83e3301b5f38d30,arXiv:2204.06745,citation
c467de007afaf1c0fe57e40759bc4afaae40eb0d,arXiv:2204.06745,citation
dbcac9e635e93b8f78088381dc8f5444e8d45947,arXiv:2204.06745,citation
9439c6b7f1613b29116970e8c9222f7787fcddaf,arXiv:2204.06745,citation
1f0b23efbb15662aa9a40dbf2a40ac2289acedd7,arXiv:2204.06745,citation
93e6a281f02d0269c4d7730595727e821857a767,arXiv:2204.06745,citation
d72602734ace0c633da02b918c7f256489332fe7,arXiv:2204.06745,citation
2da9163730998a4368c609972ccff0582518b36b,arXiv:2204.06745,citation
84070f71252e775daa133d9dada97b22c2591f1b,arXiv:2204.06745,citation
256c3a33a23cf7d8e5a048a8572cfac1adc22b6d,arXiv:2204.06745,citation
885d24b0f80fde85001900cae52cf982190dc68d,arXiv:2204.06745,citation
f410931908240a45833029624c21203c34f1c890,arXiv:2204.06745,citation
011b0988befcce465561381ba9802d3f360a1247,arXiv:2204.06745,citation
996417d6f4b4314da7844f06e9e51bd13c527c50,arXiv:2204.06745,citation
a616cd9d920ec7cf0565070aaa3522719293849d,arXiv:2204.06745,citation
2a186176cc06c47818a696e1f968e96d024de41e,arXiv:2204.06745,citation
f30a6f998c5b79bdfa25c77f9624445581d5f5bf,arXiv:2204.06745,citation
635d59a154f0249e62769d8ad4697b66569c7b09,arXiv:2204.06745,citation
bc17c80fa002dc8db1716a615c2f945207ce8b95,arXiv:2204.06745,citation
838e911ebe009dbadb87e6f78b654460c1cddd3a,arXiv:2204.06745,citation
94ba7925ad414c423374cc2ab3ccd64506b8b32c,arXiv:2204.06745,citation
4507d062ae49ae05bf9193e9612173a2a4e72e14,arXiv:2204.06745,citation
ec323a4d9f91862a3904d134935208210c2c931d,arXiv:2204.06745,citation
0d91913396469ecd016caaebc86ef70fd11fd3c8,arXiv:2204.06745,citation
099295e696fc1ed29b18077341800cbf6ad032ce,arXiv:2204.06745,citation
a2cd16ee0d31e59999e16016ae07f8c2b071a426,arXiv:2204.06745,citation
301d6c2e21e6d1343c1ae5fa96f638d99960d328,arXiv:2204.06745,citation
4376de87664478fc34bb5d403573eb944d75d8b5,arXiv:2204.06745,citation
5a861ce3f19662401f3427098439e6d3fc6d6617,arXiv:2204.06745,citation
083918d05bf7804083319f7e1e663247c87b8a8b,arXiv:2204.06745,citation
b48eb1e524423cf35fd565cfd50c9a790e2ad85b,arXiv:2204.06745,citation
f70d895bb7f3bc4f634a67414ddfe56956c2b273,arXiv:2204.06745,citation
df63debbce45ce9d89e99819689915ec0d81494f,arXiv:2204.06745,citation
56db8ce164a78679154957b3dba2534b83d78c3d,arXiv:2204.06745,citation
9da32528cbf21fa8b129aabe5cdeded21ba082e0,arXiv:2204.06745,citation
67490cb5ee89b850dcb7cc123f354a42b5a11876,arXiv:2204.06745,citation
ad52f27cb3c272bd67241d442f2dce3e2a2beaf4,arXiv:2204.06745,citation
77ea1f7b68567516da5044c28d7fe645ab2de194,arXiv:2204.06745,citation
6acb17bfcc62324e86defca3cbf885f0ed225a40,arXiv:2204.06745,citation
b95c768fc696ba02306df765b2df0ca967a60bb8,arXiv:2204.06745,citation
025f04ef73094befef6741b749d1f9bc544a4f9f,arXiv:2204.06745,citation
8314384478b9854e8c690ad7e2185e64a93259a4,arXiv:2204.06745,citation
5e25f130f94dd60d32c696a0f9ef5f2869d4e85b,arXiv:2204.06745,citation
71023a7fc7bb935eecf8d083d19f4b603cb2fa60,arXiv:2204.06745,citation
8a18a75e3ddd1150bf6033c6055b09326b8acbb5,arXiv:2204.06745,citation
3081736b7b890e397154fff640628501c22a49d2,arXiv:2204.06745,citation
bfbc4873584f1daec31589d58a53607db6e2e170,arXiv:2204.06745,citation
085fe5cb2c5865dd7d74d565fb57396afb7ef04a,arXiv:2204.06745,citation
4551f33f39276639c6123ac5cc215b59f3266d09,arXiv:2204.06745,citation
dcfa0a9b7a7d34f17310fbebdb9130ed16911b89,arXiv:2204.06745,citation
ec36e3f81b28ff9a88001b9ba60a0027d54e23ad,arXiv:2204.06745,citation
dd306fcbc2d691ab5bd09cb363be934c5d07e5e8,arXiv:2204.06745,citation
55126848efe2fadca22670175d5f1c645ba832ef,arXiv:2204.06745,citation
1a17f6fed2796e83f0d0ccd108ef8937479aaa16,arXiv:2204.06745,citation
a1af2bfe0d9720716a988db8a94a4115bd2a8268,arXiv:2204.06745,citation
bc9b687dbcf57be11ee5ab61483c155fb48cd8f8,arXiv:2204.06745,citation
56bad3df43e7ffae22ca4346641bb86e5b533985,arXiv:2204.06745,citation
b930db57f1fa5f9b22b26313b2a2e61f65885293,arXiv:2204.06745,citation
616574504dd4c205db58d97b6f7c8cde16fd6580,arXiv:2204.06745,citation
7ef4386438c2056368f5f91f8be4ecf315cf8740,arXiv:2204.06745,citation
60e3ee0985304a75bcaeb7d6a1ec96fc052d9bef,arXiv:2204.06745,citation
6ad18cc60032205c26f4eeddb04f64abad56e8a4,arXiv:2204.06745,citation
2897113a3318e1b837017db19cea3a2b8b948243,arXiv:2204.06745,citation
4caf34c6518305430f3aa8a73b003e184c5e5019,arXiv:2204.06745,citation
1e1e27dabcd42dada067b4f45b4fec95dee0ed87,arXiv:2204.06745,citation
b140103c6597ca9a5bcee7a4a99f1b8aa106b017,arXiv:2204.06745,citation
41f34cf1fe9a371dc1d5b60fe0b00344aa86710d,arXiv:2204.06745,citation
926b9ece5e7cc8cc0033fbd14ea302338f41632e,arXiv:2204.06745,citation
fa0065a84b2087cd1c6f0a63b7eb9fcf14d25bea,arXiv:2204.06745,citation
2d0b6bf15210eebb3b3e63ed69d3af132519f3b0,arXiv:2204.06745,citation
079072e6d9d2d69427ff6838a87f01e10d124ebb,arXiv:2204.06745,citation
3bbd7f15e02dc8d844e9042136108bd3999cf8d3,arXiv:2204.06745,citation
34b73920dd8bef58acb7f765dbe48b7a36110f90,arXiv:2204.06745,citation
1cef506c212dce7c2ddd1213711637e546f6e6d4,arXiv:2204.06745,citation
2cf95cfeb7180a3a93a2cd79989090986c1a66bd,arXiv:2204.06745,citation
c772bea87ba068039adc0d8e139dd314bc0d7851,arXiv:2204.06745,citation
c0d0ae750aec518675d1553b34b87feff243b8a8,arXiv:2204.06745,citation
19feca8bb1cc18885d487a0c6347123f63e88c4a,arXiv:2204.06745,citation
06fa66c3c1e87672f43139212bd9a4bd22ed043d,arXiv:2204.06745,citation
6d659c30d081a57bedd85236aad3fd6f93ddf4c0,arXiv:2204.06745,citation
a5cc66cf58ee629b453f6ed22654c5d5a8a6abd3,arXiv:2204.06745,citation
bd965bc125f6dadc4aaf86655613af30286430aa,arXiv:2204.06745,citation
47ba477683361acf09ed9ec28d5e23a05a93d92e,arXiv:2204.06745,citation
59bcc6ba46640c1afae29978fd869fb08ad28e6a,arXiv:2204.06745,citation
c2c438832f28e3bf5f3200808eb20e2fc7a1fd70,arXiv:2204.06745,citation
0df8bf74ed241442fe39efc2bb8e4ec8d74116ad,arXiv:2204.06745,citation
055078e9c4d5b8ea6f682edec83af02baf9e76dc,arXiv:2204.06745,citation
689ccc366a749a1483219d1b858b39712f748212,arXiv:2204.06745,citation
544b3155834e1cd7499ad2c4e37bb8058f181a18,arXiv:2204.06745,citation
0684edb230b65d2cd7ce63f50b72ab8606c12ee1,arXiv:2204.06745,citation
591ac59124167d5c79627e769e32bb8969e9dad5,arXiv:2204.06745,citation
82c2c2754eff86a59b70c42c3b3d9e1abc8059e6,arXiv:2204.06745,citation
7ddd9dd9f4ae24f49eadab7a0bc0ae3f0279474f,arXiv:2204.06745,citation
8efe43e92e0066739f03056a199a5c89aac8fa91,arXiv:2204.06745,citation
e6b867fd81eb90c67ee64d9a768d3c5c867c9ab4,arXiv:2204.06745,citation
c3457373bdb4f0556ca82dccb4786ddfac0319e3,arXiv:2204.06745,citation
f193cff41cd3b800fdd1386ab3c3fc1a83b18af2,arXiv:2204.06745,citation
2559ddde36d4a861ab54b881bbd15eb40918b159,arXiv:2204.06745,citation
e6da328ab8d2f658326fcede4a8f4452064887e2,arXiv:2204.06745,citation
802d2a65f7da6d0fcaec8bc9bf4fa1ca110af2f6,arXiv:2204.06745,citation
423e03b2a83e79a0ecdaafbb7c7bd5b956a2f3a8,arXiv:2204.06745,citation
b7281845134b812da504f1a03884df81bdf87f69,arXiv:2204.06745,citation
baa31d252c2cdd739d3aba97ce658f6a4946d102,arXiv:2204.06745,citation
8dc5a5f57b5a4564536badf3ca98e5680f313314,arXiv:2204.06745,citation
f490776baf3fb4e1cd5f73f77ab12b13ec05d6c1,arXiv:2204.06745,citation
47cdc1ee73b796c7013545113649dec49868fa65,arXiv:2204.06745,citation
d33ca631bbda97be8b5cfa2d216bac3c617c0469,arXiv:2204.06745,citation
9946d072c15d45e6db52a022b2d27c845a3a0014,arXiv:2204.06745,citation
39d19370ec1f628e0fbf48d56480779c7c0592f0,arXiv:2204.06745,citation
1160755526b4ab45bb1986cbd2129a0e8067ad1c,arXiv:2204.06745,citation
a8f12be2ae515eb24353812ed0a8aec23cb2de61,arXiv:2204.06745,citation
e200a8dd8ec0cf53108a3e9bcedadaf43b9ecd4a,arXiv:2204.06745,citation
12f7ec12c226ee0218aad806f87ee212d0bc44c7,arXiv:2204.06745,citation
8cd709beb9c7cc4cab83f92fc9131e1c799cef04,arXiv:2204.06745,citation
4ad8fa058a826837fa7e6dd7587fe979789c415d,arXiv:2204.06745,citation
b38bbe8b1c0764a7e72f4b68e5b8ca01d7e6c396,arXiv:2204.06745,citation
5d7696f08ac3e15c29a7ad0052b5315bcbb89f4b,arXiv:2204.06745,citation
e4229dc38f25e40df92bb3d4ed96ca72a3bf7f89,arXiv:2204.06745,citation
24c0cdf306600baf8f3a75b64057bcebea0b8ddc,arXiv:2204.06745,citation
7832964d72645e836a9b265ce1e31054c3a003cf,arXiv:2204.06745,citation
70db15ba14aaaf6ebf8bbf0df1e112bb806c3da5,arXiv:2204.06745,citation
5c6d23224a53aaafca6576f2d3157758c5403e06,arXiv:2204.06745,citation
f8a46897e7db27e868a6be1c9749a2badee5bc17,arXiv:2204.06745,citation
50f21db6c464d3848278a5b51b0f1b1f8a268313,arXiv:2204.06745,citation
61ed1aac7e74c156e04cdb2a3c149fd9cde2bc10,arXiv:2204.06745,citation
222eafcb3d472aa53f1e494b20441bc084a766ce,arXiv:2204.06745,citation
28b37751fb70e82be14b7b9672559efe758a0117,arXiv:2204.06745,citation
0efeb48495aa7ab5cd6423ac028868074f116dd8,arXiv:2204.06745,citation
32fd84bff0529649864f9a353bcac9f28ee85cd3,arXiv:2204.06745,citation
a37543d10ba2109e679bc0105892a81ff38fc6b7,arXiv:2204.06745,citation
d589cbb383f6fb0d0ef2f2177fc11a41491511db,arXiv:2204.06745,citation
0d982b4c47bb79fc0f5da8fb1308a738ad156b3b,arXiv:2204.06745,citation
5bdb9d91a41c8ad377c0be5d41cd56db39331485,arXiv:2204.06745,citation
f967979c2e181cb3df8454d041fa0de64c8ab34f,arXiv:2204.06745,citation
2c48cddf1ce5cc99b257becd508ab929b0888daf,arXiv:2204.06745,citation
587547493b5cf221af4b929cf390ef81e9768937,arXiv:2204.06745,citation
a77b6478bb4a63cd2b99e62608b6c45bbb47a96c,arXiv:2204.06745,citation
8ec6d697f9a3e23543dd6279d6b20ac497db252b,arXiv:2204.06745,citation
dca2b86a60a83840a46809249b37fcee1a6536bf,arXiv:2204.06745,citation
9014147736bf1bf7bf610c99c3979ff15185a6b4,arXiv:2204.06745,citation
c75942e16aee9e6510e2ed515153f5e1a36615eb,arXiv:2204.06745,citation
83f9f3116db66467b60b675a3b89644443a927b7,arXiv:2204.06745,citation
acf5ec811d034d5d3fd288f4633dc1b42352deff,arXiv:2204.06745,citation
0e767b53fc6abaaa648a448d63df35bef2701ea6,arXiv:2204.06745,citation
0f20baeae798c1638716585a7b896d5885389e62,arXiv:2204.06745,citation
db35149f4c3d1f148a7abbd0ac0fc9609175b023,arXiv:2204.06745,citation
b83bdc85bd041690f13cd3823269b63f3b771306,arXiv:2204.06745,citation
8f3d959238e67bf6b9bc9818025d0d2e403e478f,arXiv:2204.06745,citation
b8633fd8a31bd986c35a04f3d41e44db8a43d990,arXiv:2204.06745,citation
12c74a989fea92cdb90be5dc098f9d760adbd3eb,arXiv:2204.06745,citation
b600b95a79b61c7b70bd1e11f20844fb1cdfc8f0,arXiv:2204.06745,citation
f8b452ed7780fb3671ba5e1533cbbfa17d3e3c17,arXiv:2204.06745,citation
68bb0cbe1d9d209fcbef96949da728f42063b73a,arXiv:2204.06745,citation
d9a27cc766ed7d4e5395707592f2c35033426ac7,arXiv:2204.06745,citation
c7814df912a8a5ee11d386b295648dc8f3d8f41c,arXiv:2204.06745,citation
11150a4fd8d3e138915a1d8f9bb4151a37fb331e,arXiv:2204.06745,citation
0c1782b5cb2898d2e226c66bc7146bce802051bd,arXiv:2204.06745,citation
d8b16b2f24cdefba3d89b0117a0fd6c46d7f740c,arXiv:2204.06745,citation
386160cdedd43da642128bfe8d829c1acd188f1c,arXiv:2204.06745,citation
24f20acad63384afd2809d2c9cdffca26a7ddcf1,arXiv:2204.06745,citation
259dcef0a56585cc9713c0496bc40f79f4492bf2,arXiv:2204.06745,citation
204956e349974d4fdaea5f0e4dbc2bba49a8fb46,arXiv:2204.06745,citation
4dfbe364a193bd77d77fb6de47f438426aa3c958,arXiv:2204.06745,citation
5106c35f5baf26bcc322ac5403e935db628c14ba,arXiv:2204.06745,citation
62261dee1e4a0f9eec95efe5fa7359bd8b560b32,arXiv:2204.06745,citation
05f9c55a2354e0533916d5fbffe470ed3d280854,arXiv:2204.06745,citation
75bd806794649ba22d6e994c7ddbdbb169c620fd,arXiv:2204.06745,citation
7306edd29584523aeb04a460589449e53d8c8fd4,arXiv:2204.06745,citation
708c361a5665083fc71427a831f10f4df3a61989,arXiv:2204.06745,citation
beb2d4faee9f9c752a7993566a096cc3570a869f,arXiv:2204.06745,citation
911f5a631b009ce5541ece9cfe09e17cce36c12e,arXiv:2204.06745,citation
e02caff636e4eb6e3e47bee4c8ff02d8536ea58f,arXiv:2204.06745,citation
ab0f338f16ff24cff2d5b43df3f87a12097f2c7a,arXiv:2204.06745,citation
4d053f419e361939abdbcfed49c320e05d87ae98,arXiv:2204.06745,citation
2709f17dd8a7b7c0be24533b0e807b8798da0217,arXiv:2204.06745,citation
64b34d20d217a2db702716d924396fef555abddc,arXiv:2204.06745,citation
458be2c8cd02dcdb577a9a40342ee7327e4a0d89,arXiv:2204.06745,citation
e131a11ad907023f655f22a4fae2b2a6f2db96f7,arXiv:2204.06745,citation
f133543c695cfc41fafd148ecda7ea2bdc57f147,arXiv:2204.06745,citation
6e5c994eb156421bac6d0add0d9c92b4a6d08282,arXiv:2204.06745,citation
e10170cea223d8cc8787f50ae7cb8c1dfe12b7c3,arXiv:2204.06745,citation
7a29abf0a82f316d0ed9787afc90b608fbb6a4de,arXiv:2204.06745,citation
53e4ecafb64cd210c0af841d56c96d7397b32ca0,arXiv:2204.06745,citation
0f4e7c0661406c5e4a78a9aa8c2f70648662b630,arXiv:2204.06745,citation
8fdee21732bb55f36ef12bd4e92bbc17bea22255,arXiv:2204.06745,citation
a4362c3656aa892bd39e7100c1f0b89536709eb6,arXiv:2204.06745,citation
fd4ccf695be157c925a62c163d7552124721e501,arXiv:2204.06745,citation
d86df672da3479c68cbdfce85b0560ab3264fe3f,arXiv:2204.06745,citation
aa8ea913c82372466311f4aa8ebde62758791f90,arXiv:2204.06745,citation
3ae2822fcaa5a0054cc450d3209c7493a0ebeac2,arXiv:2204.06745,citation
65c2fd282bea65a32197f95d268772f56399e2bf,arXiv:2204.06745,citation
0291e9bf06c80904c26ebb3d4d8e2d981483b715,arXiv:2204.06745,citation
7944dc7e5437aa1318cc6887ba9bd43c9dc11e2f,arXiv:2204.06745,citation
572c7592f64b27dc5ac639504444d1da34ddffa7,arXiv:2204.06745,citation
b5efc80da0bd72e7059470c1a9a6c34ab6f966a6,arXiv:2204.06745,citation
243dbf643ee5f7233ecc2bb315d00afd8e935e42,arXiv:2204.06745,citation
1f6e4293a2ff7c1badd0d037fe142551d28cd996,arXiv:2204.06745,citation
ba832b6b98af7dfc268c0fad1a0d1fc8c2b6318f,arXiv:2204.06745,citation
3379ba978c6338060ce8e257465c9e27be790676,arXiv:2204.06745,citation
35ab93f41115e860bee5e202b71061addfd0fd5d,arXiv:2204.06745,citation
504b25618a1cb5828ef4906dd4aba87a278581ae,arXiv:2204.06745,citation
ffb127811ec6843b51b9e5f19f37223de531e3d5,arXiv:2204.06745,citation
bfc4ce91f22dbb12703b79dd51666529a95e6517,arXiv:2204.06745,citation
f7214d9e26c5b4f36b5a2a58d1b4bcb600ad74bc,arXiv:2204.06745,citation
c6029001c0557f3912cb361c5c1cd406aebc3889,arXiv:2204.06745,citation
e8053a7b234d2936cbc993a4f2b13ec63eb6ec90,arXiv:2204.06745,citation
b89b7c8d5676b2b93eff755a8cdbf4609bf8fae4,arXiv:2204.06745,citation
afb4a26d4e93acd1917181c8b98a55b3a56a0087,arXiv:2204.06745,citation
64c7dc8876b19c81e541f5979c0a15ed74ec09fa,arXiv:2204.06745,citation
275a8fc80dbae72c4b60b14e7cd0d0a85df5f8a1,arXiv:2204.06745,citation
02b5acd94cbbbf7b3c4b6c4d56d590104f4a4fc6,arXiv:2204.06745,citation
5585191b1b479346ecf173be3b35c8313b77d457,arXiv:2204.06745,citation
4961434623fc2b9d8a48fcfdf21d2c53ada6d16d,arXiv:2204.06745,citation
58414e6852ca0fde41c132db55ac30f767a98e25,arXiv:2204.06745,citation
e5b3e02748e9d5aabb8f2756a90d7ac9feb4d49d,arXiv:2204.06745,citation
bc942c52f9da27dfff30e3fa68bc9726e9548888,arXiv:2204.06745,citation
2237d4ef1aaaf411b4e3d9dc04a4d5ac1df4b11d,arXiv:2204.06745,citation
fac4e94cb7f0813cbccbddc6e792ececd2814ca2,arXiv:2204.06745,citation
4a5bf901ff97c60c96703c679f4f91da14aef2dc,arXiv:2204.06745,citation
cf6f9ab45c9b8750bdbf04088859e10dc3ced792,arXiv:2204.06745,citation
29c67918f2a4dfd167e4d4b878defad093dd3824,arXiv:2204.06745,citation
3b41a5e11aaa11df22539427a1d9257ec0a2c272,arXiv:2204.06745,citation
c4bbf728ad9bd8f41a19710d92097ee9dd3083e1,arXiv:2204.06745,citation
f7e76d1a952f8120ca2f2afbb419dd849d25228a,arXiv:2204.06745,citation
eb96fb53885bc2c44afe5008b76e6d5399065b2c,arXiv:2204.06745,citation
617b657165fda4c9b4da16ffa564cc47018cf1f8,arXiv:2204.06745,citation
bb8d7d905823d198788a440d6923a31ef6960a54,arXiv:2204.06745,citation
1196cd4aa938a34105755feb47ce1610b58ea5de,arXiv:2204.06745,citation
dcb9b7b93561a14db55bc2d18b64ce8562b0e79d,arXiv:2204.06745,citation
a8b03fec580c9fdb889589cbcb6ba997ff29fb5e,arXiv:2204.06745,citation
d9e8eed5ffdbd323d90e1986191b1eb5c8cb9f13,arXiv:2204.06745,citation
0ac39ef1352641533b01f07c42da0dcb8cdc81a9,arXiv:2204.06745,citation
3827865d55d09bfbc7a0b777cb87a72f6422cfac,arXiv:2204.06745,citation
0e10ac486567f1fe2b0d5f5511e3fb517ead784d,arXiv:2204.06745,citation
c8b18682965ff9dccc0130dab3d679f78cefa617,arXiv:2204.06745,citation
2e9af0a8d2d0e758fa80ec9224d5b3f7d09c06a8,arXiv:2204.06745,citation
309589f73393d7c357f3a3126912f2ccdaf3d968,arXiv:2204.06745,citation
8983987f6cd72d1f0257fae718e7be66f5b7e421,arXiv:2204.06745,citation
55b601400d2cf4b7994c7df62dd864c8141a5679,arXiv:2204.06745,citation
a541d6399f3e2703e1faf6c10bcec3ff22d6bb8c,arXiv:2204.06745,citation
f19f3869dabb6e4019b91b65b82a442373cd40aa,arXiv:2204.06745,citation
1271cc5f6eaecebecd0489c23c727b30ee7f6089,arXiv:2204.06745,citation
dfa0de5cae63eacd675339fc81b13479c51bb153,arXiv:2204.06745,citation
ae9a2bcd460354c706aaea8797b1c2c15841a6b6,arXiv:2204.06745,citation
10c9ca83829ecfdcaebd452a44191725e063f8b1,arXiv:2204.06745,citation
a14648abc56c602396634609e911f0ec071e43c1,arXiv:2204.06745,citation
b82554a8e084b487ded937ee84d493d4e6271977,arXiv:2204.06745,citation
e68a15b356c3ae91607cfa417f0c5be85716b918,arXiv:2204.06745,citation
3c466f6664a88545f650fab5b455e9472a1d2e7d,arXiv:2204.06745,citation
2265664da870348680813c5e0f1c3501296ad60e,arXiv:2204.06745,citation
401266f09d2ddc0c41f091bf6aec0814d6ea85ac,arXiv:2204.06745,citation
fa4525cc053904f1c2c9ca5a872cc919212f357f,arXiv:2204.06745,citation
ae7606881a405a773dae6cce8efd87fe0b9b73d9,arXiv:2204.06745,citation
59768c67974ee3d75b427ee5d1af2095e49fc1ea,arXiv:2204.06745,citation
e6ffa22c9f53c7dc97da365bfe868951ff7ddf42,arXiv:2204.06745,citation
32733e5d5a18bfb2f5d79639ab5d1727cc84783d,arXiv:2204.06745,citation
62f91aa013c1cea2b47d46d72dd7512e6a073c43,arXiv:2204.06745,citation
63a1f6f6fafef55ac70af3adff5c353bce9a21ff,arXiv:2204.06745,citation
ad329f2e6a7302577ae255a7b78f94644817c40b,arXiv:2204.06745,citation
ef62f95c16f668f031d649799cbd79081c6d2b0f,arXiv:2204.06745,citation
69f6de04d1dc37634dadfc5147d9b43cee3c7ee3,arXiv:2204.06745,citation
1b7492a4b813052146300fa8c03325c4ad7a0a25,arXiv:2204.06745,citation
9075d353fc7bb0daffdcec01db9592c8a0be6131,arXiv:2204.06745,citation
3335e2f80902c0f6b4acc25ecd1f4786a2c16fc9,arXiv:2204.06745,citation
f95c28b724b4e816a5cad77795f5ac5ff87283f7,arXiv:2204.06745,citation
93ca6a9e273ebd0b01ae85c3db2c37eede749dc0,arXiv:2204.06745,citation
94034fd2ed4b6cf41113abb7adc9ae469313c958,arXiv:2204.06745,citation
2b3321ddb2f28015dc677f3fee9ba9e3333c93d7,arXiv:2204.06745,citation
19e499d76a2e49574b499cd9ebd31304880d33d6,arXiv:2204.06745,citation
6872272b70337024a9b8637c1fee9bde19cb20a9,arXiv:2204.06745,citation
4777cb037dcd15c060c878a4ca1f4279ce32e3dc,arXiv:2204.06745,citation
124ade4c2f3098199be72add5145036670f68fbf,arXiv:2204.06745,citation
319b52f0984600119cf0fe1004814bf5c7eb39fe,arXiv:2204.06745,citation
083da2c095ee60bdafda092cd5a8f5ce839683f2,arXiv:2204.06745,citation
157ed5647da39a7f5d33a84a90414b2a9e97e301,arXiv:2204.06745,citation
36daf0578aad5d3180d531cccbd32d65d62c8317,arXiv:2204.06745,citation
73c7426559030bf7ef1ec525f99223b670a76fe6,arXiv:2204.06745,citation
3fa9def5ab2ede7e66635f750062419404c5f4a8,arXiv:2204.06745,citation
f1f74e7c893f9e3b4cc0645104ccdfc79af85ba2,arXiv:2204.06745,citation
2ff316ad8bd0bfeab6f6a00dfdfeed57a793cfe1,arXiv:2204.06745,citation
7ac58322d00a770485e183d98541320cf2253490,arXiv:2204.06745,citation
29f8472d8d762cb04a754c5a4c6761d325a0b328,arXiv:2204.06745,citation
2c52983140e73ddec799ce4672b6988ea00fc1c5,arXiv:2204.06745,citation
73a464da86aa03a434274c397fb4e3473e0477f5,arXiv:2204.06745,citation
d1100dd5c8fa0d0459723e20b4c20b6bbb4f7c66,arXiv:2204.06745,citation
2b43fdd0b3c4ca7b5fd1b44a4222e718174915ae,arXiv:2204.06745,citation
6f2812dd797dc669b9d4cafb4f12a9e0785900af,arXiv:2204.06745,citation
70483cb9f9fdfec2ce17344dfcf229083d442043,arXiv:2204.06745,citation
ed9168abf54e538b44098ea9417ee5be2667a98a,arXiv:2204.06745,citation
ea8787fe1e4323e89dad8e8089a9e5225270376a,arXiv:2204.06745,citation
77e07e5542b450a2ee3193993c552700ad9ba82d,arXiv:2204.06745,citation
662f0841a2a8435c8b3f196a4016347ad31cd8d5,arXiv:2204.06745,citation
9808c18d1ddc108d746c60b4e554284a3d7a71e9,arXiv:2204.06745,citation
cda9ad68b474fd4735ac73e3557054ba737268d3,arXiv:2204.06745,citation
2e2ca71b9fe364380d6fa25a6492bf827185a632,arXiv:2204.06745,citation
5ee0c8975b965a413b27332b5cbfb2745251dc52,arXiv:2204.06745,citation
09e16dab5409759208319faa0799f20b9290d885,arXiv:2204.06745,citation
88975171bb1a0aaa99a03e7789f83bfde2974232,arXiv:2204.06745,citation
b48d21a75ff76a3969a24b43bd3e1a2644d60a23,arXiv:2204.06745,citation
98755a7ca75afbb29a19f8129b9f25796ad0e0b7,arXiv:2204.06745,citation
9ee4ab6ac5f4e239f0617db49e4b5fb8fa2b5a97,arXiv:2204.06745,citation
a8b1484d3ee6b9ad6e4c48d6bcdbd1048493599d,arXiv:2204.06745,citation
402329898cd6ab51f8627ce415223191c17f70cf,arXiv:2204.06745,citation
fe2303d338109be0f25bcf5479f5a2cb88255299,arXiv:2204.06745,citation
9c95ac085bb6b6704b475923c63de0cf1d59fd05,arXiv:2204.06745,citation
0fc695cd670033f6fbd48b90f8c3a2ee6f6c618e,arXiv:2204.06745,citation
cfa85c8db829dbd2384ea7f130f462e7e7f1f630,arXiv:2204.06745,citation
14394ae5ee9153b78266cbc53a04dd6ecc4d1a4e,arXiv:2204.06745,citation
d563c934e3bd6633d69300ea4725a11064479872,arXiv:2204.06745,citation
33c40aadd08802cfa4911dc99424922d538999c3,arXiv:2204.06745,citation
2d805732ed7a87a28c5130f49204588f2c531080,arXiv:2204.06745,citation
bf7b68ecb49f3b7d20535f5f1be40a14d1e2f511,arXiv:2204.06745,citation
ab16bf2223fcb8c749a52ee3cc0496dc5bb0b4ec,arXiv:2204.06745,citation
8bb920441491dc60cb00ee753d5825b9d0d042b6,arXiv:2204.06745,citation
2d0978d282593242c2ff19f7a2fd62a997b1c74a,arXiv:2204.06745,citation
e519699816d358783f41d4bd50fd3465d9fa51bd,arXiv:2204.06745,citation
302112011627c2a71e04a68f11861356c134f8a0,arXiv:2204.06745,citation
f7310dac21abc6ba357bcd5e75fb2e6957a97303,arXiv:2204.06745,citation
5eac2a40422a7085cb6f03285ad08210b6f6744b,arXiv:2204.06745,citation
5f61ccb715f4ad9bef53794702e481e1a99f728b,arXiv:2204.06745,citation
99eec76a1d90c7deaf49112e7853112a9f5c061a,arXiv:2204.06745,citation
a2e1039157257a8fae038259d1642536e1641b3e,arXiv:2204.06745,citation
59de4703ca458ed416fbf9aa7219658e94aef9bc,arXiv:2204.06745,citation
0b6462d99fa0cbc6e1d4d75c101fe55e943aecdb,arXiv:2204.06745,citation
ed3057a99ddd416bf5dcaee83688ca7e43da678f,arXiv:2204.06745,citation
1991666b99d1f9781aab32af504168748c117557,arXiv:2204.06745,citation
da54bda4ef0ba0f013ac639fb6a3dea1e4745ad4,arXiv:2204.06745,citation
13b8934468665ecb586f491d7f9f6c460cb095e5,arXiv:2204.06745,citation
616c67778ccbf77845883c3a0e6a14aa7140a652,arXiv:2204.06745,citation
f29e338a28c4e1d3f6c163bf45506ba4671d5fa7,arXiv:2204.06745,citation
55f64d78fd7a2913b40f9708952ddad604650be1,arXiv:2204.06745,citation
aae2aa75a52bdd2c4b26845f8b1a2bed32087759,arXiv:2204.06745,citation
bc14e62aaf5c2dfe1259d67c1a03d19063e7fa9d,arXiv:2204.06745,citation
6e3eed2b1ec12cf13bcc3a7427113b832193265a,arXiv:2204.06745,citation
ca570d3f24a22a1d93001ec784448e26a425c514,arXiv:2204.06745,citation
e8e0fe741c17eb8e69932bbd9acc8ceb9bba2d67,arXiv:2204.06745,citation
40c3401cb35b000c10ac7f642496a190886564e4,arXiv:2204.06745,citation
6d94e203392cfbc404113604ea1c6276e5c10ead,arXiv:2204.06745,citation
c31044506dbb22b5546342605913eb9f40b1d166,arXiv:2204.06745,citation
dc5595032ffd4d7bc25fd51fb0b8c41f4904e74d,arXiv:2204.06745,citation
5fdb7b69f5e0c5edc5d29f30bc411bce36e4f8cd,arXiv:2204.06745,citation
ac45bbf9940512d9d686cf8cd3a95969bc313570,arXiv:2204.06745,citation
a640215755e23e2649f4b3d3246a47b14fea93f7,arXiv:2204.06745,citation
8bfa5558adb601b733ba7473fe52abb31f4b89e6,arXiv:2204.06745,citation
9a99f1476e4428837cf318fa1274ed6146339d39,arXiv:2204.06745,citation
e30175b2266cc7b4b68bea4668f74d5855952c6f,arXiv:2204.06745,citation
0cae650c4dff19057cde78bfcc6775e45bd5d3e8,arXiv:2204.06745,citation
f5f00afb894c5f3cb6decc531c9b64d49e865875,arXiv:2204.06745,citation
5da06eb3a746932acfe36b81c7c640c3d969ae70,arXiv:2204.06745,citation
7f8d167e00246f8112cf825ea4ca088594d2ce1d,arXiv:2204.06745,citation
1932269090210059b236559e4272cf84c6784640,arXiv:2204.06745,citation
bc78bd0b0fbdca851c4889def23477f28f8e6535,arXiv:2204.06745,citation
d6a546b23c3b67aa2dc2d03ef3e7692f031ebd2d,arXiv:2204.06745,citation
2fd6d186eb5648c71eefbcd9baf83471aeefc92b,arXiv:2204.06745,citation
3ff5bc7c832da386211f6231058994b67ae6d600,arXiv:2204.06745,citation
61d3f9374eb72248544d099e2ae50278fbbd7a48,arXiv:2204.06745,citation
d3f5d760e3eeef4430705c4e7144f05b432491e9,arXiv:2204.06745,citation
c7a1a56b631de6ac8a758e45ac3c32a8f0c1ae11,arXiv:2204.06745,citation
8b1766400a607c87ab526d589f1a54d6b86343f1,arXiv:2204.06745,citation
a834dccd33856f47e0e6057d01f37eed07bc7017,arXiv:2204.06745,citation
23b09ed66024fdd04d6713b9ba621b866f033d20,arXiv:2204.06745,citation
0595dac8260443365dfbe4821787419736baaa66,arXiv:2204.06745,citation
9b7324a56ecb5600a9701c34028af2e5953d7275,arXiv:2204.06745,citation
adb35a1d9ccb7d9582a54cd4e0d60885ba49a134,arXiv:2204.06745,citation
a15364e83f8986d8b8b1b6212596071e4f2d986d,arXiv:2204.06745,citation
de4dfb773ab455081e5fb1862e08f581c58d43bc,arXiv:2204.06745,citation
eb16eae728f54962992e6115c5dcd0df3be28c89,arXiv:2204.06745,citation
1d9eafa3be1ffde3b03b0dd33781f0cfb44817a9,arXiv:2204.06745,citation
2257f5310f8bdcabef3a7c6303979053e2bbca7c,arXiv:2204.06745,citation
18d9b13e3383d98c181f4d7a2b3ca1503ed707a0,arXiv:2204.06745,citation
1b387e3fbec0447c8bf2dcee21f6db59cdddf698,arXiv:2204.06745,citation
d98aa44f79fe798ad5ff0cac6e7bf32ee30bd156,arXiv:2204.06745,citation
55a364012166cd34d081e327de5d70839e634f1c,arXiv:2204.06745,citation
c3bacc93d8c0c6ed31763d0c0fc7951f0ab82ed8,arXiv:2204.06745,citation
6a80042b1832953a597155ac2dcbdddda7028d6f,arXiv:2204.06745,citation
c431b1a922385830d4c934a5679edfb9cedc600b,arXiv:2204.06745,citation
52cf1fdba8463b8fc29f476a301841f872236184,arXiv:2204.06745,citation
aa8d1e2432cd3f8634268e80efc18511e6a36150,arXiv:2204.06745,citation
f8c50d9bc22dea85bddf1859df7b11133a4f1c79,arXiv:2204.06745,citation
bcaaf83946ffe764e3405799fae739582082bc6f,arXiv:2204.06745,citation
218a9c9f836e31be1e71ba50728d24a478ebcddd,arXiv:2204.06745,citation
d6ab422a319d5a1d3153bebb5ad7a8882a1b5744,arXiv:2204.06745,citation
256363a97db6f2a9df656946d7fc2150ac162cf4,arXiv:2204.06745,citation
1a3f7e23ef8f0bf06d0efa0dc174e4e361226ead,arXiv:2204.06745,citation
4318e4ab5e2f5e2a50469aa043fe66c0744370a4,arXiv:2204.06745,citation
9e2a811a6f5d1c5352ce19ac24303810eb1867f7,arXiv:2204.06745,citation
0c8e6a064f494578092d8ac600e7c51aad4eb097,arXiv:2204.06745,citation
36f71673d9337b432babc51da77ef38b2070b5ed,arXiv:2204.06745,citation
d69f081f218ce1a4f72c71aa0eb1b2a98934b9c1,arXiv:2204.06745,citation
9c80332a30d4edebf0a12097bc30432f02a63703,arXiv:2204.06745,citation
d32499acf1d4f8a2de10f2cd52e442ce321225e2,arXiv:2204.06745,citation
194e57aee2d936f5f8ffa038e663bcb3bb2fdc1f,arXiv:2204.06745,citation
b6289e3d7bc72ebe9041fd46e98f27d1f4cd9a07,arXiv:2204.06745,citation
da89cdeb0014666f4024f797d0c67cd45d92a7c9,arXiv:2204.06745,citation
add60b11634202274a64415d70e6e67b0ad23efc,arXiv:2204.06745,citation
e36584cf5c53d19a2d2b888ee05cc2f7afd52693,arXiv:2204.06745,citation
2fae69cea48d332c5788537a0b5e9e76c10e3baf,arXiv:2204.06745,citation
9c48db369f4811e6566ff3bc7d71be159a544fe2,arXiv:2204.06745,citation
ea9af64a79ffe964e43121e8f78883c146894910,arXiv:2204.06745,citation
da9e284c75334c660029c79f09ed371aaf2f1139,arXiv:2204.06745,citation
3793e9bb830cb6961668e4c2fd33cd8d524c6308,arXiv:2204.06745,citation
af565483dfbe3b0fa4fe9f715170666a06bce5ac,arXiv:2204.06745,citation
d5e7c9eb41061be87d770cca7730f47d69a0cef7,arXiv:2204.06745,citation
f6424db408c9bbc949d529d65e7f0ee535515414,arXiv:2204.06745,citation
1a10ff8e42059451b1e0a40d1732175d0386a744,arXiv:2204.06745,citation
311841075acf5a5b38d807c68fa9f55e4aa274bf,arXiv:2204.06745,citation
896a584885febb21fb4d287fe78984640cee1eb3,arXiv:2204.06745,citation
3106a1c3572b3e57111023bc7ca9e14ba48ccb11,arXiv:2204.06745,citation
267ef391ebaa4fc3c8ec62cb92107e8efe82a5db,arXiv:2204.06745,citation
7059afa8c275391fedfeefceca258f3f6a6b063e,arXiv:2204.06745,citation
490680ecfd920daed8147401e77c1ba074b7c8fb,arXiv:2204.06745,citation
04d0b1977e01ab69c03c8c7c5a6673e621eb5c52,arXiv:2204.06745,citation
857efca0d4cbece97da4b904de1d506c2af25f9c,arXiv:2204.06745,citation
3867d999b550b57e6762f9d4b0114ee7551b2e2f,arXiv:2204.06745,citation
f837aae7119edb9995fd346c27fdc9a24c29efc2,arXiv:2204.06745,citation
30f04f34c3794bc6d8be403de55d733141afc55b,arXiv:2204.06745,citation
fb285de78ba95e30ad41ed97ddf014763e6279ad,arXiv:2204.06745,citation
334e8b7597b69da621c9114e3f695c6315c9267e,arXiv:2204.06745,citation
9f20b0aa426c18512e820d1c1311378f71114d8a,arXiv:2204.06745,citation
95240dda409e28acccdc5cf619ad0c036cf4292d,arXiv:2204.06745,citation
dc5d2fc432993c295294db41dc61214f4d50555f,arXiv:2204.06745,citation
3422d5e0cdfdc935d6a84a1e3d3f96659265fe3a,arXiv:2204.06745,citation
a54761081c2b001c057fb6e1ea9a48058d5aa5e0,arXiv:2204.06745,citation
b37690747ba314455b8a992e794b25223e105d1c,arXiv:2204.06745,citation
836e3069a83f455f916114e7265e00187e511838,arXiv:2204.06745,citation
b13947c7598aa91992cf04048afa19c7cfe69795,arXiv:2204.06745,citation
1561477355fb339a0c65c36fd297de788c0bf0b7,arXiv:2204.06745,citation
12aa2b1e9556c20752e37e8b18d0e396c0cea1c5,arXiv:2204.06745,citation
0d4ebbd22abcd0549d437dd64c2f7d3f7e57dee9,arXiv:2204.06745,citation
f1bd7ea3a63b78a60b5d90d91fdb4a1d7ac0de8e,arXiv:2204.06745,citation
03289c2f797d93a8f056cb125dde071bf055a25a,arXiv:2204.06745,citation
b16c7d45183b9d595ab64301be019741b1528860,arXiv:2204.06745,citation
bd2bbaa226be8fe6564e878e262942dd54c4fdad,arXiv:2204.06745,citation
02f0d5faa1cd88ea0afe48b756bfbf9adfefba28,arXiv:2204.06745,citation
62046aaafcd024706ba2a0e7f95c00f548e1496c,arXiv:2204.06745,citation
9b0f2eb238171bdfdadcc83b27009381dc04ebba,arXiv:2204.06745,citation
0a5e2f812e0f8fc8e71dc74292193cea33c8d422,arXiv:2204.06745,citation
50aaac5fdc2b5a33bfd3ba93cdf4e5e302f34297,arXiv:2204.06745,citation
57eddf6eff27193984314141d04c333c11532fc6,arXiv:2204.06745,citation
85664bb73d09a20f4d3f7aae81143c0f25060fbb,arXiv:2204.06745,citation
db484042bbdcdb52f18387277134fbc1f7cd131a,arXiv:2204.06745,citation
ff2eecb21972eb287064f98db1a4487c62bd7566,arXiv:2204.06745,citation
dbd6463cfff26861f6f3ea8e8d19eff4e6331904,arXiv:2204.06745,citation
5679d358cb2ebe2a93d518907327232b951fd58a,arXiv:2204.06745,citation
a8a4830a764d7f25f5d162216f230c88aaa161d2,arXiv:2204.06745,citation
29a387342644a0dbde917fd6948a9cd16dd747b7,arXiv:2204.06745,citation
3f40edfcafc018b2cb54612a9aaa9d6b43a11a26,arXiv:2204.06745,citation
f131b342e3aede46d24afc9b9055a94cceb0936a,arXiv:2204.06745,citation
aeeb75937b70d47b59256616555114a9d9e08240,arXiv:2204.06745,citation
7494de416814c2b843291e746c3a44d9ea64f87e,arXiv:2204.06745,citation
a2bf0f9d41c550bc7cf69706b322f9c9838d3b00,arXiv:2204.06745,citation
156c1b14d1160ba9802615d37e8b827a13282a4e,arXiv:2204.06745,citation
c4d3b9a87295db0b9f6466b7f3ce2f175c6d3157,arXiv:2204.06745,citation
12db3efff4cc9e16822dd64bb1cad66f3f034f3b,arXiv:2204.06745,citation
5fc1a3a49e8f1d106118b69d1d6be3b6caa23da0,arXiv:2204.06745,citation
fec455cd5798dfcb70e741d76c88326d20d2536a,arXiv:2204.06745,citation
01a819f7155bb87c32f1e4c13d9439c080e6aa97,arXiv:2204.06745,citation
47daf5f81470564f94adcac672405c2cd39dd186,arXiv:2204.06745,citation
f29f8b8aa2b7e608199b65d3cf751969d4024132,arXiv:2204.06745,citation
64e9e1686cf85db163f007a8621e2c1b24d86feb,arXiv:2204.06745,citation
7273013a3eeb44281c1f0492a73b1efc18ac7d7b,arXiv:2204.06745,citation
f81a1b4510631d14b5b565c4701ee056f8d5c72f,arXiv:2204.06745,citation
db95150f29a37d8736037af7506ca7c63331e097,arXiv:2204.06745,citation
68f86181502bd523e6faeebde704873cdf154464,arXiv:2204.06745,citation
a9eb336485e148d0a3f5010693d7752facba2875,arXiv:2204.06745,citation
39bb5d44735c07b1e1f4341a2d4bc8d5e783f491,arXiv:2204.06745,citation
ac70fb2c74aa87420878c441c3d24969947e0294,arXiv:2204.06745,citation
c6c453c180cccbfac3cd86355e1d4777511fd385,arXiv:2204.06745,citation
568803a3cd4ecec1f5038621b0bad8462493418a,arXiv:2204.06745,citation
d599905b8966e5d735ae024ffe2768e92cd2822e,arXiv:2204.06745,citation
bea2659de9d935ed34eb5472da8b676d0ea3f401,arXiv:2204.06745,citation
06c8f8aa5d9fc02ea8ba35010e5b1e8420014c62,arXiv:2204.06745,citation
475502b047e8074b37cf756c95a2a43f4bbc49d4,arXiv:2204.06745,citation
0d9305cc2b18fc46752930548e6c42751e325783,arXiv:2204.06745,citation
0490ad904619cade66911b9347b7bbc610acd321,arXiv:2204.06745,citation
b549b74b70ab1123d6771a67d4912daef8e13a30,arXiv:2204.06745,citation
788477fadc464576ae1b059785245c9581e4e13f,arXiv:2204.06745,citation
fa8ad38863ae7b96570e91a05d7fdf5e6d768c0c,arXiv:2204.06745,citation
819bbdc2dac9e13d9ca3e2508a6e063186ce5e40,arXiv:2204.06745,citation
9397d56e35b1597e62af5d4fa773e4dacf3c20f9,arXiv:2204.06745,citation
84611a36030fc6f7c4da24134f4257ce7d7e92cd,arXiv:2204.06745,citation
894ed1aba8e42a4ec27ba53ecde383b14c5128ca,arXiv:2204.06745,citation
28ba105e12eb1cdbf5d9423f105771de07037f8c,arXiv:2204.06745,citation
0b0debb710366cdff461938c80763eace1651af6,arXiv:2204.06745,citation
641a494b5a1bf1da06dca373dd48b10c4d042c4c,arXiv:2204.06745,citation
ee8bc293a8c3f980aa7dce8316c87da0c71b4341,arXiv:2204.06745,citation
000f964393dafe113a8e66734d63b2a145844159,arXiv:2204.06745,citation
f0950a3f27c0fefffba60ae1c9a8ee360d5eb55f,arXiv:2204.06745,citation
dd18782960f9ee4c66b79e1518b342ad3f8d19e7,arXiv:2204.06745,citation
a95ee02fd85a3734bf19bb4bbc6ef3ea22c96cc9,arXiv:2204.06745,citation
0b220041eb83c23b7b10d32a5d08c0309d528071,arXiv:2204.06745,citation
40e0b9361d88b1879891eb6d16de110b30bf6c62,arXiv:2204.06745,citation
748ef0b1cf928446876fccb69b14dae4020d58df,arXiv:2204.06745,citation
4a4a7c1281f022970f9faa171ff33f2de04a3ba7,arXiv:2204.06745,citation
2d77eeb731c242a9d256e833bd5830c2fa3c5e4f,arXiv:2204.06745,citation
cfb7948c8a09d0a64afecceb7efe3362318dbe17,arXiv:2204.06745,citation
193955704f66923ac20a664bd184ed4663b2bdf9,arXiv:2204.06745,citation
9bf587d032e3764720cccd5beaf941f5c32880bc,arXiv:2204.06745,citation
308fbf6481d3728f18163b27bd9c77f6d5a1d438,arXiv:2204.06745,citation
09f79daf280659e1cc254ca9d454ac2bacad7620,arXiv:2204.06745,citation
cf4178eeabf1618bf75081a0a341fade91f3444a,arXiv:2204.06745,citation
a90002644214e7455013eaad7815041d310b67ed,arXiv:2204.06745,citation
07bc02bd16f6fe78a7ea3bb8d966fcc6e3893195,arXiv:2204.06745,citation
2a38daf98d506477f8180806f503409d5036eaf4,arXiv:2204.06745,citation
1fdf449c96fbac0789cf8dfae15b788905407fd3,arXiv:2204.06745,citation
75059feaaec7dd0a8810d8f4ec6985f5d00b73d5,arXiv:2204.06745,citation
f6f91a650b59d8f4e7f8924dafc98c8a2058c422,arXiv:2204.06745,citation
6121fb3e393597e02481a516f0035f06ec9a5836,arXiv:2204.06745,citation
1c0c13edd4442ceb7eac70bbcaebaf84512f9a3c,arXiv:2204.06745,citation
b8965001a40bf6cc319478038a03090f9c07f7e4,arXiv:2204.06745,citation
4a806670b0aeb2b55c1efce5ae294e34ac9c676b,arXiv:2204.06745,citation
e3c677111470321bf4190860a62b7619d2a50af3,arXiv:2204.06745,citation
a72975eb88eb31f193e9587e7415cb04e7bcdbee,arXiv:2204.06745,citation
ca31b8584b6c022ef15ddfe994fe361e002b7729,arXiv:2204.06745,citation
5c15f41dec8c6c9be91cd608425f1f133fe2f8a2,arXiv:2204.06745,citation
8a9846283e556406b0e78b203c087c4821071137,arXiv:2204.06745,citation
59ae3f32233781acd5e418a647a46ff9a87c75fa,arXiv:2204.06745,citation
949842a2531ccbd47e650980ceebc5e0a9a90b1f,arXiv:2204.06745,citation
1e3ef48abeef882e12f9553a1baf8944f3782c88,arXiv:2204.06745,citation
6af986a2cab884fbd30ad6da2928dc19c12d83a7,arXiv:2204.06745,citation
f9acfdf58ccc27ac7d4b815ef8a2b9e03c5b215a,arXiv:2204.06745,citation
155cca227df652fb09e33ba888643e243c333134,arXiv:2204.06745,citation
a389b38c561cdae1b6b3acaa2a9f66c25c21d035,arXiv:2204.06745,citation
e586a4591ba0303b769f2c07cbddaf1899cb72e4,arXiv:2204.06745,citation
cbbc2cc774c50b0b19922185b80e9ce90b7cd2f6,arXiv:2204.06745,citation
2922768fd451ecdb45f48c1a83eb57f54a91221b,arXiv:2204.06745,citation
e516665a91d7e76c75796a106332882153323e6b,arXiv:2204.06745,citation
4e816946646f20e91aff58df4baee0da915d3ec1,arXiv:2204.06745,citation
1ca5618423c64f0656d13c2bc0d387cc2006f7b2,arXiv:2204.06745,citation
3e826e52754d0876611c8cf2fa7a781a701c39e6,arXiv:2204.06745,citation
b9a1189f2de7fd5e66551d7c425556e5642b823a,arXiv:2204.06745,citation
454c8fef2957aa2fb13eb2c7a454393a2ee83805,arXiv:2204.06745,citation
529a0b3addc3805d69f870b46267b7c329d35a2f,arXiv:2204.06745,citation
a86e12654376323b712dd3d39d5ff22283f87a7b,arXiv:2204.06745,citation
35b7f5c369c78d36f83d5e8cf844432735bc7819,arXiv:2204.06745,citation
b1fc02780a21bc0f61d8d8e70a8e8f6987c06bb0,arXiv:2204.06745,citation
bd9a20c03adc415ff33acf28107c154c12c7dcca,arXiv:2204.06745,citation
a8b5a20e3a983d96f9dea6fc38e77b155e7bd94f,arXiv:2204.06745,citation
1dc2d0f43df7f7a7847817203411357eca79a5b3,arXiv:2204.06745,citation
eda08c6f5919f39979acf0b3bc52e903063b5ba4,arXiv:2204.06745,citation
0423fc7bc1880b850d07aec8ebd9217a70626572,arXiv:2204.06745,citation
ef933c2d89a0dd8130a2b066be48317f0bfb03bb,arXiv:2204.06745,citation
db1aa71314016e12e115fbe449a688f523e52e77,arXiv:2204.06745,citation
109929be7890ef982fb3b6be0d78609cfab1ea13,arXiv:2204.06745,citation
e47e63781c0e7a2c0504b9381b76b5d01b62c53d,arXiv:2204.06745,citation
d962b6772dab0ce2573370e72a477665dfe5ab08,arXiv:2204.06745,citation
c935ef9b9c10cfa3c61722c7f89c77ee3da75c60,arXiv:2204.06745,citation
8f016a25e7a90b889f34ec8e698672ae6d3a4ea9,arXiv:2204.06745,citation
271de6816367398ff5c3619e3b061b414388cd8c,arXiv:2204.06745,citation
6f2b45846939267457abf13f2bc8618d23c7a2a4,arXiv:2204.06745,citation
5d321194696f1f75cf9da045e6022b2f20ba5b9c,arXiv:2204.06745,citation
3fae5fb60ba9eeead5f1b2681ac6b09fe9cc4926,arXiv:2204.06745,citation
cd0db1266961a9cd3e61aeab6456d35c32d77a39,arXiv:2204.06745,citation
751563cf0c32fe4dfa43d3416c916f8eb053e5f3,arXiv:2204.06745,citation
db9507cdd3e2d7d9c90ed185bd831e55c62dcec9,arXiv:2204.06745,citation
f5e9337477d7a9eb6267d0310549fdefafbb7fe2,arXiv:2204.06745,citation
8071b53a46b0eb368741afcd90c3f93d95f56fdc,arXiv:2204.06745,citation
7a1e71cb1310c4a873e7a4e54d1a6dab0553adce,arXiv:2204.06745,citation
d3060876d9ad4e4e50e1c88a8c04186df00f24e2,arXiv:2204.06745,citation
08145978da4c8912f4a05444a6bbf048778dc4af,arXiv:2204.06745,citation
2eeff1edde4fc66284e7bedeb8eb8878ed4560f4,arXiv:2204.06745,citation
abcda41679759e17a7bd89ddf1ed069391f9fbea,arXiv:2204.06745,citation
da0ae0a54c6ec1d116a615fddbd71d190b4060da,arXiv:2204.06745,citation
0fbf7ea1a3bd1754ed9aa12ed25906b731ece589,arXiv:2204.06745,citation
9e16d8cc6096ec0d2733a4ecf41ce09d9a4bd19c,arXiv:2204.06745,citation
f0888b9c0ef63e68c7758e6aec2370961c0eede9,arXiv:2204.06745,citation
5fe9c0b37d6e3231fda9fea581b3dc360f99078e,arXiv:2204.06745,citation
a89c30ceca55783a1b2ff843eb6a4793e4a54b66,arXiv:2204.06745,citation
fb0cd3f58d405b2d1511d6f6066affeb7d5a4902,arXiv:2204.06745,citation
2b72888cc3ff048038f6011b8e3d89ba106540b6,arXiv:2204.06745,citation
03d8be9227a37ed1309f25ad786a4a6b5e19ac3b,arXiv:2204.06745,citation
124a3c12d35c4f40d5ce4fb48355cd17af1aca89,arXiv:2204.06745,citation
6cb35dd6e1338faa0c3d6a6b0020bbcbcc18653d,arXiv:2204.06745,citation
159b9c65260beea062cebdc023d9e802869768f3,arXiv:2204.06745,citation
e55fff3d7e59a7192b59b4b497c17ea9c77a9d16,arXiv:2204.06745,citation
8c7846c9805834dbe2fb0c8f48253b8d65b79d6a,arXiv:2204.06745,citation
17fbffb05fa14e21d1c506fd5f0f568b955fe983,arXiv:2204.06745,citation
91c37a88c2b320725057260677ae79f3cdaa492b,arXiv:2204.06745,citation
1e66b2d2a56842f07e5d6bf4ac0dbe5da829d052,arXiv:2204.06745,citation
656d40a68662ac480a6c56677f7fc12aad26a50e,arXiv:2204.06745,citation
43ffae1c1c6a7371dfe89ac84ae45f3456fdc5a0,arXiv:2204.06745,citation
c6fbe66f962908a6cf7cd771268d9a161000ce4d,arXiv:2204.06745,citation
1567bcac0ab09269c9d0ff33c9a406132417fab9,arXiv:2204.06745,citation
a21de70160c91dcf9b1e7a93fbb32f4b2687860a,arXiv:2204.06745,citation
435f070f4779a184285917184899fbdb43bb6d7e,arXiv:2204.06745,citation
f5c73d9e6641b018b633690102121f5605d34fb0,arXiv:2204.06745,citation
026b3396a63ed5772329708b7580d633bb86bec9,arXiv:2204.06745,citation
66e53ba87f201a2ba8bcf09966f16ae068933e77,arXiv:2204.06745,citation
ff2a0fb125e7f03428420230c6ecbeafd4cf07a8,arXiv:2204.06745,citation
5161e4a6a6c276960d0db610acb7807f5fdf4c7c,arXiv:2204.06745,citation
bf7b1f67c80ebd45e0b952946de88773c123b66b,arXiv:2204.06745,citation
d1eab1e0bde832b121f301794d3b5da0684b8323,arXiv:2204.06745,citation
ffcbc17638beb1e1aff3eba1dd48735ed72a02d4,arXiv:2204.06745,citation
4f0c7f4df04f07609bdb67944af2a529d5a4517b,arXiv:2204.06745,citation
d53f4cdddd7494d5f6e64d81f627691f6d7dff95,arXiv:2204.06745,citation
a7a2161a25f3e4e1eaadcce8e63242211d8fcdb7,arXiv:2204.06745,citation
e46bc16bf3dc13aa49b93f25b3e0462ac869cfe4,arXiv:2204.06745,citation
c9f83c0fa1425d61c5b16aadc4492ad53e4fbda2,arXiv:2204.06745,citation
83864d7d13a01b7d1bcfc844692d1a70bcea605e,arXiv:2204.06745,citation
ec74b0229c94b4fc279e2bab5ba648f0080e9154,arXiv:2204.06745,citation
9ada8fa11b1cdece31f253acae50b62df8d5f823,arXiv:2204.06745,citation
6bef46eccb4c7f521e4f255a01595ebf9994ae22,arXiv:2204.06745,citation
3e4085e5869f1b7959707a1e1d7d273b6057eb4e,arXiv:2204.06745,citation
f5d35779f90b8b8dcf798787bf68b4c294c6b5a4,arXiv:2204.06745,citation
56fa65d8dc41708082f9b2ef7752c49cee9ebe01,arXiv:2204.06745,citation
d4d7966a7b4dbf4cd764e443392d22826618a293,arXiv:2204.06745,citation
aad167be3c902388ea625da4117fcae4325b8b7d,arXiv:2204.06745,citation
9a53e53b2d11eb5247448f244e5304120382945a,arXiv:2204.06745,citation
5495046b456059ad820ce26157ebe102147011b9,arXiv:2204.06745,citation
912ef861b37cfd95d631daefb57a21832efb8380,arXiv:2204.06745,citation
e20b2f83f7993446382f72aacc500319465bca2b,arXiv:2204.06745,citation
4220bffb01045faede80cf8eae76605658ccdcc8,arXiv:2204.06745,citation
ead8e62b819d5da97786e9905563c427bba5e29d,arXiv:2204.06745,citation
c304a962248b62e4efb0f4c6fece676b79dab2d6,arXiv:2204.06745,citation
1b45ffb16f18456338fc2298a26854832e2574bf,arXiv:2204.06745,citation
846db95f3c330d777f76692dcc7534dc364149c8,arXiv:2204.06745,citation
deb8f26509ae320fc975b32922416cb156c61bbd,arXiv:2204.06745,citation
895efbee8fe665460c72c97737e34e0b822e39fb,arXiv:2204.06745,citation
31efded912389bcff148c3205b42669ad434f7d9,arXiv:2204.06745,citation
a8d740aff768210d21bf30cd83bab156d78a232a,arXiv:2204.06745,citation
dce4e4cf1cd8c42b8a400280a48283234ad7aafb,arXiv:2204.06745,citation
13581a46d32822e44cbeb1acdba4a59cef2b2ec1,arXiv:2204.06745,citation
ece77610adfb0fb162dd22ef694f2777393c319a,arXiv:2204.06745,citation
be55e8ec4213868db08f2c3168ae666001bea4b8,arXiv:2204.06745,citation
2a44c6b7f291f625314a82ba3131e605009fd533,arXiv:2204.06745,citation
9d838f9d7a5406acf48d8b9d17a4cf581b827ddf,arXiv:2204.06745,citation
e06b097b0b3865d627b3bcc0d8454242bfb3ffab,arXiv:2204.06745,citation
f9a7175198a2c9f3ab0134a12a7e9e5369428e42,arXiv:2204.06745,citation
bafe023fb072045dc0cd50316382a61c8dcb9fae,arXiv:2204.06745,citation
83edcfbb206ddad38a971d605da09390604248ea,arXiv:2204.06745,citation
3b37ac8b3bf8ce69e9f605f3a7c2c7adaa40a191,arXiv:2204.06745,citation
28dafb94a87daa71ad3edf9f04f3c8c32753398b,arXiv:2204.06745,citation
2cdff023cd4b185bb452f3c7399580db2d0fdfcd,arXiv:2204.06745,citation
f2aa88d8cb4e7e2be4be58e8f0d8a833a0449e28,arXiv:2204.06745,citation
9e93ab728e3e174ec1492009055885a9123d434f,arXiv:2204.06745,citation
0a1be0565f0f9c0fb328d0210574d208dada51d5,arXiv:2204.06745,citation
e7ba478aad9b9534a9f632b85ad87177f5587189,arXiv:2204.06745,citation
8fc90497d9043fdf35e71302b7c2e79bb907144f,arXiv:2204.06745,citation
285dae5c2f2ef55c70971094a1ddd45afe720eee,arXiv:2204.06745,citation
3049c992adbd56e29c4d957ee0c4e9d05fe3c6d1,arXiv:2204.06745,citation
628952a4b739cab34e585abe07124299071d874c,arXiv:2204.06745,citation
6ed74f0f41d546872e2092830a365d09dfec3f2a,arXiv:2204.06745,citation
6b2395ebcdc3f284d30fefe5d9877aa3caa7b53f,arXiv:2204.06745,citation
7c1707db9aafd209aa93db3251e7ebd593d55876,arXiv:2204.06745,citation
99bd07e888476904c6dd77ca154fd48629ac6dce,arXiv:2204.06745,citation
762ca2711eb167f19b79e39c175708ca15e1f5d7,arXiv:2204.06745,citation
92f19090599910af1b1c9ed2b318abc0adea0527,arXiv:2204.06745,citation
9f8ac6ee3760ab202e492c733362e5bfc6763934,arXiv:2204.06745,citation
16c64f74ce0e6a59b0709c0d8e66596a5bc08ed6,arXiv:2204.06745,citation
a55dfc1482c9fa32859d1e8e8c5813f5a22982cc,arXiv:2204.06745,citation
f02d56e630986997e0aea3d92bf53e0f363ce401,arXiv:2204.06745,citation
aeeadd43a95ac7af93f6fbf7b165655157a30055,arXiv:2204.06745,citation
20f7e8e9f64ce170fe3fa81ca1b32ff4826698ae,arXiv:2204.06745,citation
9f52317ea9c5a6804b978987ff2a6557f98b5b2c,arXiv:2204.06745,citation
57e849d0de13ed5f91d086936296721d4ff75a75,arXiv:2204.06745,citation
5c7353fac22a8fdc43fc2f5c006b5d6902c47e75,arXiv:2204.06745,citation
b6207fe49e29c77402f8dbab052e949990949609,arXiv:2204.06745,citation
69f28be7a29f316785e5b8fbac9369e81eab5d4d,arXiv:2204.06745,citation
89184ab496b2a1ae31e068e628479b4cd8f4b9d2,arXiv:2204.06745,citation
20ab124b3e1a5770c7816e2f78dfd5d64de447e0,arXiv:2204.06745,citation
ca75356503c540ec9207ba203abe5884564598af,arXiv:2204.06745,citation
2e6fa3095df1d1ed041dfb4f5a18e31d4b7bd7bb,arXiv:2204.06745,citation
38885fc6a8067147b6492e4573ae292427364d88,arXiv:2204.06745,citation
07e738d7c10505b8562d0b282a3cae94b485b24a,arXiv:2204.06745,citation
796c0005a99d300c08903a166cf85dd755cc0dca,arXiv:2204.06745,citation
9a7ac45eafe11ca003db3a300505f3b5c3f9009a,arXiv:2204.06745,citation
b7270830eb423d6970490e7ab20c14732e9d7ae2,arXiv:2204.06745,citation
db5423d1d5737aa90c48bc121239160d24dccb36,arXiv:2204.06745,citation
f90a9249c7b2e5c8a42c70caa6f3b192598c1066,arXiv:2204.06745,citation
efb8d99c903328f64bfbcaa10b59f3b807798c55,arXiv:2204.06745,citation
4b308ba40e67b0b4b25c6fde17195d5a456a2f41,arXiv:2204.06745,citation
eaee0b647d336c6fc8b844812675ec35cddf14a1,arXiv:2204.06745,citation
40ea8f78f9922443eb8e27efd210ca63c8a99c7c,arXiv:2204.06745,citation
5bc43db8a438af826ddff02024ab9c036ab6f11c,arXiv:2204.06745,citation
d78df936a717f278e89221f74f3f894e90d8c1fe,arXiv:2204.06745,citation
7b00c4deb35471194bbbbd338191165d53167fe5,arXiv:2204.06745,citation
c6ee979c2da4b55a8486abae4cd720422ab09b26,arXiv:2204.06745,citation
70b98d90767345b15e0569082c0e4ac661279b5d,arXiv:2204.06745,citation
0914c443c0fb00c9ffc26ced54c1932079d5e652,arXiv:2204.06745,citation
53535d38fe259a3aa7c911edd8048d764e09e8e1,arXiv:2204.06745,citation
205cc15fca6963b355e4c071071368e874ee103e,arXiv:2204.06745,citation
0942bd8fad71282994ff4e9a779c09745da68edc,arXiv:2204.06745,citation
4f939f0751e5484f54089f6a97598e39afdcb3b5,arXiv:2204.06745,citation
34c2939d3147946b2ac218e7857e1bc4c8902679,arXiv:2204.06745,citation
c6a47dec94ded708fe759ca0b71ad57ab72fec07,arXiv:2204.06745,citation
34bc28087e1d6f047e2736791f79d769293f447c,arXiv:2204.06745,citation
41c548654688cf01a03711eb321a12acaafcf680,arXiv:2204.06745,citation
9cd329e3b86e6869e73a91c467459b1947655b07,arXiv:2204.06745,citation
e8f57752f8be4bd0819a3ba380837b9f107387eb,arXiv:2204.06745,citation
ec27f85979899a4193a8ec3b932ddb677c59be62,arXiv:2204.06745,citation
adbda885f4c2d68bafd1a2a8fcbb3dc88cdb4951,arXiv:2204.06745,citation
fb49e38135302a1c16d644c0f746cef7d5f10ee4,arXiv:2204.06745,citation
8a4fc5f00cd4aca61e148e46a2125c3a406719f1,arXiv:2204.06745,citation
7d645a3fd276918374fd9483fd675c28e46506d1,arXiv:2204.06745,citation
478ec7a8001d46cde90395c4a9d9ffdec59d5ce3,arXiv:2204.06745,citation
56373d3fd0f1354a61f9e577db039cdb187d8d43,arXiv:2204.06745,citation
75f7e9e2b59fb640ef9d1dff94097175daf46c4d,arXiv:2204.06745,citation
1255d716d0e0bb2a6193a8ece204549a2bc46f7a,arXiv:2204.06745,citation
965e409a3e7b5670d609837fac9823b160d6639c,arXiv:2204.06745,citation
dad36d9b8d51e7ae14150a48a76bde0a8eb50eac,arXiv:2204.06745,citation
964bd39b546f0f6625ff3b9ef1083f797807ef2e,arXiv:2204.06745,citation
2252400450fe742cda5d60a59f6fffb8392bcbe9,arXiv:2204.06745,citation
b364def1f651dc7a5d312c6edd5d79b0de8197bb,arXiv:2204.06745,citation
deff814eefe597b2fe275bc3dd205ecb1cc09c4e,arXiv:2204.06745,citation
7ffb3a27a2a4da5c35472bd3a3a4dee8d40a6d86,arXiv:2204.06745,citation
5aec1050fd62971f2b40b597ef7526fbc820beab,arXiv:2204.06745,citation
ee9050207325cbe6fc9a0d510432601974cbd0c1,arXiv:2204.06745,citation
075f83cac2742dbb36ee49d30f7aee2a322f3127,arXiv:2204.06745,citation
97833e2aa0da5240e62436373b58af988a4ab6ab,arXiv:2204.06745,citation
9b45af10429681249fafb07c3b6012ea4ce63ffe,arXiv:2204.06745,citation
8aa2c70563bb2c03e17297d8d726890da3d5f001,arXiv:2204.06745,citation
69df9966d13444e5cecb5cba8202079adb7cd167,arXiv:2204.06745,citation
26fd105d0b5a458979c012cddb3ba2de943388c4,arXiv:2204.06745,citation
0e1ae0bdcc8469db99a4f8008288e20f285f1c6d,arXiv:2204.06745,citation
2fe1ac0b09cc0f50eb83eef6c7c6b45ac8b12413,arXiv:2204.06745,citation
9ab5c6644082b6fdbd6a2b0e6ae3527668244424,arXiv:2204.06745,citation
f240b39aa5aa30b3e4f7a8e68d681a13a9a72054,arXiv:2204.06745,citation
1d26c947406173145a4665dd7ab255e03494ea28,arXiv:2204.06745,citation
224b8cd8c31cfa86c2a84bec3a65d9ba44f38280,arXiv:2204.06745,citation
15586fec836ffcb60eba81491e04c225e6914aac,arXiv:2204.06745,citation
4f4a80148cb8f328aeaee68b34f9797cfb5ea150,arXiv:2204.06745,citation
73b54046259f84a0c4e9409714d6a71c41981b57,arXiv:2204.06745,citation
5581bf85386737bd3378eec68189759a05280bea,arXiv:2204.06745,citation
6c673f92ac808d9ccbaf3fc35e8da9cd66caf847,arXiv:2204.06745,citation
ccfa7a251644aafc7f85ca66c6652adfcf93429c,arXiv:2204.06745,citation
004455626f641d75d5e85e9f95b11580e77da277,arXiv:2204.06745,citation
780f7eebde16b1ae5843df3a79a7772899ef6a71,arXiv:2204.06745,citation
8bd182f01c99e643c9a5a96832dc1a16b9cd10d0,arXiv:2204.06745,citation
de32da8f5c6a50a6c311e9357ba16aa7d05a1bc9,arXiv:2204.06745,citation
ca3d845ee518365ca73a3f7a7143c2a1875591a7,arXiv:2204.06745,citation
d697b440dd0e65a05fe027e4c0ea85f62dcba033,arXiv:2204.06745,citation
b6080792b3e5f13cb6e12f2318f77c8f1b41731a,arXiv:2204.06745,citation
cdf54c147434c83a4a380916b6c1279b0ca19fc2,arXiv:2204.06745,citation
c022f75b00d795c6297d6a9ea948856ea4d365a1,arXiv:2204.06745,citation
d3e4553f0a1fd465ae358701f1bdc2e8265308d6,arXiv:2204.06745,citation
fecb8e81882384731b6474025ffca846cb048c9f,arXiv:2204.06745,citation
1aa206426a20b0b549cda5068b90b8da353b3434,arXiv:2204.06745,citation
075b6fb7d3787953164eecc1bd2e13f97c9f3c44,arXiv:2204.06745,citation
7ffb212356df9980347b3d3b9910dfba75a5d0c7,arXiv:2204.06745,citation
316206a2f89eb94ce02a81fba1dc304586f21b39,arXiv:2204.06745,citation
e30a39570bf8a153bae86a6afde00983be9d7d73,arXiv:2204.06745,citation
13a0d8bb38f739990c8cd65a44061c6534f17221,arXiv:2204.06745,citation
6979ce65b9f657672cd3a0b9217ead51511c1838,arXiv:2204.06745,citation
7a25155364476839b6d1fc0653cd8611327ab9ba,arXiv:2204.06745,citation
5288b9f3a9f575543f44c39e1d3b78b3ca4c99da,arXiv:2204.06745,citation
15190e8b459bd85d546286f7d7da61b4f4f3f58a,arXiv:2204.06745,citation
cf934ddd3c852ba9c67cdfd21bf41e7723fc6d9e,arXiv:2204.06745,citation
eaf5fdca5e5c45d24fdf8bdd3d663e9369fcb9b2,arXiv:2204.06745,citation
b32a6f6ef7dd775e0f876b4713ceccebc56e651e,arXiv:2204.06745,citation
3d5463a16d85d9d1d0d8ebb4117a31aca3c240ff,arXiv:2204.06745,citation
af40161385595e81642a26e90640d0f16f5d1e5e,arXiv:2204.06745,citation
bba32ef8cf879a3d49f31951e59016f874d6a6bb,arXiv:2204.06745,citation
855f232253f4d0ccd0887a8abb97bf52dcce9dfb,arXiv:2204.06745,citation
9cf015fa05c0d97fabe1e0b2ce864a832baaf82c,arXiv:2204.06745,citation
544d746f6960f2785b8228691b9ca9879e84026a,arXiv:2204.06745,citation
5b269727dd4ecd8aa013950bd6f7b15ab80eaf53,arXiv:2204.06745,citation
f6bad6683d34327de07ca91838d5047c86b8b969,arXiv:2204.06745,citation
431c4345e3cf38a23f122ec7a0eaa7e7b8ddbf7e,arXiv:2204.06745,citation
b40f634c19ca59c8b8da641f898c2b41b9936f88,arXiv:2204.06745,citation
d417746c7805d46f1f2646f018ea6cc8addde3fe,arXiv:2204.06745,citation
19582941350fe18d412a828bd028e70449b211d4,arXiv:2204.06745,citation
db423930a2f9170cc3ac7d10c5a605797fbdd214,arXiv:2204.06745,citation
060326641be6455b9129ec027570c04b69397300,arXiv:2204.06745,citation
cdb03535dc27b57ee677f70c54f6a4dd74c6e208,arXiv:2204.06745,citation
abc8fa74e1738084e6226cabc90c91e42d03fd02,arXiv:2204.06745,citation
784812fbd0bf2a999c34aaa97bb7472c399572df,arXiv:2204.06745,citation
b769d7b5d523854e2930bdf2b3d385c561bbe26b,arXiv:2204.06745,citation
f186919a8a145204a1f1cac4dac8f1cba70a5f11,arXiv:2204.06745,citation
7944e86b77df28ec78dd76f1af5a4f091afe7ae8,arXiv:2204.06745,citation
ce09d7a0bf35ee6a2d857c472efd8d480b9fa122,arXiv:2204.06745,citation
5d4a6ce39cfe7bfc6305cba86464efff8bc20c97,arXiv:2204.06745,citation
e368bb64dd08a09240ab16b486f35fda7f7b8f62,arXiv:2204.06745,citation
885d29a471fd32df9356710be352db62c9c2eafe,arXiv:2204.06745,citation
7306e97d2fb5977572f47a90866323239ab1ccdc,arXiv:2204.06745,citation
7a504c30ca8cfe697d98002f8681fafab2b23300,arXiv:2204.06745,citation
8dd04dd93055d1f084bebb13795852c72f0e74ce,arXiv:2204.06745,citation
58d4226881202f426df3fc6bade3aa5f5c13322a,arXiv:2204.06745,citation
14005fa355419392fb3d1e1a59b2cc89f41dac28,arXiv:2204.06745,citation
60a5d611f7e717dac9676f866120cab671b7001b,arXiv:2204.06745,citation
5546211e872bb1c5b3561a01741ebfb2e21df778,arXiv:2204.06745,citation
b875b4f6420095a890ca1679fc8918642e6b8ab1,arXiv:2204.06745,citation
98f344d7f542f04bd9afbda0baeadfb5f7e8c7ec,arXiv:2204.06745,citation
d58f4d7eec0ffdc8f0b1b1ca61dd1586073553ee,arXiv:2204.06745,citation
d2a2116333681d24462f9adc2e2c803f4dc06f88,arXiv:2204.06745,citation
f282f8a64476c1ab2a05c63d6a3a0d7e4b2996d9,arXiv:2204.06745,citation
cf0d079c1e60f1866088f548c0ec541e5b6dcc36,arXiv:2204.06745,citation
86bef5b58ee5b8d9518e948589ab2744614e662c,arXiv:2204.06745,citation
48ebf17b6ec5e55f66b6053265761805130ea7cd,arXiv:2204.06745,citation
930f61a103925a824436babec176d5f3787f2a34,arXiv:2204.06745,citation
8963e1f0199c735e8d761b9c0a2f0578825f37a3,arXiv:2204.06745,citation
e4273f01e6d7cd41357ea3af5c1a3df4962dc124,arXiv:2204.06745,citation
635e4a48495ceb761d721e0bea3f1b96e803b3e6,arXiv:2204.06745,citation
c78427f8a75bce3c446813eb1a58f86266d2e20a,arXiv:2204.06745,citation
3ebf3cf8f370c02393c965fcbbb77ef35545ceb8,arXiv:2204.06745,citation
e7b23abd802d9a6d17351fd2653b100a8adab05e,arXiv:2204.06745,citation
7808f614d993cae3ae2cfd3afc32f8d9191f7126,arXiv:2204.06745,citation
59a66f2974aed18cc465045bf44242e9e86ad5f7,arXiv:2204.06745,citation
ebc9b926157227bf0b24f94b7cd449bc84a1505d,arXiv:2204.06745,citation
2352a5e416d370023f2daf363724cafe7d7900e6,arXiv:2204.06745,citation
9cb050f5fa3a5b0f686c81cfa2f80653a33e54e7,arXiv:2204.06745,citation
6cd17fe43f8c95cd2b57104edb0593c438965899,arXiv:2204.06745,citation
499075670464a7426ea5d12171cc55e892fad1d1,arXiv:2204.06745,citation
38a4f14f8c4933a1aa8781da7d5c746879bbbc85,arXiv:2204.06745,citation
e4ceaac6047fa4931d11d06ace81b72bf5ffbde5,arXiv:2204.06745,citation
9a3d3a5363755e0b2c1b18fa13d43f124a57693b,arXiv:2204.06745,citation
8c9f052c706e823f031aad8ffcaef3e867e76e8a,arXiv:2204.06745,citation
f65da0ad10803e6c66a5281add95b80f76587530,arXiv:2204.06745,citation
deb6dd39a68ea0d949f580a7944abf595185e150,arXiv:2204.06745,citation
5d0b03d545c6468c943858ce46a865380811d05b,arXiv:2204.06745,citation
6f3562f861af68e04eb8916230eada09b07d7e1d,arXiv:2204.06745,citation
a9da568c4e7457323a3dbfb8b452b1ce6a1e306d,arXiv:2204.06745,citation
4f4201222253e3cd98172d0308d7f45f7686751a,arXiv:2204.06745,citation
e4a1e9bb360f29aceb56079f52484c4a4de1298d,arXiv:2204.06745,citation
ef29ae1d2ec462e8f06f72435ce6fab0412c07da,arXiv:2204.06745,citation
78bff3a2cd75b607747bfca3fdb2a0c8903c37e7,arXiv:2204.06745,citation
02b996519be048a4cfed5b823a5756f8bd1b6b8a,arXiv:2204.06745,citation
47a90c5069d7f148e22ba2c06e7b5fabc2b557c8,arXiv:2204.06745,citation
1583892eea9efb06424a03cdf0144a096c7853ac,arXiv:2204.06745,citation
d86b4712c1c64af64be5e693e796081c1a90e751,arXiv:2204.06745,citation
73be59bf244d1a06cc3b8e88e185a09b3b062d7a,arXiv:2204.06745,citation
dd20cb2dfc8830007ee5fadcc4ef41eb494b08bd,arXiv:2204.06745,citation
2c40c4475ae4eea2b8b568871c435b373f18af42,arXiv:2204.06745,citation
9bcd28b1a0a9ec04e902f5003cc6b0129331845e,arXiv:2204.06745,citation
33a9d0133c62390120645332557218e6ae0d41b0,arXiv:2204.06745,citation
f6f9bcd24e989332dec21cb3bb0a9e9b2412a95f,arXiv:2204.06745,citation
4a4be7d754e8938b3d05140558d9d3f74f257c95,arXiv:2204.06745,citation
f4b82e4f2746b1332ba4eb09427df1becf7e0fa6,arXiv:2204.06745,citation
f24dabf3317abaa3d7393ab7d48115f353749bde,arXiv:2204.06745,citation
9b405bcf0c10a220e848eed43573ffc3477e13b8,arXiv:2204.06745,citation
1fe3d9f5ccfb8fde2401eccb5b187e9df0b6701b,arXiv:2204.06745,citation
eec73c865db0f3e882ccb5951879de0eff423266,arXiv:2204.06745,citation
a845bce29105f55dab1e47d2f92d7338eb183a4e,arXiv:2204.06745,citation
6cea8d0fa51ad72f4f07b154cbf8c2c7214294cd,arXiv:2204.06745,citation
4af56f8ebd1be53d6a59ce047b0a828397038859,arXiv:2204.06745,citation
efe7a13f062c82ede0a4fd419f64dce7f7156239,arXiv:2204.06745,citation
b2c426ae8aff6fd32c850c5fb24266b47417d96e,arXiv:2204.06745,citation
70f8e3c72e9178b408667e3619a87a153fd853e6,arXiv:2204.06745,citation
21abb6f22851e5447cd810dd9e70a4b8691cee51,arXiv:2204.06745,citation
d10cc691e58f2a61887932e43e01136664aade17,arXiv:2204.06745,citation
1b4c19168410fb2690d285b205ab2281793db81a,arXiv:2204.06745,citation
a3837000307940d66b28b617735c59aea585c360,arXiv:2204.06745,citation
86e7122a7359f32329cd52dc34c425e6810693d8,arXiv:2204.06745,citation
aebfcdab42f10bbaaef1b4a61d9b35e4a91cc35e,arXiv:2204.06745,citation
f031ba42cf82f106200bb03fbb91dd5671a59b9c,arXiv:2204.06745,citation
b742233b83405d303f61b3378f70475e4efdf75b,arXiv:2204.06745,citation
5c8cb5d39aa8531fcb5962821ac404e4a0e109d1,arXiv:2204.06745,citation
9715be0a94c9b05bafe299cbfb4f846453bfd2ab,arXiv:2204.06745,citation
7b0f98f51040700aae3cd9f0e3432dedcd69fb30,arXiv:2204.06745,citation
8e9b51c87fab57313b6b30ed9b08b02a7abb5031,arXiv:2204.06745,citation
3aa443baa063a4fb69df0deebdf24920ad1eb94a,arXiv:2204.06745,citation
f33d19614d78f4a6e107e768ccd0a2d4244fc89a,arXiv:2204.06745,citation
75af74f4e371b371147fb1d1e81addd921449cdd,arXiv:2204.06745,citation
7e70f375fd652df273108648d9a1dcea788d48b3,arXiv:2204.06745,citation
d7b3e795d657ccf1562053f47ce1ff81044fc2a0,arXiv:2204.06745,citation
bc8a87df3046f49235b00e6876915a05a428c3c1,arXiv:2204.06745,citation
791c3d8cfd7b6f16e4b007f2e549e4696e822750,arXiv:2204.06745,citation
bba47079d385bab0facf4527d5da35b7ff0a5c3d,arXiv:2204.06745,citation
bb83db3f3183c847b2394ee3a8c13670bf34620f,arXiv:2204.06745,citation
dceabf5eec3d1ef36c938fae8defbf6775d487f1,arXiv:2204.06745,citation
9cfecf5af640f31099d42d5080bf7f4a7b0fc62f,arXiv:2204.06745,citation
794e714cbc7be4621fd6af583d9a97155fda1b7d,arXiv:2204.06745,citation
1b687d8c41212dbce876dc8abfaae99419744d4a,arXiv:2204.06745,citation
94e5c2a5298f7152c343c5f212a6cc51c30f062b,arXiv:2204.06745,citation
ebec4ad1344c8d920fc6a1c272ac1861271b7e8b,arXiv:2204.06745,citation
e96d55d0bea01c25178438d8a958e56984181b23,arXiv:2204.06745,citation
3bbb701f0e7534fd4dad9f412edfd3c49e453cfd,arXiv:2204.06745,citation
db32fbc722bde1f1ce999d4e31258564aa53ea77,arXiv:2204.06745,citation
ec3766f5e768fa1bfa30409363e142e9fd00b271,arXiv:2204.06745,citation
705ffe8b9bd60d94e13be57aee38f9e5f9efdaba,arXiv:2204.06745,citation
be5f0610f4d80353dc12766109d053469cf1145d,arXiv:2204.06745,citation
07925ba989003853c5b8e89a57f353b5cd9f2c0e,arXiv:2204.06745,citation
ac3ba29fb549bac9988f73f4c0683f38b473a199,arXiv:2204.06745,citation
71418b8edbfca974ea9a3e4792ceecb98524f965,arXiv:2204.06745,citation
ceb9c06048188e0b67b476eeda65c9ad2f95f6c6,arXiv:2204.06745,citation
54fcb9c08b4a89ad1ffe87adf708e737afcda846,arXiv:2204.06745,citation
47ed9a1ce01627394e59d9d0d997d9192d59f016,arXiv:2204.06745,citation
e08652e042186cddee052ca1bb53b745c0d20920,arXiv:2204.06745,citation
42b6e69f68a7c1f180ee065fd8c532c299ba4d26,arXiv:2204.06745,citation
e0836ffb7724dc3dfad2bfa3bdf53059f4737b36,arXiv:2204.06745,citation
319083c0882b37cdb4675bf561121a427e7d31d7,arXiv:2204.06745,citation
2db371f6a119b7de6c1fb862f01b06592f864798,arXiv:2306.08568,citation
dade1de9860ca2c183e28cdb43afd5d4843b7d27,arXiv:2306.08568,citation
95fbe178b8b8f61d68c8e9d535924de8202311ef,arXiv:2306.08568,citation
cd3d0d415ad97ea623df52c5743743fd8911db3e,arXiv:2306.08568,citation
35ab4a0e0d6bc65dfd89ba05a3cd525e54696ec6,arXiv:2306.08568,citation
271ed4a92c99e351edb7ad52b5e50a819192fc94,arXiv:2306.08568,citation
80af1501c0d70528ed775550320e8e0051ad5bfb,arXiv:2306.08568,citation
a2db7f4aa6a90800d8a83732392e68a1293ff0e0,arXiv:2306.08568,citation
842083d989bf5624a2652b355ca59d7a5cfb803b,arXiv:2306.08568,citation
1bf0ff5ffd2e2e9b6b1e1fd403af4e0d4fcab05f,arXiv:2306.08568,citation
19f4c71a3f3563a78fa5bcf5f532d618171089cb,arXiv:2306.08568,citation
34203e77d2f7548bd681e6b439a9fb6c7ae856d5,arXiv:2306.08568,citation
355d485c65b62ed2a6c103bd5429e1ccd5e292a6,arXiv:2306.08568,citation
df0b858bfca3f8e8e4ad09a2ecbc485c45ca667e,arXiv:2306.08568,citation
fac8990152c0aa313e43ae4c3f657a55f679d161,arXiv:2306.08568,citation
e198eceaf6e652181545e601cefd2a08e653e05d,arXiv:2306.08568,citation
5aee63ad03ec3230a0500a80ecfc2d86cabb1df3,arXiv:2306.08568,citation
da1504d552ed5faa82176cb2abfe20b8c2582518,arXiv:2306.08568,citation
59a6eb338650c3e61f282e85978a4df13f711ea4,arXiv:2306.08568,citation
d4cc9fcfe29d7c0676583a6ed779b05a4ef7ee73,arXiv:2306.08568,citation
861ff345351bad6a40421fd3f454a6de1d67efb4,arXiv:2306.08568,citation
d7f4b3854305173e96726258b204971cb25b1147,arXiv:2306.08568,citation
7db2e002bf96709c31624f352b8b79cd45456e73,arXiv:2306.08568,citation
f7fb82d4a79c4692078aab0a64252c3eaa761e30,arXiv:2306.08568,citation
69cdee1420b64e5a8c8c5ac9c4b1b9a4bbd9e27c,arXiv:2306.08568,citation
d43240c5a2f3c79edbeb44b6b6fa35e1e1694c3d,arXiv:2306.08568,citation
40fd06ae1bc4b5266cae69158dbda54ec3eb757b,arXiv:2306.08568,citation
4a2abef6da21f6e29c8972a9a6d08741a6401abe,arXiv:2306.08568,citation
a3707ba55b88df07b79f9d188723ebc75440fff3,arXiv:2306.08568,citation
270fafac2246a4e84e28210df4bbf2ad5943e8ef,arXiv:2306.08568,citation
dae7e7ed8fee3e8259424644351177f33aaefc38,arXiv:2306.08568,citation
a81c481189ec4719b80ceec31f7c0277ba782d4a,arXiv:2306.08568,citation
8bb5eefb7e53b2b0161e89384fa2282ccd7121dc,arXiv:2306.08568,citation
4fd2798710ae7e9ffe8ef96666891f43885c79db,arXiv:2306.08568,citation
212072d3466f1add14734cd7f9586a71c62b989b,arXiv:2306.08568,citation
bb58a2d3164d8f9f4448fa2f43d60a51b8b6a35b,arXiv:2306.08568,citation
2c319440ab40e403454e5174c0794478aa9ccfd6,arXiv:2306.08568,citation
21fcb0b2945e1af59d33b402defb0552cfd793c9,arXiv:2306.08568,citation
59b98a8d58eca6be30d5f544ecef566781a3c8dd,arXiv:2306.08568,citation
4f14d2b419e064fc424cf8ab34eb55bbaa09f6f8,arXiv:2306.08568,citation
0858d2acc2abf2f36da75f8758b033c5786ff9a0,arXiv:2306.08568,citation
ced3f05ae95af17fe4a5d3a61478c8e0e30a836a,arXiv:2306.08568,citation
8d01b72c4ef340ec5c0c195476ead098e3259fe4,arXiv:2306.08568,citation
a12a067120f2a6a8fde119d636e5952c35c2ca94,arXiv:2306.08568,citation
b78e1e78279994634c45375fa0666e384be58179,arXiv:2306.08568,citation
4f947224264117cc32b1c2cb3dc719ba7f6af3da,arXiv:2306.08568,citation
f3a6bcb5b91524969e65cc9899fb3341fb18f2f7,arXiv:2306.08568,citation
8ed4a4d278a8898e19b31e2af9e6d7275a5ae888,arXiv:2306.08568,citation
49e62b83556e0c8dc4a030567a65402d4b9fc7f8,arXiv:2306.08568,citation
01957008d36e54db3049afc6310cd5a1a841dc04,arXiv:2306.08568,citation
8a40d5eaa6df81eb4c6dae29316ea540d1f97026,arXiv:2306.08568,citation
4dca591042a6424124c2e735afb0c775b5f13d83,arXiv:2306.08568,citation
5d2892797f558e3a5d5e08b326e63534385cc00f,arXiv:2306.08568,citation
c1647173db395136f3c2be0d1dafcadca91a41ef,arXiv:2306.08568,citation
0bb49d85804c7e72a1c63eb655982d4b6daa754a,arXiv:2306.08568,citation
fa55132d2ebd587da4f5c85e525fa9758c82acec,arXiv:2306.08568,citation
98db1a0f88f6b9ce125d1058a8d6071614176404,arXiv:2306.08568,citation
103be5afe3247386f7a3b3d2b7138d1c1d98e90c,arXiv:2306.08568,citation
a9960d86cfa99dd7801dd70a8f9f0536a6d30190,arXiv:2306.08568,citation
d2cda4397bb3329c4c5b7277b61eeac6e7d98d2a,arXiv:2306.08568,citation
1082c43d67be0c09720217abd943649c3bb0d5af,arXiv:2306.08568,citation
09357730a69fa4e85356d293f5e7f2b9f7ed1f11,arXiv:2306.08568,citation
b1c8fe1399303a16af20155d40dfd5a26738d4bc,arXiv:2306.08568,citation
57613b5ea0c64ce6ed1257fe359aff85689f9e61,arXiv:2306.08568,citation
41ca3dc39e3d359d252c2d9ceed69db228230be9,arXiv:2306.08568,citation
60faf6805c50cd71e8414b0e795966ebed525d46,arXiv:2306.08568,citation
2dae1829ef817c603c0b556167e0531201203d56,arXiv:2306.08568,citation
5341e0e01bdd27613d95f78d97148e1b98d05178,arXiv:2306.08568,citation
d49b5e7c6bd09120575d52f7cd50e85afc3100d5,arXiv:2306.08568,citation
1e6f778ce8042770ae8fc50a30e8ee2885e94703,arXiv:2306.08568,citation
8da7438b3a546020a495addee7a4285fb61a6170,arXiv:2306.08568,citation
83030e1c02c2f206f868f155663473cfb0215a5c,arXiv:2306.08568,citation
d1b03dab45866b4697bc4afda529966b383d0a78,arXiv:2306.08568,citation
62353fbe0e4ba8c266b2b26230c2c1b4cf64899a,arXiv:2306.08568,citation
b467036844e26c96ee94c466d771f1a5bf617204,arXiv:2306.08568,citation
75819a03ca648ccb968d58b66190dd6f9a44b142,arXiv:2306.08568,citation
4e466c83e953cab90477e94f83e345c846228caf,arXiv:2306.08568,citation
17f69718df8dd3ecf1a65e9d32a824ee5263a979,arXiv:2306.08568,citation
8ef757c44f5866bf79c095488e4e760186f54b80,arXiv:2306.08568,citation
256c3a33a23cf7d8e5a048a8572cfac1adc22b6d,arXiv:2306.08568,citation
e09229591e42c1286b176e4a670bc2cc14d21369,arXiv:2306.08568,citation
ddf500f6bc66fbc1435567097e719204a33ac4cc,arXiv:2306.08568,citation
9c4e98bfd123336c09141c711dc98674d7cfe7a9,arXiv:2306.08568,citation
b87978dc021d0368fff7c212310542e8ccb947ee,arXiv:2306.08568,citation
f8115fbeeb906df6a14f5c075e2881b72df05e55,arXiv:2306.08568,citation
9c329d38ee268c4c611e981a95f77208071a1a44,arXiv:2306.08568,citation
46e5ef52e1ba63b486ea721e4ef479ad961e66dc,arXiv:2306.08568,citation
8dcd3eea9f9f319458b0bffdc96ec8e7808a1ba0,arXiv:2306.08568,citation
42f22e6ee8742947f969bb41e92e4c6b0e910133,arXiv:2306.08568,citation
1ad9d18a0ea4addea188e8f6b7b6c97834550c01,arXiv:2306.08568,citation
23bfbea19913fa022b757f67851a98c9d97564da,arXiv:2306.08568,citation
4770168d142a3d429b23f2e987e13ac42af92012,arXiv:2306.08568,citation
902455678ebc1e8e8ab8dfbc486b41703b6022e0,arXiv:2306.08568,citation
4dc95aef98c78a258df7415ee7465c6525f3c924,arXiv:2306.08568,citation
e0f85a1fd80d22295ec23ff190f2165c1adb35bb,arXiv:2306.08568,citation
a2984e9c78b85b4865890c64ca7ab60869c9cbc0,arXiv:2306.08568,citation
2d3b5a90976b89ebd16efda15801df999f0a6599,arXiv:2306.08568,citation
0311f5740c78a5dff9890a97b4be59068bbc3d8b,arXiv:2306.08568,citation
1c6aa0953f3f91fd8b23ce77d3dea3b6a413f0b8,arXiv:2306.08568,citation
74268d68ceac81c823fb56b7f00629499fb29fe9,arXiv:2306.08568,citation
069b819d5edb865e0a710aa231b47dbba215a172,arXiv:2306.08568,citation
3b76ebb8f8fe37a401d875abf17867b691f9fc64,arXiv:2306.08568,citation
3bb02963d44065135067ebd265b3e6a8672a04cc,arXiv:2306.08568,citation
3f7aa965345190dfca35b7a4e00fbe4f9abb2ec3,arXiv:2306.08568,citation
a4f2f00347cd9b3f395eeb6ac845211a600697b8,arXiv:2306.08568,citation
414326d99133855dfc189949e6dda348577325c5,arXiv:2306.08568,citation
fff3bec525f79f2dcc433a275b234e3550534d21,arXiv:2306.08568,citation
59a5240a1bd4eb52fff5d288715c786277128865,arXiv:2306.08568,citation
5c2523ceedbb8f97c2a5c3af12bb3f53d11750f2,arXiv:2306.08568,citation
2ad1d0e5fd9b0a71fa3d09f9048daafe22697b39,arXiv:2306.08568,citation
fb70bcedfe620d0a218b3012e5049c03a4a3639a,arXiv:2306.08568,citation
57fc6d44578d072f997ceff69d7b0d003b91fded,arXiv:2306.08568,citation
e5f56092cbe315ef0177c3e24332f3d2a07fac18,arXiv:2306.08568,citation
6605e2c06e6f7e24fc46fb04e67534cd09dc9eba,arXiv:2306.08568,citation
7618e41fd1409638ce8812659209b260d2f073a4,arXiv:2306.08568,citation
da51d8c8d2c8c5d767836335990f086e5df0aac0,arXiv:2306.08568,citation
6685a84ae05b30a826038f48e438a2b26f9ef26a,arXiv:2306.08568,citation
ba7fe3757a5343e73b7961b29fe5d65dbb0ef971,arXiv:2306.08568,citation
a9b379a64fd2f9fb9982e55cce1134e57de49db5,arXiv:2306.08568,citation
c4487f8bd307187d2bf27a015b11b54adc770bf0,arXiv:2306.08568,citation
f7e492dfd3de3a9b9f92bdb9921d75ab2fa3929b,arXiv:2306.08568,citation
289b1cdcaf2bf534bc10696f8ee223bc02897d9f,arXiv:2306.08568,citation
f7414e716b9c9e5db8092840307067a5c8f838d8,arXiv:2306.08568,citation
c97dd05b3d7cc56fd560a493c7607d7df89a4adc,arXiv:2306.08568,citation
281a3bf2078bc4cc9b0d7a5feea34f1c34d2fa16,arXiv:2306.08568,citation
92b2ea3c244855235d10ca270dea7348fae07a25,arXiv:2306.08568,citation
6645dbe724e3826904f1bb0e74bb194b63c829a6,arXiv:2306.08568,citation
e0ed93eaee6ebd6635b6411d6da6c641975e929e,arXiv:2306.08568,citation
81cff31808eeb47288412749c255a1c66752fe5b,arXiv:2306.08568,citation
dcfa0a9b7a7d34f17310fbebdb9130ed16911b89,arXiv:2306.08568,citation
ee82d07c4e8127d9b25e5c221e6bcc09a483b6d0,arXiv:2306.08568,citation
8d9181a8519ef758e398ee1741d3f523e045fc46,arXiv:2306.08568,citation
1bf2a864b5b46c7c93ff273d49f0f5020f73ae20,arXiv:2306.08568,citation
ac1a5d1ec21c47eff35fe8df734245d7eca885dd,arXiv:2306.08568,citation
53e4caf1ebc0e0a4e434698259a7b1b7bca6cacf,arXiv:2306.08568,citation
9db7ec3f0bbaed7ac0d6d7d429a5c71f7a6cf9b6,arXiv:2306.08568,citation
4d33d6848254af8a5856c5cd23d102a8c91d4e1b,arXiv:2306.08568,citation
cc804f6f2f2dac06acd788410d4783af175995f9,arXiv:2306.08568,citation
94a05373f45deaa537cea9978ec7c4a71f90de2f,arXiv:2306.08568,citation
e41ceafe77d394b650430ff144cd87811fcc27f4,arXiv:2306.08568,citation
7e367db1d878ed24c095bbbac9ce291ee899023d,arXiv:2306.08568,citation
984f815d96d1e15b52b7003f232f85d9be78c1e1,arXiv:2306.08568,citation
29bfc39b9eb357fb7d18b2029d1570844f2c9b9b,arXiv:2306.08568,citation
f0870be65f480a57d28f792f89246cae90431a5f,arXiv:2306.08568,citation
32cb16635149aed9a77d73c4c931973204982a71,arXiv:2306.08568,citation
f8a8a1976516d23fe8e83e5002b4eba4febebae9,arXiv:2306.08568,citation
c64bef01e2bc25ae89f76534a3b16b1c46bafd01,arXiv:2306.08568,citation
65325b2253f91645d2b20f4fec189ca6906bb569,arXiv:2306.08568,citation
92205c3646e53fe182f2aacbeff29ac302c44e5b,arXiv:2306.08568,citation
7470b30284d055337ada62136c8f6e80a32c179b,arXiv:2306.08568,citation
709bda5ae9fac001e4ac84ff178e22f9903d95b7,arXiv:2306.08568,citation
605a8b0d425a7cf6a0e97eafa681e656081d958e,arXiv:2306.08568,citation
ebcc683e5494bd8fbe596dfc4b3eaf6fb641fc74,arXiv:2306.08568,citation
a05c96d58910c04d5136bd4f347a4a7aa67c1378,arXiv:2306.08568,citation
95b42a49ac1c061846b500d02022edd96da95971,arXiv:2306.08568,citation
e84ea7de17d55d11c63e3956644e2b0c34902622,arXiv:2306.08568,citation
abc6339d20f5916d8052270684533f4687b2f827,arXiv:2306.08568,citation
e6852295b2f46fbc2f048ad243ae28328aa4d5f2,arXiv:2306.08568,citation
f10588cd9f15fa8ceb4bb6cfe55477754886ca9e,arXiv:2306.08568,citation
79bfe1ccd46ecc5a7b81cd767520d37985e7fb01,arXiv:2306.08568,citation
921411dc619d1a3f6fdeb77d263f06f639a6161f,arXiv:2306.08568,citation
1bd9d2d2a915da1a40111aeaf8415bf1df5704d4,arXiv:2306.08568,citation
4142deeb6fe31bede2d96d890a3622496a2b4699,arXiv:2306.08568,citation
68dcec33b99a1b78a8442660d37c505c519cde70,arXiv:2306.08568,citation
37550eccd6f205f31b38a3e91852a7a9fb1caee0,arXiv:2306.08568,citation
59b185916d054ab156b04c8c709f4df3e08e8e41,arXiv:2306.08568,citation
1d71bab62bbc8181bbee6197fed7297ad419a108,arXiv:2306.08568,citation
33dd02e072799b1d955ed3609070ffda50680edb,arXiv:2306.08568,citation
ec9575d326ce92f2fa0815fc178f8d9739a48e2c,arXiv:2306.08568,citation
f8a7da4404b403df55ddfe30ec809aa50ef543e2,arXiv:2306.08568,citation
4731bb716a378a00928f5e826ce7e2de6b41efc4,arXiv:2306.08568,citation
0702b1e772f852d0a83389454d3fcd3e582fb001,arXiv:2306.08568,citation
b56e8a4ef68b75401d422cf382662cc798c27a7e,arXiv:2306.08568,citation
0b3729266a72885e3aac38ec98674074d6a1a1b0,arXiv:2306.08568,citation
c1bd7728f54a27f060882db96121b318342bb155,arXiv:2306.08568,citation
e5fd00515021e7e7dbd6a4692142f58943ccb750,arXiv:2306.08568,citation
3e5ea28e90c17d33aafd7390ce90f90ef291f4bf,arXiv:2306.08568,citation
62a8cda2fb4635592aecc263bfc674dde85e76fd,arXiv:2306.08568,citation
85c65355ca1a21bc54d995f889e1524d79b69750,arXiv:2306.08568,citation
45e2c831525ab988d5db077943f329e1312fddc4,arXiv:2306.08568,citation
a0c6d77fadd81e2b436173af47cdaa113d8b75de,arXiv:2306.08568,citation
d00e454b745efeffd6aa495f3e9f5380a0b94e4b,arXiv:2306.08568,citation
567197f589e176ed7ecc7d2093825b089ae9e1ff,arXiv:2306.08568,citation
3ff44c2de70d779aacc766ee148d6df465f53e01,arXiv:2306.08568,citation
b36e6ebba7c84aac09d272fa2dd5fdf42ed77651,arXiv:2306.08568,citation
f5d6fc5ee2cc8d1664b75d2e1a0efdeb9ba219b5,arXiv:2306.08568,citation
8c2b2c9cf5f9d4671657cfa6242b19a9290bcb69,arXiv:2306.08568,citation
aa1a27238b78608a000a0f6005c72fb1fc619b36,arXiv:2306.08568,citation
86e3be7505f7102db96688da6896f793e5bcca9e,arXiv:2306.08568,citation
92b367e88c21f1430251889c54856cfb3e5ce996,arXiv:2306.08568,citation
7b426477f80b1588c89ace9aa2205e98789aa570,arXiv:2306.08568,citation
3d1e88f27198ab65aceb35034d0f2321555c0844,arXiv:2306.08568,citation
0158406f856d7fd7fa7067edc4ba712350927ffd,arXiv:2306.08568,citation
16a096e663c5aa661f26bcabe212a53d86ef3eae,arXiv:2306.08568,citation
ceec18772eb8426b964d73d689bd129196d7c6d2,arXiv:2306.08568,citation
5c33187438c73cd8e88eab9724d9ff1e75e89b89,arXiv:2306.08568,citation
474c69ed1e797afba08d00c549cd0aa18984b8e2,arXiv:2306.08568,citation
c22323a784c3408185076841b341dc9b83a943a9,arXiv:2306.08568,citation
7174cf188e9d7b5e1842c0d0517ba5df22bc6a8a,arXiv:2306.08568,citation
08da40e090b58f9d3de72adfffa7356377224487,arXiv:2306.08568,citation
a4e22a5e5dcaa70393442fb740a404fc96ea1b95,arXiv:2306.08568,citation
473b12a5616a3e0b0a5af09fff351462200496f0,arXiv:2306.08568,citation
031ed8286daf421cc7b9dd2322e921bc50c652f4,arXiv:2306.08568,citation
778feb622838fb1881de1c96dc99a5bfe027fa96,arXiv:2306.08568,citation
20de6c444f3df9674a7f6f8115dfa14c2b10197a,arXiv:2306.08568,citation
6b3062b7e2f0bb4f85527ede6f294946fc035639,arXiv:2306.08568,citation
2bc4858433c17d979c29b32dff6442b39c9cbfce,arXiv:2306.08568,citation
e97d0f0fa1ecb9e34d7801f4eaa7c567abdccaf2,arXiv:2306.08568,citation
5396582ebe88654242403f82f9d10a517225905a,arXiv:2306.08568,citation
e033b6c4cd5198aa6e39b27480cc6da4e4ff9973,arXiv:2306.08568,citation
405ef1bdef49b959aac958374f33d40e44e309d6,arXiv:2306.08568,citation
f10aabdc918378bf9541bd72afbc0a197459e20c,arXiv:2306.08568,citation
0684edb230b65d2cd7ce63f50b72ab8606c12ee1,arXiv:2306.08568,citation
54e9616d62adfd490260a94e50bfcd9f9cdc3ece,arXiv:2306.08568,citation
f5f28034d210b97ec8e31150121a04447d0aa1fe,arXiv:2306.08568,citation
98bdf937d7eb831ff9a2a9b363a4e682638ee366,arXiv:2306.08568,citation
9889f9f9cd08eb497e999b47fd671aa4df16561c,arXiv:2306.08568,citation
65cb28b5b7aa57c297143e729a29ab204d54b522,arXiv:2306.08568,citation
2d5aa7094f7816aff719fb5a3460be6b7e17e43e,arXiv:2306.08568,citation
cb484aba262e7f25012ec0b7939ab459359ce734,arXiv:2306.08568,citation
994a08fd88f8e90affe78e7e518a4fe74f024ca6,arXiv:2306.08568,citation
960d7f7038f3ea54963aab88bb803d051aaa8780,arXiv:2306.08568,citation
07027e8096fde250c77355c377ccc34d81c1d7ad,arXiv:2306.08568,citation
33156c8520abe9ee36c8bfac62607da1f7ac6ad7,arXiv:2306.08568,citation
4b2e5a6f64fd88a2f97266acbacad309a7a9ea4a,arXiv:2306.08568,citation
1de12a4998680c308a018383d2c97cc3e2b3da3f,arXiv:2306.08568,citation
2e2b5a16ef82ef6a8c7652ae264c745b9dd554b1,arXiv:2306.08568,citation
81597aa3a92cb04b40e2476fb6cd18e01986326e,arXiv:2306.08568,citation
2d2e4301f9b7169ad23f7f031995c9bb9338e147,arXiv:2306.08568,citation
243a99aeeb7b76c78c038d0c744b3fd653a8a460,arXiv:2306.08568,citation
44c47a0bf21d0b555e7aedc1cd8a9bbf3295d46d,arXiv:2306.08568,citation
6cb37add3ca69c91325054d11395f52baffdc361,arXiv:2306.08568,citation
4cd710a5a2497b1c5c31bac073c944abb0d64937,arXiv:2306.08568,citation
f98e66439962390990eec532b8bf1315979068d8,arXiv:2306.08568,citation
3ea1ab9979ad56390dd3bdbaa7c8f748f3f14fec,arXiv:2306.08568,citation
e34405b570790bb944be942e705719cb8a39a83c,arXiv:2306.08568,citation
0fcb93b3115d0c5f618c4b455d87f6a7d82a30e5,arXiv:2306.08568,citation
69c91c1940834fd8c98cceb2efcf5f45fc62bec1,arXiv:2306.08568,citation
322b6abc09c9a22d63e33ae9e2d2ffa076ea9cf4,arXiv:2306.08568,citation
a9c5a80d36b6c2f45c34814050c7fdf996bae164,arXiv:2306.08568,citation
db96701bb58c65e89401efee3275a0fd25b20931,arXiv:2306.08568,citation
7fb63a35cc4228a70f581f5b7da8778a6bc98252,arXiv:2306.08568,citation
9930456d3ae5a0fb2df8d532bc40539a31b19a0d,arXiv:2306.08568,citation
2f3a9ff8b9af246098c43e3e826a72979d0d4d4e,arXiv:2306.08568,citation
a8f12be2ae515eb24353812ed0a8aec23cb2de61,arXiv:2306.08568,citation
5f2dbb09c083aa0dea236d9ee577cee125da76af,arXiv:2306.08568,citation
5f49ec9560ca9e03eff32a607f6caabc08f98926,arXiv:2306.08568,citation
61afc2c26ad7c0d6748ee5acb4a68314ea9f9c3b,arXiv:2306.08568,citation
2d906cda427cb2c4a71069423312e57ba4cd5445,arXiv:2306.08568,citation
4af8e1859195d0540e8e084c4ef781041d87677f,arXiv:2306.08568,citation
cdbc0b373dc49ef2998e62e2f3c0879b4bc4531b,arXiv:2306.08568,citation
fb7594942ca400058cbc0d770a785435bcfc7431,arXiv:2306.08568,citation
5d8c1c3857e14f6fdc7d47d9f8b4783e71e90b4c,arXiv:2306.08568,citation
0391b71dccac5e51fc1c9919bfbc05900e8aec4b,arXiv:2306.08568,citation
db426acfb1f36c71337b2b617a6c95379be5fb26,arXiv:2306.08568,citation
ba318d9a714330ea17778bb6ebbb9c6536a2df5a,arXiv:2306.08568,citation
363edefbb1434ca4e44eda176db033eff5223a7d,arXiv:2306.08568,citation
44a3c5b678a2218a26b8bcbed60d346eca2268ad,arXiv:2306.08568,citation
7c1fc0a5cd0d655f8a77139f3dc053998dbf7165,arXiv:2306.08568,citation
5cf38eb5325f196d3c9a931fede9ed2ecee82f28,arXiv:2306.08568,citation
d12c81e7a4a3ee67e067eba40b615f99d9b314b2,arXiv:2306.08568,citation
063d48f09f4c9769aa481b16c5b98a40323ae3dd,arXiv:2306.08568,citation
4cc330c9d5fca354b24bc347de84964175560e3d,arXiv:2306.08568,citation
0b4e28534319802e2a28db384c22f9c4b37867c6,arXiv:2306.08568,citation
3b3fd815824e2ade5d01e192c07d2b6499f39593,arXiv:2306.08568,citation
c3d6722c69d623be8370a0b58ea29d62ab3ab999,arXiv:2306.08568,citation
223393e8aa88d11b82ad138c19ba75462c5454ec,arXiv:2306.08568,citation
21935df65a94eae861f3c093a0fcce90448c7507,arXiv:2306.08568,citation
866136cab9f30d5ddd4a2e57b7d815aa6801ddb0,arXiv:2306.08568,citation
78cca0da033edae72951940f9dd18eecc23ae36f,arXiv:2306.08568,citation
ac49e84712186795243b90cdc7efec73bdcd2f93,arXiv:2306.08568,citation
04745c9862ea7d1dc4868efc542d491dd18c1399,arXiv:2306.08568,citation
f5a73707d1cddb8142029671a1ff1c8778df6f50,arXiv:2306.08568,citation
222eafcb3d472aa53f1e494b20441bc084a766ce,arXiv:2306.08568,citation
28b37751fb70e82be14b7b9672559efe758a0117,arXiv:2306.08568,citation
944fade485948cc43a1bd52ae5849d81939a6981,arXiv:2306.08568,citation
105271639df3594fa39ab68e5af4197d695a7d8d,arXiv:2306.08568,citation
b9befa831fac74773826144f1517a24b67bfa0fb,arXiv:2306.08568,citation
b89d42848f894e1bd0211b869cee8974ecb328a3,arXiv:2306.08568,citation
80fab99fd8a02fe1a0dd12e52d04813738adc94d,arXiv:2306.08568,citation
2ff6d490e808b7fdd52179381312169da96844f9,arXiv:2306.08568,citation
2bd65e6f200dc9149a9290f255aeba3ea5fa8f11,arXiv:2306.08568,citation
4beae0ae711a1061847f55680edd481e5ed210e5,arXiv:2306.08568,citation
dc53fd74c59bab774f20ce14ecabbdf24e34059a,arXiv:2306.08568,citation
2ecc376c5a0bdefb643b860fd2055ebeb290b478,arXiv:2306.08568,citation
86542398bab5a9b999b1e7f50f78d00e0f943af1,arXiv:2306.08568,citation
fe785f0e253a005d2dd434ada5f9207dd83c22c1,arXiv:2306.08568,citation
599be84b0ffd0eda61a35a2271b241b34f22830f,arXiv:2306.08568,citation
0485537cf0119c578907c3e9d6e743bfeb4157f5,arXiv:2306.08568,citation
d07bf1a449fbaa3d3d81bdb651ea32ba886be7bc,arXiv:2306.08568,citation
209f5fa0c5c694f1c0f36f95ef7f993bb16bbe4b,arXiv:2306.08568,citation
a38ab0d55aea5afd931a6054a6cfd2bb7916cedc,arXiv:2306.08568,citation
239d787a5019dd3975e7117bf769d69d540f6856,arXiv:2306.08568,citation
a520498e872c10b78398474ad3afcb8e562239b3,arXiv:2306.08568,citation
aac83c00da794b980c2128eca1517b5c359ef923,arXiv:2306.08568,citation
db35149f4c3d1f148a7abbd0ac0fc9609175b023,arXiv:2306.08568,citation
e655a70fe5f86d265a12b3e162f08af585a2106a,arXiv:2306.08568,citation
b0e838d1019432e0c2007ce32883c03a1180fd73,arXiv:2306.08568,citation
b1701815170983eced7f4bb38666068e17cc7f10,arXiv:2306.08568,citation
e94ceaa23305a1a72c4649e3bd3f69a1927056a8,arXiv:2306.08568,citation
0fe6935d5d7280fbf4ef83b0130c5f4d02d3b9ea,arXiv:2306.08568,citation
ed89c6a4290aa0ca1952c019c4d63eb93b614556,arXiv:2306.08568,citation
5d4513c5321cac93ec26e6ebc5d82e1f9b7c7b51,arXiv:2306.08568,citation
b89d8374ba82575a4d2d129e40d98f7504d71b32,arXiv:2306.08568,citation
3bec608d61c9fd3560c7680f9a5339ff10476763,arXiv:2306.08568,citation
68d88c8e8318d441ad3e00cef5ff59d966c06de6,arXiv:2306.08568,citation
5eb113b55526fd73249c47bfb544b9db959bdc22,arXiv:2306.08568,citation
92c0c44d89287de52e150dc985f0e40e26a0583f,arXiv:2306.08568,citation
7b3e689d9e6e18038b4b0a47ad8cc862e6022498,arXiv:2306.08568,citation
ece58ad9d58346d1d437ebc9906eea89a5a8062c,arXiv:2306.08568,citation
de0ed281b3d260c7090692a0065c09a47bd06e94,arXiv:2306.08568,citation
4411966278b0ed2f50fce16f131d73cee067d74f,arXiv:2306.08568,citation
ebeb20304f0d0a255f5f087ddd99f66d7873d7ad,arXiv:2306.08568,citation
b60a9a78caaf06fbdbf8ee91ed9416efa0e6c3c4,arXiv:2306.08568,citation
ed8ff544a41ddb64f7cceaf924f479f6bd9c0855,arXiv:2306.08568,citation
8b2d5f7b02de43d5b5b8eae230a421b00dc5d9c5,arXiv:2306.08568,citation
de3d931fac47e6e33a58b8be834d6b4de85004ad,arXiv:2306.08568,citation
c4cb1276c6371155559f4338beda94ccd72a4eb1,arXiv:2306.08568,citation
897580ae25ef697a0c2ec6548a19844f8f480aab,arXiv:2306.08568,citation
c06d80dbce7b8dc34e34f938aca0de0d5cb54fcf,arXiv:2306.08568,citation
e41eafa8eb3bd1230a1f02e0588571dbec41c403,arXiv:2306.08568,citation
7e3a4b36e6d2c304acb22092f9d4dd839d6b23b7,arXiv:2306.08568,citation
25e370ee9ddd4d07354f132e52dbb657f8d3186f,arXiv:2306.08568,citation
bbcc159658595879f2fdfc019220bcac35776020,arXiv:2306.08568,citation
d05391825371fdd6f4619f47c0704a5bd4b562c8,arXiv:2306.08568,citation
3777748543f1ff1f3ed8b16f063435217173b865,arXiv:2306.08568,citation
d58ac8e6329c7059ef3ab3d593ba23b22220af1c,arXiv:2306.08568,citation
c4c56e20c1e14530bd75b505b66a7654ea483b4b,arXiv:2306.08568,citation
519d5ccbd5aec517ba987209e17afd4741ac9b8a,arXiv:2306.08568,citation
3651f295b9b6fc267a359328a6961e39dface36e,arXiv:2306.08568,citation
f9a0b2be896dc0d12f2c5532ab6ecf8fcd983489,arXiv:2306.08568,citation
2502a7a2f3b04c6d0476109e423ffa9e8ca52cc0,arXiv:2306.08568,citation
d5e8b2f5adc9d16fcfe7a0555fc0b200f0684775,arXiv:2306.08568,citation
f4821946e851dfc6320139c559c45ed6375d7648,arXiv:2306.08568,citation
240ac1cc47a00d2c4fe62e228c1fb0dfe85b0c39,arXiv:2306.08568,citation
d9d7b3aaf4cf403439e587d30b66e9f61449c056,arXiv:2306.08568,citation
343ce0e86d3047520e7d3945c5dfa4e67a42a728,arXiv:2306.08568,citation
37ff4e49b6894da5d933e88ec4dab559bc3c0272,arXiv:2306.08568,citation
9cbe3061ad19f2a955c239a7ccb74d7b12c5f9b6,arXiv:2306.08568,citation
38ee7fe596693d82f0efdea94a99326f107f869a,arXiv:2306.08568,citation
1810954258a41fa8e029202c64c6a94790c11882,arXiv:2306.08568,citation
1cffb1289d048caecb939ebbbb143ed863d6712f,arXiv:2306.08568,citation
7d1885e41bf556d191629580e7943d038513d9c1,arXiv:2306.08568,citation
004392baa790f7c04744df1865cee6b730508d77,arXiv:2306.08568,citation
e4d4dfbe64702485682dfb7d0af29b95f62638b0,arXiv:2306.08568,citation
39970063025303f1af9455e78c12f81630da00b1,arXiv:2306.08568,citation
e78675452b3e8fb027ca8056444384e673a1756d,arXiv:2306.08568,citation
841e935020f25188f7f8e4dcc9b787b8e34e8197,arXiv:2306.08568,citation
bb93f6381d06ca29f3114e825cbca18d8ab41063,arXiv:2306.08568,citation
4827ecf2d6604cee08fdf1570bfd92a8a16cf9b7,arXiv:2306.08568,citation
e3b340eed1349650476fd2aa98d6c957fc1ae274,arXiv:2306.08568,citation
ba4d7d1e31fdfe6d2d556a8bdc06c14883f23b25,arXiv:2306.08568,citation
635577dd7434946f04f0913b093e223c29e4d9b9,arXiv:2306.08568,citation
16f7bf04560f15d051b143d216c04113dcc3e1e2,arXiv:2306.08568,citation
3c6c150b40394b01b1a91ed9e4b848478824a849,arXiv:2306.08568,citation
49afbec1f114f46d2c6609cec57b631b81929e80,arXiv:2306.08568,citation
c1c2fe06e15b334a494c34e2ab80f4ec1c63c82f,arXiv:2306.08568,citation
e131a11ad907023f655f22a4fae2b2a6f2db96f7,arXiv:2306.08568,citation
f133543c695cfc41fafd148ecda7ea2bdc57f147,arXiv:2306.08568,citation
88d48041a76ddc4318c360cdda0a4e1379eeefb3,arXiv:2306.08568,citation
afd5cf627a628562d11119b28964e8aa8909d239,arXiv:2306.08568,citation
fe801848d84f2afdc33d36696b1a90ae997acf72,arXiv:2306.08568,citation
de2e6506ea90b99686e9a311b3304fe135bf9162,arXiv:2306.08568,citation
b7e34c42d56cac83a20fbc08ad05085ea279d0d3,arXiv:2306.08568,citation
6887a2513182a1b7376a8aece2e38cae23c26970,arXiv:2306.08568,citation
acedc44bc1172da6e20b33296078a212a2df6d82,arXiv:2306.08568,citation
7b65901d47c02f702a7784e6b0ff21a1f1e4bf5e,arXiv:2306.08568,citation
396ce7fe0a8b55704fa4e9634abf9e1a7f86fff7,arXiv:2306.08568,citation
30e33e9ec257a60d8f095a285f31c702511db04a,arXiv:2306.08568,citation
3300f5ba1da9fd64d6a09909005d53ce02c52642,arXiv:2306.08568,citation
fa8f46f5f42eb915facb9344e15cd792ebf11781,arXiv:2306.08568,citation
2cc9d45c7bfcdec3edc416c725623d0833e034e4,arXiv:2306.08568,citation
e57c7b94e997517aad07fff04885849da42c7067,arXiv:2306.08568,citation
8b2c1f454a9296501ad34f687e7a29a1e17e6054,arXiv:2306.08568,citation
025c54705c9146098902037ba51debf9f76f4686,arXiv:2306.08568,citation
ede9e29755a9856b820137869f136a9b5842f43c,arXiv:2306.08568,citation
659486a2e9684af1e067f9a4a4276d4fc6f4c843,arXiv:2306.08568,citation
b59182a6bd936424b02ca8dd548f058dac9af9b2,arXiv:2306.08568,citation
6d39ba8b6b58c98afa6deb3078c237bfbd83a213,arXiv:2306.08568,citation
9e95f35ed752a233fd271d0860c3b22e4d55c321,arXiv:2306.08568,citation
d732142c329a3181cb480a1ba4e34a39a62682f3,arXiv:2306.08568,citation
dd49f09ec1d263a4be1587af9f717c167b123018,arXiv:2306.08568,citation
26e5c57d124eb57dc432cdcf75f2310f3dc38134,arXiv:2306.08568,citation
9efed01628af177ec9ee734ea8c5e573dd5bdd8e,arXiv:2306.08568,citation
a392c7ff653068c3ce2daec638a657d047debe45,arXiv:2306.08568,citation
0b55cf3b5a416902bb5ab3db8d4ad88622aa0ed8,arXiv:2306.08568,citation
bb58d09f0913ecf52d422a21b1d0e4a282a9ee68,arXiv:2306.08568,citation
395357c372c298ce517f64aa99fd5419aed9e2bb,arXiv:2306.08568,citation
c502fcae23dfc388ff339fd3de163d4cf435c286,arXiv:2306.08568,citation
993b93a0c0fbbbbfc7d82ff982cd9da47efa9206,arXiv:2306.08568,citation
4043201b9d7d232608b95d899e1a1e59bc2f0e56,arXiv:2306.08568,citation
eb0db181546bd8493246d8f767b63d57ca4e686f,arXiv:2306.08568,citation
a1ebde30e550d49f456d72d55cb0a67cc03be8ee,arXiv:2306.08568,citation
864ca19d5899e85bac7f3828f8ea16b7a9be0e0c,arXiv:2306.08568,citation
01526c6fe95ef3716048181aa3b7edb151429dff,arXiv:2306.08568,citation
d848b79f7d983774c8ec69b1e8cbaff9492911b6,arXiv:2306.08568,citation
427a8b983c3b2e9a9111a1d88173eba5c5bfd7b6,arXiv:2306.08568,citation
4202a75d7b3c586ebd9451ed08f38cbf264cfd8e,arXiv:2306.08568,citation
e70f8ce1ce3331c15aeb431d36c83d7bf82b4d0b,arXiv:2306.08568,citation
da2e8d739df24faa24f620efdeb22b794dadb71a,arXiv:2306.08568,citation
2057869daa0b3f88b2b4ee3e7b5413d880357f35,arXiv:2306.08568,citation
5f0da4850cbea81d984b55eff677bfee97ca4d0e,arXiv:2306.08568,citation
e9661585d0efc02b4c941e5398ab6ef85063c9c0,arXiv:2306.08568,citation
4359793ae51594fbf18b7a84fe491d57fe9d576c,arXiv:2306.08568,citation
8cd39a66b5167516c8d22d9b12eeda5ffede0e8a,arXiv:2306.08568,citation
eaa8e175c0234f4fa33f12e2d1fca05ef817d5cb,arXiv:2306.08568,citation
ae4b943d33bb6cbfdb0187c9167d2f03b73e59e9,arXiv:2306.08568,citation
e8da1f7293657674c4f3648e227eb1b3e6c861f7,arXiv:2306.08568,citation
af9f251610c82185ddfb76fddc367fd72cc50460,arXiv:2306.08568,citation
b94ed0c8571d20e8403e4d3b95dacbda04f78a41,arXiv:2306.08568,citation
78a6c52cc4afa6307142ae087310d82a0370bf41,arXiv:2306.08568,citation
e7e35bf7e359535b75344e9ba7fb9c6224ffd77b,arXiv:2306.08568,citation
a3709e41b92282aa52918b557559d4a3e78f215a,arXiv:2306.08568,citation
6f8d26bef8ac26f747a8bd9919109798f61eb0ed,arXiv:2306.08568,citation
ae50c8e255ba55bdbbb05ea470aa63437534438e,arXiv:2306.08568,citation
28c6caa7a05141a45925d4e0dc8ae0e7ee7f9682,arXiv:2306.08568,citation
dd7df341249049eb85a7881fac853bfb4b1d644d,arXiv:2306.08568,citation
5311013dfca8cb0a4c9ecc00da97a5547a404d47,arXiv:2306.08568,citation
b60d1562308bce261cc9bd1d066cc5600b92e7e9,arXiv:2306.08568,citation
1a2548ae8e8b47951d4da56488980e4ee90f7b08,arXiv:2306.08568,citation
64ee29d6ddb2c2167a201783ddd4d0a9b744f352,arXiv:2306.08568,citation
e9a0a8c91124f62371b9c1e8204fa2aecc23afa3,arXiv:2306.08568,citation
11e3007bb19dbf331b5e44f1b5e1f7ab95056c07,arXiv:2306.08568,citation
f00344d9b790411232de8ff2ca06af909e92f1b7,arXiv:2306.08568,citation
a03cb5e9806e532966a13e4fab7cef9c8d81dec5,arXiv:2306.08568,citation
8444b6982b5fa799e016e20f833594bb2f9ab12e,arXiv:2306.08568,citation
94773f22b5befd0e167a7de525d29bec2b09937a,arXiv:2306.08568,citation
b4f9e81355e5c32c0ae01b6d7471a5dfe8143807,arXiv:2306.08568,citation
dab57aa71794781ae305218fce9fd004ecdfc4f0,arXiv:2306.08568,citation
f2e0b3d6a02dac33872f0a0b42affdcf454715cb,arXiv:2306.08568,citation
cb6e6c3f0abbe3faf1880258daaf0c662037e25a,arXiv:2306.08568,citation
acb8ef3ddf25a1240c43d50ae0c5ddd0db802329,arXiv:2306.08568,citation
a761358b3b858f84abe76b7938b74c387dcf4899,arXiv:2306.08568,citation
6f4ea6969e71316a28e70f01865ec613f1aef936,arXiv:2306.08568,citation
d269ad2a38bcbfc533303ce0f9be2537ba7b71c2,arXiv:2306.08568,citation
5ba7f682630a004835bb3e4d868f522a9adf83d1,arXiv:2306.08568,citation
496bfc5c1eab906aef352a0fb4b2d73170ffe9f5,arXiv:2306.08568,citation
feaa5ce215053aa08cc46ea9756e90b7950dca68,arXiv:2306.08568,citation
7914f1a628d6078bcafa1e1bef13db0a0282ad0a,arXiv:2306.08568,citation
d0e7353189feb4501c637b7008ff993de603c3f0,arXiv:2306.08568,citation
98c703db23d27376f9987f7e8f0fd41baf25f5c4,arXiv:2306.08568,citation
90ba2852b80d440a5528f869515b6df6fe38fe36,arXiv:2306.08568,citation
965277f2896600d543ae1209c6f1c83f5d3f3043,arXiv:2306.08568,citation
5ea68952a55a0d47a58a409b66c9daee35a237b8,arXiv:2306.08568,citation
5c55997ce627c6c7c33198f3d8dab8a4670b7c98,arXiv:2306.08568,citation
502d27f7034157cf80c3c9a08a6fd073f0811fb4,arXiv:2306.08568,citation
af3648fdec8b22f69f35714811f20a4c34997892,arXiv:2306.08568,citation
ffeb4c933b81f06724379603e69e1b8f9cfbdb64,arXiv:2306.08568,citation
92144a7a9ffed8452fb730bf14cab4981de9082b,arXiv:2306.08568,citation
d981b07ea7cc09cfef20cb28dc2d2639fff9604f,arXiv:2306.08568,citation
5bb74befb93e69bc59683ac572f12e48d9cf9846,arXiv:2306.08568,citation
7b158dad9f1c992b9500eae5c1f06b894ec4cf00,arXiv:2306.08568,citation
57c68256b9122b11d20613beec44a58a2daff59e,arXiv:2306.08568,citation
c443fddfce5b587a11e8074f548633304b4cd9a5,arXiv:2306.08568,citation
b76124ef53341af42d6d582ffe340cd0ddb49fc8,arXiv:2306.08568,citation
ed1127723fb3f8a0670f9a8d07acff32c1996dc8,arXiv:2306.08568,citation
ac4453fbfd5d683f1e39a2ee55ff7fb32e701f5f,arXiv:2306.08568,citation
09dff683262090feaa9b7b97c1c43103cc96657d,arXiv:2306.08568,citation
c42216140396a9fadafabb1d3d6782b54ff55273,arXiv:2306.08568,citation
686551f622bb4a893c1923cd2600af0e93e4efc0,arXiv:2306.08568,citation
b5ce2efc3c83d0153e9c1bc0b377079cadeba087,arXiv:2306.08568,citation
da6e5730d5be2f0721adfb6a8ef5048708e034f5,arXiv:2306.08568,citation
6a111d13b9c272459fb3d7628a7b0307c8ebd0f7,arXiv:2306.08568,citation
27c073935a6b2727b4c3aaa7a263c70c10d61d2b,arXiv:2306.08568,citation
83cd74cb7d525cf387bba7b02ebdf9ab30093c68,arXiv:2306.08568,citation
3e5b70298356e7d969cbb96e6e24f7ac7222fa07,arXiv:2306.08568,citation
c8b18682965ff9dccc0130dab3d679f78cefa617,arXiv:2306.08568,citation
5e9937dbc375c0942e58070e1c0d2fc82109cf39,arXiv:2306.08568,citation
7b5ad79c9339e5b823277d403d648948c0cc23cd,arXiv:2306.08568,citation
10007819ba7f7e9f2106eff5f5470e96f237dfc2,arXiv:2306.08568,citation
1371a9170f802d56c60940693ddeab60b71d08bb,arXiv:2306.08568,citation
108ba828c42b22de5ee1a10eb6e44cc58a5cfb6c,arXiv:2306.08568,citation
7924cbe48fe2583058c076926873ea4027bf72a9,arXiv:2306.08568,citation
36e6a2fecd40f41e3c45d79d3ed44e505ea10ac3,arXiv:2306.08568,citation
21d1ac228e08c6abe7b52ca528604d8a1eb9f29e,arXiv:2306.08568,citation
ca6e4f2be5d595623298d62682504571d8882b5d,arXiv:2306.08568,citation
bcfd6404ad1c913b915d1f7731d3bc69564d98e7,arXiv:2306.08568,citation
102101ab2c3d13a994fe92f967db8630310337e0,arXiv:2306.08568,citation
6180615110d86033887d0dc4feebe8e8a162346f,arXiv:2306.08568,citation
cd7ce144bd0082ecb579bf03a3f03a05ed525a53,arXiv:2306.08568,citation
323849c020407861bafa48fb8b6f3e208cd25111,arXiv:2306.08568,citation
e65b11af710692b8df557797238df6a15ea6cf86,arXiv:2306.08568,citation
be12e6806e9190c3954cb34af7a6923b65cfedba,arXiv:2306.08568,citation
512a5c307fdab29112a0f4af5c94a3436632eda1,arXiv:2306.08568,citation
2295507e7d2a101196396f7c1ef245a7ef4072b1,arXiv:2306.08568,citation
564e396da9cea68724cade292572077ae2ac6e42,arXiv:2306.08568,citation
5e28dfa5537a53e662039f59c6f6d0f6f29301af,arXiv:2306.08568,citation
bf0e9446eca16e8ac1e759dce6a7b3f22d2111de,arXiv:2306.08568,citation
fd0f4c43a1f681bc6894c837d197141997ccca25,arXiv:2306.08568,citation
69f6de04d1dc37634dadfc5147d9b43cee3c7ee3,arXiv:2306.08568,citation
643e596ba6c95e9dfc3bc952f4dc874fc0e9e9fb,arXiv:2306.08568,citation
31ac7cb4be50bd1fa524f585b64ae07b73a8cfeb,arXiv:2306.08568,citation
d487db04e4146a4fb02a2c3318042c846b62f2d3,arXiv:2306.08568,citation
9f51dfa0d48b28175255f7700effdc2f4a037223,arXiv:2306.08568,citation
a40f6cda4b576ed01d4f631ba9cd3c8ffe427965,arXiv:2306.08568,citation
887edb4a5286cc11c7e844eb1d45a342a2aa6177,arXiv:2306.08568,citation
6cd5397600cc4a2126c34e3c933259f2b7b54122,arXiv:2306.08568,citation
7d09c6c8ef1e1c0c447cb8910c27a7acf1dd96af,arXiv:2306.08568,citation
47cda129fc742647739591351fb3f40676018cf6,arXiv:2306.08568,citation
ad5c359094dbfb68b1e09b22e2be3ce6dac33e3d,arXiv:2306.08568,citation
4915538917afdfebbdc97132b6a430497db4fc54,arXiv:2306.08568,citation
1b2e2a355916f61eea1f30fba1135509950118ba,arXiv:2306.08568,citation
86cbb54b25892c004fab29ab73c4e82cc5d4eb28,arXiv:2306.08568,citation
4259f5d0476336127efbf811e65fe206b7752fae,arXiv:2306.08568,citation
4a54cd9e1ac3f83e20d42a5affab4350a8fce4d9,arXiv:2306.08568,citation
7d8975d0f424e2dd37fd6fa93989784ce15824b4,arXiv:2306.08568,citation
27077e90909b882aa99f1def8acfd958855258b4,arXiv:2306.08568,citation
f2151524b36e29d44145be5e9f16ad47b094a61c,arXiv:2306.08568,citation
124ade4c2f3098199be72add5145036670f68fbf,arXiv:2306.08568,citation
8c5aab75826620559d33e99652f4cac9f6efd2fc,arXiv:2306.08568,citation
4111767ade19b94f5811b535cc66a0a55f9d8901,arXiv:2306.08568,citation
f9fc7b5ebd5fe30257abb03ad87d8138eeeb28d9,arXiv:2306.08568,citation
f550b02f618cb774d93cad3b9f501514156221ec,arXiv:2306.08568,citation
6696018baf29273aa722e16eda89850247b8f0aa,arXiv:2306.08568,citation
13811c0afa6388653e8504fe4e136a9dc4d68f96,arXiv:2306.08568,citation
6c00f661c46391642208a5292f38b5a9e0e09cae,arXiv:2306.08568,citation
55ac95142a69fa4c6da4bf296b89dba5a327a8b0,arXiv:2306.08568,citation
ee4014497ccf2f65d6e05d3956b0e6b0c7369bae,arXiv:2306.08568,citation
d3443072a79d9875f39989f7561688fab9dab590,arXiv:2306.08568,citation
da9b51050a8574c4e03e5eb8e9e17cb640e27324,arXiv:2306.08568,citation
54c4024876d838c25bcea727884968477461ad3b,arXiv:2306.08568,citation
345b973239dc12c1c3cffa9a5fb0d39f7e736d30,arXiv:2306.08568,citation
d503e569c94a4d689a576bb994744adc49aef505,arXiv:2306.08568,citation
af9df109e409b485e1337362431ba61623195145,arXiv:2306.08568,citation
243550d8184eed2fd7627eae133bccc3c72dcd02,arXiv:2306.08568,citation
c113d96c532c11eca026f50e80541eafb112e35f,arXiv:2306.08568,citation
acb66323a032d1244de4b621bc944c2b039f5ac3,arXiv:2306.08568,citation
46c295a02616143e5c05924df5f94b9261a3e7ea,arXiv:2306.08568,citation
58822c5fdcf114460e7ab858302570bc08b74012,arXiv:2306.08568,citation
25173b4449c520caeec0bf8c352af146a163f6c5,arXiv:2306.08568,citation
4eb4055d1ace1022557ccf56f6ec2fdcd2f21cae,arXiv:2306.08568,citation
86f2f055218b9a8b1ab867bf3889f87b16da73f4,arXiv:2306.08568,citation
242188b68aaa5b3cb8db99bb543a70971d49d5ba,arXiv:2306.08568,citation
75bae34f9361cd99d8f64bb8311feb01c7c75107,arXiv:2306.08568,citation
d06e65f74715e071678bf8ccdcf9d52004a10280,arXiv:2306.08568,citation
19737190d239748213ebb691d92655390004d761,arXiv:2306.08568,citation
0b2827707e4807719404f323df405e5566435979,arXiv:2306.08568,citation
a8b1484d3ee6b9ad6e4c48d6bcdbd1048493599d,arXiv:2306.08568,citation
afe0998d191f3ea8490c7df100a3ffc5dcc62c5e,arXiv:2306.08568,citation
cbf8b22de75aa61a00e0100b9b4e8abb18bc11c3,arXiv:2306.08568,citation
3c33718c7b77c4e7631ad5f37553f89939447c71,arXiv:2306.08568,citation
05fa2da9f7ceef1a555eb630137167f07716c9c5,arXiv:2306.08568,citation
63522d3eb7981bfd3494f6f1d96390bd7b3cacc1,arXiv:2306.08568,citation
6a7e26c7007b8024dcc4d050649bfd7af9501453,arXiv:2306.08568,citation
8e36a8f8fd4451d55e927151aabc463830941a8e,arXiv:2306.08568,citation
08920921ce6f4efe0dd92f6005a755b07d4ce760,arXiv:2306.08568,citation
3f75c088b44be491fa1060a0eb3064f61dfe70c3,arXiv:2306.08568,citation
46a41357eadac1459c81588136c5c053abfeefe4,arXiv:2306.08568,citation
29a56e1c377ac6a4457656b57ef7631ed2bdb509,arXiv:2306.08568,citation
554b5514ebb83efe98e0c32a3d9fd661be9bc613,arXiv:2306.08568,citation
c6f47afdd183cfcf099fd40b450bdd0c5e975518,arXiv:2306.08568,citation
933ece2cbaa5a023094ce43673c35af44695ab88,arXiv:2306.08568,citation
e4aeb3f0818192fea5b5276557d34cd6496fead2,arXiv:2306.08568,citation
62863fbcff6bc411bd83dc50d3e1bcbe72f651ef,arXiv:2306.08568,citation
72c73d5fdf1e67a566cd534336d76b754bafdebd,arXiv:2306.08568,citation
b0393c805483deea3e094466d49f0a73a1270275,arXiv:2306.08568,citation
5eac2a40422a7085cb6f03285ad08210b6f6744b,arXiv:2306.08568,citation
c4d43fe1b7e44c5e9929d6edf7bd11de4e6d293a,arXiv:2306.08568,citation
3d4fbb81345bac2a4ec3e6d89e36adf42b214fae,arXiv:2306.08568,citation
d496eced38a50d5f1e0926d9e6dac71ccfab0bb3,arXiv:2306.08568,citation
94db8a625418800c8ae7b48157a9cad1c8129051,arXiv:2306.08568,citation
70f2c66791034a4017dabc440602fbc369231b02,arXiv:2306.08568,citation
bd4a78b2041dc37f1b4493a850b235b3951e3a96,arXiv:2306.08568,citation
8410e4416df27c6f72df3b691edded84a4e86f16,arXiv:2306.08568,citation
a4e3fcc394193737d9925fb74ddb520fa6045a6d,arXiv:2306.08568,citation
5fb4264c69842aab6c33225faa52a7114c28cf7e,arXiv:2306.08568,citation
52258e9110f8e73cca24f6394bfc483341b459a4,arXiv:2306.08568,citation
266d35fa042220236d25b8f7101914a44df4febd,arXiv:2306.08568,citation
79d86f01b5c9ec2725adc35290f38554cfb1cb08,arXiv:2306.08568,citation
3cc4f14f4a174f524115eba6f228409db2856fdf,arXiv:2306.08568,citation
6f826d007e851f0c694fbe0c378d5e0097aa18a2,arXiv:2306.08568,citation
0f6cd53c0cc1ee252433e0d37f419754e053b8a6,arXiv:2306.08568,citation
2296629527ebbd6f8c897df7cf5cdbac3f0cc15b,arXiv:2306.08568,citation
88cd6e0f7c2f1fe2bd4796a6729447d60bfeffc9,arXiv:2306.08568,citation
ec8e2b45c4601730015608a58e33409224a81228,arXiv:2306.08568,citation
281b1099de129d188f99c8665115e911ffec8956,arXiv:2306.08568,citation
399edc3a101e6f538d95c39db017c7a39445ab49,arXiv:2306.08568,citation
d4032b47c1e5b9c51df5e3c4e33fea72761ff5da,arXiv:2306.08568,citation
08e84c939b88fc50aaa74ef76e202e61a1ad940b,arXiv:2306.08568,citation
e30175b2266cc7b4b68bea4668f74d5855952c6f,arXiv:2306.08568,citation
bb931368ad1576a1b504be1405ccf8b178c49f85,arXiv:2306.08568,citation
f5f00afb894c5f3cb6decc531c9b64d49e865875,arXiv:2306.08568,citation
7f8d167e00246f8112cf825ea4ca088594d2ce1d,arXiv:2306.08568,citation
217c8dad8f8a6ddce907a947bf06d6f8fbb1c035,arXiv:2306.08568,citation
478f71f1cd9bad0435560544a9dce7ca49d97766,arXiv:2306.08568,citation
6289df32d25f73e7b4a71759a3d23b4444338131,arXiv:2306.08568,citation
3793a5f435fef59a901f5ba0d8ef43df88d97161,arXiv:2306.08568,citation
f0578911808d883d96a01e38a9709488ee19aa31,arXiv:2306.08568,citation
76030473be6a8495125d6c2ab58446617048d36f,arXiv:2306.08568,citation
65497726b8338492fe41da4fd34da0da31775b92,arXiv:2306.08568,citation
f7c89f1f83595257d6e2bc306d4deee4cf77f573,arXiv:2306.08568,citation
ecd5d38b8590f6e6a504b29110d16ff717cd56ef,arXiv:2306.08568,citation
3ddcd4d50468c9ede8887b8bf27898247128b3f9,arXiv:2306.08568,citation
c3d1832ed0444f75d44116fabbdda891aebc4b01,arXiv:2306.08568,citation
d98aa44f79fe798ad5ff0cac6e7bf32ee30bd156,arXiv:2306.08568,citation
915647f8d86ea3905a9f65a6324c5bf5044fece6,arXiv:2306.08568,citation
8554b7c4ec2466326f5bd55335082edd83183f94,arXiv:2306.08568,citation
9e9f77562d3a159a08a539011c32e9b4b740a18d,arXiv:2306.08568,citation
fee61c03fd5ad4a8d8bcdec5bcdfacfe25b361d9,arXiv:2306.08568,citation
aa8d1e2432cd3f8634268e80efc18511e6a36150,arXiv:2306.08568,citation
718eeca371e1f533614f8b530a40cfdfcab9c330,arXiv:2306.08568,citation
51adf629996e7b515e250720858d1cf660bc7adb,arXiv:2306.08568,citation
ca60e350cdff7b010b6cc1f53bdec46aecf2fa0b,arXiv:2306.08568,citation
68e874e6f7d584604fcda3fcb09a9109b78787c2,arXiv:2306.08568,citation
7a31971b0af439dec6fc484cca20df57f440b644,arXiv:2306.08568,citation
83d12fa58743015f8abe4097fb58088f2d13c7f0,arXiv:2306.08568,citation
807cb0b27e078de76f27a36c5bfecc93de3abcea,arXiv:2306.08568,citation
8a6a72afbcc1080212d105f8de02239c8718ef35,arXiv:2306.08568,citation
5e7cc1e5c15142b7d6f3b3efcdb930e13792f302,arXiv:2306.08568,citation
5759d7c7038bfb7b5f1d47539c8348b04f5e0ee7,arXiv:2306.08568,citation
9c80332a30d4edebf0a12097bc30432f02a63703,arXiv:2306.08568,citation
f68164bf402e311a510a741860e96ab4ea24aa9f,arXiv:2306.08568,citation
73f02529d1878977d24ee0a906ad2b48a5ba022f,arXiv:2306.08568,citation
2f79b5eebe8f04566938d4d1eafbc885346f4f80,arXiv:2306.08568,citation
600d9287efc4703bdb99ce39b5e8b37da0baa6f6,arXiv:2306.08568,citation
c1228ebfbb93efc2de955cf953ff97ff12302884,arXiv:2306.08568,citation
936f7f0fa77efcd322805b93a8d74c48a4108290,arXiv:2306.08568,citation
7421e62ce80274458f5ebfcc8714530cb1827469,arXiv:2306.08568,citation
e1b7f13051bec4a713c6226c177b63599d49e3e9,arXiv:2306.08568,citation
dff9b29918369f2ce7c06d13258ffad5c644788a,arXiv:2306.08568,citation
4e2a46a2d815dac0f9c7dc34fe08941c7f3c1f43,arXiv:2306.08568,citation
392e5714da57d522040c6d4f394fee1874e66a16,arXiv:2306.08568,citation
3793e9bb830cb6961668e4c2fd33cd8d524c6308,arXiv:2306.08568,citation
c16def288e2704ef78023ba1802b699069d4d4c7,arXiv:2306.08568,citation
e27e891bf54a4f6f216bbcf345d149301257c9f4,arXiv:2306.08568,citation
490ce578176a5a1a7f8df013bd903df1cf88fe24,arXiv:2306.08568,citation
d69ce7fe2741d29d22ac1813f0be90f6d08fd2b9,arXiv:2306.08568,citation
215de09ac6e5de81187c85065b5ace8bc01f2862,arXiv:2306.08568,citation
e68cd5d49a4a1d3a24dab7fac52869aad2bf66a2,arXiv:2306.08568,citation
6a28a2c2282c23e173cb3feefea27566eb2c6377,arXiv:2306.08568,citation
880ef5392cd4f3bb91469ea0e3f3f8b11124a6aa,arXiv:2306.08568,citation
df15b83986207d884a811ce572dcedb6654abc6f,arXiv:2306.08568,citation
3df9e217d4e122e7b7f8ef4e5c96be8d4a915e68,arXiv:2306.08568,citation
7ea6064f68911d7422f3d8666c45fe58cc6d0ee7,arXiv:2306.08568,citation
c0230760f644f6b7538d93e4296a5e9aa7028e45,arXiv:2306.08568,citation
b274ee9c0b0798b63efd0138548f5824a801c779,arXiv:2306.08568,citation
c4ef333deeeee9cc8cbf16a9e76bc4a60a43ae03,arXiv:2306.08568,citation
ed1eba735e9307492ee24efdabadfd399cdbf864,arXiv:2306.08568,citation
4351aafc87034429a7d20cc31a7c1e7149d2030a,arXiv:2306.08568,citation
ce9a2bf60508bbf3a5729d294e51c6c689695bb5,arXiv:2306.08568,citation
cd2f4aaf98bb1e020cff310000c8049d3460c54e,arXiv:2306.08568,citation
1bfe2a9a40a5f34c5c6b99c182d37a6e93f95aa9,arXiv:2306.08568,citation
e0c2c9b11dc27932be2235b52e6da372105e5ed5,arXiv:2306.08568,citation
8e817e7c898a6a52f0abd5acfb9de9e313b13ccf,arXiv:2306.08568,citation
706fc333fc951f48ea26169d88478b5e4c36e82c,arXiv:2306.08568,citation
03289c2f797d93a8f056cb125dde071bf055a25a,arXiv:2306.08568,citation
930652280362d24ed0c0a187eecfb1e5c3268e28,arXiv:2306.08568,citation
b87abda31a8ece913c7b98ee6bff5c0026e51bee,arXiv:2306.08568,citation
ebe31c5080dda7f99e935b43e573fe0aa25c93f8,arXiv:2306.08568,citation
850d691e5f97001012fc323173635374d0a45ea9,arXiv:2306.08568,citation
63d1b0175eadfd0021e0391f120e606505587777,arXiv:2306.08568,citation
3b918b15178bcc84fd22af5094fe1efbcd388e72,arXiv:2306.08568,citation
183f1519b85d2c39b58283eac35439fb62d029e3,arXiv:2306.08568,citation
34ca51ce10e8d1d6c950ba519329714a0184d004,arXiv:2306.08568,citation
8147cec9245d34d13732a08e915c920a1a499bb5,arXiv:2306.08568,citation
57eddf6eff27193984314141d04c333c11532fc6,arXiv:2306.08568,citation
a492be0002bb01a7e9295c4eafd15b285654c554,arXiv:2306.08568,citation
99e6c90c0ed18030164a731250d547b5e5735055,arXiv:2306.08568,citation
ddb815ed9e291b2cb0678bf0754895f253732aa9,arXiv:2306.08568,citation
5088a04d1a9f42b967f3dcf791145e8aa367fc54,arXiv:2306.08568,citation
84c03d0ec9dd00de3dc7ea7577ceefc9f093c564,arXiv:2306.08568,citation
67daf8c4fe1958d20ebdf95c2a36dd490c73836f,arXiv:2306.08568,citation
e6776f5f293c18f4b2322b1479f083cb24d33343,arXiv:2306.08568,citation
8c52b3bbe5897ba3f42b38c5bfc33bbd48f9a1f2,arXiv:2306.08568,citation
39a01a360e014c2a7b8efa9b2e40aa0ec06e893b,arXiv:2306.08568,citation
6346dd1e2426e51d2ab8b7eef017714d2d60ed22,arXiv:2306.08568,citation
6f39442852656f8a9decc95854a2ed461b3a83ab,arXiv:2306.08568,citation
fbc32b683cc0f3851a504d577c75663e991cdb8a,arXiv:2306.08568,citation
6a0f1a8a03baba3e54a1a2ef348a1b0c2b8dff4b,arXiv:2306.08568,citation
20ae101289965d36dbd93e9b8c47ec9deab03ed0,arXiv:2306.08568,citation
0d22f06a1f5ad9f62b2f35c126b514f927586c85,arXiv:2306.08568,citation
12db3efff4cc9e16822dd64bb1cad66f3f034f3b,arXiv:2306.08568,citation
5fc1a3a49e8f1d106118b69d1d6be3b6caa23da0,arXiv:2306.08568,citation
ff01d3dab60dd4b7426c884b009dda83540c0c1e,arXiv:2306.08568,citation
0652b0dc23650948569f8cfe8562524951ccdf27,arXiv:2306.08568,citation
b838decc4fc87c464cf18b9dccdb31b093f77061,arXiv:2306.08568,citation
feaa3692320cb8004cc50ada090ec2cea2097e4d,arXiv:2306.08568,citation
77b1f1c6d1658d120456b9046667cf009ceb39ce,arXiv:2306.08568,citation
bc9f29881c1d93d225f0a74fa700531202c7043a,arXiv:2306.08568,citation
83037b8f30acb4135742978f18d0b43e0829c534,arXiv:2306.08568,citation
b549adab842e48b037d8aca84336296f84a9fa81,arXiv:2306.08568,citation
62b4e06f5249d22e4a153ec4a2dc934c6a014372,arXiv:2306.08568,citation
cbd81507197e2d32b6f6c8ac99039f3a607ee8f1,arXiv:2306.08568,citation
cdca8d98fc23f99bec1e45c51abb89cf2c885f18,arXiv:2306.08568,citation
17c2018e3f928eeda2ae3a9cd66c691c524e2d7c,arXiv:2306.08568,citation
9618ac49822a8d0d9924b6e7d9a0bb0847649fdb,arXiv:2306.08568,citation
148134fac202889ff6256b6b7d574cb714941887,arXiv:2306.08568,citation
537335d9aad0ddbaef93e7f88b0db096671ef6ec,arXiv:2306.08568,citation
ce7df509a0b5a9780ad818841f7d9b1c5294767a,arXiv:2306.08568,citation
b092ac4a0bcfec38eae7819e40fd8c9e97f4cc7f,arXiv:2306.08568,citation
28ba105e12eb1cdbf5d9423f105771de07037f8c,arXiv:2306.08568,citation
000f964393dafe113a8e66734d63b2a145844159,arXiv:2306.08568,citation
f0950a3f27c0fefffba60ae1c9a8ee360d5eb55f,arXiv:2306.08568,citation
eb3e6dc2476c5a377b7c3d1489c014712a17a376,arXiv:2306.08568,citation
81367624fddabc40b059b83c848717da73eec83a,arXiv:2306.08568,citation
dd18782960f9ee4c66b79e1518b342ad3f8d19e7,arXiv:2306.08568,citation
40e0b9361d88b1879891eb6d16de110b30bf6c62,arXiv:2306.08568,citation
96f6ad72733599db609332987ec6b65e30f11d07,arXiv:2306.08568,citation
c74a13b251b6af6dfce49eeb128b1c0e2ddf955d,arXiv:2306.08568,citation
5dbf93a68b7fda600521f046dea35ea8ba9e884f,arXiv:2306.08568,citation
8291f1f917c0792a95417b3f8a1c2a5ec53872e3,arXiv:2306.08568,citation
e539218e2f6054ed002da6d6efc96d73221c22dc,arXiv:2306.08568,citation
c65a64ea1be8dd654e2685f9bfea4c5118a98804,arXiv:2306.08568,citation
792fd55d79d120173e0a944ce6bfe4787239c1d2,arXiv:2306.08568,citation
e0ca43a635d35fd0414ee76ca1e7c287715f5b00,arXiv:2306.08568,citation
6e463bd4a23d1e692d27843082b1d24f409618b9,arXiv:2306.08568,citation
b5069352383579c6464d8e5ec34eab693c45f59a,arXiv:2306.08568,citation
ca31b8584b6c022ef15ddfe994fe361e002b7729,arXiv:2306.08568,citation
1e3ef48abeef882e12f9553a1baf8944f3782c88,arXiv:2306.08568,citation
2922768fd451ecdb45f48c1a83eb57f54a91221b,arXiv:2306.08568,citation
90213971da84c974bc7502b1112a0ee8a0a33601,arXiv:2306.08568,citation
070b91f80ac118b910c1d2ab5be9f65f685979fe,arXiv:2306.08568,citation
94beb9f249d6d2f1c00d8edfa2db861633aee6f9,arXiv:2306.08568,citation
68559b1ee0f8001300aa92f9ccdbb508e5e55e53,arXiv:2306.08568,citation
b45ec1cb2ba6b2d1ac24723fa836aee06a3db97a,arXiv:2306.08568,citation
fbe90d2864ffdbefd1fc0a7c6f65ac10452052f2,arXiv:2306.08568,citation
7ca2e9f768311f29c8abf58e5ec6acf7cf268d9a,arXiv:2306.08568,citation
af5c7848417882012203ac21399977ebda695a2b,arXiv:2306.08568,citation
bad49c894e1607fa839d4a3ce07dc1fb7939f915,arXiv:2306.08568,citation
6ab8aca8f631f42760a86cc614dfd7208b3fe58e,arXiv:2306.08568,citation
a95817df43516f5ff9cfc447209def1fcd569afc,arXiv:2306.08568,citation
221d84cc186871c989f8d631ef5759682d8a951d,arXiv:2306.08568,citation
044bff0b129d4fcfafb6aae5a134d072d4d9318b,arXiv:2306.08568,citation
e73a16490c29530c37b49f6a30592790e7caaaa4,arXiv:2306.08568,citation
8f65800549e6ba0b4fd2a9aafdb798eb4bde022d,arXiv:2306.08568,citation
e4daac3e40b7b2a13abebcaa4db7929e871369d5,arXiv:2306.08568,citation
2e2649f5cb9e042bcda83051266887b248ee8d9b,arXiv:2306.08568,citation
58ab034688774cd17680cad5115df5bacb9776aa,arXiv:2306.08568,citation
c5be4d4baa797c3db049a064ab7f4d51b92d9230,arXiv:2306.08568,citation
177f05bae75f2a1df220dde80df76a75de6531b4,arXiv:2306.08568,citation
f6bad6683d34327de07ca91838d5047c86b8b969,arXiv:2306.08568,citation
58f6ac8c023e18e7c8886770ec583e0fdd616e86,arXiv:2306.08568,citation
8da765a0bc68ecdfdec249c6e6809341f2d2908e,arXiv:2306.08568,citation
63bbe3fd66e109b130a08d6d417bce5eb9f0c0e9,arXiv:2306.08568,citation
c4a8c6b0fdb0ac0fc9cfa0b6148649728a10b3bb,arXiv:2306.08568,citation
a864f48746d8276df2ff3ca31455a20fb81b19a0,arXiv:2306.08568,citation
21e5b6b7b42cc97ffb2e12200e3c811a24ff6eeb,arXiv:2306.08568,citation
8a77c993835c3d3cf4062833787009f6325504c6,arXiv:2306.08568,citation
f3c692e0103e972bb7b83f09d9c8867752fc5560,arXiv:2306.08568,citation
0caced806a27cfe41f66aa410f17e7e6ee25c3a7,arXiv:2306.08568,citation
14e905168ce90539c066a761fc2a983dbd3a3350,arXiv:2306.08568,citation
bedc0acc3d54f7e1cc896fb031ac3cbf95c6e5ca,arXiv:2306.08568,citation
8a1d72554f669200c6e6ede687846accf24474df,arXiv:2306.08568,citation
4a0a04aa853618aef6a06f186dbfa5a811e2a59d,arXiv:2306.08568,citation
96617ae60bd64ce5fa1b924de5b7b7506ea8fa97,arXiv:2306.08568,citation
d7fc8fc5510f31469ba263253ec54edd7821cf8d,arXiv:2306.08568,citation
c6754f0d3ff589552022a6313e15bdfed587bd62,arXiv:2306.08568,citation
6b50f585dcaaea31a0ec4e630d652057f3f911c1,arXiv:2306.08568,citation
b6705be6a86c1110ab1ad30d4203dade52ef28be,arXiv:2306.08568,citation
bb41589039f7df93b57fa0a1a99da9ba6a87ac90,arXiv:2306.08568,citation
98f344d7f542f04bd9afbda0baeadfb5f7e8c7ec,arXiv:2306.08568,citation
6a932dd04c39c361bcacf730b3812b56df0e9b8a,arXiv:2306.08568,citation
f07d8049885e821e61cb5e2fb63db1dfcaf2c646,arXiv:2306.08568,citation
8649273bc24efb64f962d6ba7ba6f67507fa8fd1,arXiv:2306.08568,citation
69cc2b45a330e3055e6c03c5a9d43729884eca70,arXiv:2306.08568,citation
8c479389f30749d94c99be3c0ef0d764721a81dd,arXiv:2306.08568,citation
5e5b2e55bbbf8b2ba5cf37459ebd7a90f0dae7b9,arXiv:2306.08568,citation
c059abbeedebf497cf43d4b7d3c82670def53aef,arXiv:2306.08568,citation
1bdf6986738a32043bf6d267c214323b4fbef6e7,arXiv:2306.08568,citation
3cc5d13cd60596d8446984b4625f0b7cce714ba0,arXiv:2306.08568,citation
575d9b1905f7f73d36f842f1c543e3865bd3f6cb,arXiv:2306.08568,citation
956c4a573f54ebd7aad02d6f70ecdaf6921630b6,arXiv:2306.08568,citation
1e63a7e80399ce6c3362f9ee9aa4d7f1a94241a6,arXiv:2306.08568,citation
10be48e2f7423a52b872d74a5a76421cf15ebfef,arXiv:2306.08568,citation
1cc204ec18bc7b080173bc61145f7dd948aae078,arXiv:2306.08568,citation
2f28d67e1baa47023d9e602a5b01ea0ed130e06c,arXiv:2306.08568,citation
b8f00a43f90db4b0ef581aa3976d5b447cd507cd,arXiv:2306.08568,citation
e75472fedb1cce863b8acbfa0867409802bbd858,arXiv:2306.08568,citation
f6c80feb851e71781a4ed081a32664730887f972,arXiv:2306.08568,citation
bc39e9d3c14e53a923d790ff834101ab7cca2d43,arXiv:2306.08568,citation
54a1086aad4ee383591081308a6f9b5c5e482193,arXiv:2306.08568,citation
3774819be732ca363267a2e6d38e17a6257ba329,arXiv:2306.08568,citation
8ee419202a5da6c36322c9ff94d824e048d1c571,arXiv:2306.08568,citation
eee5a8e06c32112d268e88a8d4c45592d7214244,arXiv:2306.08568,citation
e10ef2a43fb68bf8567ce752117da16a2db9ea9a,arXiv:2306.08568,citation
362cae35fb65710af8230a4ee8e1aad1f275a4e7,arXiv:2306.08568,citation
d57ebdb4b5ed89ab4135c72f0c91dc1c4b347c4b,arXiv:2306.08568,citation
ac771182d1780c863954243809d1e144433919f9,arXiv:2306.08568,citation
dca53a5e349d8853f21680ab3291f6fb9afe75fe,arXiv:2306.08568,citation
e730164e17975547564a1eaa70cea5884b16c89d,arXiv:2306.08568,citation
d7d996240798009aeb8b3d0cf21b42dc5b8e4023,arXiv:2306.08568,citation
6713f623e0c7ebc1c94c58a1c0a650e9a204182b,arXiv:2306.08568,citation
fb8330d41315c471edb42e799de18386a9a0b1a2,arXiv:2306.08568,citation
3df53204ae51c7be0e15bf77e25c9beb3d89d233,arXiv:2306.08568,citation
6cea8d0fa51ad72f4f07b154cbf8c2c7214294cd,arXiv:2306.08568,citation
117a9f9227ebe4acc67ff8a52eb9db2ab16390c8,arXiv:2306.08568,citation
ceb9c06048188e0b67b476eeda65c9ad2f95f6c6,arXiv:2306.08568,citation
5613ca3410cba643fc21e11f6a12f7b4472da057,arXiv:2306.08568,citation
aebbc8f4ade0767b8de48f5822c07636e0d09664,arXiv:2306.08568,citation
d580f16ea6a5bcf63ca6bcd19f0b6014ca63262c,arXiv:2306.08568,citation
f23bbe3abd1373ca9c718fb19b95c5b6605a9bf3,arXiv:2306.08568,citation
a63c6e227a655573c27a01a7cf9477e052cf5eb7,arXiv:2306.08568,citation
cd5672d8c3e963dfc204827c1d8dbe1770c17561,arXiv:2306.08568,citation
b8d0ad089cb774dec70a29c21f23a4526b06cf72,arXiv:2306.08568,citation
33db1e7d2b894617f1a0492e8e3396d5a7f39e9f,arXiv:2306.08568,citation
98946a26495522adfc98ac72578eb6ac1ad00a34,arXiv:2306.08568,citation
b0eef7f23db588dc7fcfca06236908e27f47c7f2,arXiv:2306.08568,citation
6b369fa145497b54da31682fbc45ac94399bb547,arXiv:2306.08568,citation
afce48238c88243c3198eacb8609898e8bc31408,arXiv:2306.08568,citation
36a510d88b0d9ab97bf6882d19783616bdb29522,arXiv:2306.08568,citation
25ee0ab41210fd49c4794d43ae15ee41a5548809,arXiv:2306.08568,citation
21e96614dce182a134a3528af9dbdef16bbfccd0,arXiv:2306.08568,citation
90640410094d72bd0d247d2c45895ddf5dc09fc7,arXiv:2306.08568,citation
05140c2aaac8c87686be4ca2d946378f07ff2573,arXiv:2306.08568,citation
a68a0969d736d23ea270a1b105127c385a32c21a,arXiv:2306.08568,citation
ef5acf55ff6120eddeacd01fe305b124693c555e,arXiv:2306.08568,citation
10e37de70767088938d5c2200cc2cd9b73af31cb,arXiv:2306.08568,citation
f5f9f29f9b22f1fccdaed0dbaaae93b1af7d269c,arXiv:2306.08568,citation
8bbebe0d34386fe16e5c594678fcfcc80729a639,arXiv:2306.08568,citation
0476d2f5f992a9062f8346bbdf0a59e351c2aa9e,arXiv:2306.08568,citation
81de0cc8f0d082dc58f39ecadad11d032affaa12,arXiv:2306.08568,citation
f5462415e56dd71cd54e5b122e0ffdec82b2560f,arXiv:2306.08568,citation
0f39d058bd96564ea6fe21ee7fb4225c97508f60,arXiv:2306.08568,citation
4b9865901a1e6df64213162a5a3c2497c6c54f2b,arXiv:2306.13549,citation
4aba45f28ac1b6b5b5dd1cc55018178ddfaae537,arXiv:2306.13549,citation
57c5e28a4fa5304c1479cde220d41bf8b07bb352,arXiv:2306.13549,citation
c33f21fd4872f5842a7abc8a028811debb7ec8bb,arXiv:2306.13549,citation
7691e9a5e27368f9a3a9fc18787069c206513ff2,arXiv:2306.13549,citation
e0cecc8926cbd652d16c1c8bf1f71d7e3fd923cb,arXiv:2306.13549,citation
1164cd883bc15b3eebd87c4cdfe886268f4f0983,arXiv:2306.13549,citation
cd1d87e7e31a05a82b6b25bf231f831c39006ef1,arXiv:2306.13549,citation
a2884dc4208c2fba6be2430175cb7db070ebd6a6,arXiv:2306.13549,citation
7ad77f44694d384368c7582f14d9c6ecf268b0dc,arXiv:2306.13549,citation
09a57b99f0e2702415987d0991b610d11ed255dc,arXiv:2306.13549,citation
301d3fead77508b745529999428a9fe3f19bbfdd,arXiv:2306.13549,citation
1a9bf38e2bb9fa2773b3e95c6296ac56c9168f24,arXiv:2306.13549,citation
8ea253007239ab7b1a753ab395d9ec9cd573758c,arXiv:2306.13549,citation
da7cf31438e73785896784bb44160e26f0c5706e,arXiv:2306.13549,citation
24c6bd2e11e24c6576b93b936e5d50997815258f,arXiv:2306.13549,citation
4f24eee8df6f0cdee17bc5d6826f8c34cd7977a9,arXiv:2306.13549,citation
0de9229754564f3b61db1d6aed84b96130edab1f,arXiv:2306.13549,citation
319a45069e36e484b79582584975cf8656ab2477,arXiv:2306.13549,citation
968b0ba3808877255806d32d18f4e2c871a0fc1d,arXiv:2306.13549,citation
d5892d89b954bbf96136e0cc5c66697d2297f9a9,arXiv:2306.13549,citation
73df6a33d9177cf18fa4661f45a35b606e09a643,arXiv:2306.13549,citation
59df286bd009cbb922e52c8a95c0c61b9bfb8f5c,arXiv:2306.13549,citation
6772fcc001e7f4d7f76cdfcf4425dce0f67467d4,arXiv:2306.13549,citation
7215c7382de7800c038787235fa4305e2e6af4ad,arXiv:2306.13549,citation
46507a855e9ea46655e227dd28e2a17d5d999916,arXiv:2306.13549,citation
d14641af0274b25633b616314d35386313ba5080,arXiv:2306.13549,citation
41ad389d4d5c2f8db95fabce9fe83397c4dbfc7a,arXiv:2306.13549,citation
3af611e47c30a439f8acad312f16cf7837ddbce7,arXiv:2306.13549,citation
665c9c8dd0ba1f8ee06cbc65e63301bc5eca9bc1,arXiv:2306.13549,citation
858eec4cede7b8ac49f33f6eba80d0a15a9443b1,arXiv:2306.13549,citation
e33adb169a7f42a2fcae67e0995c3a76bbff106e,arXiv:2306.13549,citation
0b28389f2cae456489254afa4c2391fff5cf475a,arXiv:2306.13549,citation
36541679c153670f5bb91aa44d8eb7c15fcce316,arXiv:2306.13549,citation
b3c5e6c52e7a196f207085956ccdaac163510df1,arXiv:2306.13549,citation
d55e6675b453fd0a17890d38548c2477e6d326eb,arXiv:2306.13549,citation
06b2a1f163d22d35f0c6b1fb6f001c9c877579eb,arXiv:2306.13549,citation
acccc7ef0f33f234ecd0e5e339619f715548ef39,arXiv:2306.13549,citation
4598b04e013e198be1c350422d015de14fb1381a,arXiv:2306.13549,citation
dac9379291452dd107d0ebefbae6443ffdd80e19,arXiv:2306.13549,citation
47fcd09d59653eed78659af16e4b67151271b0d1,arXiv:2306.13549,citation
0cb4784c8b7c7b7e2805545b691aa696f5743aa9,arXiv:2306.13549,citation
b74307e11deeda40470b20685bb9808379e18cb2,arXiv:2306.13549,citation
007d3d6cae6f6d398939570a888cf7ba09be03c6,arXiv:2306.13549,citation
bd16b2748948f9cab715d7741eb11c9c813a5d52,arXiv:2306.13549,citation
c577f9d03033416434736520797a084077adaab2,arXiv:2306.13549,citation
236e05e85a8a2600038c110784d94ec77eb4ee8a,arXiv:2306.13549,citation
e5e153ce91dd56a1642949c55889e41875c34947,arXiv:2306.13549,citation
7824a7a8f8368361e4ff29cf47c81f7858338b13,arXiv:2306.13549,citation
3698d23522ca0dc6b0a3e2062bc92f131b4937ab,arXiv:2306.13549,citation
72ec9f0595507a0c3d1a10c39a7b878e3400c081,arXiv:2306.13549,citation
2a96141826d8423867bfd7f00457e5f0c9dae41b,arXiv:2306.13549,citation
21ea20f91e6aafe380bf6c2ebcb6b6a38d47b9d4,arXiv:2306.13549,citation
24e61806c71c7294a2b330375bea00c6cfd937e9,arXiv:2306.13549,citation
ee9c8e3cfa1bd365fe02afc688d9f94ad670e8da,arXiv:2306.13549,citation
af48f50215180ad3b93d7b2b08384862a70c8b2c,arXiv:2306.13549,citation
63655f48fee0c9a990b9854680d80baa9268a4ed,arXiv:2306.13549,citation
4d732cbb5e9018a1eae07c30f3ec591b15889424,arXiv:2306.13549,citation
41cad28f60993ace4a047971586df2771d0e072c,arXiv:2306.13549,citation
04ee89fee63089a928a24f26caddc7b27c2bd22f,arXiv:2306.13549,citation
d23f7b486824cecd7c816e188c645c6882e32e6d,arXiv:2306.13549,citation
b618d57bde4e0d4ebe036103584a40b18bf1f58d,arXiv:2306.13549,citation
40521346a3920392a6f23f7252960b214512025a,arXiv:2306.13549,citation
10016b5ec33e748efe204fa5cb6ccbba87d0a147,arXiv:2306.13549,citation
f9ea97789ea4f57ec3673ac3bb117243f7a4d950,arXiv:2306.13549,citation
4a80e9ccdfbc4fd97cea8d7cc15769d6d1a8fd7d,arXiv:2306.13549,citation
f0301bcbdc87883911ffef88a0a970bcc601895c,arXiv:2306.13549,citation
60584a93f70b03143c452d026c40a8d19ab2e6b7,arXiv:2306.13549,citation
4685536af4bf3091de100b2a04a2d1e26bcbb931,arXiv:2306.13549,citation
b2cce2ab33b402f4fcda37c024e5e3d0845e8a84,arXiv:2306.13549,citation
074c15d00e9f47a75349f6494850c8a47dbf8a4d,arXiv:2306.13549,citation
fba2107050280aff366ce077dce0e4c09e359bbf,arXiv:2306.13549,citation
bf26abf41f8c8e72659747428bb944e6a2dc227e,arXiv:2306.13549,citation
767d0f997b7b2996f43860160a818ddb7597517b,arXiv:2306.13549,citation
3666765d5a1904cb4d13d329ab0785eeab89a0e6,arXiv:2306.13549,citation
5f4723de3eec01b127a18618fd7ea9f5eb73a535,arXiv:2306.13549,citation
f1f73ffd70d75cebd195a70d55b62c90197a41f6,arXiv:2306.13549,citation
b1a8a96af1ed873eaddfd55ef0861b94b5e1ff44,arXiv:2306.13549,citation
7cb0224b26ecd978ecb6d1babd75fa105c1432ed,arXiv:2306.13549,citation
05e6590ffcd89a479533a78ae49f40b0de6c43c9,arXiv:2306.13549,citation
a156e2fa11c0eff1ccc24f2305b8cc6bf1ccfb5a,arXiv:2306.13549,citation
6da0ea8e9d84abdf09210cc70f1d5cd1d4934843,arXiv:2306.13549,citation
30c771af2034174c9708cb2b4f87af79552bdc89,arXiv:2306.13549,citation
4894b5e236924b49c93b0db32e0ea3f4e803f9e3,arXiv:2306.13549,citation
91bcc827a8df0189826784a8e6423933c8bd0cff,arXiv:2306.13549,citation
3ef5d85943e90e189ad487b7459de3888910cef3,arXiv:2306.13549,citation
e0394f5cd8f42d59185970c07f26098caea2515b,arXiv:2306.13549,citation
3db46d657566f8d3f8056bf4435295dee1651da8,arXiv:2306.13549,citation
d90383ebe5de7fe2ea516b899a1656d13656b2fc,arXiv:2306.13549,citation
a2eeafffa0f96e8d7213cb25ffdd4912eb183b15,arXiv:2306.13549,citation
fcdc5c1a890dfccbf279a7a97ff34af5caa99fd6,arXiv:2306.13549,citation
16dc70716688a33ac056ab61ce5616fd4fbef7bb,arXiv:2306.13549,citation
f2d48d0ade8ee0b410dbd1f8520e185af257235c,arXiv:2306.13549,citation
964bec8e8c3c72d2f79548de8ab71895853b4f95,arXiv:2306.13549,citation
5597f57e249b8134f57b6f705a317ab0c334c8dd,arXiv:2306.13549,citation
68baeaa6e48c0bcd941386c36cc4a8c6d14ca2f5,arXiv:2306.13549,citation
539ea5d794c1214a073bb1ebdd7e86735f1eecf1,arXiv:2306.13549,citation
427e9f2b03eafbdbb1c7906c373cb7aa3047b17d,arXiv:2306.13549,citation
256332ad96cad167904454a9fdd27318eda5ab13,arXiv:2306.13549,citation
b41c22f9cc7a1c10cfecf3c911de94601a77ba9e,arXiv:2306.13549,citation
d62d2acc761da58c4593a7902745974d23dc35af,arXiv:2306.13549,citation
8e1fc8827d1a9f73e2041c63448216af3a5f3d6a,arXiv:2306.13549,citation
60ecf7cf578b7dc837a25012b612400fa651e807,arXiv:2306.13549,citation
292f9592829d618e4c31eaf1d7dc44849869d222,arXiv:2306.13549,citation
573b4bff42c8492fd371f52d5e59ba39133a61f3,arXiv:2306.13549,citation
1ca05c32859176216fbcd15183cddf3d779773b6,arXiv:2306.13549,citation
14c3f9f3a36e91497335fd5a35f474e373b48cf4,arXiv:2306.13549,citation
3efcf2b9ee86b4398027a3e5af87f2fa842f2172,arXiv:2306.13549,citation
44b8a3ebcd87748b96c0d2e9d49ea0550ee50add,arXiv:2306.13549,citation
0e2bda9cd499e78d0dcd737f88ae5de62f5809b2,arXiv:2306.13549,citation
c99bcad9fc53ee63df9bf1a169e3df7b1715956e,arXiv:2306.13549,citation
32a4a516b8263001d2128b68b7db7f8f00007c3f,arXiv:2306.13549,citation
5a55447068e9bd9588151b4071ae859df8cade36,arXiv:2306.13549,citation
ce7a49a37580b48a4ffbae3ef93d62d90b92ed9a,arXiv:2306.13549,citation
89bfc43506e8d7bf08a208f2fa47c573dd2a24c4,arXiv:2306.13549,citation
4d9f46d6ee0230cf9d69fc3e63b1a06064bff18e,arXiv:2306.13549,citation
7ef8405b506552147d234731a60c89c53bece2e2,arXiv:2306.13549,citation
edb55c2b0cfff454524ee0b201ecf116c027c170,arXiv:2306.13549,citation
d4a6bd9422ef25dd09b8209e0df2c2b111a3d709,arXiv:2306.13549,citation
96428c28c123e54dcb1c02a17700eb1bef7b8503,arXiv:2306.13549,citation
9d1e62e674bc5255c7f0e26be7bdc307fd4ed5e8,arXiv:2306.13549,citation
826fb9329addc50070f1fa68a83fab7e5ec90e31,arXiv:2306.13549,citation
cc79a98cfec9f4727b41e58b0425bf339434a0af,arXiv:2306.13549,citation
b708ef1bc5a796a9620838fd4b79153af4048fef,arXiv:2306.13549,citation
802b2b37a22ac1a1e7d7ea3d74cfa8cef7dc246e,arXiv:2306.13549,citation
e01183e3dc48527dbd8a048da9fc8797a1bac9f9,arXiv:2306.13549,citation
75302575c14076b29fa73a43c7cb13860ebd0b58,arXiv:2306.13549,citation
effdfeb54c19d8a129c7955a36f23c3df3572ff6,arXiv:2306.13549,citation
bb0ff0235c2fd81c5ee1a4e41d1d03d7f0b64224,arXiv:2306.13549,citation
14478fa623f064f065b1b2cb3b3b21f4da29329f,arXiv:2306.13549,citation
fbf5f483a373807982738813ddde21bd6b98878a,arXiv:2306.13549,citation
626d141b2a40dbcc8684b7c53127dab80e2df24a,arXiv:2306.13549,citation
f809e863789c31d39f836aa4da3876fc83d8f9f7,arXiv:2306.13549,citation
c2d41c1d18e217c8cee038f28dacd6397687b5ae,arXiv:2306.13549,citation
e5977c3f4f626b33202ee2c3694daf5d428f3c8b,arXiv:2306.13549,citation
5c5c34a4c96df1050f1e121f4f17e8b85cfb3717,arXiv:2306.13549,citation
af7b49a4fbe51c3b10556a0340ad4176733387cb,arXiv:2306.13549,citation
50c2ff40b15d08f67fc7aebd272a61c1342af928,arXiv:2306.13549,citation
5ae5b98a244e1453c3fd4b4d6f7add070e305cd6,arXiv:2306.13549,citation
0a7ca51d5d6176d935a82a09b8d4bf745198161e,arXiv:2306.13549,citation
7fd9da8694b4c3e67a3d1289a2a5fafff7d7673a,arXiv:2306.13549,citation
f3a73a44e29df997452f5c6d775b45acb75dfce8,arXiv:2306.13549,citation
f43b4a526d1c04960b7e8de16827cd1f6f1a04f9,arXiv:2306.13549,citation
dc022d7ff5065dd3df5854987783309661b9b718,arXiv:2306.13549,citation
ef4c714f2fdc6ede68ca149ebe7e85beac0441aa,arXiv:2306.13549,citation
c6e87a67f7a3308e195714bbd49c403750e2a323,arXiv:2306.13549,citation
a33c1095a4202ec1333062f49026f5d9ab945f31,arXiv:2306.13549,citation
e20c4b39283433d59234059cf3ae9f24bf2d13ee,arXiv:2306.13549,citation
a62af7cf18d3a95b5a658b5e539502d2bdbf89a7,arXiv:2306.13549,citation
bd3d51695bf6c51b5ad5b111b9a0b8fcd93b696d,arXiv:2306.13549,citation
e38fc2d1731aa44ad14cb900baec9b520972f3cd,arXiv:2306.13549,citation
ba8a7f6ec24e256d9f2090c063fa8d7c2a75c70d,arXiv:2306.13549,citation
f6964a29d91fb6db2807f8670488963d346128a3,arXiv:2306.13549,citation
f62debdb935f3e2190c5995bb35b6fe790226e3d,arXiv:2306.13549,citation
afc3e4fc0f48d9000cb24b883ccdc1d3c53da40c,arXiv:2306.13549,citation
7c50e737438165d9e57ec65bbaf73a5db91786d5,arXiv:2306.13549,citation
ae4033e0680de5e9e946c9aae05578c0e2f72315,arXiv:2306.13549,citation
71b2e2406bebfcb2d3d69f8f44b33d42f99683c0,arXiv:2306.13549,citation
efde92b8bdee9af013bee28d2b4503df6b4fc5dc,arXiv:2306.13549,citation
db6767e8f3a996ccc4d35ad54c5bb5a823862fed,arXiv:2306.13549,citation
e45c0a59feaa569ec7ef1c3369480558b41c464d,arXiv:2306.13549,citation
25f3f6e42b85476dccfc2912859a53a3c176c2a5,arXiv:2306.13549,citation
2311a1c7c514f78705aa574deb1ed92351a98705,arXiv:2306.13549,citation
fce0c23fb7c02d39b7f3722c9cb034ced0e73186,arXiv:2306.13549,citation
e36cb608d4e986a6b9796e3459ffcf32d99d99f7,arXiv:2306.13549,citation
f209bfdde57c83cd8eaa09f43aaad4a5bd2cc4dc,arXiv:2306.13549,citation
027e8e1a1e5a534a700558be5a594577586167cc,arXiv:2306.13549,citation
81f9a3554bb517d0be06a59291bb6fad6ea85391,arXiv:2306.13549,citation
330a42a37be3b8b93a28cd0f22d995165fa43409,arXiv:2306.13549,citation
ce1a049b9b56819324ea9409534528ea2e0782e1,arXiv:2306.13549,citation
f9c4015343a4476adf0dff1f28858a192de2e165,arXiv:2306.13549,citation
00d7c89c718df9fa2f425ba8fbe875e6e5955707,arXiv:2306.13549,citation
f9db3eda6a37ddb124a82ee8f72f8e7fb15cca91,arXiv:2306.13549,citation
e9565968d40a1ab0372a008708b6364f3d527884,arXiv:2306.13549,citation
c698e0aada2154f15305de0da54bcc8755b3e8a7,arXiv:2306.13549,citation
1c44b79362b2928ce1e1e13c37e85490ca4c17e4,arXiv:2306.13549,citation
da6c8af0a9f24d992170290774f4269962d707e7,arXiv:2306.13549,citation
f22fc3062025edc8ceca87216900e6d0f7e0681f,arXiv:2306.13549,citation
248d644862529293c629c9f43913b3806ba0906c,arXiv:2306.13549,citation
2878185fe99e722ede42637e7f967756546b275f,arXiv:2306.13549,citation
ced381535f8b8c8570a2bdf178a3c93a5339b189,arXiv:2306.13549,citation
3ca6ccc1c56f9b29e73b4dc7412f0ea05ac49554,arXiv:2306.13549,citation
f1f273a3ef89d33853e6ba1a8b8bb03ce0d53ae9,arXiv:2306.13549,citation
f9c5a2e6c0e7a7be1a9972c07daaef0d8cef09ac,arXiv:2306.13549,citation
b564e05750a42e36508ee6f896afb6f34e591585,arXiv:2306.13549,citation
4582c295ae9ff05586f5c767a3c469ba1102fe1b,arXiv:2306.13549,citation
ac0246145edbd8ec58134b4ed519d95f42d22299,arXiv:2306.13549,citation
97b4adb6244392f1c1527f9d877ff703e854ebaa,arXiv:2306.13549,citation
c12d2e2d331c10e43cd4ceaa8efc537e75d037bd,arXiv:2306.13549,citation
8f3882e97c0c78cf01c3bb51457c91493efdf533,arXiv:2306.13549,citation
6c50e21616395c9a22f01adbafaa8b369c91ad84,arXiv:2306.13549,citation
c12582a4351594a40ac3b15170983e741522c12c,arXiv:2306.13549,citation
1f20daf2e1ab3b5b2dffa104a317d263eb7cffc9,arXiv:2306.13549,citation
8dd06edeab18e66c874460d44bd07746d1f0a9f5,arXiv:2306.13549,citation
57fdaf612396776c497969f144efa480a8a2eb5c,arXiv:2306.13549,citation
6287f287e7952d04846cd869aefd656ddd72a20b,arXiv:2306.13549,citation
34012d67b0bff07c48c7ac70992553a97f59b229,arXiv:2306.13549,citation
af997be26cc22e3fdeb25a8a350c78c392dff236,arXiv:2306.13549,citation
2ea0ed8eb03c2c7302c6f22fe0190bff33f3819b,arXiv:2306.13549,citation
20df72e98076cf815d746a389cf68f7269ae65ec,arXiv:2306.13549,citation
371f08ae3382dd06eb2474efe9e9456c0578bae9,arXiv:2306.13549,citation
f3d3c9fb042231d6874cde62a18aad5c3e947597,arXiv:2306.13549,citation
2a948ac8d1d922336bbb4eb18303e5b0be0c9d6c,arXiv:2306.13549,citation
36156af9d6ff83a6e86d1df3491c905d30e3f51d,arXiv:2306.13549,citation
038f191834ba0a182c9483eda4b164ff38327fc1,arXiv:2306.13549,citation
d7efad0329682c8c6f28ade92093b8e40fdb3f4d,arXiv:2306.13549,citation
320d37163084ea31df715902f475acfef0581bd8,arXiv:2306.13549,citation
53e1e6457318c1cea3b9942ea21817cc1ecccf78,arXiv:2306.13549,citation
62555dbd0f6f5bc3dca65351fd681cc48592759c,arXiv:2306.13549,citation
26dab45504920dccd2ad380730fa73a56e7c3543,arXiv:2306.13549,citation
69082a5af98441eb2e8eb887ea7ca79c21fae5ce,arXiv:2306.13549,citation
486861486cab4241a09d3ab24afd785acfc9f84b,arXiv:2306.13549,citation
528ba904ed5dcb74985a1852b966f12c051f7a2a,arXiv:2306.13549,citation
7f091fb80903455c39c0997cedab6a243353e202,arXiv:2306.13549,citation
0d55a35df27ef55047b4ee01667d1dc1094a3f66,arXiv:2306.13549,citation
e1d5b59adc7dcf7c9b358f0d92a4b5c23f355e62,arXiv:2306.13549,citation
a79ceaed44ef5407c0c18558d6d3f40718115d04,arXiv:2306.13549,citation
ad4370613934d3ddbaf97c800606cb963068008d,arXiv:2306.13549,citation
6f44746e023f60b3282fbde50bd2543033c90852,arXiv:2306.13549,citation
4274cbf70d5792d58e1eda6c566f4f6d75c543f6,arXiv:2306.13549,citation
2c3383d8afc90c018017a5640e0cbad2502ccf0c,arXiv:2306.13549,citation
71a9f6522bc66cb1d1325e003f867f0469caedf8,arXiv:2306.13549,citation
8a770815120fa13f02b4b378d1328eadc3f54ce2,arXiv:2306.13549,citation
fdf91971364c878fd11908ccecfb795cb8f331f2,arXiv:2306.13549,citation
d72aca511dcc4c0daa7f7bf8ef956a51066172c5,arXiv:2306.13549,citation
4b6e301d5c88fcadd0631303dec125d8a5637826,arXiv:2306.13549,citation
741114485bd2ee551c98a9e6ce31dedf1df4451b,arXiv:2306.13549,citation
83a7f6afd46445328936aa3bbdec18c7a3e70c06,arXiv:2306.13549,citation
1396af04e179b8ac69c3f2c676fe06810cf07749,arXiv:2306.13549,citation
3b02d4202a8ee31966ab18afa613cf60313852d0,arXiv:2306.13549,citation
39dc65ddc166dcca6b8bf202b40f16bbadb16731,arXiv:2306.13549,citation
489c4b46d488472c8ee56281daa99b4228ed0ce6,arXiv:2306.13549,citation
408adeef3433bb135a3501d9ae4ab33d7e2d49a6,arXiv:2306.13549,citation
8b7cdc7b37704a1bbe6753e89b53859d3ca6cd0d,arXiv:2306.13549,citation
a4cfce7de08dc54ad876d777ee4851c3257e8482,arXiv:2306.13549,citation
799d2ab531c06fa8390f816c00d42f6f225419a8,arXiv:2306.13549,citation
27900c444d9c3f60aa8b4ff253c5c325bcadc41c,arXiv:2306.13549,citation
7886555f160d2008078e83189a8110a6a45e4491,arXiv:2306.13549,citation
2e8a8e28c9880c85b44b8dae619eab2cc6e5a4cb,arXiv:2306.13549,citation
fb44e2649f2ba8488af8a1036c1be5c5887da3a1,arXiv:2306.13549,citation
1cfa710ee9d5ddf460bd5e48318cb9c967fe0858,arXiv:2306.13549,citation
0df1f308b8df13194d76fb95aa86d18d6aeffbdc,arXiv:2306.13549,citation
05df57eb699507f6f7dd6b4b390a69bcab71ae7c,arXiv:2306.13549,citation
4fd1f43211b44e3021284e256d83c427b9278333,arXiv:2306.13549,citation
7866a1bcecb0f0c535f70561daa6bbacbebdb4cd,arXiv:2306.13549,citation
324dc37492ccf0cc25a1bb598f1d03eee5af3e95,arXiv:2306.13549,citation
9b7670cff6e3527bc571d21740e9a81320128461,arXiv:2306.13549,citation
3750baa313f7875080e6b558986885d8d3cd4cd7,arXiv:2306.13549,citation
bbb27b2c44d0ed07c292346ea86b9aa3ea2da5fc,arXiv:2306.13549,citation
f9355312c476dc79257303c37811f5fb2786d30c,arXiv:2306.13549,citation
1268f12bdde7896a853b05a6693c0345786963bc,arXiv:2306.13549,citation
710976e086397e2539cca4535821f3d0cd1999c9,arXiv:2306.13549,citation
e35db79cd5c5284293efb4f29584f51e654e7073,arXiv:2306.13549,citation
4726165bf198932c7bdbc9d31fba7b4f7eb2abdc,arXiv:2306.13549,citation
579074b4c9c8bd8cb2e11aff7e493853e3a27171,arXiv:2306.13549,citation
8c081113c9da574773d865fdcf1dabbe34b02683,arXiv:2306.13549,citation
5b2f238c345571b342e057acef848ca22c09a992,arXiv:2306.13549,citation
f0ad0b45a1c3cd78db6af65d498f416c5e2111c0,arXiv:2306.13549,citation
8495e401614f1f8778611fe313cfb6ab8073c23f,arXiv:2306.13549,citation
5bebaf6d21bf74f9b0eb93b42ecc41307431500b,arXiv:2306.13549,citation
8fce0140ab126431bfd685a16eacf42caaf501b7,arXiv:2306.13549,citation
a6da7dc77e6194331afdee82751cadf9bd25b3c4,arXiv:2306.13549,citation
1a13decd6cc320729d7d26d8d900672673ad6f45,arXiv:2306.13549,citation
a2314cdec306ec5a069232d14a7a53089e1f62aa,arXiv:2306.13549,citation
12b8cf50aa5942155543f949da633c7f521a708a,arXiv:2306.13549,citation
86268fca638b8a40b8ae98b0a30649c444534a62,arXiv:2306.13549,citation
c1e7fcff63b526354f50f62b51141382fa6da812,arXiv:2306.13549,citation
793e6ac20545edba6fd923c76f18088d95fdbd76,arXiv:2306.13549,citation
060617252126279a1ebac3e10237430ae484f97a,arXiv:2306.13549,citation
9956c392d344ef24cf0f84c32daaeaf3a9f65696,arXiv:2306.13549,citation
b34468dc095f81951938409e42592532132042b1,arXiv:2306.13549,citation
6f21e4aa3e9ff9b85b308340ba33568a8f94abbf,arXiv:2306.13549,citation
5b0daab496b995b9f45aa65ef0701cab80da4071,arXiv:2306.13549,citation
f9af2546658d20fdfe4e2c9ab3d3c8d42f7c3a25,arXiv:2306.13549,citation
6e0a887c665bb3343983539c836cb2848c0ac798,arXiv:2306.13549,citation
8f3b690039f68339eca30fcb6a7a6e2ce6fa7328,arXiv:2306.13549,citation
9a460f06b4853bdcd0a12409e9741056dbf0cb96,arXiv:2306.13549,citation
027e1eb1f782a760fc35834c2134c471263cfbfb,arXiv:2306.13549,citation
23fc2744112849ad14874d6a309e931c4b936655,arXiv:2306.13549,citation
2b1ee3fbab44895a5b0c80523038cf122dde9b21,arXiv:2306.13549,citation
221ff2a48e2a0dde9fa554246545a8412c3bc8d8,arXiv:2306.13549,citation
903f039999e8d41325fa6d3aedefab299aaf7e06,arXiv:2306.13549,citation
86b323634ee53a6e235026fc3b82a5e06f0123e7,arXiv:2306.13549,citation
7488fc3e38e989e9cf234f7a03f3a8a935aa0a6f,arXiv:2306.13549,citation
dde5a8e642e9854ff435d02cf1ff8b0e9a1f43e2,arXiv:2306.13549,citation
a81c295f143d98e547218c44db822a99306ba9a2,arXiv:2306.13549,citation
05fa0047bf14cabd873cbd92434853bc34479e37,arXiv:2306.13549,citation
b16866726a0d5dba195731412ea99d66b0473595,arXiv:2306.13549,citation
8488293909ecb1f2b7f68cfc36cddfc20ad2c8d3,arXiv:2306.13549,citation
ab4b17a83835d7697b4d083579e836c9588abc9f,arXiv:2306.13549,citation
f1c16e5d31b7e0ebb0050a2c10a0276f5b8c612f,arXiv:2306.13549,citation
1cc44d324a78fb6258ee0fc16b65589552f0ff08,arXiv:2306.13549,citation
69b4415049d43c7adcac0dc1f65678683c362d1a,arXiv:2306.13549,citation
05026dbbfcfb88929401f1d00e13338fda190a20,arXiv:2306.13549,citation
1bd22c7154db6291fd02735855724973dee2247a,arXiv:2306.13549,citation
7a343631045e96b2c9e5a4feb2b33bf1297e4138,arXiv:2306.13549,citation
2f93ed580253976e6bda1980e4a91f45e78e6740,arXiv:2306.13549,citation
629b87e024d61491f1d1c1903c4602c2de0a208e,arXiv:2306.13549,citation
1de38fe7d8c7ddd7c78e0c2c74008540865ed51f,arXiv:2306.13549,citation
36e3cc58412483c4c3c743296891420cd3c94255,arXiv:2306.13549,citation
9124a4234ab6c4998ee5f46fdc40d5e8176f607a,arXiv:2306.13549,citation
66744ba27809e87e085d95ca0d30cd44cbbb8f76,arXiv:2306.13549,citation
a0ae8f8ff5e9de959bfb84ca8c32a5384a00304a,arXiv:2306.13549,citation
ef511f9577eec382c0e8dffe1918f850d826d257,arXiv:2306.13549,citation
2342e64a8a9674884f601313cea4c69c98853ebb,arXiv:2306.13549,citation
ac39ffcbd2437a8f44ecc81864e05eb35999abfa,arXiv:2306.13549,citation
46ea0cbd5b9d0bc81112f9f9604cca763ed6a7d3,arXiv:2306.13549,citation
9876e0aa99b1b29cbf79ae81e7def9866aa5af84,arXiv:2306.13549,citation
ed5bfe841e1b3129bdc8a9bf3be7c6194c4811c5,arXiv:2306.13549,citation
144a5c14db46e76b7b762d64fe53cf5dfd95ffe4,arXiv:2306.13549,citation
03eb8b255de36bc437c2753904b648ae5518c8c9,arXiv:2306.13549,citation
1e80744c6848599c4378d37dc12a162a3f39d1b9,arXiv:2306.13549,citation
2e3c0a7ec7f8404ac51b4fa14d89773e881b4935,arXiv:2306.13549,citation
c054989c584714d39daf2ac7a9f5e27cf3044e00,arXiv:2306.13549,citation
ccd9eca10294fe822a25e1133d59deacab005860,arXiv:2306.13549,citation
5d704c96c12931c8fa1c05cfaa2bcba2fc1fbe02,arXiv:2306.13549,citation
cc6282f0e8a864a1a3aca18036b45c899b0098b7,arXiv:2306.13549,citation
63ad116fd0e352ff53ee9f2ea2e07af2a668a1f5,arXiv:2306.13549,citation
71f354e7b7871d8d2f3cdf5284432c0d44dc143a,arXiv:2306.13549,citation
770e3076c798d632e22a93a65f81e486688be601,arXiv:2306.13549,citation
a6c8ed0c113efdeb9b62589d44f270fa78ced1fa,arXiv:2306.13549,citation
3438663b76c20f821f6068cf5db5f1c38451660a,arXiv:2306.13549,citation
31e1c0bbd9ecfd07cec81369b92179e2295f240c,arXiv:2306.13549,citation
1db7cf358733daf28c86712fa4351db840bfe82e,arXiv:2306.13549,citation
bc52f28804a5a11808b3af7d94a79d0bed85e393,arXiv:2306.13549,citation
06b0399f2241dc680c0af9dcba6f3274fa14f6fd,arXiv:2306.13549,citation
69ec41a25a4ead52bab62ea220103fdde06f7126,arXiv:2306.13549,citation
9b1d3edda4d9dcc218f1b3492702bb3a9e64afd2,arXiv:2306.13549,citation
82a82bbb75b08c3de78f7cebd52e1c3c38d515b2,arXiv:2306.13549,citation
1d76800e95ed9538be09c4c5eb7e94175fa36e5f,arXiv:2306.13549,citation
f0a4ad86cac9adcde622da19810365e9fe9082f0,arXiv:2306.13549,citation
927af99204bda335bc7e4c01e3059830bf862450,arXiv:2306.13549,citation
a1959c96206a3248863bdb23c532f9c10601e567,arXiv:2306.13549,citation
614c7643943b354034f2ebe107f7cb848cdba325,arXiv:2306.13549,citation
0af0b5c9d13cec89db528896ac6c2caf6766c4a4,arXiv:2306.13549,citation
c2a0f573b10c396627610ef7aa682d830840bc01,arXiv:2306.13549,citation
5e4579a774917673e40c982e384acd1db92b6f03,arXiv:2306.13549,citation
0a9e7f2d03003cdcf0ddd1715f75716b149c7767,arXiv:2306.13549,citation
d562f7ec6de86a6dee2d058595c9047efc846fb0,arXiv:2306.13549,citation
a5558a4a7d24d6083a26fe287fa2e2d2337114f0,arXiv:2306.13549,citation
5ce333bd200ba2067a24019f878423a8bf3b16a6,arXiv:2306.13549,citation
1098bd3e0317c7b3d63e95c25668f44258c5c606,arXiv:2306.13549,citation
d909236c39c09c6136de0e6a4c83aff168cac94e,arXiv:2306.13549,citation
ba849b0840a82ea4f7061f3c8d7cbab60eb355e6,arXiv:2306.13549,citation
80f7e0d4a7e4c3ec8577c48b7ba7ae5a7fdedfb7,arXiv:2306.13549,citation
b497c67dd697db90127e5743eacb5734f165b310,arXiv:2306.13549,citation
5c308e16788bb80d9a6292c05448d319928f0be5,arXiv:2306.13549,citation
2db74ac168fde14deee585f7fd21b05846711677,arXiv:2306.13549,citation
15827d3552d7060a16a4cb6a5060650282d21983,arXiv:2306.13549,citation
eb8d97378c2aa78dc2ade95b6558dd8a388efb12,arXiv:2306.13549,citation
7ad9ab611664573179aff022be375d7fd14f9edd,arXiv:2306.13549,citation
766fceda6aae59d0200c0fe75aeb6887aa71efa8,arXiv:2306.13549,citation
38e8d73aad0bd225879ded07bd42111f2e42db4a,arXiv:2306.13549,citation
0c561f33ae15decbbe699b05e02e1299b8dea58b,arXiv:2306.13549,citation
1b93df6c546abf7cc668bfa09e2af666ec6f1e9e,arXiv:2306.13549,citation
57b5f7d388ea4d7553c6d2cf63606a4d4f7d029e,arXiv:2306.13549,citation
9f6d1f29f14d1ce01a83e345f1dbb8e1fe98a5be,arXiv:2306.13549,citation
d7c5e7f65d6fd7cc7593cbd0c413f991825c9d2d,arXiv:2306.13549,citation
4d286a5837d426e1def2576b88b5233351b9a94e,arXiv:2306.13549,citation
00e5a1db842eed1ed7d5804d5a5eab0c552fafad,arXiv:2306.13549,citation
f26d97217fb6f83f5ac174dcd0ed9e302d7d8ebd,arXiv:2306.13549,citation
289d46628d721374535e8e4b45abd7408249cda7,arXiv:2306.13549,citation
5f0015c3ada5cf631d55b5979cb55f9b4b86b8a2,arXiv:2306.13549,citation
fc6b3ce994c60f1b85738c28ef5bee4ef2ce3b3d,arXiv:2306.13549,citation
5c0da59174f71465ca5cbf2de72308dce0bb4068,arXiv:2306.13549,citation
2b198c0aaebb6389d9b9135ace84fb887a37510a,arXiv:2306.13549,citation
ad61e4d2d5b836ce7b3276e2dfeadf187a06c15c,arXiv:2306.13549,citation
641814cd730e12e76709d27393f93b63caa13cec,arXiv:2306.13549,citation
8bcc3f4e44e8b2deca7fe9c884a5fd6ef02a46ca,arXiv:2306.13549,citation
a88a1d6bbae42ca19a8cd57409cbf6a7f5983e23,arXiv:2306.13549,citation
bde174c7fa13c4fc50355bf29547137d293ab23c,arXiv:2306.13549,citation
f61abfeee5573ef49e0fe4c3065be529d0be80f4,arXiv:2306.13549,citation
8f414f6cdaa22de50d2bee1d9101cb5b63c2981f,arXiv:2306.13549,citation
f02349ef703c581cebfc362a7eaf885646c6f07d,arXiv:2306.13549,citation
f3634577b9f0ed905f4b79e74b30bf461cd970b4,arXiv:2306.13549,citation
db85000d8e0d11460103914670d90452f65f5a04,arXiv:2306.13549,citation
9414015e3448a35488796c9f8e9a78da44618c89,arXiv:2306.13549,citation
fa8af4ba8b7f1a38e13ceba5196c8f4011a5d76e,arXiv:2306.13549,citation
9288f4aedb261f7eb054fc6c13e4e07326b9585d,arXiv:2306.13549,citation
e9741686f4ebede5980baec3c92951f5c35cde31,arXiv:2306.13549,citation
d4f00a848a20fafed7973ff0f7ba65927a6fc63a,arXiv:2306.13549,citation
a576fb2dc512920f9c52caff3a640b2be99a37d0,arXiv:2306.13549,citation
1344778faef2e23f5bea6086a7ceca5310e6e462,arXiv:2306.13549,citation
ebf086a0733e60f8f377bbcce0503a35725fafa2,arXiv:2306.13549,citation
9e408d8ad5af44c358de4e65be735da9381dc994,arXiv:2306.13549,citation
c89257cd21e6c6d70ca1171f8fcedf65796bac3f,arXiv:2306.13549,citation
2d56e3ec638f4c1495677e271a1d52dccaff03b7,arXiv:2306.13549,citation
5ee0165c6b3f77b7ef2a987de60e9cb43f164475,arXiv:2306.13549,citation
3c5fac518a0d00f4fa5b2ca134a643fe26a719ed,arXiv:2306.13549,citation
5318666c359d0aeabc22d0f6d3006d3e0989d48e,arXiv:2306.13549,citation
3e344fcdafb923a7922d4c018f7d67b2949adcd8,arXiv:2306.13549,citation
e1cce10d9d1ee9aa93baab43940906704ca494dc,arXiv:2306.13549,citation
915147811cbfcfdb1c9b8a6da388f2378ab8fce9,arXiv:2306.13549,citation
869b95152b30e9bf01a884d4fd40b23311a5c5ec,arXiv:2306.13549,citation
6b8fa8e08c97585452143825d0afce0b84d79e97,arXiv:2306.13549,citation
9d3042ca37e41b28a180b30380517eba95e312c1,arXiv:2306.13549,citation
08adcd787a71682b7b805bd066ddf3355d5cfc50,arXiv:2306.13549,citation
f56928470abbe177dd6f7527523b54962fd465ed,arXiv:2306.13549,citation
6aeba264a1c8b6ecbd2410086e38a5ad89480235,arXiv:2306.13549,citation
26e14ae20eb349c2b53d7a32b40be11a3f18a2bf,arXiv:2306.13549,citation
5cac3710b380f7c09db6d17df652a9f4e88ad127,arXiv:2306.13549,citation
d32c157160355783bf5df9689d37ed057ecf501a,arXiv:2306.13549,citation
84105ba73e7268282915aa38a810099a87b23b6a,arXiv:2306.13549,citation
3196c36783a012e674617240e679b05a659f7884,arXiv:2306.13549,citation
1f31434605e5db7f8033149ab0b713fc6829d67d,arXiv:2306.13549,citation
d892b1335ad37c4773f98e8282b73d1460a9f2bf,arXiv:2306.13549,citation
7fa2d1632262f30921aa0415f1b4c0f15f50e865,arXiv:2306.13549,citation
26e3796caa2e1a46912581d58f05bed0e0efc094,arXiv:2306.13549,citation
300afe802a94559b8bce60f09cb980915d8ea9b7,arXiv:2306.13549,citation
b3dd1c524f494ebc4a4aee4aab6f7f83b7a24d3d,arXiv:2306.13549,citation
28d16b71e154cb59f394b4c6fe2fbd823a2192eb,arXiv:2306.13549,citation
cca431c69807196211c657a35697644743944b12,arXiv:2306.13549,citation
e83182f9edc47fc4856cecb888cde56a92511a31,arXiv:2306.13549,citation
23ce4db1562626386f5ff5c9394305a5ef36152e,arXiv:2306.13549,citation
175cafff53721f65013ca00f15a7b625d31c705d,arXiv:2306.13549,citation
00145c2e21427fea04611cb7c33dd41ac4aa362b,arXiv:2306.13549,citation
1af5f0aa6ccfb4a5020630f48e9c35f27d6bd2e6,arXiv:2306.13549,citation
d81958c3b5105a3ff747183a6ca0d012fdfc98c1,arXiv:2306.13549,citation
e0cdc062ad50f3c58d68056744b92e6311e89e29,arXiv:2306.13549,citation
a74ed54e0478c244b4cbbd47f475f449cce2501c,arXiv:2306.13549,citation
d132855d4f8fb936be684ef64885d97849b179b3,arXiv:2306.13549,citation
4b523cb7e0172907eb5acd87db8b09e2f7e75d98,arXiv:2306.13549,citation
49e65c03a4f24deaf195b3765e83833412e91edb,arXiv:2306.13549,citation
768dc5741107ab6563f7bebde8c143bb52d84bf0,arXiv:2306.13549,citation
bc6e3cb5bb605ae735359210f3e454d132fd6d72,arXiv:2306.13549,citation
b4ab16793520c9ab8db307677a4b9ae77220bf65,arXiv:2306.13549,citation
7e8f5fd16bb4a728941d7730d225608db0133f4f,arXiv:2306.13549,citation
3b6496f92aacaf7da1ac312557b1c289b3bef543,arXiv:2306.13549,citation
3e02a636b8089b66996011ae46ef8acc30fc5242,arXiv:2306.13549,citation
5c6805afcb85167758716152a54cc7bb110fc78e,arXiv:2306.13549,citation
36e2a5c589d7ebe15f736968102f49532cc1526a,arXiv:2306.13549,citation
90dec62fd3f66d453aba44ec5e1258e88cffcc4d,arXiv:2306.13549,citation
5b96262493553d8e6bf86c3eb2052324811a2a29,arXiv:2306.13549,citation
e921adabea7843e6f333643bdfda3c928a5c7c7d,arXiv:2306.13549,citation
39d19370ec1f628e0fbf48d56480779c7c0592f0,arXiv:2306.13549,citation
af75ceb2037b521d682bbac7d496405fc5a3dbef,arXiv:2306.13549,citation
675fb469b310551d0edcce4ddae7c62b41aa4100,arXiv:2306.13549,citation
de977d2761a2147e020496cae71f27230a0024f1,arXiv:2306.13549,citation
0619cd71e01fffb83bdaa96a298a2f95db4c0cf1,arXiv:2306.13549,citation
cde590385df184651ac0c5d209053b50a5616773,arXiv:2306.13549,citation
0e9363b8bc9715acdb9fabed53c68290c3d9c745,arXiv:2306.13549,citation
55a69beb1a754a0a7cbab1c5723a0841408725d9,arXiv:2306.13549,citation
324e6cdf975a8a63c23ca10e2504b603cdc7e3a3,arXiv:2306.13549,citation
ea928e4c1b390a9454f9bd418c44193054e7f431,arXiv:2306.13549,citation
96fe0e28e59c36a006ed56d957632f227096f0ee,arXiv:2306.13549,citation
52bfd1205745b0339799bc5b42f7171b9e1e79a6,arXiv:2306.13549,citation
3c5f64490915911f728e5198be0678798322c3c5,arXiv:2306.13549,citation
9c17c267761605dc65efa5cbcff4f2f239cd9e5f,arXiv:2306.13549,citation
5d22ed04ea8a1b2fb5a9e45d1c154e0837efe1b5,arXiv:2306.13549,citation
78381e1d6f0629f461bf9234b74c2bb838e49f5f,arXiv:2306.13549,citation
9e15efa3c0e39c07f03f5dfcd4ff68756093dcb0,arXiv:2306.13549,citation
e19a794f7891d998f662280e51e384e15f884177,arXiv:2306.13549,citation
52e8046e43be385aeebeb28b95d5a6a68f4e9446,arXiv:2306.13549,citation
afb535d9eb1349ac0553178a7098bc4b04f546c6,arXiv:2306.13549,citation
666f9f90c297ea7acb471e43b8f754b9d46b6f79,arXiv:2306.13549,citation
c680e5d34b713f8b63ad68149973d5b2b485dd07,arXiv:2306.13549,citation
bab11fffba53a0f8cbac4f403e10e4907c709e8d,arXiv:2306.13549,citation
24b122ca92828cfd5a4b72494ed60096d7e62759,arXiv:2306.13549,citation
16f4bb71b8a7c7b8ef11a8d64be04d99d2c0f6e1,arXiv:2306.13549,citation
f6739a46ed34989abc0b8fd7253ebda3cf54960d,arXiv:2306.13549,citation
1629798eb063ae305cb4bc9a148f78f1ea6207e0,arXiv:2306.13549,citation
c4a0b02ffa5a4ef64fbd0f51bb6d8e25484e6fc8,arXiv:2306.13549,citation
e5b64ea83f0bc7b14a7c676ebdc0b5c816e689a0,arXiv:2306.13549,citation
43079bd5148792813567ac1c9e2190df7ac5aa3c,arXiv:2306.13549,citation
e7bd20437e48cb2613d00a300af7555ed1c1face,arXiv:2306.13549,citation
043f80aadcafb06ce393ad7f8621f0b79753f55f,arXiv:2306.13549,citation
8c1a75404921f98898c5b374661275fbbdd7e698,arXiv:2306.13549,citation
ffeedd5d12e19556303742dab12a306626d2a0f1,arXiv:2306.13549,citation
ea9c2bf883bee6aa117a5fd85117ba0bb36bf687,arXiv:2306.13549,citation
6394296dd9ac7265b9854d929a6b6f5515b7acb0,arXiv:2306.13549,citation
55791d92a0eb9de2ec97a91b7f0d662b42b8e2b4,arXiv:2306.13549,citation
5cdb81f9742ae64370681356c1fa5fa0d8a974f6,arXiv:2306.13549,citation
dcc960a09be6c14e7632c1b170a779231ead9a5c,arXiv:2306.13549,citation
b4b12b16bb6a8e237dee14e054d91426333f0040,arXiv:2306.13549,citation
cb9b22a139902e5c98042dca807939877850f018,arXiv:2306.13549,citation
41682cb4afa214075138d400353ef32f132bca30,arXiv:2306.13549,citation
8ab0db9c193491491ed44f5bf217f62023c0e61a,arXiv:2306.13549,citation
032434d96aaf38b58e4c59130beee764116e0305,arXiv:2306.13549,citation
9b689793009bd46f01116a1ef1c73363af8a25e6,arXiv:2306.13549,citation
48b23225d036b8aa306dfcfa9c35cfc4195e4bd1,arXiv:2306.13549,citation
ca47e76a16ec212674c6c57db37735b680a853e8,arXiv:2306.13549,citation
b882268f21b957204479e1139abdd90dc083f3a4,arXiv:2306.13549,citation
632ee6dde052ff14165e2c9511b43c9a2b7e6d97,arXiv:2306.13549,citation
fbdae74a028cab22302589195f7eb620f3a59f87,arXiv:2306.13549,citation
b371d90d4b0bbdde8f322c360dafc243cc1a47e4,arXiv:2306.13549,citation
457fd5a37121a8d537025ace4184936dfc987575,arXiv:2306.13549,citation
46619b4299899079df2cb86d4c21519897dc08c3,arXiv:2306.13549,citation
894adb15e7f1dfa9e081c98434d10825205837b6,arXiv:2306.13549,citation
3832477463ddcdb315859ff3f0bf5782e6855061,arXiv:2306.13549,citation
a311dc09252ee59579b9b15a6e4512b0a6e9ac38,arXiv:2306.13549,citation
5670896a5644b2ba38c5e0da3d4ba77d3dbb0ca6,arXiv:2306.13549,citation
a6a7193975a745d092d01888f15225fba2b0bb9b,arXiv:2306.13549,citation
3e713ad1f09d90eb4a3b04c4a38d1153797629a3,arXiv:2306.13549,citation
605f5a9b7603b3c1b6975ead63ec1ff28b68a4ba,arXiv:2306.13549,citation
8c384adc81b5cd7a5bbc497b9305f8493b939bf2,arXiv:2306.13549,citation
7ffd186b8218847a0896938cdaf33c99c198f21d,arXiv:2306.13549,citation
c8f62fc5985ecf5780a9f0e094632627e1b71b6d,arXiv:2306.13549,citation
c1814f8d52c8b25f062115bdb92735d8ca93b7b9,arXiv:2306.13549,citation
2dc24676e0f1c14eeb3b8efdca6287ae1480b25e,arXiv:2306.13549,citation
756f77a10ccc66c726faa707c3f362a57764752a,arXiv:2306.13549,citation
518ecc43f230938e62b1f237ce9a0ef0d1f6d449,arXiv:2306.13549,citation
2635c1aeee582dacb865f00d1289b443c3d96d02,arXiv:2306.13549,citation
4f4aa56463c9f233df8d64ee8b239e46f3320ab2,arXiv:2306.13549,citation
8af87ae27a4793248c4751e10e529f6d9d848ab2,arXiv:2306.13549,citation
c4d3c2516d24bd1c0eff93ea047147f3afd586ca,arXiv:2306.13549,citation
aac9a66d9840c092a0b7c6b198431ce8411a9b24,arXiv:2306.13549,citation
b877847e1f27bbd31d2091fdf2d3341ff842a0fa,arXiv:2306.13549,citation
61477e9b5fd73208db3edc45e8bbc343a5dcc8bc,arXiv:2306.13549,citation
580644af1c3a6a465504bf6de4fe2a60671b741f,arXiv:2306.13549,citation
4d77e3192d1246d6247dc62d418a5d17b95a1f73,arXiv:2306.13549,citation
70886685fc76e5f25d41792eb60d9b984e7e316e,arXiv:2306.13549,citation
4f4f4014979fe35d28444509ad96e8af1effa85d,arXiv:2306.13549,citation
c0dcbc22ddae9010aee03c939cd305947bf77d6d,arXiv:2306.13549,citation
2e0e334cccd02f999c2a07b1c3e2b56eba173a92,arXiv:2306.13549,citation
0088073a2b2d0b71a3a6e095b6f7dc274ebe7274,arXiv:2306.13549,citation
a440c167adaa40648773d8cfde90e6d9d93a0ed7,arXiv:2306.13549,citation
b17bb64e5824bbe46257477bcbfdb11bcecf13c2,arXiv:2306.13549,citation
7f797106e8b3d8d9300aaed917bd0686a1fc8caa,arXiv:2306.13549,citation
b811db3393c6bc782dfc825224fe921ab1641ff6,arXiv:2306.13549,citation
82688a471b71fd05645228695208b2a6fd5a47d7,arXiv:2306.13549,citation
d90b45ad12e49e3fb9d4b9a4ddef323436c9c9ad,arXiv:2306.13549,citation
9ed316c0e8e6e6901ada47d6bb8fe47a016e8c80,arXiv:2306.13549,citation
0666d75663dd7a790596a41799c1cb42b86d4d97,arXiv:2306.13549,citation
13377dcc40420c50f9a7bb211a86835bc10fe36f,arXiv:2306.13549,citation
f3a4314870ad7e7cbc050056bd87f04daa4d4fa8,arXiv:2306.13549,citation
6ba00057a3d1e117326038dad65c34926e48c2e1,arXiv:2306.13549,citation
e2b1ba7e73ca4ce0abef8c87f2c266e502b3b7b4,arXiv:2306.13549,citation
2221c16dd781b1c35339c1bddd9d436fcf985192,arXiv:2306.13549,citation
fb5daae094e79c1de6787b5a6372d900692806e8,arXiv:2306.13549,citation
fd2f3b044fab511b3c9f97c5c8d45eaf4ba38d76,arXiv:2306.13549,citation
132f4b25b7e5a8494a9f71e36123905eef6be106,arXiv:2306.13549,citation
c5c5f030c608c053e7f2d174cefdff0855aba37f,arXiv:2306.13549,citation
50cc8b978b7c4eb96a05fc39306879b883eee82d,arXiv:2306.13549,citation
21d80e1b22d916564f1df4d344827b33453bb065,arXiv:2306.13549,citation
77ecb108db46c7d82c1f5a90dca2714f0898fa0a,arXiv:2306.13549,citation
7b3c315aba65d9c627e55016cbee8684f0f3c1ee,arXiv:2306.13549,citation
c3a2da55a82bdf55ffb5ad1117f10cc0462e2c81,arXiv:2306.13549,citation
01e2ff18cddbac1ebb0964b57dbb913b02eeca6d,arXiv:2306.13549,citation
1dc382f81ea304b185f54bb723e707911e9d5857,arXiv:2306.13549,citation
bfbd0718dacf3eb6aa1a21ac491579904db99cc4,arXiv:2306.13549,citation
01588f8fd5e56bfb2af58baa2ba637ebc2ff2a4b,arXiv:2306.13549,citation
881ebd6d94065e5157f2290009b147b87eaf4ec9,arXiv:2306.13549,citation
7707c1b321d04101c29b874c968a3cba87a58780,arXiv:2306.13549,citation
572f6521092bdba580aecde2604488c28aca21c4,arXiv:2306.13549,citation
ee2ad6649b8c1df092fa93965ba4c7daa497c2c0,arXiv:2306.13549,citation
e459c2bd01c178384f0ed19613bacb22fcee37ae,arXiv:2306.13549,citation
3c83033c15e889302d0d21597e518a2f5c723291,arXiv:2306.13549,citation
379b131f158ae80bbd4f34160510af81b8added7,arXiv:2306.13549,citation
4254e3c73eeb8d0b9c62408120a2239c0e65576b,arXiv:2306.13549,citation
9a2c37ab4e38652f0d50dc9818e06d35e646e2b0,arXiv:2306.13549,citation
ed5c0f1e4e4038391515caaf24589ee564edb666,arXiv:2306.13549,citation
04daf8046d036a5d92c52c0fa890f763ee38662e,arXiv:2306.13549,citation
9dc337bd18bc0201839942931b12aff8ec1c93f5,arXiv:2306.13549,citation
90badea43def60f0b5ed161db7958097c58abfb4,arXiv:2306.13549,citation
cefee18a6e90e747b94dc25e71993cd0bcdbecbe,arXiv:2306.13549,citation
4b6cde355bc884e8fc6d0690b302ad463a0b82f4,arXiv:2306.13549,citation
b684d388fc297f7b36099b0e5feb30ccaeac8351,arXiv:2306.13549,citation
6ac9e9c8bdd4eebe3cf6adf7187b9ffb16ff5b64,arXiv:2306.13549,citation
7c229fb02f204925e5274601a7c4356d49b12c92,arXiv:2306.13549,citation
8f39cd8820523fdd3323a42adc019f761dc8ca0b,arXiv:2306.13549,citation
daf4b69900279556c5d37495f8f3e853e0b9e909,arXiv:2306.13549,citation
62a82afa1b2adadb68b4667ede9faab0613a6cd9,arXiv:2306.13549,citation
a525a70bf9f96964fe14480b7b2e787056fb0bb5,arXiv:2306.13549,citation
6286fe7fb4f8e39100f268fed33aa755f66a95e8,arXiv:2306.13549,citation
ea9e065bcbac0c5d3241d444c80fa60994fee2f7,arXiv:2306.13549,citation
a8a9d66263651e70f98e3fd411aff9abc2be1ec3,arXiv:2306.13549,citation
4b6793d43e7527b152ce0700204a8f3f3dee7928,arXiv:2306.13549,citation
1a71f7b216b710b936da666027014adb83af8e7a,arXiv:2306.13549,citation
eaf2490c1fcc012971e9793a17a1161b6b13cf87,arXiv:2306.13549,citation
36988ec89d93e193dae85aa176593c0224bf2b02,arXiv:2306.13549,citation
8a9dc173a27c7522965a72411ef951d1ae2d38d6,arXiv:2306.13549,citation
5ea16dfb5a44a97a8e93177e7e588cc7fb9e5996,arXiv:2306.13549,citation
d4911cb6f75a563cac052de8fcf5ea05c32b3b84,arXiv:2306.13549,citation
4e9f4cdd0b871eb8d1931727b2e68cf3148b3790,arXiv:2306.13549,citation
5a3dd8d7ed33410b57c1fec9b79cbcd5ac9e62b8,arXiv:2306.13549,citation
46aa99ae2fcbe2437f7469d9d45d05450e219080,arXiv:2306.13549,citation
9ee3d6b6ad2ecdf479ecb8767a32bb43a9ab21c7,arXiv:2306.13549,citation
e55d53a71952e02ed9446e4e0637407f0d10ccaa,arXiv:2306.13549,citation
648cd4b22c3fcae2ea3f8db2e09a4f7e362dc4f7,arXiv:2306.13549,citation
37c22a7bc7a955966e0a7cbaa5decc38b4dc0a2c,arXiv:2306.13549,citation
d64296d9a1f63560c0aaef12e6f16f3448645eef,arXiv:2306.13549,citation
a98b6c84f5fc9fc58fdde2b9a4894da776df8d46,arXiv:2306.13549,citation
2b37d71a5d80d81566f925beb82fda3a3ca514ed,arXiv:2306.13549,citation
aa53480cf7d0c846204434edb563fbbcf644ebdf,arXiv:2306.13549,citation
d927c1fb26bba990f352e6f2721a8b2b750ce5c7,arXiv:2306.13549,citation
8ed877dabedf0d8d35e4e505147fb5c08ba05b58,arXiv:2306.13549,citation
bd6c3f2fe1d0ae1bf9a842e923a052cddef586f9,arXiv:2306.13549,citation
cd5d736218589e0d9a8db4808f31eddcc038a3cb,arXiv:2306.13549,citation
2bb3473b4dee613d2ed2c6819f13a8a5fd40981d,arXiv:2306.13549,citation
4aef306c45f7d07f3077cc5df2a930c158e12b52,arXiv:2306.13549,citation
ea777bc6ce9b1f45d934949e18814dda1e9f3340,arXiv:2306.13549,citation
721faf1a9732f442a3408b18e1c19f37c308cdc1,arXiv:2306.13549,citation
3bb361ab1af6b407129c2b15bf65687ae1ab91c4,arXiv:2306.13549,citation
a92fc61717058a929825eb35073cfe60b8aabc77,arXiv:2306.13549,citation
507c4ae9196d68e18ec448c80403801581d63447,arXiv:2306.13549,citation
0f95e8492271136ab44aed60d63b40bc8ef2dd98,arXiv:2306.13549,citation
fa1d2018cf7ffef23d3096b00d598796afa0cb77,arXiv:2306.13549,citation
87871214c4917d7bd1f7e8baf1546553f68cc6a7,arXiv:2306.13549,citation
adf921d81430a8edba97b72cf2a8347139534731,arXiv:2306.13549,citation
b4000075c9349269cd4a0c39eca5ea857fb03084,arXiv:2306.13549,citation
7c4fdcfafe66873cbea4f464d828625e5edbad25,arXiv:2306.13549,citation
bc867bc9d13196b54810df66d87f3eb0e2d2eadb,arXiv:2306.13549,citation
17c83ba6474fd3f46248cf80d8e80e54f75ba892,arXiv:2306.13549,citation
12a403535b772a216bb3f08a64f1ed0162503110,arXiv:2306.13549,citation
47cd184a0243d8dccf6c046897cec1eb7e3e4feb,arXiv:2306.13549,citation
187d472b9131289480adbddda5c66750bf98bdcb,arXiv:2306.13549,citation
e1846fcdc2f36540beb34b72cc6a97f0f1a8ceac,arXiv:2306.13549,citation
f5f2effa706273be0095ef92ccb56ea328dccee7,arXiv:2306.13549,citation
ba01ab9afa7ef6fe488f19b428d099891c8ccce1,arXiv:2306.13549,citation
89d645388eae0bc47f1414cf98ab93e8a004683c,arXiv:2306.13549,citation
437a119c66698798d57cbe6e4d8f570894f10402,arXiv:2306.13549,citation
ea891d2c15a185a503fa15a36ee80f981148d221,arXiv:2306.13549,citation
8f1b0d70c16a046c057d8d2de49c12e9be0f7d03,arXiv:2306.13549,citation
104f6f28fc10465247a263cdf07f9df5fdf1e1e9,arXiv:2306.13549,citation
aab02122501817286a02d85ff06d2081da8a937c,arXiv:2306.13549,citation
2e85e14f3efe50154d5b9a69c10c3653c4058c58,arXiv:2306.13549,citation
3824143136d9c2be2536a56063143b0be18a75c4,arXiv:2306.13549,citation
e7a1392aaa8f91e0c941030dd40097fbaac525f5,arXiv:2306.13549,citation
4f5bafc02249fc3f9adec9dcb0ee8ffcc5f200fb,arXiv:2306.13549,citation
a0dd514e1f6a8839c636005114d57efad41889d0,arXiv:2306.13549,citation
7e9157b84155d75d1300e373375daef12d838f28,arXiv:2306.13549,citation
79c1fc3cf3389e72af51a1c8eab8837b5e6e5066,arXiv:2306.13549,citation
f34f8ae257f7929dc680ab83d1568eec5dbd2eb4,arXiv:2306.13549,citation
c6023b7b7c4b540fb5c79fe2b9f7475f2482c480,arXiv:2306.13549,citation
db7e70aa70e9716cc740114ba7bd64bf87d40aa9,arXiv:2306.13549,citation
42383c5ef294cfe5cd3ac9463ac20c49c1f35074,arXiv:2306.13549,citation
be331430d8c2ed63e0e31375524f6d2118746b82,arXiv:2306.13549,citation
4f62012ecf95a972ea023ff16f45196031a90c6e,arXiv:2306.13549,citation
e1eb6f34f550e9853c5bfc420f50aed614dc17cc,arXiv:2306.13549,citation
22552dd0e7789f175a302055f06444a12e22b652,arXiv:2306.13549,citation
438b128445a3e592f2ce7a8b121387044b07fc3c,arXiv:2306.13549,citation
821796e724c06772da9a66c9d13d75d749c850fe,arXiv:2306.13549,citation
31710aec2104caeec51e15c2af9669aa38da97aa,arXiv:2306.13549,citation
7a186ce60f03dc0819ae482d3eb827f1c550fa07,arXiv:2306.13549,citation
80ad06205d9f301e3f60218eca315336329950f7,arXiv:2306.13549,citation
5550f840c48dbf0effcff01915a9f088e2ff5a07,arXiv:2306.13549,citation
991177a764b5a1d01d4466867238cb97104729fc,arXiv:2306.13549,citation
b8a0f5b718c2dce94c134b0cdc721d75183a6e01,arXiv:2306.13549,citation
497fff9da5b965c90cbf0d3e648a3b39eb0380ee,arXiv:2306.13549,citation
7bd89c7bd9ceb4120722339e3f3b689bbaa11158,arXiv:2306.13549,citation
7f6f34090d17d0523b91c0d3cd34fe9f66ebb189,arXiv:2306.13549,citation
8926f13017cb025360839941ece1305eb247ed12,arXiv:2306.13549,citation
68a65925ac6d270ca27a4fe99e58cf2ed0795821,arXiv:2306.13549,citation
ece2bbef0b07a5cf8cff0a1a3b902b8a5d46310f,arXiv:2306.13549,citation
0abc653fe34ce293b6a2db3bd59341e6fd1b3dc6,arXiv:2306.13549,citation
a1f7e1568d76b552522c742fbfb6360f7c51c60f,arXiv:2306.13549,citation
e06bfe725a3763500358d8f2c2f014810ea740ab,arXiv:2306.13549,citation
e490b9e1a529098b4e68228f7a703c924df7d3cb,arXiv:2306.13549,citation
46ffdb8058906d481117a5f17f42475a435e9dae,arXiv:2306.13549,citation
04c13dac7ff84f7345c7bf95262a30df429c9c55,arXiv:2306.13549,citation
247f5200ea68e8ee862dc8056268ed59882e1142,arXiv:2306.13549,citation
d2a1de78a1ff69ff9d07e4634aa3a765e2d6eeda,arXiv:2306.13549,citation
b9c7c36d07828403234e8483ba36fdc9814f2c00,arXiv:2306.13549,citation
afe6b5ba9ea1f1a45d3873ac27251ed65f20e0f1,arXiv:2306.13549,citation
ba4c5a116d07b37dea1046b6d16a60cb2d01cd47,arXiv:2306.13549,citation
c15fc0ff90a3bab9676227da860ea3fd7d9b9b8d,arXiv:2306.13549,citation
9259b476c31ba52b7e9ed059e5fbce2125092738,arXiv:2306.13549,citation
b6ab16c8eade03a39830493071d99fc48a736fac,arXiv:2306.13549,citation
46d4c1a137c6c8cfb0548da09d5fcacf2da55aa2,arXiv:2306.13549,citation
122d9b58ba4892be2fd9ffc3638df95f99062e56,arXiv:2306.13549,citation
084e4d013c43ca4686f0dac75b3495c6624545c8,arXiv:2306.13549,citation
05f999abc2c60fdc8d043376aa2924177d4412c0,arXiv:2306.13549,citation
446896c77066bf0037daf03da39102d8f765a33a,arXiv:2306.13549,citation
7342258d37dabfce1754ae2baa97c151ab7c45df,arXiv:2306.13549,citation
d7ffcd4c5225ee752c5af9375e426fb6b5c7f88c,arXiv:2306.13549,citation
ee5e53987c35fdfbd09e7564634c673871e5cab6,arXiv:2306.13549,citation
a58112381efffe6f1b43f8b663a5d30a2ff27eef,arXiv:2306.13549,citation
83861a03fed92bb9480042828d5dfc2753fee4de,arXiv:2306.13549,citation
c0ef72d02b93065e77c506e23ce9acbbcd945893,arXiv:2306.13549,citation
62690d78c1b9609036f7a456cc36b19c5dba6eb6,arXiv:2306.13549,citation
861278d9515329242c83293980a6d049295a7610,arXiv:2306.13549,citation
754d5164e196ff231786d10a48594f3f27d8721f,arXiv:2306.13549,citation
2c030ad4be327dc3447e23ad68c303714c55cf14,arXiv:2306.13549,citation
7bcdf3417c77bd305096d0e6dd151f722fb9dfe6,arXiv:2306.13549,citation
a0e7f328781eda3e3dc919c77bd1eedb99b99612,arXiv:2306.13549,citation
4402330e00ded11f2472f7a70cebed022c8c4d49,arXiv:2306.13549,citation
75d61f9286e298f13ff7913e4f839b839f61cb02,arXiv:2306.13549,citation
e3090518cc30a95b3eb42bcfafb8c381ae238f7e,arXiv:2306.13549,citation
0d8ba6b312e4391bd3a4c0fd9df04d3bb4fa8e9c,arXiv:2306.13549,citation
1ab303435946a859620ca334556ca3b0e53464fc,arXiv:2306.13549,citation
c7d35995a9a4d49011cf47f130535e1391ebeebc,arXiv:2306.13549,citation
550676250271276becf5a400f072241daf734f4f,arXiv:2306.13549,citation
265136f7a5438e252e59d8d807042b625e29111f,arXiv:2306.13549,citation
dbf829c977c121c3704d070d7800d29fe5914756,arXiv:2306.13549,citation
2f459e99c76e2cb804af5327604ecbe2f27abb93,arXiv:2306.13549,citation
0d794d8d8204025b6459ce52a606a15648ac3931,arXiv:2306.13549,citation
5506409ad47e709ed1a1e4ab0319f4f931b7e379,arXiv:2306.13549,citation
69b53faee7ce5c007e4d3e3ea532818ed8d0645d,arXiv:2306.13549,citation
a8c422a624ad846ac4d2074a98645d9eb2f364a8,arXiv:2306.13549,citation
17d35eca16af52c23dcad566295b3604c4fae8d2,arXiv:2306.13549,citation
b00d1028291ae64e9d7485a34ec5f1b7b5a37909,arXiv:2306.13549,citation
27da47f159cd064d9be0e36d7d4b9fa6aa628401,arXiv:2306.13549,citation
9f12a20f62238f5206520e52e83e2ccd1da17f03,arXiv:2306.13549,citation
9a9314ecce6c32e6cac331a712f0b920a60a3566,arXiv:2306.13549,citation
eb38dcd79e2738daae3f3516d67e85969a2477fa,arXiv:2306.13549,citation
494cf86c8a4b8d9464f3888dcd69ec1371aaf43d,arXiv:2306.13549,citation
44f6cea2aa05620fef00d8dc9e566918dc6771c9,arXiv:2306.13549,citation
b6b6e59f3bfdda9d4a4dfe56c46b30706fd18cf3,arXiv:2306.13549,citation
2d83b615f989c8d1e9860a8a2d82628c95e40d22,arXiv:2306.13549,citation
4ee7a9a6c42281fc53030e12934a44b0cd99cfe9,arXiv:2306.13549,citation
fc4c380102d6f72657d1ab54dffd6be536bb01c7,arXiv:2306.13549,citation
0e0a513624426e017a125d0498235b8f32ce9aa5,arXiv:2306.13549,citation
1d500905ca70d40a85d10f60d44a018ec0d9349d,arXiv:2306.13549,citation
8e1c0a78a26a59cbe4ac82f13d9d01017a9bcb73,arXiv:2306.13549,citation
1e3a0f9415d91d5586ac261556c883b0ea2b979d,arXiv:2306.13549,citation
cd1d7f5c4ce2d31ce9ee72db165a8272624da7d3,arXiv:2306.13549,citation
8ab77a9eb414a6d1e9b7f81399483ff17d6ec877,arXiv:2306.13549,citation
478f71f1cd9bad0435560544a9dce7ca49d97766,arXiv:2306.13549,citation
9c20d8d5cfc60f5b9aa058ff2968563f2af33398,arXiv:2306.13549,citation
0d558136634156da3677d89d7ad9654342334c4d,arXiv:2306.13549,citation
fc7feeaddc5a38c0d6f0d793737584e5f0bb7519,arXiv:2306.13549,citation
d9802af343c51ec4eea89b9573e0a88904fedc31,arXiv:2306.13549,citation
0251bb95be75d472c8d5b873751615e7fe2feb1d,arXiv:2306.13549,citation
5f58863dd6474d6f127be995b5871e7c60f2792f,arXiv:2306.13549,citation
351a2d50b4aff8e9754dc7074dd589b10a7465d4,arXiv:2306.13549,citation
e4bbd1cfa8e53e529b5e8310838a2e455985137d,arXiv:2306.13549,citation
e36f79b2bfbf50cf6362cc563a6e5c261e3f0615,arXiv:2306.13549,citation
2e0a6382630f4947a4c519fb1ba6457ca76bbe2e,arXiv:2306.13549,citation
40ff43bdb52ce84422ad60620a12af0250675535,arXiv:2306.13549,citation
6dbb5a3f98625d7d090b37ae36dbf3e64d1f1d0e,arXiv:2306.13549,citation
d86cdf7bfc766b61a9515c71e4623fa321f57ecb,arXiv:2306.13549,citation
0930a5fcc9c719c00a4b3c9da276f8118cebbc6b,arXiv:2306.13549,citation
2b14d9e190022e388476ebb24eb1a84349ca0de4,arXiv:2306.13549,citation
e6468cc92f5093bd4a794f690795210b1999d1d1,arXiv:2306.13549,citation
d9403061e3a3392652d037138532fab111c845c1,arXiv:2306.13549,citation
cb01408aed1a7ee32d7556af2c6949ca7f5374ca,arXiv:2306.13549,citation
1894b5729cb837cf1d9e17158c9dd2a5541512ff,arXiv:2306.13549,citation
630c40e6573e8e19bf1bc733465d713e38f3315f,arXiv:2306.13549,citation
fc53f8f3a84f1fc4993689d8f98cf6551d07a22d,arXiv:2306.13549,citation
9e2bac2777eebe603a39f69221689493609d4149,arXiv:2306.13549,citation
2b3554a8fea6f123fc04bd3e120f2293f227e1b2,arXiv:2306.13549,citation
012e24f7c4dc92f26b41cacca501c0d4355b02fd,arXiv:2306.13549,citation
337f421a364a6fa8ca423afd627bee2426f69395,arXiv:2306.13549,citation
ee2c769943f9e46c3bbee117d1ecf14566b7bf1f,arXiv:2306.13549,citation
cf193b5b34178a444cb9bd9f51beb4124b753935,arXiv:2306.13549,citation
52941cadbd340344f3e0a6f50719fe55b3de5088,arXiv:2306.13549,citation
451539c0d0f5f5785ff58d09ca5e67a5f129f9de,arXiv:2306.13549,citation
a7f801222c4d053c1ac49fb91ce3a4f750e8343b,arXiv:2306.13549,citation
d3367dc9a7a1d7ae70a06eadc02b2430f4529f7c,arXiv:2306.13549,citation
4ae95f6dcdf5d4e2269869f23b205b358f2b7b17,arXiv:2306.13549,citation
07f9e1d3288b22cda2c980cfb969dcf410e5bd9e,arXiv:2306.13549,citation
bca0bbd01ea917b7a9fe369288ea3ba03d3b1ff3,arXiv:2306.13549,citation
59d716b442ab760a78f58de6748c0fa1d507bfc1,arXiv:2306.13549,citation
8d2709ed1788a67e64425fb410bb49f3ee49e088,arXiv:2306.13549,citation
0b3e7b5cbef627b1ceedceadc5f58787f432163b,arXiv:2306.13549,citation
88bddfb7d1e0462be8fe99fdbd71c658140cb17b,arXiv:2306.13549,citation
bf998a586c1e12a46c82ca872733366bc53de6f4,arXiv:2306.13549,citation
807f336176070bd3f95b82a16f125ee99b7d2c80,arXiv:2306.13549,citation
ba995762283bcc0f7b449d664389e3fd4753e6f5,arXiv:2306.13549,citation
0b395ed1c8b284e551172b728e83cf257e33729a,arXiv:2306.13549,citation
5b038c1a93967072cc76689fd805e756f804cc42,arXiv:2306.13549,citation
54f60adbec5af199907c07ed281ad893ccc00088,arXiv:2306.13549,citation
e8d513bc7554a83161f2fb26c8299b471581cdb6,arXiv:2306.13549,citation
b3d08827560e65c57675c54aa90d282d47ac5d49,arXiv:2306.13549,citation
582c2f270a6c0ce89679eebaa78797711fa20293,arXiv:2306.13549,citation
a492be0002bb01a7e9295c4eafd15b285654c554,arXiv:2306.13549,citation
28fbbf98bac1bb941162df553ca034d600cb59a6,arXiv:2306.13549,citation
062fab31d30478b57457c8b7a94d7467f5bd770c,arXiv:2306.13549,citation
d6354e91d8dcf73bff50097b76a81de874f7bd7a,arXiv:2306.13549,citation
16f01c1b3ddd0b2abd5ddfe4fdb3f74767607277,arXiv:2306.13549,citation
9fcdbfdf28245010c875ce85502351fe05c04b49,arXiv:2306.13549,citation
d25abd12a3453180900bd6194a6f30f6ed893f94,arXiv:2306.13549,citation
696d6b667926a559e63989d45eec53c3a15986be,arXiv:2306.13549,citation
a0916a473c96b558845b5ef31e984bfdc1e49861,arXiv:2306.13549,citation
9486179c5ab6e0cff0ef919c34080a882bb9fe9f,arXiv:2306.13549,citation
fec455cd5798dfcb70e741d76c88326d20d2536a,arXiv:2306.13549,citation
c1e450284e7d6cac1855330a1197df8537df653f,arXiv:2306.13549,citation
d9044f8c04a23064ab2e92c8720b4f860855afa4,arXiv:2306.13549,citation
9f4c17aebbb181756fab86ade02deadd90d5d4f9,arXiv:2306.13549,citation
a281094d05e96b7cca044fdd87ff7c3c65649e20,arXiv:2306.13549,citation
396305230ddcf915b19a19683a89e34d76321a33,arXiv:2306.13549,citation
b96646b41762ae08f6219bb3c59ce21eb76bf4bf,arXiv:2306.13549,citation
204fd6c5e247c477d607f507ee01d94a8dbd408f,arXiv:2306.13549,citation
6bcc6ab9c28805d4067e99b2cdc7524550fe80e1,arXiv:2306.13549,citation
ee0c9e8a935e047f2c030ecbfad93c2d80d642d7,arXiv:2306.13549,citation
1e7a2f9f9441462e92ee349f00414aff49617caa,arXiv:2306.13549,citation
5d4d8c3d724eb89a77a330e074e0e16172f3a85f,arXiv:2306.13549,citation
4a29554cec199e5bce74bbc07a52d14ef177626b,arXiv:2306.13549,citation
c399a78321c2b0900d903eead65c683e0e451ad5,arXiv:2306.13549,citation
3fecb6df989c51592cb1a1a737f259c5e3b0eab1,arXiv:2306.13549,citation
53adaabb301a91c606dfef8fdae97b8b7c031e7b,arXiv:2306.13549,citation
f041825c3ac6baa6fe274c5b89daa0635d1ee94d,arXiv:2306.13549,citation
d6c2523ab97416c2692cbbeab082ed1790e8e55e,arXiv:2306.13549,citation
64a1de81466c354ea7b7cde87aec41f994db34d4,arXiv:2306.13549,citation
74d245de70e9a9f11d6eaa72439004e5cc2fabaf,arXiv:2306.13549,citation
cb712ab2b3bbaef6bff02efa7295ea420b58f654,arXiv:2306.13549,citation
2bd1b8990db73b6495c11082bea2d5f925c5226f,arXiv:2306.13549,citation
6f9b7c8cde1be2e62a503c31cac883c6d44c9d0d,arXiv:2306.13549,citation
ca31b8584b6c022ef15ddfe994fe361e002b7729,arXiv:2306.13549,citation
9806cac2d36feda043dcdfe0f4de2608127da27c,arXiv:2306.13549,citation
82a9b8984e26fdf234431459bdb445fbcfc3cb76,arXiv:2306.13549,citation
cf744d77face5f22f6800411cc4060b07c0ef6ff,arXiv:2306.13549,citation
697e0add95e880bd42e00bef838181e105f91981,arXiv:2306.13549,citation
9e4a0d123bcdf52370dcb6947d0a7fbfca380864,arXiv:2306.13549,citation
9afa0c3227fd0ec3a76928784e59c4205cbace24,arXiv:2306.13549,citation
1fed19184785b2b50163b3d8ccb7bfaa0321d1aa,arXiv:2306.13549,citation
0744783bbefc12b2b1383bed137e8a80061274b7,arXiv:2306.13549,citation
84b6fecf016d74512869c698c66c83729abdf359,arXiv:2306.13549,citation
5414f5a11e3f101bfb70f367b701cadecfceb5ac,arXiv:2306.13549,citation
7084cb9a1edb09121ec022c205a5a398e96ed3b3,arXiv:2306.13549,citation
6696df5403e1f77380c00d595c144ee37a102ff9,arXiv:2306.13549,citation
d03da3d292fc46de021084ed88f6ceba056635b8,arXiv:2306.13549,citation
8bbea2a965fa1d66f17ac966fbd87ea38204fa15,arXiv:2306.13549,citation
71cdc4d3ecb738dcd531019ee6f81abf36e65698,arXiv:2306.13549,citation
e0a53841cc051331931c96b08efb005d95ba7f81,arXiv:2306.13549,citation
161f77a7c432c91cb7715d032be69878fe9b002c,arXiv:2306.13549,citation
9c826066719e64ddb0ae8822207648c184c80817,arXiv:2306.13549,citation
8c8527f7615d53cbc21b9c3536486540f1c75000,arXiv:2306.13549,citation
52cad7afe83f2e2368d89c9c446db2049e735a58,arXiv:2306.13549,citation
004ff041d40a7912b31dbe98bbed0c2755655a5f,arXiv:2306.13549,citation
c41ff6575a0eb5942212de2cfdb09396bcb3601e,arXiv:2306.13549,citation
16612f46bb702149fe8984084f7df627b9c79254,arXiv:2306.13549,citation
ddc4bfa468cf8cdd22477681ddd7bb83fb32cafb,arXiv:2306.13549,citation
08ff8980b5135bb6b8da9f0022001aad1d400d15,arXiv:2306.13549,citation
3775941c98b3d6bd32d130fd368c231b2e8af962,arXiv:2306.13549,citation
b260a0263589324aa02adf4adecc211e44931536,arXiv:2306.13549,citation
2b5771651db43cf2788b7063818de6a61d4b6ca5,arXiv:2306.13549,citation
08b6f22bab698a3a241de5fe94a8ff6638fadaae,arXiv:2306.13549,citation
5d30aded6ef2fd7fb378bc3989249024f93a268d,arXiv:2306.13549,citation
657771ac5125b19583fd9d460673b8f3f2f82164,arXiv:2306.13549,citation
95caeb76bc202b70036ecca866c9bd51fa9a5ae4,arXiv:2306.13549,citation
014ee2cd211ef77e981b69de6386633e948af1e1,arXiv:2306.13549,citation
6ca668a639c96a99bf34d724380e97a52895d8d5,arXiv:2306.13549,citation
e68cf52268b45aac3da5a8f899a55b7da609f031,arXiv:2306.13549,citation
afa31d17d311964b761bc583c82b3a85f89e19a5,arXiv:2306.13549,citation
ad1681f472efae5d0980edac35c8eadf9797d2cc,arXiv:2306.13549,citation
dee7b2f6c017b57aa03a8c5ca830a91feb55a98a,arXiv:2306.13549,citation
5941a1d624b19e1cdfaf87367d22859828cb1ed2,arXiv:2306.13549,citation
5d1758cc07c6914d280b5690b91d04784c15d7d3,arXiv:2306.13549,citation
58bc3f7cdfd9dee45463d38c9c863929acde1f26,arXiv:2306.13549,citation
e93e5480a79c32e3b7496697d8bd630e4a0321b5,arXiv:2306.13549,citation
7f0afe1b627c627e05df73777722638e81879569,arXiv:2306.13549,citation
26c5103593f93d4de75510f638f18558832b0ab6,arXiv:2306.13549,citation
f01281b125128435ad134230c6a41cc55808eaac,arXiv:2306.13549,citation
014f9a903edba91a4aca33e424db518cb85e2f9f,arXiv:2306.13549,citation
e3fe61ce7a3c013de8770f7a43f3666f9a8e2ce5,arXiv:2306.13549,citation
8ec7d50250203543a0098d99f04957b22bbe2c77,arXiv:2306.13549,citation
7da9fa65f40ec86891d73c0da8cbad3d90809671,arXiv:2306.13549,citation
0b0ba1e858573e25245c06e2ec54b72882e1d076,arXiv:2306.13549,citation
b2dc4113f28d119df734aad50155f21b903df22b,arXiv:2306.13549,citation
95cf0808135ee411204eac267909eb008b8cdb29,arXiv:2306.13549,citation
9cfecf5af640f31099d42d5080bf7f4a7b0fc62f,arXiv:2306.13549,citation
d7c8bfb6b2ee634287a2da3a89c22ec833f1b30b,arXiv:2306.13549,citation
1dea91742e80f2f3cb2a42224ec300ceac359f4a,arXiv:2306.13549,citation
69cfc70b54ee65b3b84d086a4cd4c9c0343910ba,arXiv:2306.13549,citation
2194b262beb2bdc86ffc256dfb3dea124d5ffb2f,arXiv:2306.13549,citation
6f4279f2579297bbc61e8a237b78b02a40ca18c0,arXiv:2306.13549,citation
e3be8f1c273fa35eb138b098dd35ac390dcbbf27,arXiv:2306.13549,citation
ac3ba29fb549bac9988f73f4c0683f38b473a199,arXiv:2306.13549,citation
0d211dc78c25f578e1c4768e3f400c1ad929bcad,arXiv:2306.13549,citation
8c3db0d74fade89f6b4da5245992a9c9ac8c481a,arXiv:2306.13549,citation
5703979f4f0f7da15a8799def2f25011485c0f7e,arXiv:2306.13549,citation
db3520441a0ccc3f708ea8451b3060af627a9c29,arXiv:2306.13549,citation
12f232ed8ca1e27d201402eb439c001f5649f407,arXiv:2306.13549,citation
47ca007c519a3eb1b6b92be49843577640c7c226,arXiv:2306.13549,citation
36a0e72c2b0ea3bfefcbc1d6f8bdcf09f8ed569e,arXiv:2306.13549,citation
26a51460caea05a9f435dffad707c5a9d30320a5,arXiv:2306.13549,citation
680ed9aa0793a6a77678b9f2f1867cffab545b66,arXiv:2306.13549,citation
8ccc2ed8839641405bafea4c54df581ed425a5d7,arXiv:2306.13549,citation
b183a4fab3a593c271f4363edbf1f14f941498d4,arXiv:2306.13549,citation
140412e0b39d91a5b974e04cef3d5cff90283fef,arXiv:2205.12689,citation
78ac6d3eab5ac6c20e3a2b3e9bbcbae56d1f84dc,arXiv:2205.12689,citation
89c7122de163742e00d762d20f003e99bd3166ba,arXiv:2205.12689,citation
10ebb42c89dca7688714a63c7e60d780c51b9596,arXiv:2205.12689,citation
eac9985e83a291da0dd73a5453b1182e3d1f43cb,arXiv:2205.12689,citation
b97ab09253a0ce26944236488f3ba75abe2b704e,arXiv:2205.12689,citation
a8c1149e592c9600411f163459c45b4dd4045127,arXiv:2205.12689,citation
55898cbe0aa93a138d47bcf308254a5d72a6b337,arXiv:2205.12689,citation
2935f1d7ee937a5cd21730d1591ae4ac8c4303fa,arXiv:2205.12689,citation
967fd15f1f8979dcaac335c1e6850b5f38e2fde2,arXiv:2205.12689,citation
5bbfb49f37fc6d5b8902f3adee9fccad25407968,arXiv:2205.12689,citation
ec63585111a93da3c544a22814a5be25509d2dc3,arXiv:2205.12689,citation
fe5d78f1860616406c69d2a4f03363dd6f4e7438,arXiv:2205.12689,citation
d8ea0800e2dc888ef50b0ec54f68dd898ccdf47e,arXiv:2205.12689,citation
74076b0cd51cc31170404ae3e98825f592341ded,arXiv:2205.12689,citation
194828ad6317272dda3d7966e86f7549e33f5eef,arXiv:2205.12689,citation
f737beb61581ac650acaac927896f8cc5251be29,arXiv:2205.12689,citation
abad335e4022f7ea80d322e1c6e9e03f7cdea18d,arXiv:2205.12689,citation
0e2e2b019c84dc4818fb131e742305526dec3d4e,arXiv:2205.12689,citation
046d8981939fd7dfd0874ba8499020c20e71e634,arXiv:2205.12689,citation
f32e663048a86510b02063dab740de7fa94d28b6,arXiv:2205.12689,citation
1cc3ccc0e6f508a755209d77d313b614ce53ad1a,arXiv:2205.12689,citation
75930613ada12d550fe24dd75c3bd3d45536a12a,arXiv:2205.12689,citation
de187a473f67ecee0e45d5f81bb8672eac3753e0,arXiv:2205.12689,citation
4381ae2cf9f5f35bf7a520641d871dfef7ae9de9,arXiv:2205.12689,citation
00490bf4b6773493772569ce0c8a549534fa6fb5,arXiv:2205.12689,citation
66e5f074354f6deef4862bb7feb5d00320d56c65,arXiv:2205.12689,citation
71351bcefc2bfbe2bdc88d308a8b6dfbc3c7e3a3,arXiv:2205.12689,citation
40e5c41fd13881016ef1a44ee5d24f6154027bfe,arXiv:2205.12689,citation
f9cd6239312bc8ca7809760ab80a085912af098f,arXiv:2205.12689,citation
e1c183887f2cbd4f4d7299e44d9bf0e46e475d46,arXiv:2205.12689,citation
cca757c7f069997cd7e9713227a429a94850304c,arXiv:2205.12689,citation
bab436768c65ff0b7c48ee8dc85c9ba2753cba0b,arXiv:2205.12689,citation
419fb386d431b7db2e9b69a4c571f5fb4a6478c2,arXiv:2205.12689,citation
5ab66042dc83d79c2c519cc7df05eaaf0a29d35c,arXiv:2205.12689,citation
e5dc3725762fb5f11c8e2fc72a165b495e61bcfa,arXiv:2205.12689,citation
84d00ac7ff7db5aa3cc74a7c1ad80b943965228d,arXiv:2205.12689,citation
7f57687a2d27ab6d22c3b10d884771906755be27,arXiv:2205.12689,citation
e9129e52d36b5ed4908c2547c7f56d93c4816ae6,arXiv:2205.12689,citation
313a406ceb1c06d71cab6cd896ecf845ad195b12,arXiv:2205.12689,citation
d7644334df05ab875ae51e757503831c9158c164,arXiv:2205.12689,citation
0c318856c747bc018bad6f93b64864a15b3ad924,arXiv:2205.12689,citation
129c1a9848d0c784647cbee5d5dec545b41b4543,arXiv:2205.12689,citation
4fe9deafec1e4c98adf32cdebd990d09463f38b9,arXiv:2205.12689,citation
1dd11ca3e66fedf60d009f4f58d43fb7f129a446,arXiv:2205.12689,citation
bbf22ac0f6c21f3cb173b95a6c506418c2532947,arXiv:2205.12689,citation
0226d12b1bc4a6cdc4c5879db2a6358d95e607a1,arXiv:2205.12689,citation
e869415a5eb6fec7d34a7b1c1da80075c2b4ac8a,arXiv:2205.12689,citation
1da4fe0f5494f1a17023d7bb9a434a054261ab35,arXiv:2205.12689,citation
197306da6c720e3c990c68d01a168921b1e9df21,arXiv:2205.12689,citation
d652cd9aed7a54e0884e7d7fd77445eb3fa5a786,arXiv:2205.12689,citation
54ad9f13072789ea11911c4d624955c25cb3eec8,arXiv:2205.12689,citation
9c66faadff239f39761df060b8395249719e4238,arXiv:2205.12689,citation
42946df742ab22a4c62ec6930ade687b6a887403,arXiv:2205.12689,citation
5e1cdeee61f1a19f4aea855f98ddc95e794b96a3,arXiv:2205.12689,citation
b658635b3dae651e4ce898288987e943d2845dcb,arXiv:2205.12689,citation
0638e097f054ab06cf29f398f81f08deff00d6fe,arXiv:2205.12689,citation
3982dd06568c983e94cd748ddaf123829160ee7e,arXiv:2205.12689,citation
34a8741567e3bb8046817b3fea1fa9175998bb1f,arXiv:2205.12689,citation
81e060664f2446a3c2b8f6597c5ccf0984e744d5,arXiv:2205.12689,citation
fc37a0348c0feffa81ac220715a0b7f1960f4e35,arXiv:2205.12689,citation
a05c96d58910c04d5136bd4f347a4a7aa67c1378,arXiv:2205.12689,citation
2c8f3728bfccf6cc85908e8ebebdd1f40cc0e6f5,arXiv:2205.12689,citation
38e410400fbe07c2f0476949a4484c1695080c7f,arXiv:2205.12689,citation
abc6339d20f5916d8052270684533f4687b2f827,arXiv:2205.12689,citation
a0714d32861c85cf165c28549807229b508c1442,arXiv:2205.12689,citation
c901a918066039c8b84aadc11817d895819ca597,arXiv:2205.12689,citation
1da800071e3291f98d8b26c17ab544a4a2f593c8,arXiv:2205.12689,citation
dd6a481686fbb7c6717a5db6c8ccba92927e5ce1,arXiv:2205.12689,citation
5da016c7ac0d86e9cdf14ca7450b2d0853e77ec7,arXiv:2205.12689,citation
1f42f5570bf8eb737ff45326215f407728a42a23,arXiv:2205.12689,citation
fd36faf348f543848bde9a905d504d24b58dd39f,arXiv:2205.12689,citation
e178ab50aebde467a9ac39360b2dee10be247863,arXiv:2205.12689,citation
b1f636a6ecc341c3f77060373f044feef50fe726,arXiv:2205.12689,citation
0f88dd28d4499da1325edaa63cb32c76f7b454c2,arXiv:2205.12689,citation
2bde5812ad77a4b6fcd3dc47c87ce55ec78541bc,arXiv:2205.12689,citation
4107d7c8e2a723d399b9f03131be1f142c81770e,arXiv:2205.12689,citation
3c9118c8844288f80a997a7ecdb982f1fd08a1de,arXiv:2205.12689,citation
4b01fa15be5afd03c2c6c82586e5861d39e33fc8,arXiv:2205.12689,citation
988c17d08b2ec6d4d6769d24dba816481b7e4589,arXiv:2205.12689,citation
2be3376c90365292548d8c8039b97145f2832f1a,arXiv:2205.12689,citation
0fb6eae7d7bdafec386e5fb03b4c9d1a1c12da9e,arXiv:2205.12689,citation
9a257a37bcb6ab0617878b5f05bbc3e37e75c557,arXiv:2205.12689,citation
3578302e0b87b2a8411a14867686a20c0c858c6a,arXiv:2205.12689,citation
b7088459ff404e1667ce5357c9b7daf5b9858b06,arXiv:2205.12689,citation
cb8b5d5cc889cf2a84d03eb96ae3214b181ef003,arXiv:2205.12689,citation
b844f228b5e095218dcc666b2b24e240c932d0da,arXiv:2205.12689,citation
0e751f27672c9bf32620bf4f3ec7a1f2c5259058,arXiv:2205.12689,citation
49b445b99d414c42aa2c463addf9709a9328859c,arXiv:2205.12689,citation
c383c6adeb7b8cfd0565bb5593e5e0f6ec7a846b,arXiv:2205.12689,citation
dd7509e613a922df6a4fba4c54c50dabc0ae0bb5,arXiv:2205.12689,citation
cd0be47ae20448d82a8ab34766599cddf005ff8f,arXiv:2205.12689,citation
313cfe3cf9e5cc64c1994de18f673704d524a7f0,arXiv:2205.12689,citation
7cfaf157ecc7696da0830df87a59cb6510521775,arXiv:2205.12689,citation
fe3a18a7f96842bb7b79d785f1e252f3c04f87b4,arXiv:2205.12689,citation
7d636769e720cc33869f83ff988d74d117fb598d,arXiv:2205.12689,citation
e3f35abe7fbdf9b862fce46c53bff1518c87ced1,arXiv:2205.12689,citation
1b339835fa4ce6aff4dc300f406261e1c994a8d5,arXiv:2205.12689,citation
99b7afda383d3647ff5988e73d5b15c403e01768,arXiv:2205.12689,citation
7f9d1bae782e0b7c070928f8f7c6d5683fae2447,arXiv:2205.12689,citation
36649bd59047ee4cf569f6c03a018b3d2ad4a4ee,arXiv:2205.12689,citation
51bea690d04d88a075c26a81f6bdc10f2fc71404,arXiv:2205.12689,citation
9eb21b25d4c1a5e46b31649f74d3a92c3bdfd4e8,arXiv:2205.12689,citation
189b75d6893924b10f4eb0edd678aaae545883bc,arXiv:2205.12689,citation
40be6cc7424a4ac40a154908c2870a993bb0fdec,arXiv:2205.12689,citation
2e055bd218a5e27e84bfe295fd25fbc1a2f91c57,arXiv:2205.12689,citation
ac12a46fd818a802d342b9edf3686a9914fd86df,arXiv:2205.12689,citation
0cfb792c59718c9200003673829fec827ce1443c,arXiv:2205.12689,citation
a95ec63e6fd61a6ffd712d6d49b051a92dc81639,arXiv:2205.12689,citation
624b34567372b76655de25f054afd829446895ab,arXiv:2205.12689,citation
a746a1f05304e81dd5fb04b78059ae9210fd8205,arXiv:2205.12689,citation
5303f04bb1fb0860633a18d420faf30ba02f0231,arXiv:2205.12689,citation
b9e08fea11715e6f8e172949f1561af89cd40b86,arXiv:2205.12689,citation
fb79926526ddd2208cb664a2844d7e81c859eb55,arXiv:2205.12689,citation
813c08cc159a39e4a55e9357b87fe1124bc64c94,arXiv:2205.12689,citation
0cb9e91f1dabe2e4ab1ca30ee1f777ef05547239,arXiv:2205.12689,citation
4c01cfc55f3bd648ea1388e46db4a095baf75eaa,arXiv:2205.12689,citation
e4229dc38f25e40df92bb3d4ed96ca72a3bf7f89,arXiv:2205.12689,citation
367a0d5dedddd29fe293c9990b6eb8e17facfff5,arXiv:2205.12689,citation
c1f6e37826f931e1faaaa2bc3bfdcef5e4b71668,arXiv:2205.12689,citation
bc994fd4c7c049f339bc00db201587bc4d3a1945,arXiv:2205.12689,citation
0cf7af39aef45e1c951cc4055a938e57ad345d3e,arXiv:2205.12689,citation
6310a1c682ca02f18d1c17afdb8361ec808a4355,arXiv:2205.12689,citation
1eb65d2b790b87aaad3523c43fe072da6545303c,arXiv:2205.12689,citation
87aaac8064dd7df0e611009bb748c43275703cd7,arXiv:2205.12689,citation
3ba311e8daa6f68a87e317cab9efe9e688412b12,arXiv:2205.12689,citation
4788e657c711ab9a96ae13d87a7c399ed604efd2,arXiv:2205.12689,citation
0d90ff59895aafe287ebcdafa114319428a44af2,arXiv:2205.12689,citation
aee3dd493678b3a16750bee1a2c9553567aec29e,arXiv:2205.12689,citation
a5af13251989e318e366547152a24b2d48299a24,arXiv:2205.12689,citation
1291ceac9be7addef76aff5eadd0a6abb51d4e21,arXiv:2205.12689,citation
2621b71e7510a3c59910826a15ce55fa90ec8db5,arXiv:2205.12689,citation
a8ebd4b90aed9ca07c1376de7a27da4d8cbc600a,arXiv:2205.12689,citation
6089d0ecc3d0da39711d7a21451722e8374d9553,arXiv:2205.12689,citation
89b05057b8f92b16d5a6725e33d1882a4a6f18d9,arXiv:2205.12689,citation
ebe53532339772db4d79d053f7be8e385a4cd58b,arXiv:2205.12689,citation
d6807738b137f2fd735ce578aa78d139f746eb93,arXiv:2205.12689,citation
3dfd78e997987422b4a4586a354e17d5012cabee,arXiv:2205.12689,citation
a75d6c71b2572cea5c019f679d60bcb736706db4,arXiv:2205.12689,citation
2d8f323524f51c7a8a3746f08ebb8b71b4222765,arXiv:2205.12689,citation
8461a429e0d0c279bf277abd4b964e453650faec,arXiv:2205.12689,citation
c5998ecd3756d0c72fb6fffb7ce2bf0739851d4f,arXiv:2205.12689,citation
8213063cdf621e2f340b45ad5be3a824395a2ed3,arXiv:2205.12689,citation
4fa6de84b33bd9f0a67ecf01177935b0d9b9205f,arXiv:2205.12689,citation
70b83014b3267ddcb04d65af0f7975920d46a87a,arXiv:2205.12689,citation
a803b4eb53cbf06331fcd66bf1002bceecb5b2f6,arXiv:2205.12689,citation
20a1c3145c6c3bb79b9ecb544f551c7e5bbe45e3,arXiv:2205.12689,citation
9dd96880c78762022f7348031be7e5431e6edf74,arXiv:2205.12689,citation
8b1cef2134a8882b004bbc5da1fe43fcc50ab551,arXiv:2205.12689,citation
36833c464eefd09bb5b1d2f0f0071a4ccab528d0,arXiv:2205.12689,citation
00f032d60cb1cfccb6708e289672979b19f17835,arXiv:2205.12689,citation
4c7c8f0a3f65e5c234ef810de050fb3ad7cff2dd,arXiv:2205.12689,citation
6ba77f9aefcd770bc1d38e9d8e1c80918671b529,arXiv:2205.12689,citation
a3b583ca84252bd33d0f8f7e7c60c9582f19863a,arXiv:2205.12689,citation
cbb95720e880d6d12e4e4d81b6b73fc726a57349,arXiv:2205.12689,citation
7a29abf0a82f316d0ed9787afc90b608fbb6a4de,arXiv:2205.12689,citation
e01dda198d99968aa3c6f2ef15f20340eff421af,arXiv:2205.12689,citation
22386388e46a1ddd5ed4dff5255055e5a0ef49c8,arXiv:2205.12689,citation
6a2e0927914ef03f25b99c2666f2275e0c950e5d,arXiv:2205.12689,citation
d14747bede5753efa83f93505143aea11582866b,arXiv:2205.12689,citation
7b6a8d713ce522eee148bf0edf0ef365ca231bca,arXiv:2205.12689,citation
eb1aeafe9994f363fc44756a653e12b980b01a3c,arXiv:2205.12689,citation
1ac6f84389f0add79ad8bc3b915cb2fad7426a9e,arXiv:2205.12689,citation
f4ac895ad3b7398515a3913f815e40516b197a31,arXiv:2205.12689,citation
740d62a0ebdcd2a50ed5412a622b48b0b1e5bc22,arXiv:2205.12689,citation
b214e5c0914b0c59a825faba6f81d355ff640f86,arXiv:2205.12689,citation
a32c485963aae4e5a9ad114c489555b483147001,arXiv:2205.12689,citation
f49df3982858150e6ebbb56ac0a23c1a8ccfca92,arXiv:2205.12689,citation
8f2623c532f574ae856fd5c4ce2eef2b4107f702,arXiv:2205.12689,citation
8891d2cfe75e07bdef71f344370c128ed6ef30f0,arXiv:2205.12689,citation
9f205c6ca9f97a08eb7f9b0d41ad671a500990a6,arXiv:2205.12689,citation
876c56c9d21f5dabd711bc680c48fb0daeeea274,arXiv:2205.12689,citation
8f8f24b82aad78a4c43a920e7fd388af8467fede,arXiv:2205.12689,citation
d60ce0fa9f2f7e68963b0d35a176fc82f2f39232,arXiv:2205.12689,citation
f45189eb1b7118236fcb08929730027f7e955624,arXiv:2205.12689,citation
ded83162078a47841e00b59d0a823ead9f7ff743,arXiv:2205.12689,citation
5ceb202621cbb7fd75f276b4cd6f87eb75d25663,arXiv:2205.12689,citation
e7b4540f57e27bf3ab8566cc884f407713a1787a,arXiv:2205.12689,citation
925f68030ef946ca96df7ef292e54711f29a9ed9,arXiv:2205.12689,citation
db7e62fc83ff97979289832d4c8709396399cc7f,arXiv:2205.12689,citation
3e12399171e6b713b9f2dda5f88713a9965d4550,arXiv:2205.12689,citation
679b1c81bf676d0389e1d4317bee630f250d3399,arXiv:2205.12689,citation
4906654ecb2d42cfee13f46bebe2ec02bb6442b1,arXiv:2205.12689,citation
ff50832a9504bf1fd16fdbe1736b0927a91b460e,arXiv:2205.12689,citation
66e39f671aa72b7f655eb89bc719f6dd04f129af,arXiv:2205.12689,citation
38471230797d4cb79ffcf6cb1181773224ea170a,arXiv:2205.12689,citation
0e48e746c316cff43d9e27d3061408ea6eee2aef,arXiv:2205.12689,citation
1558238db452f1cf2bfbc1c4f8f6f79f064be4d8,arXiv:2205.12689,citation
50d5ef4d95aa4127f982812fe108298f54eaea01,arXiv:2205.12689,citation
cd5fb714d24087c85e2b854ed29529f7c7f6d555,arXiv:2205.12689,citation
40b507d5a1f2e02a64586d79c7e3a1c5ae86a76d,arXiv:2205.12689,citation
a45f863063ca085b9dd8c6f5a0a5083da924eb07,arXiv:2205.12689,citation
2047f6a03395363915cbf1e62e96db2f1eeccbd4,arXiv:2205.12689,citation
f890faccf560afde9589e5ef4d70dd282c44e4fa,arXiv:2205.12689,citation
bb2b43ef9bae174240292b0cf654c7687c3f4b58,arXiv:2205.12689,citation
0ab2b005adb34f8bd5bc68e2fb76914eea1f08b4,arXiv:2205.12689,citation
8ea76748188ab2b4de078eadeda6dd1cb35a0a6a,arXiv:2205.12689,citation
35b17550a0ec14cfbff1a308a097a654dd4bd7ea,arXiv:2205.12689,citation
44691dc3cd09ab5545dde35dac0a040669a36437,arXiv:2205.12689,citation
21115266c11c5c890dc356e25f4a18eafb7ecabf,arXiv:2205.12689,citation
597bdf5eaff1a1cc279de02e0518601cdbe32088,arXiv:2205.12689,citation
e6033d446ac9b105a8bcc1176fc1a0f9c1f2f866,arXiv:2205.12689,citation
3f0afcb3cf4effd5337a8bcde6b107d4c474d2dc,arXiv:2205.12689,citation
a17e496d8fe47baf739115ab0ab9a82378bf7d74,arXiv:2205.12689,citation
04b3ca951abecfc475977c2432e1bd8b7fb11704,arXiv:2205.12689,citation
965a0969b460f9246158d88fb28e21c5d80d0a8b,arXiv:2205.12689,citation
72ac28fc5d4f6b1da6051927441cedadfda22283,arXiv:2205.12689,citation
4883c272d2e2e6c26c425e864699a286cb372243,arXiv:2205.12689,citation
41b908704c5c90a17e2ec523b9e208bc99e1a0fc,arXiv:2205.12689,citation
2b3321ddb2f28015dc677f3fee9ba9e3333c93d7,arXiv:2205.12689,citation
d33a14592d68da068953cdf37f8bf562740c0085,arXiv:2205.12689,citation
2e93b4e2631c0c26e1425a3aefced79ad8fd17a1,arXiv:2205.12689,citation
1700ce7976bb88e90796c96c344331282ecf9208,arXiv:2205.12689,citation
6969f96cca4bc77936c4bf1540921168c04d995e,arXiv:2205.12689,citation
cc13d65f00d02c6fc01fc996a10e7bc503e3deec,arXiv:2205.12689,citation
e08ba993e18d327c4a0d61e00990d4442c55e012,arXiv:2205.12689,citation
89e609e7a12e082c7369a950470dc779b406992b,arXiv:2205.12689,citation
4bf51ac7e6f0819f5dae789b0d85559743cd17f4,arXiv:2205.12689,citation
29c23015889e6464853b670b1507f51c08feaa62,arXiv:2205.12689,citation
6064a11cae92936b61a45849d32ea817db561117,arXiv:2205.12689,citation
ea8787fe1e4323e89dad8e8089a9e5225270376a,arXiv:2205.12689,citation
d9db99fa712edf900873b62143a08f5a14c22986,arXiv:2205.12689,citation
9be02ecf206ad7494bb9531aed9491af203a3c3d,arXiv:2205.12689,citation
c1dc3ab05f0fcd78d400d864a6a5f19597d331a8,arXiv:2205.12689,citation
396ed46300a6ad17f5d2a210890957b26563aa19,arXiv:2205.12689,citation
5db188e63eb044aa4abd2f7ea5704d75f00e8ab1,arXiv:2205.12689,citation
25361e9582996220625a1823d931b4ed5f5558d3,arXiv:2205.12689,citation
cebd8810c4e79184cb19fe87b6f51ab78dffc6c8,arXiv:2205.12689,citation
6c00f1eaac7d4524e8b250087326586cdf57a859,arXiv:2205.12689,citation
aeb08bb242fe12517cba530a35d05339f2ae6145,arXiv:2205.12689,citation
75a381667ef536d02d99063eb3568e410d7ce909,arXiv:2205.12689,citation
4f056780bcd0162843a26591a0589220324a98ad,arXiv:2205.12689,citation
d2a6f3fbd6bfab3d535fd0803c5ecf38349a7b67,arXiv:2205.12689,citation
5e4c99573d25a4fba9ebe3a94fbb399229fe4d86,arXiv:2205.12689,citation
0fa0a76ca02493d7f67e93e1c00489b863716c0a,arXiv:2205.12689,citation
d28d082520a274b3a845e4ce1007df0327b14223,arXiv:2205.12689,citation
3e144a5e6fa73b5e042f1959413f4e68a066d2a0,arXiv:2205.12689,citation
26c07bd549e4dc67fadf8f114e4c496bc3a436a4,arXiv:2205.12689,citation
239c239e82e14e1749ca55f59fa95911dc32f044,arXiv:2205.12689,citation
258c6d3fc39aa0e453e8df25edaeeb72e5ebc320,arXiv:2205.12689,citation
a0a2c6e58f50c25ac4f00bb43b1e99b52f09e291,arXiv:2205.12689,citation
7971c20870dfc6221ab59556371227ac01b754e6,arXiv:2205.12689,citation
4f71fa2ee83f6f5fc5f03377ec7aa0ae8d87801c,arXiv:2205.12689,citation
81406bee1151332440bd3e00faa694642c1e5444,arXiv:2205.12689,citation
b4229fce6c89c4434794abc0aac74e78da82c7c6,arXiv:2205.12689,citation
8a608d30bd3a467efdd1caa07e3e6d025ec567c5,arXiv:2205.12689,citation
de7d1456b81b2bf7fee6f5f8c0f6c69e27b69e7c,arXiv:2205.12689,citation
d7c98899eb281d8f67899bf1959f288627780d3e,arXiv:2205.12689,citation
e2c00d4ea69e213fb3951029c44e939337da9512,arXiv:2205.12689,citation
2b9851419810aff01ba2d2ac33dcf89a416f07a9,arXiv:2205.12689,citation
17e4e8af9b98e2878e1de1cae1e5c9b82c26a371,arXiv:2205.12689,citation
518f9b3aba34bb08a4f20b42423e16403cc1bf02,arXiv:2205.12689,citation
c410a93543484861e0966b4ab6d049bcc50d0e47,arXiv:2205.12689,citation
351a2d50b4aff8e9754dc7074dd589b10a7465d4,arXiv:2205.12689,citation
77bba0a2c362589d0194707a885f6100a3e01cbf,arXiv:2205.12689,citation
1e547067558b300f936fe09326eadb230b114ea9,arXiv:2205.12689,citation
8bb3fcaf1dfc1574aec0671bbd45524e877f96dc,arXiv:2205.12689,citation
70a55b59314f79966e111d136a7b0f2bb272501a,arXiv:2205.12689,citation
b7bca7cc5c1a5d044a41d469eb4a9ea439b88876,arXiv:2205.12689,citation
d642e004b9e4acef660283e4f518aa9210ff341d,arXiv:2205.12689,citation
df8e27a05cd7b656ee020d0191495dff39e98c95,arXiv:2205.12689,citation
6841c2dde56562350359235db1179c41097acd80,arXiv:2205.12689,citation
f5cc6df1a7d00a5ed93bee3db2e5df00c338a936,arXiv:2205.12689,citation
fb7b538363240bc0be33633d51559795db656c75,arXiv:2205.12689,citation
d897c75077710d891c3c8dd8c6ff00a07aec99d3,arXiv:2205.12689,citation
0210af56ed69ac4bdb958619b902ec12600b486d,arXiv:2205.12689,citation
47c090894761ae7b4e624c974705c8ac93c27d34,arXiv:2205.12689,citation
04837050119b1a6487e9073d7308074a4fb28fc3,arXiv:2205.12689,citation
8274d30ebab830c1d95e79c70390a955343839af,arXiv:2205.12689,citation
67685be0a282d39727b74d658f9b0584ff83b273,arXiv:2205.12689,citation
99be42f807311159efeb19f89fe0f0a6c3e97861,arXiv:2205.12689,citation
28072b50a8ef7e15ed52df26cda3f4d0e00131f5,arXiv:2205.12689,citation
a925b55e0bf07a68ba7554beabda9fa88cd025c5,arXiv:2205.12689,citation
bca0bbd01ea917b7a9fe369288ea3ba03d3b1ff3,arXiv:2205.12689,citation
69f0c3a693d5f7f1512f2fcb4104692e4ae36184,arXiv:2205.12689,citation
defe18a0a862b2024f1ea1671edd8b086a053c98,arXiv:2205.12689,citation
3c0c14882318fd7ad3fd51cdc5fc515a7f78effd,arXiv:2205.12689,citation
4783e59a8f5a6fb3310725c4c2a35ba67bed9e21,arXiv:2205.12689,citation
8aa39cec5f3cba107fa52d33c7c98cf768501cb1,arXiv:2205.12689,citation
99bd4e2e25a0088c59342ba8047778fd9a8f9c22,arXiv:2205.12689,citation
3aafee0a7f1652b73d277c1c723b72fda94edefc,arXiv:2205.12689,citation
c7492913370b5726eaa6ced163a60de6c9d4bb7f,arXiv:2205.12689,citation
497acdc02c50073e714838a8d4f16f7482d37e64,arXiv:2205.12689,citation
fa874e7b66a5b936469872054986c8f340701146,arXiv:2205.12689,citation
e58d90c829ecfc842ebb0ed4614803ce81067d88,arXiv:2205.12689,citation
1420605d15660bd4bfdbacfb6a261acc0b61a09b,arXiv:2205.12689,citation
a8f6c2b10a329519fdcac258227a928bef7cce7e,arXiv:2205.12689,citation
048ed2240412b684ff88ddf6aac7152d04e5d233,arXiv:2205.12689,citation
749cf606e1d7b1ea1f2484782394ca81ea864ad9,arXiv:2205.12689,citation
d5a6fc6aa139066e3b66ba63002e7d84c109aebc,arXiv:2205.12689,citation
9a0de1abf99a312553e02544b56174b6af7517cb,arXiv:2205.12689,citation
fd2545958ca8c0954d84ba6458ad6abb9b8b834a,arXiv:2205.12689,citation
0386711d1f9c4240ded4de56026ca18e475b507a,arXiv:2205.12689,citation
355d580b7f24afb073fbb21d8ad3fd2034dc3128,arXiv:2205.12689,citation
d07ce3d87e98ce804c0aebf430f402bc8c67806d,arXiv:2205.12689,citation
01866639f54f5bd93cb7ddd7ab581ce1cac62678,arXiv:2205.12689,citation
58c78f1cdf6b52c37f3327cea0a328a6f32b0d17,arXiv:2205.12689,citation
793eb805800c4af0b06260079e178efa0377b9d7,arXiv:2205.12689,citation
24d22a0cb56a7cef261f2b629f4e10f2f737f2e2,arXiv:2205.12689,citation
437fc017dea488ba9164e564ba591eeed1b0fb38,arXiv:2205.12689,citation
d5ecaa6cb1a6507aec9505b4eb22377390d7bdb5,arXiv:2205.12689,citation
5e6566354b23f7e849b1b439a24ba9d4c5cb655f,arXiv:2205.12689,citation
3b0792f6d7f6aa6aadd316e73943116afef2979b,arXiv:2205.12689,citation
7bc9607c5cf3fc817675d46844f529097d579514,arXiv:2205.12689,citation
2525f8185ff4eee23dea96f2a820714a1619fb89,arXiv:2205.12689,citation
089f6328085066263fedc083952624ca121ebbf3,arXiv:2205.12689,citation
9f4017de7deded49c032a83d7844efcd9ea1aa21,arXiv:2205.12689,citation
94ce1d5924e05e8d75e43ce70044293ddcef850a,arXiv:2205.12689,citation
162e2e9ac70702c146c0aa8432e4a6806bb8c42e,arXiv:2205.12689,citation
6c12769939dd75bd681d37ea17cce7e6a57f5c6e,arXiv:2205.12689,citation
cc4beda9eda84232a155ffb837c09620c75aff64,arXiv:2205.12689,citation
586bdad62d35342ec4aae0dd539379fff1ea4547,arXiv:2205.12689,citation
50bdea5132ef4b8cf25b0d9f3ac2ee0d09bf18cb,arXiv:2205.12689,citation
1f57980a3e3912c3c995a1b852e4207737e8efaa,arXiv:2205.12689,citation
f806b3ac12502ecf9305f27f77fddbbaf0554bed,arXiv:2205.12689,citation
5dca76612ac1ec4f5ced72714334bb6922d152a9,arXiv:2205.12689,citation
a28b42541034d0e18d925f03b1958a247787c322,arXiv:2205.12689,citation
fe3aed731150fc0a2ad2019050de88e0311381dd,arXiv:2205.12689,citation
994a6040fab375669a92cab0e67fb2fd203cd67f,arXiv:2205.12689,citation
aff0fe00ed7892d1185e8c5b66d318d3892abe6e,arXiv:2205.12689,citation
9e545ea405b5c5ae42c4df7a10701ee9c4221c87,arXiv:2205.12689,citation
b922460b1172bd2e27fe357e531838424917f126,arXiv:2205.12689,citation
b56ff2343cdc0916a6c0fa075167942aea03ce7f,arXiv:2205.12689,citation
362d4e00506f9bb39d42185a0b128f8602e139a8,arXiv:2205.12689,citation
70880e99b142ebbe1f4a14df0d602fb518b26230,arXiv:2205.12689,citation
6847b9658f287f430098199cd81bf26308da13f9,arXiv:2205.12689,citation
34e1a8a75bf6f35084ac6d714a136f39d02c649e,arXiv:2205.12689,citation
bfef29e0b88a45b3b6d8018b37d6272d0f32efe2,arXiv:2205.12689,citation
874287c656fb35098dfd81a3fd1a88198f8909db,arXiv:2205.12689,citation
4f0c7f4df04f07609bdb67944af2a529d5a4517b,arXiv:2205.12689,citation
ef9b84a57a654888729ce73a3f2400d56e12a300,arXiv:2205.12689,citation
0f0a973c6457bcaf7255f891f9b34d658a0a84ae,arXiv:2205.12689,citation
a86dd6c62d3dc9c7989c98a3e4ace3fd8000e515,arXiv:2205.12689,citation
2ef1c2438c3a4552db9e7080e15d8c51bc071f58,arXiv:2205.12689,citation
2619cb3957040ae9626158ca52675554b4ed2f43,arXiv:2205.12689,citation
44caf26949b4799e21f7b0754fe61315e8b71542,arXiv:2205.12689,citation
f8e7e8f5d00ffea4535c4bb548f572a21122ff78,arXiv:2205.12689,citation
23684a07517870cffd1f97fafbaae16ba22bd2b7,arXiv:2205.12689,citation
cff26bda86237d113ed01c812ad8bedd0afbe070,arXiv:2205.12689,citation
0100785773b8217c44606ab260e3212f93b0a4fd,arXiv:2205.12689,citation
88a55a2748a7f34ae03e0e70573dae0fb1b5ee24,arXiv:2205.12689,citation
89184ab496b2a1ae31e068e628479b4cd8f4b9d2,arXiv:2205.12689,citation
a662c539ab0790c71fb18e82148ff805a7ddb98b,arXiv:2205.12689,citation
498f055c8a6c2231083e507a5c4f10f5dc1e0c60,arXiv:2205.12689,citation
623eaf8d894782a0299d24623fe46ce820c24b11,arXiv:2205.12689,citation
fbc6390f13ac17f72684db2398a3b4d6798042ba,arXiv:2205.12689,citation
2c5af6155f254aa07afc1e95bd7960b846f2f203,arXiv:2205.12689,citation
14d1cda4f90f44e8d4bcc89607d08316bb84388f,arXiv:2205.12689,citation
8fc07cda171b858ef130bb9652f34a0d463f8034,arXiv:2205.12689,citation
d34344c28ad18f3f745cb1ad63fe936cce36103c,arXiv:2205.12689,citation
c52788862c45467495a727f709d80c4af9b245c3,arXiv:2205.12689,citation
0e90e076184ce2f737e7d4bdc83419da7d4274b7,arXiv:2205.12689,citation
248dfbc90b4a738f38fe133e6a90e23170cfe427,arXiv:2205.12689,citation
ce090d6e07c5d339d03174fc2b06bd17eb4c1b5d,arXiv:2205.12689,citation
421ab8aaf5507a1550357d45fbab4460aa21549e,arXiv:2205.12689,citation
ace54a4cda0cfabfdce46643d86f5485afc7531c,arXiv:2205.12689,citation
0920ffcc53bd311ed3bb4fd67996ccb9d37c1b92,arXiv:2205.12689,citation
48a32e7f78d91da44af1424eb637ca5cb0461060,arXiv:2205.12689,citation
902b1a1181c1732627b983c658566c1bc6472fc3,arXiv:2205.12689,citation
cd5c8206df3ed884c85cc061ca614ac2a361896c,arXiv:2205.12689,citation
7306e97d2fb5977572f47a90866323239ab1ccdc,arXiv:2205.12689,citation
7bbfc943ab8c0ac0dedbadc6f1922b43cd7cf7dc,arXiv:2205.12689,citation
13283161c09960ffe0e37e19b0862d5222187e80,arXiv:2205.12689,citation
93f7899985fa06db2fcce9a897fcfaf5a1c5daf4,arXiv:2205.12689,citation
414ad1e2ab0712165ce2d1c2351639d1c453008c,arXiv:2205.12689,citation
edeb9ec83948942b6e2b4f88ce380ff148bfbad9,arXiv:2205.12689,citation
2185d33d84f3c6d16e6b757bbddf4511114fbbb0,arXiv:2205.12689,citation
ab944b8561dc0280180469bdb94f189be1cc2e80,arXiv:2205.12689,citation
a906fcd1a3d1daa71a6f27613bc636973d866309,arXiv:2205.12689,citation
b543596a6557d9d1f35a644ea7b05108c4e6cf66,arXiv:2205.12689,citation
ec1971b6b437ea26bfd71365a5b5a948ae9e48c5,arXiv:2205.12689,citation
296f582a5a2300d0a73183aff87a58f98a45c322,arXiv:2205.12689,citation
1ddf9fa90f82fd8491b0f3f1ed97299e11690c2f,arXiv:2205.12689,citation
3bb46308b7e506da7b23e659b610b174b17ec14d,arXiv:2205.12689,citation
c8ee107d43fbd67efe87dc3c39db0af1ea69f4e6,arXiv:2205.12689,citation
ad1681f472efae5d0980edac35c8eadf9797d2cc,arXiv:2205.12689,citation
4b7f7eafc6b2d13ca20c873e91ac47dce9863ed1,arXiv:2205.12689,citation
c84a14bcea97fc755e59594b772da49753bc999c,arXiv:2205.12689,citation
5256f74383f883b3d8d143a15ae7a565abaabf1c,arXiv:2205.12689,citation
72db8ff86bead9a105a768bac07a1ebb129a21d0,arXiv:2205.12689,citation
a7c3eb9bc27c7d7e6a4c70e3e6c59cdaf312e992,arXiv:2205.12689,citation
668eb1a3c4878363b56037af0beb262d9e08e09d,arXiv:2205.12689,citation
3eaa8aaebb8de1c54d5ebbf5861f4acc116faf71,arXiv:2205.12689,citation
75c08892179fc478f87d7020b5daff9fca4f3389,arXiv:2205.12689,citation
70bbed0c658df1f7f9e1516c3e94281e64b3ee56,arXiv:2205.12689,citation
7ae64df494f0f34aff7d2827e3deace4463e0952,arXiv:2205.12689,citation
ea284d2045672daf44deffa3f0b7ce154630424c,arXiv:2205.12689,citation
cbc6e4d0a4e3da3b3665c719442ff73e48355afc,arXiv:2205.12689,citation
b6511d2cad195b4e595737f080031647296136f6,arXiv:2205.12689,citation
995753a2d9358e93acbd75fdd54361cda9e15abd,arXiv:2205.12689,citation
bce89acf938e4de9da124d825bd8e832441cb669,arXiv:2205.12689,citation
3644bad62158619ce299d6d00493ac2e006a1720,arXiv:2205.12689,citation
78823fb19dda048abb6420fcdff4dd3535eea2dd,arXiv:2205.12689,citation
f96addec50f6dfe192e298a3ecd5e5932d4ea1bc,arXiv:2205.12689,citation
3cf8e1ad83deef94b17d946f6ff38b16ca1d6a02,arXiv:2205.12689,citation
0f1c67941185fc82bb942d77a94c5b313dfccc84,arXiv:2205.12689,citation
c46715cecf03bf096990da5ec9ffc2f6f194fe13,arXiv:2205.12689,citation
779908291717cda6933cc18e4055ee9d87b6a7f5,arXiv:2205.12689,citation
b34b128d51ee5737fe38cc324df2e0697b5d2edb,arXiv:2205.12689,citation
65eab12dde830dbcfec93d0c6f9336e5686ecd61,arXiv:2205.12689,citation
673d79567fff4e3c6abec5865d48d72deda03156,arXiv:2205.12689,citation
3bb31113eae5b8107632dbe92ebcca2ccede5f68,arXiv:2205.12689,citation
f4457125ae60ca8f63fe85d8de5378fc335a995f,arXiv:2305.05658,citation
678d85516e8b6cdcb5902e14400d689956c2db92,arXiv:2305.05658,citation
a33056d98a67c2cd4fd4abc9873300d9b78ba562,arXiv:2305.05658,citation
06644505278a5b5ef1493bb4ececaf81bc845c1f,arXiv:2305.05658,citation
e9285e578d1e3d0a6ba25d37288c849ac8959d43,arXiv:2305.05658,citation
3ee863007862f23f41b27254b21a622569b437a3,arXiv:2305.05658,citation
8b00296348d3ab46dc4ac4fbe3580a38bc1b0f8d,arXiv:2305.05658,citation
b76621111442136449fed6c7b5d6f7bce7c10bbb,arXiv:2305.05658,citation
363a3c445e37cfa657e315cc4f82d5c06c2630b4,arXiv:2305.05658,citation
f477e79f9096d4aaf916ca4a5c0ff7d94bb11f68,arXiv:2305.05658,citation
d716af2ed999e27a5bbe5ddda6aae88ac339fcb2,arXiv:2305.05658,citation
46f7f477cd5fa0ef7b0484033c6ec2367570d91d,arXiv:2305.05658,citation
83563363180ae1db7f9b319d657f58fa99417fc2,arXiv:2305.05658,citation
aea860855d13dc93bc07ceafce614a88caf1e46d,arXiv:2305.05658,citation
cb72cd92766459edfffe19cb435fc962b457af8f,arXiv:2305.05658,citation
d98964523e5f3f13a860fe61cc2f5fa5791339f1,arXiv:2305.05658,citation
f5af6f7e29912de8d145eccdcd2d33e3b49d865a,arXiv:2305.05658,citation
c75a0975bdec912ae8cd9921b61f00b907073ed0,arXiv:2305.05658,citation
9167792b50185667554c83066082095272206a73,arXiv:2305.05658,citation
8cc2a7fe6445cac45a918e95e057759908d91166,arXiv:2305.05658,citation
c7eb07ec2ead4e1fd5667730cad550fcbf0f9f20,arXiv:2305.05658,citation
5d19abc1d2f8ff6b3d6f23846eda5051dbb61432,arXiv:2305.05658,citation
5febb2c1bac91904b3d5ea0f67cbf8c35f32e395,arXiv:2305.05658,citation
26a2dc9c0973e3d596aa2a6caf93f482d94ac4b6,arXiv:2305.05658,citation
b65839e1df3dbd1de20a5742df25e1cb1f48fcbd,arXiv:2305.05658,citation
ccbd10c960e2dea982801a05182d9ba6991ac584,arXiv:2305.05658,citation
8f7a4a22b9373681285e9f508827187691f466ca,arXiv:2305.05658,citation
04ac1aad42ad3d8031333fa979362d3f397a760f,arXiv:2305.05658,citation
861755702d03887c7f4a6a540d7d4ba8df5945dd,arXiv:2305.05658,citation
a489a2498c412fe9a3829fcc3b8b25cd76f33b65,arXiv:2305.05658,citation
113e743ace167f4a41234595a5bbb2eeeab72682,arXiv:2305.05658,citation
87b95eab1d2713bd2e925c0197c4cbf1cc2ceb44,arXiv:2305.05658,citation
2220678b6bfb386698bff54b3e7aea5706dd59ca,arXiv:2305.05658,citation
e7ef85e0da47ca07975c39f7444b8159ab1d1451,arXiv:2305.05658,citation
67d977d8a2c42d6e25162137fd332e329618a54b,arXiv:2305.05658,citation
575ae13834ba97dbd216154aa37d0b88f1960d7d,arXiv:2305.05658,citation
08da976e99f633fa980db8b48941c940309b8448,arXiv:2305.05658,citation
f1dc152cad4217bcab4490826d564a3a6592aba8,arXiv:2305.05658,citation
4db5fa174ef4e46450ba6273cbe07bc07723c770,arXiv:2305.05658,citation
2878185fe99e722ede42637e7f967756546b275f,arXiv:2305.05658,citation
d1f7f6f7ee8d78846c345c7e904f109ac3bd45bb,arXiv:2305.05658,citation
bb12f0a9a58fe27f5a16590ef209d06d3fae1876,arXiv:2305.05658,citation
f1de96cd87a05e95a8b56f1cb16d26926ac718aa,arXiv:2305.05658,citation
bea1848b0291a49726adb233752471d57bc48f5f,arXiv:2305.05658,citation
5a970fdc180e28de0a072ae38672239197188518,arXiv:2305.05658,citation
6532cd798defb8592ef793adefa80aa7bd570491,arXiv:2305.05658,citation
83b1531e18f7c1d4207c2b7fe7c7ec30d111171b,arXiv:2305.05658,citation
9d1a753af0533164599506e3394374b0c1e837ed,arXiv:2305.05658,citation
798f54326813b8912ab68fae68f69ac72c1ef6f9,arXiv:2305.05658,citation
8dbf3207099b249e0aa577d451e4a2e796f68e3c,arXiv:2305.05658,citation
f4e71a39a6e1895bd2c57dc2aa1ea8a9f075c20e,arXiv:2305.05658,citation
776d0ffdb420f744e9816d45b49bb9436a1e83d5,arXiv:2305.05658,citation
33c9d335353a3f0f2d23a1cad5b9b7edddd880c6,arXiv:2305.05658,citation
35830177ce5d1d5e8d6281d0a0d632c718345c8c,arXiv:2305.05658,citation
9207959dd4a608a294a578156d1398de6f267051,arXiv:2305.05658,citation
10ce6404647e2079b3f9b1b85ad983fb49998c7c,arXiv:2305.05658,citation
458e8b3f4b4f34dca3be7e1cf5cb34283812d8eb,arXiv:2305.05658,citation
cad526a6310d6ce660daa9b110dc9ed56bb42095,arXiv:2305.05658,citation
9238292ce32dc0630878c0096e74a50ee05d3f02,arXiv:2305.05658,citation
8f4dfb74b11d2c892584164189c47836b46dcde0,arXiv:2305.05658,citation
a11b20c57c586d4722b892d8e3febea3204023b7,arXiv:2305.05658,citation
4be750b67884b81393f547cc63e5ce03df6ebbf4,arXiv:2305.05658,citation
be077c5db432e62b395835ffe68f58dca213521f,arXiv:2305.05658,citation
4046e8f4ac46a533f67aa9432609c150aba5faff,arXiv:2305.05658,citation
388281172cea226b22d77d051291b695792c58a6,arXiv:2305.05658,citation
963ac1a96d0f99d1957e079c150dcef9a115a4bc,arXiv:2305.05658,citation
5049deb9553a1597c36d7dd7faaf1a00de167c72,arXiv:2305.05658,citation
2f0c57e7859ab3838c36b45771956e33f30941d3,arXiv:2305.05658,citation
dcf5e5001c8344a653108a5b33f96d684be50df6,arXiv:2305.05658,citation
e921a9fabe39ee501291b6ddda389a21f8cd001c,arXiv:2305.05658,citation
cbc4ea69c9b7e52439b96bcb96b360ac339107b6,arXiv:2305.05658,citation
49242c91c017eaa36858759c547fe048f2e50673,arXiv:2305.05658,citation
2898e90c707ca3524a36850ec03a5fe7eae95716,arXiv:2305.05658,citation
e13103b0c2e068a9eb7336d8f48572c178e8dd7e,arXiv:2305.05658,citation
210bf5938e040458709402ed38f3483becf92b41,arXiv:2305.05658,citation
3d4287d8299df0ea65e9f1b6897f6890f9ff2c7a,arXiv:2305.05658,citation
8470556c64a33ab39ba99027f8eb29680aa5d68d,arXiv:2305.05658,citation
e621b04645d5f0ff5aedf68f707b94e2ae5cb0d4,arXiv:2305.05658,citation
5313c01dfff564c30926899fbea39447b17e91a0,arXiv:2305.05658,citation
3656ae173c5e9088e5c1e0efad3b50973cb3fc72,arXiv:2305.05658,citation
314fb474798301cefceb089a10f1ae78b3ced097,arXiv:2305.05658,citation
308c330ae4e3d6637339a7ae9565e613e6062fd8,arXiv:2305.05658,citation
725f6a3e3a145605b29d8074e5401186d0342ee7,arXiv:2305.05658,citation
dcd99528e6f8d554af00f59821c98f9a12858713,arXiv:2305.05658,citation
b59197f491db69b1662ba40b72b01cac2027316e,arXiv:2305.05658,citation
1951e288ade1a453c3f1bb544f3e5690a6d177c1,arXiv:2305.05658,citation
e58f919e7a15419605065a848261eac8384ae745,arXiv:2305.05658,citation
be24b701b1404254d46a7d8d17e057bfc69bfe71,arXiv:2305.05658,citation
e5c5ca9216d76dafca279e326c328692bcfd88ae,arXiv:2305.05658,citation
772b4c1c7530f5ecbefc03577e173231d042ffd2,arXiv:2305.05658,citation
d50255efdc491934663e316c3cbe442666e508f7,arXiv:2305.05658,citation
1ce495a54e64383f63a56ec24b24bc5f21457262,arXiv:2305.05658,citation
b58c2f6a0d7134c208fcad8534dd189baed8af0c,arXiv:2305.05658,citation
ae843221017d8b8941d4ea11a883c52240f8ce07,arXiv:2305.05658,citation
2c850c70b52e3cd972b67c006f190de3ee963d4c,arXiv:2305.05658,citation
78c5608259bc7d2469cd3d53aa03fc18d51c5b20,arXiv:2305.05658,citation
0cd9df3a4a36c503db5ad9db8a47910fb10b156e,arXiv:2305.05658,citation
6d409aa25515fa078cf147033dcfe0caf8ca93a5,arXiv:2305.05658,citation
aa61e983bd5fcf96ef5cb5693248d0c99638450e,arXiv:2305.05658,citation
442b8903a2e8808ec9956c0b17dc9d974d8156c4,arXiv:2305.05658,citation
8fede60010c6883c14a8d97c1f677181c2c82cc6,arXiv:2305.05658,citation
f9062993493dd7babe28032c2d3003a5ac67fd55,arXiv:2305.05658,citation
a748717cab6774a54464c7056623b409f4666a52,arXiv:2305.05658,citation
68ce103320aa34a97b3e6e2984b10ec1ff3c680a,arXiv:2305.05658,citation
8955752c12946fc6f46c9db9870f39ed200162f2,arXiv:2305.05658,citation
336b6fbbc782e719877748a08ee44fc98c9a3995,arXiv:2305.05658,citation
20748b741a9aa3dc7c06db2b5e3103ec2dad5f4e,arXiv:2305.05658,citation
19c47d3398ce8bfc4b1aa44f99148767c966a345,arXiv:2305.05658,citation
b384d681390044de52f262e0b00bf5bef4d18a35,arXiv:2305.05658,citation
83d755ae8882c2eefe06c7e0c903ad656faf97ab,arXiv:2305.05658,citation
115c0c8278b90fb798866692a28f32283f3763ee,arXiv:2305.05658,citation
ec1f781e72e031ba44bbd5c42718e57b404c3967,arXiv:2305.05658,citation
381e00fe90a1a6c7f2c8a511c3ab89120139897d,arXiv:2305.05658,citation
de977d2761a2147e020496cae71f27230a0024f1,arXiv:2305.05658,citation
c1b06213167804e673859d719708fd54f54a5e0f,arXiv:2305.05658,citation
b6b04754a8f374a491a7614de95b8dde442b4fd9,arXiv:2305.05658,citation
0ca2dd070b92e4dd7c5bd918db360c0869c667fc,arXiv:2305.05658,citation
d53d954f7bdbe77c9602952a052f04addffacd57,arXiv:2305.05658,citation
98d4656ca35f794fe182300b32bb06ad2c7a9218,arXiv:2305.05658,citation
86dca627550956a58cb2e1229d448ae97a6fc214,arXiv:2305.05658,citation
f475d0e8c84c3ee02b9fd8a4bfdde1daa6935aa8,arXiv:2305.05658,citation
5c5d44fc7ba4501232db7a2a19a136c333c4d316,arXiv:2305.05658,citation
b8ace6b069fe645e98dfedf73648e607f56d061e,arXiv:2305.05658,citation
4e94b064f731dcfad6c2b173743e3982fa6ed9de,arXiv:2305.05658,citation
866d8d693e941a02f06014a814a0d99f50516a41,arXiv:2305.05658,citation
0c9c3e2fdb62dc3a2c93f4818b1402cf785a8302,arXiv:2305.05658,citation
e7cc0ee0d5e88dc0bec72d7f2f43fba374c51a95,arXiv:2305.05658,citation
d474bec6d3f41a8c6f81008a5ab50f40bc59970f,arXiv:2305.05658,citation
8dd5302386aaf52abc0fed8e2d9c33484727fcd1,arXiv:2305.05658,citation
b1abc3ab14872237a7489f8317547c848349d573,arXiv:2305.05658,citation
5833e68f2e48adf1d38a5867f46eed91676f00c1,arXiv:2305.05658,citation
7eac6ced497b966d77a2b104026d50a4f49b533d,arXiv:2305.05658,citation
4a91feebd6a76ffcbe6ab5314fd5d2d664311f45,arXiv:2305.05658,citation
31f4e4092fcd2a50d81eda10a300bd3efb648b84,arXiv:2305.05658,citation
5c7ee012a0a435c3b5f9647b3bb9428d156b7702,arXiv:2305.05658,citation
fc8ce12d6186ddaa797e2b36d5e8eb7921425308,arXiv:2305.05658,citation
cb480cb9e25bbdad971b56669be29bc46532d555,arXiv:2305.05658,citation
df74133f3c664a18f806744baf9e2f6f192624e5,arXiv:2305.05658,citation
2616f70d47a11cae34ac681f1aa8b906cb378940,arXiv:2305.05658,citation
74ecb95811c816f2d59d9ffb7da112063beafd6d,arXiv:2305.05658,citation
67e621e2869b3ace4cff7e94c08d903304d3f70c,arXiv:2305.05658,citation
56988a861f6ce55e5fffc2ed80c6dd4cfd8f88f7,arXiv:2305.05658,citation
d906a8e4d623dc6064f131eb064b1160d2f2bc5e,arXiv:2305.05658,citation
702be95614cad4041e944c68f6fb88a988bcad70,arXiv:2305.05658,citation
b761282fe766830fb75a406ca557e773a4ac9d32,arXiv:2305.05658,citation
cf2de4ba64f8ea698b782e38e9f5f9fddce0ec99,arXiv:2305.05658,citation
081ddcabe10b522c2e80f3b53ab271f00b362693,arXiv:2305.05658,citation
4f010ef8be23376131edc4b07df716835d5900da,arXiv:2305.05658,citation
3dc95c974f19fc305c56ec8a39382308612a37b5,arXiv:2305.05658,citation
642171f0d019c60115963d8100a0cdd47c345c49,arXiv:2305.05658,citation
9ed316c0e8e6e6901ada47d6bb8fe47a016e8c80,arXiv:2305.05658,citation
c8b22aaf59d0bc4782382350caa0e062156cffa6,arXiv:2305.05658,citation
d43bfbe6fa818a0e5646c5de3ce2dac7001ccf07,arXiv:2305.05658,citation
5d129204a38ab0d6a9c0a14f190641be04de4ba9,arXiv:2305.05658,citation
45f50779e3d62a8df3096b608a1891f922390970,arXiv:2305.05658,citation
c6723456245852313cccb1842ebcdd6d4c090145,arXiv:2305.05658,citation
d447edc0fa7a421e833c5e62de56a35f05de6aa4,arXiv:2305.05658,citation
bff6c9c04ca38899136300fed7203cce9945886e,arXiv:2305.05658,citation
e7b5d0269bdd37d01cea2bddb4d2ec9cf1539a40,arXiv:2305.05658,citation
b12747548702099b17f4953e65137b912df99b44,arXiv:2305.05658,citation
f88868aa52990c19a409d2457f0082ce850708f4,arXiv:2305.05658,citation
0a2b2042b5274d1c11ea2bd76bbe4acb2128bdd7,arXiv:2305.05658,citation
b4675603d906c828e947a5a2d4134348d0410fb7,arXiv:2305.05658,citation
a9dc0f71e67e3af597d8e4b4e9c35fb30778aaba,arXiv:2305.05658,citation
6cc2ac34739f9a563eaa494760a5dc7140376f45,arXiv:2305.05658,citation
58a0daa57955a0096af94b59150f421428c54bb9,arXiv:2305.05658,citation
cfe3cdaaf614c29ac2dc3da32c6925b0d2b4160e,arXiv:2305.05658,citation
f5160fe6b6078ee812dde4f856d3c263874a260c,arXiv:2305.05658,citation
e4bbb3a621b0a067239af2bd80f238d94a998c6d,arXiv:2305.05658,citation
c65c7ed27008ebe64d84d301257b0ced5c416609,arXiv:2305.05658,citation
09d828d2b125c4191959d2f760ff25415c7c011b,arXiv:2305.05658,citation
5f146b8945fac10b1ed6c06f60c3541d8bf5449f,arXiv:2305.05658,citation
e59ebc95be2dfeaa4d80f3dde59c5d12b34f7e4f,arXiv:2305.05658,citation
3f97c5586c4b804d9731d7f7b8587f0bf4d9f1b3,arXiv:2305.05658,citation
8e8e4b88c38345f59d5d8d465130076238720752,arXiv:2305.05658,citation
27fbb5cc779cf7e99095c16870ff602825aad7d8,arXiv:2305.05658,citation
9f5ba6feaa9555868a7d7bde052a55d9081e1e87,arXiv:2305.05658,citation
5f6dc4904849f675ce3154fb87c0955503b27683,arXiv:2305.05658,citation
02b5acd94cbbbf7b3c4b6c4d56d590104f4a4fc6,arXiv:2305.05658,citation
d5d00bb98736c934bb277edadfb2149852b2e99b,arXiv:2305.05658,citation
fdcdb286f17f3d1ef254e0be555c95b4e743f63b,arXiv:2305.05658,citation
28d6411019f448f54834c2a5cff723cd350345b5,arXiv:2305.05658,citation
512e1cbb4987c036f44f429ba5320011daec1b6e,arXiv:2305.05658,citation
1cafb34837ac1bc7b2e5676f49a3a984f94bd1cb,arXiv:2305.05658,citation
4447df21d0fb2f15868826a0a32f9c7a5f8a38f5,arXiv:2305.05658,citation
3ff049bd27cb41c10bdd7278ff423e74f1283615,arXiv:2305.05658,citation
6480a454486119fdec3f8eec9e7c1cf13dde71db,arXiv:2305.05658,citation
81ce10ec4d91ebbd12ed0d0beab77387302632bb,arXiv:2305.05658,citation
4169a1c988cbc3c3b56e21a855682f9a5d64d9a6,arXiv:2305.05658,citation
81860ba97bda3b9d6ce20e1b19492fff7ffff7f7,arXiv:2305.05658,citation
7b5ad79c9339e5b823277d403d648948c0cc23cd,arXiv:2305.05658,citation
8bd0deec58f47a16ddc81226dc43bc71a11b94d1,arXiv:2305.05658,citation
7e0abaa3120ea717c8b29530827cf8764394bd44,arXiv:2305.05658,citation
cf1cd1be30aefd38de2f88d1bbe0b18952bcadcf,arXiv:2305.05658,citation
0ba7abe44852ba0d22368b6a83d55b2675389920,arXiv:2305.05658,citation
bcd2e0ce32b153e2b4e775fcd89a87acc30523c5,arXiv:2305.05658,citation
61216632442f58815a29d45efc5a3a0385cc4839,arXiv:2305.05658,citation
39484c454bde6b96d013873f7300481473e993b4,arXiv:2305.05658,citation
3dd1a5373aa3205bbd1f81c1383c25024f13d051,arXiv:2305.05658,citation
e26b1a58c0108511f59e333bc265ddd4ac4a884a,arXiv:2305.05658,citation
584b0f65551936feec39f0110d665091dd885391,arXiv:2305.05658,citation
d3d47d33f73075600af2054fe4d3ef2f0da0581e,arXiv:2305.05658,citation
8a2fba8ef1e8ed302425b0d442efe2ef70900439,arXiv:2305.05658,citation
095414a066f40becc223a03b91218e4b40887203,arXiv:2305.05658,citation
0c62b42e2f31a9a40794cebef6a3c59d7b0f1a02,arXiv:2305.05658,citation
436535512e62251dec7c94e5ab8dbcd6835b5eaa,arXiv:2305.05658,citation
e3116a5d5784392d9190ca35997f65a252291032,arXiv:2305.05658,citation
67198392cc038acbd2570f1ed00b8c61e0489788,arXiv:2305.05658,citation
c7b7892ecd34b184e0673d043ea9fd5b98cd0b1a,arXiv:2305.05658,citation
4fdf88a4b0677360c333d122699547d8485090f4,arXiv:2305.05658,citation
f94bb63b34c6a84a55d10472c6b07e4f25febbaa,arXiv:2305.05658,citation
765e5ec6b7c934afee1b0fa5bb1e6870aac46ff7,arXiv:2305.05658,citation
a15fb6c8ab8d10f243de9511173ba130c243ee53,arXiv:2305.05658,citation
86028de4518c9c46826a17be26bdc077d504a29a,arXiv:2305.05658,citation
09b74fefe44e809e14cdd04085cb740d73be76de,arXiv:2305.05658,citation
7d1bc2b4d2267f48d784750c4bd57dc94a093645,arXiv:2305.05658,citation
5e8d6b947493dfed3cab8d7f00002c59f69c4c40,arXiv:2305.05658,citation
c28d4b7a0843844d627ddbf0b598f76bfb7b8c55,arXiv:2305.05658,citation
40b9bafb02059dc9cd91a6069b784ba39e17c332,arXiv:2305.05658,citation
cc001ea2e24f86f48b26ee18a889e2413cb09c1a,arXiv:2305.05658,citation
845972f85dd156302538a559e92d41f9721197fd,arXiv:2305.05658,citation
39a9315f149e6f08a5607e134bed7eb8932d0242,arXiv:2305.05658,citation
d3a1b01192f8e96097ca2fbb717d343191d62528,arXiv:2305.05658,citation
12986e9235fb4d95d200d0d77698f8acf950cfab,arXiv:2305.05658,citation
dfc73a8a906e2e72a52eec35912bf7e87b1693da,arXiv:2305.05658,citation
fe2a745db1cc37dfb9f8dbe9106e702a75766379,arXiv:2305.05658,citation
565cff39a696c7ece8b988585798ffcc88ce54fc,arXiv:2305.05658,citation
aafda4099cf53bded7bb75fb9c33c476cdaeb739,arXiv:2305.05658,citation
0641483d499b323c59340ad0f5028d89b4fec27e,arXiv:2305.05658,citation
e42e4c6f3834ae8c8caa91baef3c5b67cb011053,arXiv:2305.05658,citation
58e2e14d90a6f0cdf8b199b408cd05cf397af7c1,arXiv:2305.05658,citation
1404b3cf9649ed6a933d06cb9ea3610ff8bc031c,arXiv:2305.05658,citation
b9531d4364be4ee8a7dfbef3a0b323740220e54b,arXiv:2305.05658,citation
b547c3888a331417a1441a243a83fed8aaa25b3e,arXiv:2305.05658,citation
f7d9c4e04391207f7db9346d6be8265e167e1454,arXiv:2305.05658,citation
dcf0acac5b5fc572d0ac15a2f8722f1bf45adbb8,arXiv:2305.05658,citation
c599ed7fd217d366b5797b49717e5b8add87889b,arXiv:2305.05658,citation
924908d316b575e3c7ada549620c2616b86f5054,arXiv:2305.05658,citation
34d52d34e06122e30c207a8e38d4d911e6a2f012,arXiv:2305.05658,citation
ec783473ce69f5a92104587aec23189206096e6c,arXiv:2305.05658,citation
f29e338a28c4e1d3f6c163bf45506ba4671d5fa7,arXiv:2305.05658,citation
0ebad08c67e9bb775bd0bd7a0c5acf7555679c2d,arXiv:2305.05658,citation
3f8d2977a7753f9a3b0b5d18e6bee6afb0028ed8,arXiv:2305.05658,citation
59f3cf13401b9cc45d0e5ad7ea525e1eec84cce1,arXiv:2305.05658,citation
56f87a532e2d5b90e6dc2c48da21fbbacefd4c6e,arXiv:2305.05658,citation
4ab2091901b56b2d94f0fd1e8d18de3469a618ff,arXiv:2305.05658,citation
157a4623a456fa4215883892ac11c28876ed123e,arXiv:2305.05658,citation
d291f736a53b48c95edfb213e8d2a5fdeed31dd0,arXiv:2305.05658,citation
1fb87b4561744945ca5120aa17d9ee1efb457f9f,arXiv:2305.05658,citation
38b417da54f173cf2852bf75dbf5f507a53b4f91,arXiv:2305.05658,citation
fc3819a50705fc3cf90ab92f2a206b858fef3b19,arXiv:2305.05658,citation
e4a2d462f85c48700ae63bb70611c46decf19da3,arXiv:2305.05658,citation
7f6cdece764b56262e910a801f8c133e6c27b7ab,arXiv:2305.05658,citation
dfc0aafbcdbb9fe991dd27821fe11a4131af315b,arXiv:2305.05658,citation
6140211405f9917ded519da50f00eee989eabd7f,arXiv:2305.05658,citation
56cf87190eac341022d94dcbfe438288ea7094c0,arXiv:2305.05658,citation
fbfdc403d6a9422eeec926aa4fbf16f6113efc3e,arXiv:2305.05658,citation
1b29326d5c4ae8ba833b8571e8dfa5c8471bd29e,arXiv:2305.05658,citation
3f8fa0f23d844952648446cf1d9f3093feb6ac06,arXiv:2305.05658,citation
ffc69246cc4b6c52efc02f22389dc8bff5ceaad0,arXiv:2305.05658,citation
49d25cd7adc77ad36c6aef38d37eb2a7e1a0968b,arXiv:2305.05658,citation
2b8324de268eedb364fbf39b4251924969d425c2,arXiv:2305.05658,citation
5e21755c1645e657ccd0f25b79f85711e6338e01,arXiv:2305.05658,citation
498decc50ccea9293f63a98c30d7c3439be074b7,arXiv:2305.05658,citation
a2f1b49c7d909e5a40d0f9ff773a4e9ffe018fee,arXiv:2305.05658,citation
b14182c27a043daa061f405b32a99f4e9fdb7678,arXiv:2305.05658,citation
337f421a364a6fa8ca423afd627bee2426f69395,arXiv:2305.05658,citation
7d884f1ff991eb9fff7bf31fa006196e58934b8a,arXiv:2305.05658,citation
99e52537a642dc05c152b68a774cdb7c20ed4693,arXiv:2305.05658,citation
55dd09192d0b70fa2b2ff0959f93ce9f2d48b779,arXiv:2305.05658,citation
69bd74825d49667898ba823eacbf1680b405a83b,arXiv:2305.05658,citation
316aaca2b691c350aba317a392a603f304d7926f,arXiv:2305.05658,citation
c62711f6b5d8620ba36bc2c378ec6ab53f6e197c,arXiv:2305.05658,citation
cc25dc73b0a479094744b2cbf24e84d0b109e4f4,arXiv:2305.05658,citation
a2f44031dfa55f6da176955bcc37aac726de3a00,arXiv:2305.05658,citation
20e034573ef44c5bd3dd77dbee9718aeb6c0bb19,arXiv:2305.05658,citation
0f82929fcfc9958d442009a7d50e6794f024b7f1,arXiv:2305.05658,citation
99667e97984f797d4d7808635ef99c788410edd9,arXiv:2305.05658,citation
0cabeac657bb215d9ca581d0069a6f5bc1b80d3e,arXiv:2305.05658,citation
50b59143bf3469f082b2308fa394bb6d55091a41,arXiv:2305.05658,citation
14a960597c013e4a3ce8b52119f8e0e3b9171337,arXiv:2305.05658,citation
40df8b43583aceaa48e7e4bd789071e2c7cc0b1b,arXiv:2305.05658,citation
ae8aabebad0c3ecae165ec05c18a2072ed360d1e,arXiv:2305.05658,citation
b208f4e13a30c4e575c8f084f2e438b88c51034f,arXiv:2305.05658,citation
b783168c885ecbae0fccdb46ec8e9afd0ef99b7f,arXiv:2305.05658,citation
e86a0320e4e22b5a4dc673fed10268cdce520526,arXiv:2305.05658,citation
aa5a4d1e014f1900a907ecd464218a272f883ecb,arXiv:2305.05658,citation
2c3a4099a62b4bfc2cc69692df8f0d8f98aed7c1,arXiv:2305.05658,citation
9799436d3bcf04185c224543bf27737103c35154,arXiv:2305.05658,citation
755853c6b30f5a186131e23a63c68a3f2737068e,arXiv:2305.05658,citation
ee2e0077ec46704f2cb930958c9bf3739a904227,arXiv:2305.05658,citation
807abb9c185ce233e2c8a2fcee49be851a1c968f,arXiv:2305.05658,citation
316f980cfd2e217234386166a46eb080bf027cdd,arXiv:2305.05658,citation
8b0df4a0c06dcafb22ac000061766f77bfdf9e4e,arXiv:2305.05658,citation
b3eea15d7eacb33e6f8e6b7bc10961b64d23081f,arXiv:2305.05658,citation
b194e556e9d5c609ce849c60241e368604404e54,arXiv:2305.05658,citation
b24488203f61e413fe2497957a33780e149b6feb,arXiv:2305.05658,citation
28c6ac721f54544162865f41c5692e70d61bccab,arXiv:2305.05658,citation
5e4597eb21a393b23e473cf66cb5ae8b27cab03e,arXiv:2305.05658,citation
fb1c5598a43cb3a8d0e4b4f453ade718948b22fd,arXiv:2305.05658,citation
38939304bb760473141c2aca0305e44fbe04e6e8,arXiv:2305.05658,citation
5a52c09e88febafeb7e0e8485b06924443d97ab6,arXiv:2305.05658,citation
584ca135b61482fd89247113da87d784f738dbfa,arXiv:2305.05658,citation
66dbad3c6970972eda62b67d9f551caf12610b03,arXiv:2305.05658,citation
a836ea129e926e32ed7340148cbeefff91832203,arXiv:2305.05658,citation
ca31b8584b6c022ef15ddfe994fe361e002b7729,arXiv:2305.05658,citation
c5d18dbb92d0cd5393baa1e69de33d6922ac3e57,arXiv:2305.05658,citation
e418bddc14666671c4df6a9747f39f0f522a1bad,arXiv:2305.05658,citation
92930ed3560ea6c86d53cf52158bc793b089054d,arXiv:2305.05658,citation
df710c46594c04fb59ef9a93d3b4e1cb387a1b2b,arXiv:2305.05658,citation
d1500f1dbd62e26ef0753f31e845078f58479968,arXiv:2305.05658,citation
0aabe33217cfee4f25b8bb16fa44f843ca181934,arXiv:2305.05658,citation
ba0ba7a67d169345c7cf0143e9047d9c2b0448bc,arXiv:2305.05658,citation
3b0c02955e88f5862e61b560c7f70ba8cf235b1d,arXiv:2305.05658,citation
66b7272b9ae1fd3f7cd66b2a5c69e43a29b2660f,arXiv:2305.05658,citation
c03313fe8a59a2b8a9871b5226fc971fccbc2ba9,arXiv:2305.05658,citation
a55d0bc16c859b2417158dfac41fb9756a77b3ec,arXiv:2305.05658,citation
dc135dabef805c7271f53ec4b212bdf8996cfd9d,arXiv:2305.05658,citation
f0460f0559964068b23894fad9ef56b27493aa4b,arXiv:2305.05658,citation
80be1426825288ff876acb8cc0babcc6629fa644,arXiv:2305.05658,citation
9dee1aceb09f7d4c22fdbaf49d238e1502effd1b,arXiv:2305.05658,citation
afc5092a4116f27b4c64733c7815cd662bab78f7,arXiv:2305.05658,citation
692bc40edf4785d88c39e0c0fe9f270541fecf8a,arXiv:2305.05658,citation
d6d186c79b7395d14d8228d15302382ff7eb95f8,arXiv:2305.05658,citation
e6372e67cc0826e22410c45f3562532cafa12852,arXiv:2305.05658,citation
8f2d4758e6d525509ae36bb30224dc9259027e6b,arXiv:2305.05658,citation
e4be613cc875e61b8c1c6c60d958f1c20d12d6c0,arXiv:2305.05658,citation
fd1cf28a2b8caf2fe29af5e7fa9191cecfedf84d,arXiv:2305.05658,citation
7e9c5a6355e10f2970b84959a13dfba7b61bfd82,arXiv:2305.05658,citation
865110f8bf25fce3d7ffe54666b33fe7a7d97760,arXiv:2305.05658,citation
0e04b1d63089e0a657dee6c25777da1a92a84a9d,arXiv:2305.05658,citation
6cbe0460b87ae57b131a10af26b1fe5dbacb32fc,arXiv:2305.05658,citation
939f77089ecc4b753b59a44fa42afca1374a4af1,arXiv:2305.05658,citation
76ea57995c225d1c2350a3400c721ae8dc7f0cc2,arXiv:2305.05658,citation
185ead29f4dc3257ec7880c7279d8cf326405ae7,arXiv:2305.05658,citation
982a87556e1d8fe10321421e8513d99a21703448,arXiv:2305.05658,citation
144b84a4d187081f5a7e22e421db17625a8f27f2,arXiv:2305.05658,citation
e95b512bb41e63f72619d40c7515ef39fc9ac0cc,arXiv:2305.05658,citation
8918ed27489ab267be3ee75573540dce4476b981,arXiv:2305.05658,citation
9e341f1b7a2ce482e7f6bfd835a3fd2c3ec2e38b,arXiv:2305.05658,citation
6a5d2658d30632895c17d0a903d238bdd3a38ee7,arXiv:2305.05658,citation
2cab12c9866a67c6bfe84271d251ca1fc353fea9,arXiv:2305.05658,citation
3645ce45644d8dc424d2e63456053ca0c8b681e7,arXiv:2305.05658,citation
7f97dd10e5bc769670fba91814b2e57634456de8,arXiv:2305.05658,citation
a3711dbf296b5ddd97ba93826660cd3995611625,arXiv:2305.05658,citation
6b80c6e220ca2e2434f5a80b2eb5e8b645e97ae1,arXiv:2305.05658,citation
d443ba5bbd47407c7e10df16d6a58c60badeb1e6,arXiv:2305.05658,citation
178a329e4d7e0e7073e50460614b66d193c4db5f,arXiv:2305.05658,citation
a606e36c2304eaf40983b1768a68d35dc978bedf,arXiv:2305.05658,citation
7d0c9227ed5dc39b40b129427096d901b1b275d3,arXiv:2305.05658,citation
baeacaf85d2a1c23cc58d0436440e25f7c20c546,arXiv:2305.05658,citation
24de1048791bac4972ecc16d1c3c1de23691407d,arXiv:2305.05658,citation
2dee0c8cff44732b9c5e10d510e1402c42395f26,arXiv:2305.05658,citation
a9c802f0731234b0264e6db801e12151902e44d0,arXiv:2305.05658,citation
8a80e38fa7e5b6ed3d2d6a5cc595f082359d8b9e,arXiv:2305.05658,citation
8d8f8b1523a68aa21864ff9770e2e5ce2fb8070b,arXiv:2305.05658,citation
1dd66d1a04fd32ba4499e357f6b6f7dcfad99644,arXiv:2305.05658,citation
3aba2fc6819d150f103a885d36d412e28438c793,arXiv:2305.05658,citation
b95a3525c68c1abe7f737c36621e63d45ef91775,arXiv:2305.05658,citation
fc12d38088bf95c905dc1db51ab4da17ad57d29c,arXiv:2305.05658,citation
8554d791c144d16066f5b2570c12ccaa44486bfe,arXiv:2305.05658,citation
da889b33ca1db8a3479d24c912cc95f203f5a712,arXiv:2305.05658,citation
73f838535ee4c31806eb1c5b3fa22d106e64cbf5,arXiv:2305.05658,citation
1d45311a591bb72e80097785a3872128d99f0a90,arXiv:2305.05658,citation
67059524ed6208cf5d774ef4638ad35f3e47d03e,arXiv:2305.05658,citation
36c55b435803d8eb7a749ef8754ee041089f7b9b,arXiv:2402.07841,citation
09338548684f4622d7d352e41ddfaf07de9ed34f,arXiv:2402.07841,citation
ebdd672029494dd0f95267215d6b5e2de64fbb47,arXiv:2402.07841,citation
cd36424dba678d8c7ae404ca9ba90cb8702d175e,arXiv:2402.07841,citation
ae49361e889af96b50f5422a8a6010a313a3f76b,arXiv:2402.07841,citation
3f1009779a38dd7e154e295ab78157d1102d8825,arXiv:2402.07841,citation
42ef6e5ec29e53fa091abb78473ec310147ea6e9,arXiv:2402.07841,citation
0af99fac300a5477adbd9f7e1f9de49cdfde751e,arXiv:2402.07841,citation
5c94b6b6f06b5a7330521d3352c0d3fb06582795,arXiv:2402.07841,citation
c27dd24c9d8ee5ec5dde4e11ee8ae32da0b84155,arXiv:2402.07841,citation
adbf738c29bf486f7f8333192966401a01431d14,arXiv:2402.07841,citation
3b332788604c4ce0503a7cec6f13c78c162c937a,arXiv:2402.07841,citation
723b4e265c97b826e517df48ffb3122267b63839,arXiv:2402.07841,citation
8311ea647c45c487942271a985f1ef13c397049c,arXiv:2402.07841,citation
9fa146d6fd67d56cb718b41b42815cc9906c01f7,arXiv:2402.07841,citation
c883f7295ecc3de3e82658b82db43d1024350b1a,arXiv:2402.07841,citation
a51be61084c5d7bc5e4e59ae03d7af9259390ef3,arXiv:2402.07841,citation
32b4b0bd989bffd9f77892c3129bc85b8f1d2e30,arXiv:2402.07841,citation
a8d18d2c2322d25a1caf2a4567db4777b139aa1d,arXiv:2402.07841,citation
a37c0e929bf8a9577f118cc34cb2233c8b9c06e9,arXiv:2402.07841,citation
e28afe8ef5228cbe2b515971f2e8bcdf729c2e08,arXiv:2402.07841,citation
81f4a71cefa64eabcc5ad0723d44521fbd7542a0,arXiv:2402.07841,citation
244b66771414205382260e0a40194e54f5f7c224,arXiv:2402.07841,citation
bdc2438ba52c2c3088a8ee62f79960089fff536b,arXiv:2402.07841,citation
c8ec0dd4fdc569d9f4fd984c637d841b4b1e3704,arXiv:2402.07841,citation
c0145618dfc5c2539a3069ac9173682202c318c5,arXiv:2402.07841,citation
228aa8e0e548f542a3683ae735c99ec392bd97fa,arXiv:2402.07841,citation
422e189519c802ae4c5eed1831ada64381398f7e,arXiv:2402.07841,citation
e0c9b19ca08124e2f7b9ab99d6741bd9bf2505df,arXiv:2402.07841,citation
eb5d1d488dfee934566e51afe22d41f13b603035,arXiv:2402.07841,citation
1367639189346e7bc39fd5e383705188554003ed,arXiv:2402.07841,citation
adaf2fc01268271e8c8aeac1f2b82b59d72d28c9,arXiv:2402.07841,citation
885d24b0f80fde85001900cae52cf982190dc68d,arXiv:2402.07841,citation
9886283a9aaa1553bd5860229ccefa1210eda88a,arXiv:2402.07841,citation
9cf20b5aeede51845d20601ccbb939085fc4e631,arXiv:2402.07841,citation
1ad7c8e3a428381da310cc0e000027777647718b,arXiv:2402.07841,citation
8ba39021c8c14a13664fcb14f9c37328e0995168,arXiv:2402.07841,citation
b3b0110141e4f64c57433e0c13aee06305c36012,arXiv:2402.07841,citation
a0fd19141f229ca2b57934008ccd68a7f9cab8ea,arXiv:2402.07841,citation
b8844ef99382cb183a0cde2634b67071d7b44d4e,arXiv:2402.07841,citation
b35eb65e6eef7242ed89c2293084917e63c51042,arXiv:2402.07841,citation
6d2203be2ee1cc25c08d210dae8f4f7f6e6d6394,arXiv:2402.07841,citation
cea2e7f580b9c0d2bc17ab461d9f379080aa4951,arXiv:2402.07841,citation
409704f33e5146418b211212f88b68b13a58b130,arXiv:2402.07841,citation
92c7e90d006c59e20f8ba093fd04189563dc474f,arXiv:2402.07841,citation
014a155f1e94d1e68cef0bc74cfd5969b19eb6b3,arXiv:2402.07841,citation
b2b36967d67468323d671239c5baf9d94a30fd4b,arXiv:2402.07841,citation
ed48788fc9a55fea339c73950345cc1092a477c8,arXiv:2402.07841,citation
ab71661bd331411cedb40b58f40cfee6acd82f43,arXiv:2402.07841,citation
d3066e27a84a21edf1808a54b8068260d69a15c8,arXiv:2402.07841,citation
98c599ac7c9d33a01f896275481e0fd6dbb2201d,arXiv:2402.07841,citation
f6f6595d50eb83b682965d600880b4824c6bd589,arXiv:2402.07841,citation
48a3d8e3f9be0b8147651aa4b83911daf9b6c310,arXiv:2402.07841,citation
71023a7fc7bb935eecf8d083d19f4b603cb2fa60,arXiv:2402.07841,citation
f679b1b2f3c170323fd386faff2d754a8ad5e0fe,arXiv:2402.07841,citation
aa97c34ec0f52a823c89f7e5faeecdc2b67b1443,arXiv:2402.07841,citation
57a74c1927a8b174fdf11f1a684f6bb3204068bd,arXiv:2402.07841,citation
d1006b6233f86e67ed2283c084e1dacfbdc3e71b,arXiv:2402.07841,citation
4699fcfb6956dcfd4ed53c7771c919f640aa9733,arXiv:2402.07841,citation
4c853fcc978494ac50e7352124c36ad9e4dfa32f,arXiv:2402.07841,citation
afe0a890034a501931cbbfee1f4a25db8ee78032,arXiv:2402.07841,citation
d5cc34d50aa3ff66da2b3dec86894bfe53bb47f6,arXiv:2402.07841,citation
4af7ef26d5efa62bf961087199bed3a3c8f1e653,arXiv:2402.07841,citation
2b9d1145a577bc6d693687d3858ea2ffe98d0cc9,arXiv:2402.07841,citation
e1eb9a172c6c285180d1cc1ed626b80c4e5fedd4,arXiv:2402.07841,citation
2f8917d5bead2e011a00c33153e8deb2027756ee,arXiv:2402.07841,citation
eb8d97378c2aa78dc2ade95b6558dd8a388efb12,arXiv:2402.07841,citation
5ea440a2ff384518a222989205d4729f0363a80f,arXiv:2402.07841,citation
a7c3be493781b8c8404869db17420a970bbfb452,arXiv:2402.07841,citation
32d01d0710586a50b95d12f504f94d7310a208fe,arXiv:2402.07841,citation
3176df31e49bd84070cf5948bff314eee944011b,arXiv:2402.07841,citation
649fe1dcf25a155d85861a227e538e24327552ed,arXiv:2402.07841,citation
87ead935b429db41f75441acb80dc07e4cda4275,arXiv:2402.07841,citation
19ee16e41bf212750e865f9739cf45b135f7c224,arXiv:2402.07841,citation
72a4c61ca03caba8e4f15e475a9df8c39ab40ea5,arXiv:2402.07841,citation
0f430d226207b07f217b466153e518ba3c592d64,arXiv:2402.07841,citation
178cfa06265e521cfe02f94a5c4db7460453d04b,arXiv:2402.07841,citation
5fb24db7fbc87a088b6b13f03d732ce6d6be86f2,arXiv:2402.07841,citation
190169b88f0803e2a6eeb311703ea421461cf3fe,arXiv:2402.07841,citation
5d0b6d98cea65852956e23d8e30c2aebff62c083,arXiv:2402.07841,citation
90d740e9224c4e02d61258a1e316b45b6a41d1a0,arXiv:2402.07841,citation
e200a8dd8ec0cf53108a3e9bcedadaf43b9ecd4a,arXiv:2402.07841,citation
e9370cf1197c9a2005748be8e22308e98b6dd811,arXiv:2402.07841,citation
8f02b8855cc64c8960884e96acd2f466ecfe9077,arXiv:2402.07841,citation
3c8e99cd561b39634afee55989c2d40bb67337cd,arXiv:2402.07841,citation
045152f0fce8c293eca5e39bfa8186d21b031a4f,arXiv:2402.07841,citation
00664799a2debc6a0b67d128daf88c0cedad21a8,arXiv:2402.07841,citation
a4fb9ea9f9e8b0a4995512f12f84e4e01c0cc50e,arXiv:2402.07841,citation
5e1a51f64a520238ed32c54cce0aafdb9386b496,arXiv:2402.07841,citation
6dfe7e4d78bac586e895d451e190b0bba055547e,arXiv:2402.07841,citation
68bb0cbe1d9d209fcbef96949da728f42063b73a,arXiv:2402.07841,citation
11150a4fd8d3e138915a1d8f9bb4151a37fb331e,arXiv:2402.07841,citation
3e1d812a1ef4b02b7d60020cc8aaa596d28373da,arXiv:2402.07841,citation
dcb5695cefd9a8146abb5a99988fa7635bb307af,arXiv:2402.07841,citation
b42d9aee2c49da6b958044387eecfa87564d7f08,arXiv:2402.07841,citation
d18c790f1ba81b7f51a17142a4b2d129c373035e,arXiv:2402.07841,citation
4959eb22ceed07fc82eb26a5a7190ff718529d55,arXiv:2402.07841,citation
b1856118892a5e4258629a1ac420074d55393f5e,arXiv:2402.07841,citation
60339928e2d651981b076d823f6c4239ac62f0cf,arXiv:2402.07841,citation
e2c0c0bce9320ca14b6e936e24375f1682d1fb97,arXiv:2402.07841,citation
2f906e35988ab458ea2232759eb6cace0c53985c,arXiv:2402.07841,citation
d86df672da3479c68cbdfce85b0560ab3264fe3f,arXiv:2402.07841,citation
8cf8d81ce2a52dab7aa185941e631b3c706fd845,arXiv:2402.07841,citation
9cc0752896f06af7fdeeb2df993c77081e31a9e0,arXiv:2402.07841,citation
99b364eaf55295f53f6afaf6fce7c61dcd567eb9,arXiv:2402.07841,citation
c438dcb2b3d7e1a9cee8d9b1035b96c39b53941c,arXiv:2402.07841,citation
bc942c52f9da27dfff30e3fa68bc9726e9548888,arXiv:2402.07841,citation
e9ca59bf8b5506ffad82dc1e90023d3861a12ed8,arXiv:2402.07841,citation
34a09e1bb9bde4175755e20efe7bc98f2bfcfa57,arXiv:2402.07841,citation
32fdc2cf900e1af1acc4264f312a55c1de5879d3,arXiv:2402.07841,citation
2193d01019909565a04110605b326e393d1c4158,arXiv:2402.07841,citation
a9619d3286cef8bf57d291da5fb0007db6dc2e44,arXiv:2402.07841,citation
e762f8b184ea824220094ca4c8b7807036992044,arXiv:2402.07841,citation
34e40d61b093ea3620ef76abebb8053c8038be10,arXiv:2402.07841,citation
21dc5aa608721f7e8a09e7dd9de8e48a71d9f0c9,arXiv:2402.07841,citation
5b413056bd5b04f1212812d0a3e19f0f4fa68100,arXiv:2402.07841,citation
0808c5f223fed1a2093b9a287d1e3fec807b145e,arXiv:2402.07841,citation
50a78ce0151b551ca7287ce946e44b2cd5b8a684,arXiv:2402.07841,citation
13f2985246d6b91f788bb222360a199967af32c8,arXiv:2402.07841,citation
a58112381efffe6f1b43f8b663a5d30a2ff27eef,arXiv:2402.07841,citation
2ff316ad8bd0bfeab6f6a00dfdfeed57a793cfe1,arXiv:2402.07841,citation
7b9fe305e85a5804ad64fbacc00b43e006335980,arXiv:2402.07841,citation
46c295a02616143e5c05924df5f94b9261a3e7ea,arXiv:2402.07841,citation
e472563c4816a2c70aab0652c184087f3cfd2bda,arXiv:2402.07841,citation
1359b818543bfde35f0966b74612d18ae28ca41f,arXiv:2402.07841,citation
97c17683dbd3bea6972b93f5ab8ebb208b344ee6,arXiv:2402.07841,citation
8a6f2e040e7180bd9574f0297305ce580f3c215d,arXiv:2402.07841,citation
d0b02eb4f0d3efd884b49450efc88145bdf49abc,arXiv:2402.07841,citation
9d9410a4c920b30de88f5f767af4e732ee285dda,arXiv:2402.07841,citation
7d19fc3de6e3365993fc8ba4351511fe2c07e80d,arXiv:2402.07841,citation
5b5e8b284cdf9d6474447c09a42292513338935a,arXiv:2402.07841,citation
fec455cd5798dfcb70e741d76c88326d20d2536a,arXiv:2402.07841,citation
d3d58b437742f061a1488179afc9900817071803,arXiv:2402.07841,citation
d4a11d1d11fb94e828c800e9e19eb76e2d2f7c3e,arXiv:2402.07841,citation
b30cadaa4d99cdd80d8f2309e873452f24cc51bb,arXiv:2402.07841,citation
449ec2410c0faa248e0957d69ad0627ba1e545ef,arXiv:2402.07841,citation
30e2a052a36ed2feff4a1a437c5295a6458b9dfb,arXiv:2402.07841,citation
325bdd8fd3dce49901dca12fc7a32d311e07155b,arXiv:2402.07841,citation
c9830097e1d226fb80e68eb0b8d7670e921ad02f,arXiv:2402.07841,citation
061c80cfe3bea0e94f128ff747b34c2615542f75,arXiv:2402.07841,citation
9c6edf52063c879dd877adfdb5ca4f9db43eabee,arXiv:2402.07841,citation
67e10425995d0c1b19e3935ed43f8473e05a6682,arXiv:2402.07841,citation
f55902948bfeb4ba61cdc600b01c0923c2ec576d,arXiv:2502.17419,citation
96a1ae1ff9cf6469c1d169422771c417e383c99a,arXiv:2502.17419,citation
271ee5a410262dc7ca5182c7177c6a648ac9f367,arXiv:2502.17419,citation
d7efcc3ae0213e4c6755b8469048ebcf141fbde8,arXiv:2502.17419,citation
b19445c894634e1fbb2c61e3b6fd51a2a7fd47ae,arXiv:2502.17419,citation
60ede7464454260a047fae294c928a73405180f7,arXiv:2502.17419,citation
6958f9d683d8a5161c7f50cb97c8e5448596420d,arXiv:2502.17419,citation
c202eb22a920247a1b2889ac595b38e0255c9b48,arXiv:2502.17419,citation
77d2ab404c83a4da827ee5e55ed1049e3d3d85c6,arXiv:2502.17419,citation
930519e8ab19ea000b7b7f016fc6aa6714412b62,arXiv:2502.17419,citation
9c899c2628827ab15a5a6f11fafd788961008bca,arXiv:2502.17419,citation
4afae15c4ce642eb695df65ec4dcc47079c8b458,arXiv:2502.17419,citation
839c2784d49a931af837ae85a2d8cafc6d3fb7d2,arXiv:2502.17419,citation
c677c62c1084ad3d2ded0a9a70d8eb28e5315733,arXiv:2502.17419,citation
abcf4ddcbca58376f2541f5821d75d0a936d8e14,arXiv:2502.17419,citation
184f0682b0354803744a16db8557a35d2fd037ad,arXiv:2502.17419,citation
84108c49aa7cd654b3c78721c9cbe2bfae41300b,arXiv:2502.17419,citation
ef1323edde55387bd23494d6b3296e8c314478e3,arXiv:2502.17419,citation
e13b6230efe460e25b0a202a484d0fe06c6bfba3,arXiv:2502.17419,citation
2e12bbf984d01f6c5dd0fe7a61fbd70fa7d5e472,arXiv:2502.17419,citation
7dfa065486569e04b9bed385b734db8f95754043,arXiv:2502.17419,citation
63fc4f619bab220bfd5869b55d4feb6384283e64,arXiv:2502.17419,citation
f7fc5ebef4a46552ae5cf106ff4d40c9f5f2e1aa,arXiv:2502.17419,citation
10a37545ea88efce446ad3f4089824a01f2ed576,arXiv:2502.17419,citation
8bc2cfb040e488108b78d99257a8579632ac9729,arXiv:2502.17419,citation
11c7a2701cdf3ad84e0c2f707c59fc4832f09fe5,arXiv:2502.17419,citation
3a862efc1eac2ac9c1aa6ba04266032d210f7f49,arXiv:2502.17419,citation
94db68629d38d65ce4cd46e2b9c14f2de823d600,arXiv:2502.17419,citation
a9dfd2dc17eb5ede0ff21bf53b092c38dca000bd,arXiv:2502.17419,citation
380d16cf4bb443bb01749d6aa50cebdc7b6266b8,arXiv:2502.17419,citation
d162c0f1682ca88fdc07bdbfa429b245ee51f4d7,arXiv:2502.17419,citation
ae2907379d61d2677b27855d51d793219dafa623,arXiv:2502.17419,citation
f0301bcbdc87883911ffef88a0a970bcc601895c,arXiv:2502.17419,citation
1f58afb3bfc2c4581f1a2c4f051d15f11d2c357a,arXiv:2502.17419,citation
7dbde77b268d8df57210ccc69fac37e3375a5595,arXiv:2502.17419,citation
ad8d4c717bc0448de8e86deb637e5113cde2685c,arXiv:2502.17419,citation
23cd5b22f89cb63442e78816abecb53d9c2cdfcb,arXiv:2502.17419,citation
5cb793eb15e95229cb2ba73ed1a14c8ab53a99b9,arXiv:2502.17419,citation
e9c89ddaddf77ec25b62ab7f811bebdebcf0f570,arXiv:2502.17419,citation
23093984b47896ceadf4489276d8a7a4410b0177,arXiv:2502.17419,citation
bb525aab2e9e86c6ed324494c4565c05946d67ae,arXiv:2502.17419,citation
3e60652a07f25db9fb713b61081798b44195fcd2,arXiv:2502.17419,citation
ab5f2d43b882fa3b71507541d2a2048c4710f695,arXiv:2502.17419,citation
2f73cf828cab8e9e4c2b67018bf8c0085fb3c681,arXiv:2502.17419,citation
ee26c8ca8aee85141075782bcf4d5baa8c4f61a3,arXiv:2502.17419,citation
a29904e740589b5edd0bdad3b2125f4fb88a9b3e,arXiv:2502.17419,citation
286abca1b4ff534425c87bcca600b14438f4ed0f,arXiv:2502.17419,citation
d6a896b7b3acfa5edfe75cf4586e1079425598d0,arXiv:2502.17419,citation
db25f39673889a3a48c58e4d24b6fa2a11d4ca53,arXiv:2502.17419,citation
2e138f801a2f27b59f0c05e15e7c9a7a3ee94039,arXiv:2502.17419,citation
2f5c716d45d91cb0a55becbaad0b3349b22033bf,arXiv:2502.17419,citation
ac1b1b4605c15a1c42468fdd45b299ec74b22281,arXiv:2502.17419,citation
188110d516632d032987bc79454fa17622095577,arXiv:2502.17419,citation
e93a58bdc30d36f342ecb83586e6152f565aa015,arXiv:2502.17419,citation
b593b3d41cb300900f7bf86f742cfaad7f8d3c1a,arXiv:2502.17419,citation
a47c9a79a9cec3543d8189c47ea1fc8fce633ad3,arXiv:2502.17419,citation
54178fbb81a3ccf811eeb7891fc9d830f6ac21be,arXiv:2502.17419,citation
8e44a535c4712b3e7a7d857296a8f91997837829,arXiv:2502.17419,citation
2da9163730998a4368c609972ccff0582518b36b,arXiv:2502.17419,citation
88a01583bd2601939df885d6573d1e0ce79c42d8,arXiv:2502.17419,citation
03355e7a5534ccc16f334a25834e01a2fbc8c0ff,arXiv:2502.17419,citation
295e035ad5219e4d29b32cedd482cec4d9fdc20a,arXiv:2502.17419,citation
d8f87bbbcb671ef9d19e504b5363aa9154af1dda,arXiv:2502.17419,citation
8af840eefb8b4807fae92c3ca016b8400afac109,arXiv:2502.17419,citation
06f86ef643099e23f102797c355d8ef89ecf01d8,arXiv:2502.17419,citation
6c3c8a17bd3bf72d9bf8ce6d009d203363faa1e1,arXiv:2502.17419,citation
d4117fd026c574e95cbbb74f03034bf66de79951,arXiv:2502.17419,citation
69c6519c479925beb6f376cd3e4a3e94c69ff54d,arXiv:2502.17419,citation
b4f39231109b9fed59a33bc54ef6a2922761bd41,arXiv:2502.17419,citation
6c5792b331dd8ba6e2bfcd83c38187cade600178,arXiv:2502.17419,citation
5fa96579b00b0672b71a5accec188fde37100f7b,arXiv:2502.17419,citation
70246bac9e8fae4d7e7edfa5f0495c25babf2477,arXiv:2502.17419,citation
b00bf6242d2a7b9455080330b31be29d8c554ab8,arXiv:2502.17419,citation
cf92906ac18467b2bce3cf1cbd77bc4ed1201352,arXiv:2502.17419,citation
bbac26c776bd7312c6051e8abf39427e2f61cd88,arXiv:2502.17419,citation
259793065cdac1d364e13ddba1e45b3436079a4e,arXiv:2502.17419,citation
ab683c941931da5c6351679cb346e4d1ad5b63f4,arXiv:2502.17419,citation
902455678ebc1e8e8ab8dfbc486b41703b6022e0,arXiv:2502.17419,citation
85f4ce3132c48ff7d4fcbe368d9f036d51bc4d5e,arXiv:2502.17419,citation
a4c29dc3857004e054e93eede078f132946dd3cd,arXiv:2502.17419,citation
634db59944bfedf1ee706542d82a82f1f274a169,arXiv:2502.17419,citation
0a646808002d3a629c60330178cb5b85fa6c77dd,arXiv:2502.17419,citation
6c056139e892f608414f78c7f4aa86c142b2a899,arXiv:2502.17419,citation
92bdc387d53b6ab42791c0168e13beb69c79130e,arXiv:2502.17419,citation
2ec83e81e7dd800480dca6a480962a0382faf659,arXiv:2502.17419,citation
b0213ad28d26ee5620f66ea66a810c3014671479,arXiv:2502.17419,citation
6e77f540dd17d7dffc59dbd3d6faba7905b0c82b,arXiv:2502.17419,citation
0e9dd674e20c59a7a78e3eab30e3881632c0bd9c,arXiv:2502.17419,citation
02c236d87e442ffac300b4bc83ccd7d277ec1baa,arXiv:2502.17419,citation
c90577d8f0e9d196fc8fbcc6c702002393a19462,arXiv:2502.17419,citation
74dadd23073faf65cb767f1f9467a0fc965ca7b3,arXiv:2502.17419,citation
f0b8441f79ab0df2c11543cb7158766e51a80c75,arXiv:2502.17419,citation
ce1e092ea320425154a40aea138a19ab67c10a39,arXiv:2502.17419,citation
e7413e81480e233f1d2a310ffad0379370cde899,arXiv:2502.17419,citation
7cab61a4d24a6e10abaadca758824e078e790187,arXiv:2502.17419,citation
f6ce4c3ed205fa176dbea545b1972c423e1ad86d,arXiv:2502.17419,citation
8cc2090302e6e2bd416232ed58fd35e73f7bb30f,arXiv:2502.17419,citation
7e719493daa836347de89e8b6b505e389b901524,arXiv:2502.17419,citation
7421c7342a15c24fc57832be4af7bd61d8b7927c,arXiv:2502.17419,citation
4a3e43c146cfeb8a62cd45de25af1ea41cb48b34,arXiv:2502.17419,citation
ca39d564e30c35ccc95546272903674f89e5ad0f,arXiv:2502.17419,citation
06c81c193d6dc430c9aef6464492dcd16b58dbf8,arXiv:2502.17419,citation
235de042668f48ba799a2d2c5c86f403f8b60d2b,arXiv:2502.17419,citation
8c980f08927b49b441aedb5337762d9695a11ba8,arXiv:2502.17419,citation
49c9cb98191a875b86fe993c0fa79acbf776bfa5,arXiv:2502.17419,citation
94eeed84763e7aec0b50ec8ab17636682b494e93,arXiv:2502.17419,citation
f6754774176b8d923a52d771d5014e1e18d581b5,arXiv:2502.17419,citation
dba003229a5f2929dbf9e2dfe7f2dabbc822cc43,arXiv:2502.17419,citation
cc2d94962af803420dfc1343b23f3179ef4880fb,arXiv:2502.17419,citation
7a9e3331ec3f9a178f4cde6900e8a039186c4ff6,arXiv:2502.17419,citation
4498da48efabfa72f4f13b43b0e9a4637278230f,arXiv:2502.17419,citation
9e9e4e9c5a7c6307598a9b63c9e255d6c7eb10a0,arXiv:2502.17419,citation
483410b9bb7bf3f6e835190e4049d9c39458d201,arXiv:2502.17419,citation
4ce8ee4c376cca910c497519abc31de48f36194d,arXiv:2502.17419,citation
cbd4012c8934c97fda6afd96ab56f0d115ec1840,arXiv:2502.17419,citation
80581658e7c708c40e635a5360b5eca9a31eee1d,arXiv:2502.17419,citation
36b35bc8ea704f894ce776d27644baff5bc15f7e,arXiv:2502.17419,citation
54e4cdd3c9a31a9d5c324b96d26274bcbaf9fee5,arXiv:2502.17419,citation
23f655a7a596ab5f431ab9e18d5c641de3f8afb9,arXiv:2502.17419,citation
6c87274960ecabeb2d75c0435e29eea3cb6db01b,arXiv:2502.17419,citation
5ac754e6d6b0ea662b19e83f445aec8f03569e75,arXiv:2502.17419,citation
88637a2c392f1c185bc282d4abaccc221a0bb291,arXiv:2502.17419,citation
9b53d41c4bc710493cc8ec88716ae87e0eab75f8,arXiv:2502.17419,citation
7f6edb8a587d7cf5bbf44a3d48b174dbd89a48c3,arXiv:2502.17419,citation
fb039e97494769a6490ba23c0c04c10127be165a,arXiv:2502.17419,citation
090d0db368113a7258b9b26b05e70c8203244761,arXiv:2502.17419,citation
0bcc3208ee89b533fbe7e3bbed00b6ac2ef68b09,arXiv:2502.17419,citation
b5563fdbb1b7ced8b164e827e3c7bea0086ab65f,arXiv:2502.17419,citation
49e49c3d6071ed1ed108d4542b44945455c4fade,arXiv:2502.17419,citation
0b527c7d373dafb5cda98fe896b8a546d881a691,arXiv:2502.17419,citation
8d56d827c096ee0cdf38f90e289701ce7ac37d01,arXiv:2502.17419,citation
aa3517c664890cd36aee3cfff0f09d2645e373b6,arXiv:2502.17419,citation
37c41bbb0bdba7b014271c1a87c6084aa05c94ee,arXiv:2502.17419,citation
6e4f8278d12b52a87f4ded5ec596fe3a48a12caa,arXiv:2502.17419,citation
0b646c51489d6c0547707aa3c99fc71f62d33919,arXiv:2502.17419,citation
a05cc4e797611485208d14789b93c3b44b3d93c4,arXiv:2502.17419,citation
30d62e38ace7a0815f08a846d4ea554d48bf6c86,arXiv:2502.17419,citation
f32f1e5081ade1b0d82d588734b5c40537718a94,arXiv:2502.17419,citation
a3cdf5d2d5c53370dd6173b509438481e32a0419,arXiv:2502.17419,citation
1b330d0ba2cc6edfa911032340345b75a6248f26,arXiv:2502.17419,citation
a784d14d4cdb22e8388f3c79a07063259bd855ed,arXiv:2502.17419,citation
d673950816e7b8ed4fae6d562b5ef5a8b55133f2,arXiv:2502.17419,citation
891cc1397f949d4432a5a0602e3757e9e3610862,arXiv:2502.17419,citation
edd5d458e230bf36c2dddcc634995c454e2b9e93,arXiv:2502.17419,citation
43ed3d300cd78da518acd3f9bb07aae4c24da7e4,arXiv:2502.17419,citation
7fb67064061e1c2b8ed5b690d6c8e552f7cabcff,arXiv:2502.17419,citation
43a14690ac18376469f94646c861570dd3c585a9,arXiv:2502.17419,citation
4923e0686c6dc09b3f314c0695a8533ba31cdf7f,arXiv:2502.17419,citation
19886fba58c634aac5736c749e349b6c7ac8e9b8,arXiv:2502.17419,citation
6180615110d86033887d0dc4feebe8e8a162346f,arXiv:2502.17419,citation
bf71646540e6bfa07c6fa1a8a22cbcd09c0af287,arXiv:2502.17419,citation
d52ab22c6e8b6d994fb02e184736b1bd061f3e70,arXiv:2502.17419,citation
d44d62b81312bbae43992061596fee754e5b4d23,arXiv:2502.17419,citation
bcf22783812372d91e6417c1491b91101261208e,arXiv:2309.01446,citation
eff2a7e048d6f6e80381ab9feb8202ce837a8c4a,arXiv:2309.01446,citation
a3422cd07a95a9306c7ddf986fbea84c2a59d829,arXiv:2309.01446,citation
5521922a591fb57aec78aba994250041cdf30282,arXiv:2309.01446,citation
0a5f5fffbc0c92cd7ba49fcc1f2235e043001e5d,arXiv:2309.01446,citation
664b0ce39e67686286f1f9c53e22b66d04529a78,arXiv:2309.01446,citation
7d712b68ffa1e5b249a44f2ff5ae51685a3609aa,arXiv:2309.01446,citation
7e23cddeb101e20663d8244712b916342184eaa4,arXiv:2309.01446,citation
bda8d3eba82c5a9ec106de36f1995a34e914ba1f,arXiv:2309.01446,citation
86cb8d16967d4aa0b8fa0623b7c11742a06dbc1b,arXiv:2309.01446,citation
bc0d4fa9af7c68b560ae0a51f1fdf4d7209ad499,arXiv:2309.01446,citation
ca590b1b00a31f599702f90b5b44bef61a590188,arXiv:2309.01446,citation
a37c0e929bf8a9577f118cc34cb2233c8b9c06e9,arXiv:2309.01446,citation
52d3b192afcfd9cb391165dda1c820b5b9d8c3eb,arXiv:2309.01446,citation
2818ef5d5fdafa2760a9fa088e1ee362ad766669,arXiv:2309.01446,citation
d17177b32e061024305db031b4cb18ab9e82c427,arXiv:2309.01446,citation
8dd06edeab18e66c874460d44bd07746d1f0a9f5,arXiv:2309.01446,citation
aa12e22609d06b1093cb87fe095f4a08f0b0d5e6,arXiv:2309.01446,citation
d1d2bf6b946ec68603147ac5fb4f42d704b8779f,arXiv:2309.01446,citation
d7ac4be64d255aeafb77cbae7f30fc614c9a077d,arXiv:2309.01446,citation
a3a1612ad0d8f732a819296b478e3e8422d03d56,arXiv:2309.01446,citation
f9227f6f50e6045af08aae8ea0c9115b8da6df9e,arXiv:2309.01446,citation
536ab69dd05234c2bcbd7625c93186165fb954dc,arXiv:2309.01446,citation
4b615644574b3316a4a388a070c5e67a146c50ab,arXiv:2309.01446,citation
c7197286a3c66f644f499ff53899b30c5c4da5c9,arXiv:2309.01446,citation
8188ce10a42477efdf3b2fc287e1054175fb29e7,arXiv:2309.01446,citation
d24ebf14f1c9efc076c3ed0009e5c4c97f30ce63,arXiv:2309.01446,citation
0367bcfbce4a0db01d874e65d493b683d1a0fd22,arXiv:2309.01446,citation
dfb8aba657a61df76cfd22ad24acaafbe8ea099a,arXiv:2309.01446,citation
ce2b4434dc651a4e187bec16aa694941ec87af96,arXiv:2309.01446,citation
7274721f22399645c9d3f92c77c22c1a076924ba,arXiv:2309.01446,citation
86348cb407f69f24c22bf7ef4d76d8baed9aea27,arXiv:2309.01446,citation
cea8d03eb1506269f4192d77aff553c59e76d5ea,arXiv:2309.01446,citation
2098e70e436cb6ea7c2836384128b1cdf6775641,arXiv:2309.01446,citation
c57b3e62b75bf4eed451ff702bca610384563cd7,arXiv:2309.01446,citation
c1c0a89cc30aceb038ff770712636d103a3209db,arXiv:2309.01446,citation
1a72c5a99cb3d3943dd68db1a315ae309df3fbf5,arXiv:2309.01446,citation
bbd5d7577c5c2c6d0ec69b679690cc370e7032c6,arXiv:2309.01446,citation
d7c38cbaba550a7ba488f6b9ee804fbe007c647f,arXiv:2309.01446,citation
99c2801adabded8ab1a3f484e32f85e208742f97,arXiv:2309.01446,citation
53ce6e4e6bddb54d17eec3680722412eb2f24a4c,arXiv:2309.01446,citation
a0f92eea626a2aa697a83686b64f956333859132,arXiv:2309.01446,citation
f1217c5134a158c31afe6b1f57fc16f10014072c,arXiv:2309.01446,citation
5bc63f92d781e357e2142488fed382d79cfc2006,arXiv:2309.01446,citation
634f93bf3586174e915f78de7dc24f5e810f2843,arXiv:2309.01446,citation
5055c70dd9c4fa1ad1a6528ff29de6919c265ddd,arXiv:2309.01446,citation
471fa338a012998824bbc5b4f1ff627eb003a7e8,arXiv:2309.01446,citation
fe472d15e2fd294c5d871a5b316d6a74908f409f,arXiv:2309.01446,citation
1c9cfc4c659b5daae67d60a55030cf48cd572ce0,arXiv:2309.01446,citation
7a7a2121525afed503a64a7481e983c049f5cef3,arXiv:2309.01446,citation
0d57a75e910ff4161da920f49a99ae703f947c61,arXiv:2309.01446,citation
9eb6cd5a12b37b717061f0060987492e82fecba6,arXiv:2309.01446,citation
3880048f1790d8b99b213afed6c0ea0902f10ba3,arXiv:2309.01446,citation
adfc39a375686dbcb7f83e0bdddcf59f1ba69bda,arXiv:2309.01446,citation
2d4f3a3677b2eea15dc6bab81d1aab1e0c0776a2,arXiv:2309.01446,citation
3d7cc47f10a1b55e3c7af24bf43f7f9206fcda4e,arXiv:2309.01446,citation
ea6d88b4ba550dfd1d2ce1fa2bc628e57ca51572,arXiv:2309.01446,citation
1c80805893b30d2d779ecfbe236c2a1c32290dd8,arXiv:2309.01446,citation
6ed4f005847a08ebe01ee03f9b533fbf860ed197,arXiv:2309.01446,citation
76eb8409fccfe15a4d7ef8a8bb5ad0eddd097bd4,arXiv:2309.01446,citation
e9139f807a9bb6d6619335f8b1d1677ebbf11260,arXiv:2309.01446,citation
da4df70c7309af93adc39d064e698cb326ac9bee,arXiv:2309.01446,citation
d5d92ed507b3214ddde1c1ec7b847b8710b924b0,arXiv:2309.01446,citation
c65006fe77fc64cbb0bbc80f0b196969fb668dee,arXiv:2309.01446,citation
523b8635597d6c0bf05fd0e3f35f3a18d2748a24,arXiv:2309.01446,citation
590c6c6aaf66d80534b7e4db6b8b06e4087b59ab,arXiv:2309.01446,citation
027ac1dad95fa9f42c5e9d00a4de31214f437604,arXiv:2309.01446,citation
48979beaa83197e5e9c83fe403afff8c2e917941,arXiv:2309.01446,citation
ff9854d4323e75252fec985d411f3b058eb718bf,arXiv:2309.01446,citation
c257ad02d088c5951258ca56feb311c75ef429ec,arXiv:2309.01446,citation
3bf88abafce45d10bc00763d3acd44ab6bd9675f,arXiv:2309.01446,citation
ba174d0c92efbe1577ed4657752f4e3acdabad37,arXiv:2309.01446,citation
55526e6c72c13344d12acc1a973c5997a5d7cfb6,arXiv:2309.01446,citation
2ae809b9f060a617fdb68d7964c3fdfd3479e274,arXiv:2309.01446,citation
3637afb75e5b83803aff08a3ffdd35b02fa93775,arXiv:2309.01446,citation
e56d45bf7bd34132e610e947ef768704ce65ccf9,arXiv:2309.01446,citation
5b5601a55d0acb6a341149c22db982412082608c,arXiv:2309.01446,citation
c3fb7ce591e8000fe044f9c815e4a50a9fbd7e26,arXiv:2309.01446,citation
55a66fc5e5246511c55c2c2d1d7a060709490030,arXiv:2309.01446,citation
bf4762503a450fae3d81891372145526a469db7b,arXiv:2309.01446,citation
150a1e91b96fdd5b675ce72ee7f4f4b9e301ae04,arXiv:2309.01446,citation
f7ff29cf1a4e954ce43a060df61a995ec58c2442,arXiv:2309.01446,citation
5869bb07b4ad315d663f17fe3c35d2ffe2402838,arXiv:2309.01446,citation
bf0e9446eca16e8ac1e759dce6a7b3f22d2111de,arXiv:2309.01446,citation
db55cf346d7851cde50c1b25ab8fbcdaef8e2ee0,arXiv:2309.01446,citation
bdd80b8531fea171beaac095bd6dac63f02b5d93,arXiv:2309.01446,citation
3ebe5fc249bdeff54b7cc308cbb6799c2c9deae5,arXiv:2309.01446,citation
109f09386d4785b39ccff0e94a4a04a5bdb6516c,arXiv:2309.01446,citation
88d5634a52645f6b05a03536be1f26a2b9bba232,arXiv:2309.01446,citation
c9c0324fcdc92cf7e24f9c4230864851a552f953,arXiv:2309.01446,citation
e56f14ced9f7ce344ed14bdcb46860ccac72ac83,arXiv:2309.01446,citation
c92ea4a9f9efa6f74fd4f035c220d7f0936c6a54,arXiv:2309.01446,citation
a7059d44991cc98c75e86a915390dd3abd4fe5fb,arXiv:2309.01446,citation
7ea5e86bbbcc445eca1a765deb314eefc06067b8,arXiv:2309.01446,citation
1f9f25aad947030fe3206114fa2ac75e8b590515,arXiv:2309.01446,citation
e519699816d358783f41d4bd50fd3465d9fa51bd,arXiv:2309.01446,citation
5c4a75e7436e402af046c24655fefe71ee87e379,arXiv:2309.01446,citation
4699f20628ebb318005b3cce9005c78847ca6daf,arXiv:2309.01446,citation
61567da465bf0121d5b02fc6894e4cca59f7b5d3,arXiv:2309.01446,citation
17c64281e2b9947c7f362b213162c5f1331d0002,arXiv:2309.01446,citation
ef5da08aad746173b7ddf589068c6abf00205fea,arXiv:2309.01446,citation
f2e88c26bc1ebdd4adc5f83ab56cb4276120745d,arXiv:2309.01446,citation
9a7187386eb6ea93d41d7e2baa88accedc702fc2,arXiv:2309.01446,citation
6a2e7da48e3588feee6e5dceceae3cd87bd02ae9,arXiv:2309.01446,citation
a2a4ddbed34916cfa345e957cf060da99685e37b,arXiv:2309.01446,citation
b7ef6182f617ef3e7cc9682f562f794115a4c62c,arXiv:2309.01446,citation
b0ada492ba48e85016cbbfd95ec7180fb7e79648,arXiv:2309.01446,citation
74a2ef37466667c843b6322691c49b0475030cb0,arXiv:2309.01446,citation
88d59e31575f5b3dd88a2c2033b55f628c2adbc9,arXiv:2309.01446,citation
4fda99880cdbf8f178f01eb4c8dbdae7f959ea94,arXiv:2309.01446,citation
d349f4e924f6cdcbafce75f159437920495cd8a1,arXiv:2309.01446,citation
1215d4c5248124f6a0b133760c4c5b6d65804abf,arXiv:2309.01446,citation
478f71f1cd9bad0435560544a9dce7ca49d97766,arXiv:2309.01446,citation
f3ba2736c795a7f01765360989848c6144add1c7,arXiv:2309.01446,citation
89641466373aa9ce2976e3f384b0791a7bd0931c,arXiv:2309.01446,citation
14e8cf5a5e6a7b35e618b08f5cf06f572b3a54e0,arXiv:2309.01446,citation
71c117015757a064d1d2e94a7065d0e784a41aa6,arXiv:2309.01446,citation
b78b5ce5f21f46d8149824463f8eebd6103d49aa,arXiv:2309.01446,citation
40ee4949c1050a465d418deb6dd7ea6304a3bc29,arXiv:2309.01446,citation
1227c2fcb8437441b7d72a29a4bc9eef1f5275d2,arXiv:2309.01446,citation
a1cdae1444507912841305bc2fea2faa3b518f63,arXiv:2309.01446,citation
ac27dd71af3ee93e1129482ceececbae7dd0d0e8,arXiv:2309.01446,citation
f3f23f7f9f5369aade19f20bc5d028cce7b9c9aa,arXiv:2309.01446,citation
764fc56883bf83392cac99a7b5a264ac9fe2cdc5,arXiv:2309.01446,citation
6f75e8b61f13562237851d8119cb2f9d49e073fb,arXiv:2309.01446,citation
31f6efb33184428b890d60999b7624212ce42b2d,arXiv:2309.01446,citation
c8756d3100ca02c3d90fc5d50d726352db6184b5,arXiv:2309.01446,citation
af5633c94ed2beb282f6a53c595eb437e8e7b630,arXiv:2309.01446,citation
78a83b6e2e470f9c20ceebb4cddae137ab863af4,arXiv:2309.01446,citation
2c3152761de1dec262ed6a0375cca9c4d334a52f,arXiv:2309.01446,citation
98f2d0681e0b5acc0292bdac8574e17e90e5a514,arXiv:2309.01446,citation
e8b3b37c0d301ea41c75765f6ceb7fcbb2e088a4,arXiv:2309.01446,citation
eaf52a96efd77675130196b32ca3ae25e03b0d35,arXiv:2309.01446,citation
c4f1c1549f6a771603ea4c21437bfc4fca6b64ef,arXiv:2309.01446,citation
a30007a6fe5170680fc1de3607754bbe428760c2,arXiv:2309.01446,citation
d3c89269d6737779507654dde4afa4cdcf580a28,arXiv:2309.01446,citation
1cc3159ee25fd7d492734be9075ba7084a4a0149,arXiv:2212.06094,citation
6e74f2acd048dcb4ebf003c02affb52d8174b8fb,arXiv:2212.06094,citation
7a07168a6ba6fac2cce6d7ae9e730a615ece565d,arXiv:2212.06094,citation
bdf35c248c3b440b1309521ca662eb7a49310444,arXiv:2212.06094,citation
967887dedb4cb29c9248620bb696aa73ac5de846,arXiv:2212.06094,citation
bdd0a889aac239fc5b7059297e79a3adc15a75bc,arXiv:2212.06094,citation
98bf1a962e315cd5846eb9e0283da0a2e4cc4b36,arXiv:2212.06094,citation
d1d8359365d0b83c4e21aafba60951b7e731ffbe,arXiv:2212.06094,citation
df36c5a4b619bab45746944a127f0513c813e856,arXiv:2212.06094,citation
733e7693a76e5c0b66447a9aa94eac48d26e5ba1,arXiv:2212.06094,citation
54b26adbe550350c304168b79d69526bfd302b17,arXiv:2212.06094,citation
0ca30726852d66a3d511cf327645d91d22549f85,arXiv:2212.06094,citation
c63f046566c035a6f28a28f9462e0ac68bca10bf,arXiv:2212.06094,citation
52c9316cb7ef072a5e65e1419ec0419699dc3213,arXiv:2212.06094,citation
5c91152265b180ae1ec9aeae42c3f322b14f4131,arXiv:2212.06094,citation
b833cd973c33bc2d3d1833c73854f673706f7c99,arXiv:2212.06094,citation
5814cca92325e0644a15e1c7e8df5ad2922b9f77,arXiv:2212.06094,citation
ddb5b895770ba05e2abd132c4ceb4e014e2b381b,arXiv:2212.06094,citation
ba140fd098bb26fa4db22c05618e871df8e79c66,arXiv:2212.06094,citation
7c959def671eed35f002f483ead6d36adf8ac6bc,arXiv:2212.06094,citation
d471824f973a9c79cbdbd57960646b4875ed1c99,arXiv:2212.06094,citation
c310ac4658f7e12c4df3d358ac5c4ddd483e043a,arXiv:2212.06094,citation
651d6f00502ed819e341489850b35085f3c989ec,arXiv:2212.06094,citation
fde9295102d562e7647727488af390916bd6809f,arXiv:2212.06094,citation
c32c63a24733564727fe38517231ed2d310f6349,arXiv:2212.06094,citation
f51b93c9cdcacf203ad865db3a2c23f88a0fb718,arXiv:2212.06094,citation
1eabbbe0d1d0d6ccb8396b37e383ba348789645a,arXiv:2212.06094,citation
eddfd8533c8211825aa8a28dc0375a251e501278,arXiv:2212.06094,citation
7c9e3f8149ece9f8726a5ddcb52b041c16233d05,arXiv:2212.06094,citation
52afafc605e5ba0d3eb58417ce512dcf2fa97c40,arXiv:2212.06094,citation
73e2f9db60f2bc5590f3b926b7801d66c5e69448,arXiv:2212.06094,citation
7d9bbf990c71166994956051c8ad8afe97d93b6c,arXiv:2212.06094,citation
7b7a929d959c2a585e5b2f80901c95d9c59f1b39,arXiv:2212.06094,citation
79f933e90db4b3142810a03a4dec80ca92244f00,arXiv:2212.06094,citation
28cb8f9bf2ead9ec04580d9340fbce94a8ef1387,arXiv:2212.06094,citation
6e0346c98e4d918f2b0b6f4ba2ea786033543768,arXiv:2212.06094,citation
75e991595d1c0cfa9a05e92e1539b2446e7a6986,arXiv:2212.06094,citation
e1f32c0148675dc2aea77a3e34db04a4c3ab0104,arXiv:2212.06094,citation
798d4ebd2563e23b16626d01cebeabdd0c78fff2,arXiv:2212.06094,citation
ab79c408d679cbef7eaf4007655377f1c081e454,arXiv:2212.06094,citation
685ef5a2a3b5b2273f964cf4e68ee6234ea0deed,arXiv:2212.06094,citation
2585a969752b2f9a567bf0aaae94dd75d7bc8513,arXiv:2212.06094,citation
89fa53fa490722ce3ba53ca6aff0e76ec1732aa7,arXiv:2212.06094,citation
e8d50f5f2053b16a5c3f5947cbcf89777df968d6,arXiv:2212.06094,citation
9494709653bb905d6e48ce21e9e5bbb77f5a9185,arXiv:2212.06094,citation
debbcad09f2bc410b9c787ec4aefa21d118a597f,arXiv:2212.06094,citation
05d7418b085e5d3270364365c2a41e27ad45f0bf,arXiv:2212.06094,citation
dc0ca399a859b2d62577e7fa60285c1ba3a8442b,arXiv:2212.06094,citation
3a4035edf6b54179055925e0ad1d15d8e1ffab8c,arXiv:2212.06094,citation
169495f2b1513ab8f3fc04da11c3d0e07753fcf5,arXiv:2212.06094,citation
aee3dd493678b3a16750bee1a2c9553567aec29e,arXiv:2212.06094,citation
c6f36ec3653ddd5f90294f1663af49c5624dbc8f,arXiv:2212.06094,citation
351b28964d8873d0f66cae2e52b1f45d4ef5ee03,arXiv:2212.06094,citation
f6c314d2f6c76e5a91ce164ff04c3ce398c7472b,arXiv:2212.06094,citation
d16746b70a8e99b967de70793436c10edb303d76,arXiv:2212.06094,citation
99a17800b3ee32082bdba7f169b4476b9683362e,arXiv:2212.06094,citation
8f918a87d0f1bc090fca1dbdfbc4d06a9dc88a66,arXiv:2212.06094,citation
3b35f58ee4d0ecb1edc95be882076f267b263536,arXiv:2212.06094,citation
69ee881b66e99453314b8a5445ba4a3160f4ed0a,arXiv:2212.06094,citation
7d1885e41bf556d191629580e7943d038513d9c1,arXiv:2212.06094,citation
e5eb1ccb4061c9c9162a9aa0bc43f872b6e9b008,arXiv:2212.06094,citation
eeafe595df229ec53d97ff0c815552e1018930f1,arXiv:2212.06094,citation
e17f75368497dfe71c94c1b06918652372be2212,arXiv:2212.06094,citation
937c9aab25e7dc0da6412e8b4b19be0257e8a01e,arXiv:2212.06094,citation
ad1b472d616c4954f12ea783b3ecd197e10c4488,arXiv:2212.06094,citation
1ab7d66715a09687edfce0ec44e76753e607b125,arXiv:2212.06094,citation
19417b538e5d90d2d7329f43b8c595e2509a44dd,arXiv:2212.06094,citation
02518f86e7474f33151bff3c024198e5f226986a,arXiv:2212.06094,citation
64a8ce6a50fea60d0fcc663023b85bb56ab9b8f8,arXiv:2212.06094,citation
f844b967bf2a039fad4cbe5530747b05c201ef83,arXiv:2212.06094,citation
32adfdfa1032c725b4eca9c0fc2557cb5ab51b49,arXiv:2212.06094,citation
2ae809b9f060a617fdb68d7964c3fdfd3479e274,arXiv:2212.06094,citation
b273744772fcd2fcbb744d31ef79ea70ef89075b,arXiv:2212.06094,citation
e7f4c3766d34e316b86d1736b95e012fd761d1a5,arXiv:2212.06094,citation
c5a038562faef854c21c5bc7906e67222139044a,arXiv:2212.06094,citation
8cd6d88a3522aa6782f1ded260754610e565bfae,arXiv:2212.06094,citation
6f51b9326a39f66553227fe924adb88077579829,arXiv:2212.06094,citation
e7b924757176fd5eca61d50b182775b1e5114d7b,arXiv:2212.06094,citation
5c7a5bbcac94eb4ee97782a8708d8c2d85fc5984,arXiv:2212.06094,citation
946fed1fa7699690779e0f0352e092f188373438,arXiv:2212.06094,citation
a78f0c4433a34b90fe4a62c226b79af68d7d7deb,arXiv:2212.06094,citation
ef40add3a2f66266d287c40057eaaf6826f69da9,arXiv:2212.06094,citation
c164f706ffad6a60c60ed28dc8e222b396aa34fc,arXiv:2212.06094,citation
7b8c6f33f6ce504c7ff535dd79db625f47036a90,arXiv:2212.06094,citation
09f78ccd20f865c288b421376baddb0096c651be,arXiv:2212.06094,citation
8ffa3d59636dfd9e0917015a6a60ab76e90199d8,arXiv:2212.06094,citation
c83ea3f74b6cbc072600e9e9359647072bccdec4,arXiv:2212.06094,citation
95a074457876126ee786b6faf908ee6610ff3a22,arXiv:2212.06094,citation
e0bd97de601edafb4401f1022800ab68375dd417,arXiv:2212.06094,citation
0789104dd0dfe229be1cff270e4c94d7791454bb,arXiv:2212.06094,citation
eb95c327260725498404eb43ec370d419b8d92c7,arXiv:2212.06094,citation
a3aa43522071dd895619650d26db01cfffbf6fd5,arXiv:2212.06094,citation
bc5c73c101da795cfa44e4ac7751cdedca9b6d93,arXiv:2212.06094,citation
3dd8a397abc6fcd7e945cea2d02a1ea3266e0bc9,arXiv:2212.06094,citation
eedb8159755c317ad2f9f07dfb667c62d72a3181,arXiv:2212.06094,citation
c7bb292d86769d883989b4ea1a39cc414f29dbc9,arXiv:2212.06094,citation
7745bfa881216c857bdf568e061b1e13de1425f6,arXiv:2212.06094,citation
1effda8ce21573ed864eadfdc7b233aac39b8fe6,arXiv:2212.06094,citation
2069aaaa281eb13bcd9330fc4d43f24f6b436a53,arXiv:2212.06094,citation
93caac295ecf4f2d4f373903f4af224bbfe8b50a,arXiv:2212.06094,citation
2ed64d90670177bf58cdce6bda04a48a8731a18f,arXiv:2212.06094,citation
5ba398a4e64c688de82c5b8f26583d86269a3781,arXiv:2212.06094,citation
a4277bb319972780c452247603e758352e81a989,arXiv:2212.06094,citation
279c798fd53c8dc84044273d08b6a060dbe9f702,arXiv:2212.06094,citation
033b934bafa666b21d02047de5af6d00b9e983e1,arXiv:2212.06094,citation
2156230db58ec5657c61413c8230dcde2438b514,arXiv:2212.06094,citation
6c04cd18fd87aad37c1c04450dce781f02bf2d1b,arXiv:2212.06094,citation
000f964393dafe113a8e66734d63b2a145844159,arXiv:2212.06094,citation
07064e4119d01b91be4e77e16ac77cba2f076223,arXiv:2212.06094,citation
ab4c08d9ae0f408dc4ad83e24455f091efa7682f,arXiv:2212.06094,citation
c4ceaef35bca063815f50d90a087acbd07a65478,arXiv:2212.06094,citation
cc1723cf8a6cecb2295360ba01a01da90452403e,arXiv:2212.06094,citation
c935ef9b9c10cfa3c61722c7f89c77ee3da75c60,arXiv:2212.06094,citation
ee45636e012703cf90e7c367e9db6348f2d8a39e,arXiv:2212.06094,citation
b249d8c7a59a4ae62fbff2b77fa4ed313e59e08f,arXiv:2212.06094,citation
44e8b1aba0b1d1366b74993593d39bafe8c1b4ac,arXiv:2212.06094,citation
033275ccc2c7c5c38592ae893da0b5923cf90717,arXiv:2212.06094,citation
0d42221038c05cee8443c5b5af838505ee137dc3,arXiv:2212.06094,citation
d3f4542bc1c9a6215a575ab4faafe64d569c2492,arXiv:2212.06094,citation
f0ea9e2d3889d37f34743ed1dc64f11e8e0484de,arXiv:2212.06094,citation
e325fe41c8c1d547ccd102ac82be3ec8b23960f2,arXiv:2212.06094,citation
6845bea94b2fb17d4377b3bb2bd10f73a959f9cc,arXiv:2212.06094,citation
fd291f8ab240af366da0133c5c5b31562484d5a3,arXiv:2212.06094,citation
155ab051396e5acd193efbc79fb6bc080137a636,arXiv:2212.06094,citation
22a9a4b3bc0760f30ad63fa0518d68895857cfc4,arXiv:2212.06094,citation
271abb481fff11002b92e295d56e88df70541595,arXiv:2212.06094,citation
0bf2808126242e36e4a7972522ba961a39beb8e5,arXiv:2212.06094,citation
1cfe6c0ff054faa9ec16b35737b705148307f92a,arXiv:2212.06094,citation
d13c23e8f91a6deda6b1303e1c44da644ceea541,arXiv:2212.06094,citation
239b5649b12f28fd610de036afba41b9246db6c9,arXiv:2212.06094,citation
acfabc878fae93231d1f15675884046f8eb3675e,arXiv:2212.06094,citation
f103832b99546132919e4149b76c10bc4aac1410,arXiv:2401.10034,citation
b05937ec12261601f7264869d19a8f37859c9406,arXiv:2401.10034,citation
b962a7d4038b80da0875a14bc68e093c3d4a6175,arXiv:2401.10034,citation
dd42e0ea17c2bf2ddca1511af028f1450725182e,arXiv:2401.10034,citation
79f621ff92b344cafbac98a23c39974874f65ce4,arXiv:2401.10034,citation
3ad034d8024459f8fcc6a18c157037d6cf2df09e,arXiv:2401.10034,citation
1bb14677f315316c2a8b258bfa1757f1e7b347d7,arXiv:2401.10034,citation
a929e513b0eedc655557ce2bec8bf96991a52c2a,arXiv:2401.10034,citation
1df1ce32a833106f49de0777cbe3feaa3f05ea11,arXiv:2401.10034,citation
55389052400150b35b70ab4e7e7252d6613fa4c0,arXiv:2401.10034,citation
25fc1fdd2956b689c1856320ef98bc63bff79109,arXiv:2401.10034,citation
0f2097a53753908288b9ad40640f2fc992b0f1ad,arXiv:2401.10034,citation
21b81883c1f4c789fec33d239ef173ea51b73918,arXiv:2401.10034,citation
f727446279a030a572a77205746a2e3e87bd480c,arXiv:2401.10034,citation
78ce309b4cb9f6802201af9ac4009e0b78bf0830,arXiv:2401.10034,citation
ebd7a1a4ab706deb54e05e35aab44a30b6b887d0,arXiv:2401.10034,citation
778043fc3a09a9dc96a748843bce59a5e0db2ed4,arXiv:2401.10034,citation
723822a7ce84ab0106e39a5fbf919174487907ab,arXiv:2401.10034,citation
182882881d594c494709dffe7ff316f573e3bee3,arXiv:2401.10034,citation
bcde67b5ff1eadcaef6d3524aee939e1d5a51ccc,arXiv:2401.10034,citation
8ab0d8b44b90e39f7c52a49a7dd9c1ae2b54daf7,arXiv:2401.10034,citation
3400a92e8bd93f36a12ee64634a44535039e7e94,arXiv:2401.10034,citation
cab8c84e14912eaf1a60b59a6925ae42ee4e3b40,arXiv:2401.10034,citation
215440b63079e0a3bcd931d482fee039a110f731,arXiv:2401.10034,citation
add10d0044d1743ae12e0d0c2847a48760a75b2c,arXiv:2401.10034,citation
3573782e6dcbfb0473e0c65254f47a9ae4fa17c2,arXiv:2401.10034,citation
00415faf1b11526845cde1e293f53b0ac8e81910,arXiv:2401.10034,citation
809705fd4e0dfe35e1a0b5f89cd11ccb7b0fdb7e,arXiv:2401.10034,citation
0d67ecc01b1485dd7792b616854e9778a173972a,arXiv:2401.10034,citation
d499241e1d38b342d5b2807f5e320f50438702b0,arXiv:2401.10034,citation
95a95f498fc3dacdfd61cb32c52603fb6c188386,arXiv:2401.10034,citation
690b34bda96f6b2d114702d74ee910392e06e3dd,arXiv:2401.10034,citation
ffe7e7c9744a029eb00be3ee9bb56e22e65ab9fd,arXiv:2401.10034,citation
cf83573398decc5deac31943620d574afff138d6,arXiv:2401.10034,citation
01dd548d1692d1e4c2b83cd9e36873f44874a0f8,arXiv:2401.10034,citation
87c15ef96fad0013f1ee994e3a08440b434531e5,arXiv:2401.10034,citation
ab51a9c7558f4e5c1dcb970a8cd0bfcc9b7b8b8c,arXiv:2401.10034,citation
555e22c5e9eac9cfcd4cabb25824594e693d2808,arXiv:2401.10034,citation
4351e81bcfb5164a55c44eda6674a0331337b3de,arXiv:2401.10034,citation
6f1e0f518cf9c8c5918f02de555dce89c950be81,arXiv:2401.10034,citation
ffd1939e3d67093fb588ed9ab4b839be03e100d4,arXiv:2401.10034,citation
faa66d3c4b1a908c25aef4ef4446f7ecfc4ab6ea,arXiv:2401.10034,citation
4a0be5039b2d462fedafec282ac19dce5746dad8,arXiv:2401.10034,citation
175e59e7e2ff6e37db8c7bb46611c6ed3af1115f,arXiv:2401.10034,citation
20a0f57c7041bdfc27fad058a8189687d53e423a,arXiv:2401.10034,citation
1a2e9695285bbc0aea087243fb8b79406facfd67,arXiv:2401.10034,citation
58a5c51827c69f1db5766085473e46d02ae386aa,arXiv:2401.10034,citation
3a2720fce094b7004673b53ec8bbf105812ae9f3,arXiv:2401.10034,citation
579074b4c9c8bd8cb2e11aff7e493853e3a27171,arXiv:2401.10034,citation
6f10e541afa72f7c72175aafbf9f455d2a60fe13,arXiv:2401.10034,citation
df8e2fc916fbe8aac28f9047b3b4144723707689,arXiv:2401.10034,citation
36b35bc8ea704f894ce776d27644baff5bc15f7e,arXiv:2401.10034,citation
155b4510f37ff09d17e0685df9d7f9cee733c205,arXiv:2401.10034,citation
f2586468cbf9626aab382af47e512df624cc6407,arXiv:2401.10034,citation
422c2e4ec2fff030626c0874462a2506c495ce27,arXiv:2401.10034,citation
feda240903d15b1d4d0cadd2a4da52bd208296af,arXiv:2401.10034,citation
5a06fd2e2b57cd18b85d324b2704528b60f7f2d5,arXiv:2401.10034,citation
e77921980584eee591693bb927d661c827356bd3,arXiv:2401.10034,citation
84dd4691093d0df1e91f81d2c4df522cf69b288f,arXiv:2401.10034,citation
491ff004e58ae4890658500943ae363503eadc93,arXiv:2401.10034,citation
817c76e0a2ba805723d0497a74f0fb829f0f6260,arXiv:2401.10034,citation
dbbee86d968a10cb3df8b60e9a82d169dbaba302,arXiv:2401.10034,citation
ad07686b805c4fb4975586bdc6e0601778f1811f,arXiv:2401.10034,citation
c667b9f19457afcffcc51860fc4df3f984a7716b,arXiv:2401.10034,citation
27b45510d08d8a66d0f60544ca923d584b94cb45,arXiv:2401.10034,citation
6db2efec387c744bbf3f03f810b4567cafb7a7ca,arXiv:2401.10034,citation
1e37bf87471d8014e2ffa061f1b476964e5274d1,arXiv:2401.10034,citation
0e9397aeee5af7c0720716a959335296ec2db775,arXiv:2401.10034,citation
d1d0e5ff34fa5daf3de70e24dfbfdfa919cb49c5,arXiv:2401.10034,citation
7d10d9c92bd3c146b27efbc198827844246eb598,arXiv:2401.10034,citation
5fe1d8f7ad682b027ed27f438064bef26e04a5fa,arXiv:2401.10034,citation
f8777c719b32337498215ba7642a504f8011f48b,arXiv:2401.10034,citation
4f9bf05f0718ad92cd41dc9fcc9fea574eec1dd7,arXiv:2401.10034,citation
d0d172650c6118eb6e30d9de160c0d0888783c65,arXiv:2401.10034,citation
21935df65a94eae861f3c093a0fcce90448c7507,arXiv:2401.10034,citation
a25ff3366a62075d391047a9a7747ecac9eb5788,arXiv:2401.10034,citation
1541202361290d1ad1a923715f3148e3d9cb64b8,arXiv:2401.10034,citation
492d4d5c7341ae63abdcb044b073dfd59e2a8ee3,arXiv:2401.10034,citation
60a2f9eb6f00502f5b96150cc2c72f41b36d5c32,arXiv:2401.10034,citation
06e6a27cdd02435ec9e695640bb4dec177121fff,arXiv:2401.10034,citation
589dd82dc1385c85694e2cd2e62f44855b5d40a9,arXiv:2401.10034,citation
ca056bc90afaab702d69e275ed7602860c5b3a13,arXiv:2401.10034,citation
28ab8974cfa539eece3c43d1ce21f5ae6a5e0481,arXiv:2401.10034,citation
bfccdbbf24068c3d21e4b3344fc646c8e51adcbc,arXiv:2401.10034,citation
ff3d794c477ecd2c477a7f8f0eb99c6993e1b81f,arXiv:2401.10034,citation
d390a1b827915ee0ae4dc0b9bb8837a48a71b7ff,arXiv:2401.10034,citation
48979beaa83197e5e9c83fe403afff8c2e917941,arXiv:2401.10034,citation
fcdac76ea896fc25a1ee890e5361cd9f7cbe2b41,arXiv:2401.10034,citation
678c2b0be3a76e47cc233f46567bdfb4ddc5948c,arXiv:2401.10034,citation
e76b4e3dcd69220ee11e40ebcb6357e5088f04a8,arXiv:2401.10034,citation
ef784cc33df8cc9c245cb8cb6faf3218efeb384d,arXiv:2401.10034,citation
b2ade4fc5464f3c0bfd92e8cce375bfd5db20e03,arXiv:2401.10034,citation
7246a98067b55f513163eb89d6f947ce0e682af1,arXiv:2401.10034,citation
d96b2cfc111c3d7469eb8dde02182a9fc10b01d4,arXiv:2401.10034,citation
860ba78f9789bbfc99c299b18558ca19430d8fea,arXiv:2401.10034,citation
408dce5da2dcb865df16bcef4b931c0e393484e7,arXiv:2401.10034,citation
109f09386d4785b39ccff0e94a4a04a5bdb6516c,arXiv:2401.10034,citation
72441e043fe7bc51b2b3266dbf90c0742d0b00dd,arXiv:2401.10034,citation
218e3fdfe1b5c266d0cb50dd20dd0211e16580d1,arXiv:2401.10034,citation
be7a88babf78512b545f585517704cb597388cbc,arXiv:2401.10034,citation
45b819a936195ca2271a01fdd78e8ad3b6e09f95,arXiv:2401.10034,citation
a2e128be33b85f8f91515e205bf0237ecc0546cc,arXiv:2401.10034,citation
5da6204b91cd093bb12f187e4019643ff8a228ce,arXiv:2401.10034,citation
77304cf9d680f6e39897a7ac22f3d83fb87ee05c,arXiv:2401.10034,citation
29c96f5358556930fb86ba2242a4d8a074d9df95,arXiv:2401.10034,citation
7cada3bf16747950e37e7c59689749a6600ca9f1,arXiv:2401.10034,citation
1588694efe9274c586b75449b1f55c7f2263665a,arXiv:2401.10034,citation
eaf52a96efd77675130196b32ca3ae25e03b0d35,arXiv:2401.10034,citation
529b911da40fa9df598cfbb589e84af5b7c18f0d,arXiv:2401.10034,citation
b63839f606d3ba90e047865cb5eb0aff66f02e22,arXiv:2401.10034,citation
ad7709e2b539433605b98dbe32a760f0c44708c6,arXiv:2401.10034,citation
9427ddb25ff6d596ee7a748ca0a66ef7da9f2fb8,arXiv:2401.10034,citation
15737902d9a9548fdb0a37a387e6486813aa69cc,arXiv:2210.03162,citation
3d7b19a17495ce3d325cbabe5ffe6057bf2fc6d5,arXiv:2210.03162,citation
627c1f42ac8fd2a600624535f3aca64ba6190287,arXiv:2210.03162,citation
43cbe2074201d4530c10b6576b0321a9220d2de1,arXiv:2210.03162,citation
13e4df024956363fe8dd2b21ccd2291eab8527f9,arXiv:2210.03162,citation
d759d10f44e1a3cef2eb46ae49c83f6e0248c0c1,arXiv:2210.03162,citation
15eb51700fcea706cc33a9c67be1a6e961f95087,arXiv:2210.03162,citation
33c6b4e8eb02368712e7375d30bd9352b52aee83,arXiv:2210.03162,citation
a2713faa34f3c9ca4c0ea25268e8e384015009db,arXiv:2210.03162,citation
eb0e6c760068d498860caa54c4e00c2663af2f22,arXiv:2210.03162,citation
c550e89d41d8c926607c54c9c40ba8a3f497b942,arXiv:2210.03162,citation
27f448b4a232864b0a2a08d15ee725c3e48afa9b,arXiv:2210.03162,citation
404ecc12bd56f3f04d2569094b989a79a1bfef99,arXiv:2210.03162,citation
2e9abafc0447aa86a826af1e81a95ae84ba9623d,arXiv:2210.03162,citation
5d5d52d76c5665b24af9bcfaf029c8bef82e858f,arXiv:2210.03162,citation
92764547846199c062f53dfb1176176e5517ae02,arXiv:2210.03162,citation
76cd0e3b08156e899db749746cbf99a5dc32c5de,arXiv:2210.03162,citation
7f612f9fb3bd54ea86ec0b5e822f15df1de7eb0d,arXiv:2210.03162,citation
399b9877c80802f3bc942163973b03d8a9c321bf,arXiv:2210.03162,citation
a897c1f5f14a610d23aa316a8b99559c5ec0c03b,arXiv:2210.03162,citation
827b81df2c7a3b2d7b712f55ab19187bd69be855,arXiv:2210.03162,citation
505168cee83aec4ebe338fc994fe6b00540b5a85,arXiv:2210.03162,citation
a57d9e1bbe510c7dd8411e30252b02e87b903570,arXiv:2210.03162,citation
02b5b2c045164544d4b7527b3029da291e967951,arXiv:2210.03162,citation
1dc1c6728346ae71ebda8adc617709fabc4ab637,arXiv:2210.03162,citation
48b82cbc9510340a91427022dc782135ecc57d3b,arXiv:2210.03162,citation
25b937b13cde1fefd72657e9bc8f3f94a5467621,arXiv:2210.03162,citation
4543c5721d53e6f55965454a650813df4fc2f6f2,arXiv:2210.03162,citation
c113b36d44479fff09360b06d9331e6d583b8b28,arXiv:2210.03162,citation
535efe9891e6b2c497b59c0c09812a0dcfaba7c5,arXiv:2210.03162,citation
79be1c87f3b9e047e10912c5a707c87a69c5dc05,arXiv:2210.03162,citation
4684b70946048f2367579aedd14592116771ff5f,arXiv:2210.03162,citation
50b73ac7a0819180aba30d2059e341db5caa87fa,arXiv:2210.03162,citation
ef094815dc0118c8d1cc06d4bb3aa78bae0a3877,arXiv:2210.03162,citation
21d89be6d581fcf2d8543feb47cb09f369ba0a92,arXiv:2210.03162,citation
bc62b88c1970be7c6b3cbe28ad0d0c18d42554b6,arXiv:2210.03162,citation
4ade511fe700e86f1a1ce8e7608b8f5a897f6cf7,arXiv:2210.03162,citation
2cd94b619034ae0226f4391e3ff628fe9ce780a1,arXiv:2210.03162,citation
9e194f150fd528d98341bea1e2f1109c2839a987,arXiv:2210.03162,citation
6a11858d9a448c2eaf717e7290357e5e3ab73e76,arXiv:2210.03162,citation
63161be2bd80005ffe5eff673994978b7ea9a4cb,arXiv:2210.03162,citation
a7f2987eb07d92033a7b1cadbfc94e6c1489f9bc,arXiv:2210.03162,citation
91d7605a00b58e1f9c454992c98b3ac60cb654e8,arXiv:2210.03162,citation
3f07bacdf8f345d9eeb320bb089fed4d61b4cec7,arXiv:2210.03162,citation
093c566ac7bbcc90bef5abb07aa5307a5efc070b,arXiv:2210.03162,citation
641a39330b533dde61e0c66487c53a811ae43755,arXiv:2210.03162,citation
d5ab7aad1a1f7b651b735d956c48473fc94164b2,arXiv:2210.03162,citation
2e085c5bc9fb155d5b7e60b3072b7ba61b33dc7d,arXiv:2210.03162,citation
645dbedaa7d3fc36eaea3941018373d0cefd3baf,arXiv:2210.03162,citation
0e2e91faa0409498f60b4c541eca87e41d7acd1e,arXiv:2210.03162,citation
e7e35bf7e359535b75344e9ba7fb9c6224ffd77b,arXiv:2210.03162,citation
fbfe920579cc1c13358521d403cfce31f2afbead,arXiv:2210.03162,citation
ca4af827ad051f392a8ce42a6205237f999e86b9,arXiv:2210.03162,citation
ccff488946e5dbaee3bf07277000753fd07ef48b,arXiv:2210.03162,citation
d7e07ee25e03080374c683048aa30a468be2f131,arXiv:2210.03162,citation
67af926a717625476f50cf08466ad8e3c644f5c7,arXiv:2210.03162,citation
d3c5f4d6a90c158fccc7df5c8e6644b47d5786f6,arXiv:2210.03162,citation
2f92337b1e7e91566386f5f57bfae42133a264f3,arXiv:2210.03162,citation
1102088716730adc1dea06cfa1741f91bb6fa0e9,arXiv:2210.03162,citation
c26627d02768ba1f78424f8b4fb81c0e4ffc11f4,arXiv:2210.03162,citation
4375abf311b0ef51644551276153efaf11426916,arXiv:2210.03162,citation
4c0110694f447838a57b2284cb49eb36501f106e,arXiv:2210.03162,citation
ddea71bb0d42a0ec0c490cabf7c9e48850b7d610,arXiv:2210.03162,citation
5be7e6b04c5a240cff340034aae2b57c677e211f,arXiv:2210.03162,citation
96f5ce59e3dd54fa508e13a499de7fd7b633b022,arXiv:2210.03162,citation
29c8a097fa1690936fb6ef232996796d3a299e91,arXiv:2210.03162,citation
bba5f47962020ab9816f4f63ece6c533607af6c5,arXiv:2210.03162,citation
3d45fc603e34934fc589b9547307815f7723de34,arXiv:2210.03162,citation
366441034ec03b2fd72e29c246c49389a50b8ad8,arXiv:2210.03162,citation
e19485777bce53f2301f1137133fd9436d9896ea,arXiv:2210.03162,citation
bf21281f3faba32b275012bc90b10e7e988b8867,arXiv:2210.03162,citation
a3dd3adc37cdb8991936f3feb109c20b6f892f3d,arXiv:2210.03162,citation
1f5b4e393a1e02ab49e5ca2e6819cc28841918a2,arXiv:2210.03162,citation
4e2a3ddeaf5defb9318b43c364b9a9efe3847dcf,arXiv:2210.03162,citation
4ea5ca620122e6a9a2b000444d36491cebf49c7c,arXiv:2210.03162,citation
7ffcfc38d4bd0b710a25c04245d1890caf4855b3,arXiv:2210.03162,citation
c0aac09fe67c39fbb377e45e03e38cd0d9b24ab4,arXiv:2210.03162,citation
2392b6d3a5cad9e5cf349169eaeee848266adf6a,arXiv:2210.03162,citation
23af54b82c951317f1fc1841164d8a441a2d8120,arXiv:2210.03162,citation
883187d0bacf57238ac95e2749bcc601baf2c212,arXiv:2210.03162,citation
2efadc1c928c8d92756e573f371b8d46087865ed,arXiv:2210.03162,citation
5df422fc18974d687febd171adcac35b3012c50a,arXiv:2210.03162,citation
07e5677c70946dd9de9bb1003ef8f55345422cf5,arXiv:2210.03162,citation
60b0476a97c00e355df28ba35422764a7fbe88e8,arXiv:2210.03162,citation
2f7364d8e5cf94315bf8905f57de9c5543e9a4bf,arXiv:2210.03162,citation
90027ca7802645671a69b00b65e1fa94e6b63544,arXiv:2210.03162,citation
7e0b582f10af855c7a2e2a6320939bd7dd82ef62,arXiv:2210.03162,citation
b9870e130f61ff900fe00dbcc5782c9b31773d32,arXiv:2210.03162,citation
f8113ccd050d7f4c772e39bbdedb79ef49e30ed6,arXiv:2210.03162,citation
0d48b2ceec9910e7f7e91faa4d48c31db24f41da,arXiv:2210.03162,citation
7a06f4b4f6576a5de01628f1475fc0804af14223,arXiv:2210.03162,citation
d092d0a1c874f5d66d2aea005c6174655a285f53,arXiv:2210.03162,citation
e97c047afe770f2fbcde4349752fb1a30b609c5d,arXiv:2210.03162,citation
7a0199948d8124296a9f4ba1a60576e5f22cac52,arXiv:2210.03162,citation
dbc0e3b895a943cbdf90e5d096bcadcec8de9dfa,arXiv:2210.03162,citation
55820f684fcd592edfa013633e5704a41b176d23,arXiv:2210.03162,citation
eb3316c3f9b68a0263d471edab2c9910ebc77f5d,arXiv:2210.03162,citation
330e0a8ced3be59ef078f76a7352381625bebf35,arXiv:2212.11685,citation
1246a879b5b74104106b60435d034bfe4dd5a00f,arXiv:2212.11685,citation
e78156d2ceaa43586f86cb2ba8558255d900ae1b,arXiv:2212.11685,citation
39f0f4d7ad0ad8b792d8e4cdd441a6fc38ed9f1f,arXiv:2212.11685,citation
b79dc2c52715be17ee1e942d0f8124165e0cba5e,arXiv:2212.11685,citation
d41634b4a485ab8f29698d224ef7c14282263284,arXiv:2212.11685,citation
6d912401d21916139def914fb8b4984f99a7814e,arXiv:2212.11685,citation
2d2e9bf2fdf4f07c78db5678ae7e3744e5be2baa,arXiv:2212.11685,citation
0135919988d65d434557ec60ca9f6d5bb6a1c325,arXiv:2212.11685,citation
d920d5640446250743e8ab02b8556c0e48a7b359,arXiv:2212.11685,citation
175720cc5b1ae343711044c4a5c2af3bf14f06c4,arXiv:2212.11685,citation
71837e66048330a2b3a1b1840fdf0c10b69db3b5,arXiv:2212.11685,citation
8cef7690b201bd7c98534c7d9b3c5f87c8883a93,arXiv:2212.11685,citation
64204941cc07c6aebed89084b1e3c5a364121bf4,arXiv:2212.11685,citation
6f6f6f2571c30feda350433a08fce08adf36de56,arXiv:2212.11685,citation
cf8f6d03e0072bfe703ec7d38ee8c3131429e832,arXiv:2212.11685,citation
10774f1550bf36252923cdf1ea26d88328e7fe2b,arXiv:2212.11685,citation
148b752c012d4683787749fda1919d21c40e1ba1,arXiv:2212.11685,citation
7ffe883cf9ccfc8f212231d4f4b137d5096013e9,arXiv:2212.11685,citation
a0f7e9030ebb1eef88b87724274541bca6ff919c,arXiv:2212.11685,citation
451e374cd8a50ab893d22599fe684de34569ad70,arXiv:2212.11685,citation
6aae8ea4c53c2e6a8716d6facaaa34f2aef1ed89,arXiv:2212.11685,citation
4687412fbb8b9bba0411cf5b4c33ff2a55895ca2,arXiv:2212.11685,citation
445adbd3ef0ab01f3152025455dc45feeee642db,arXiv:2212.11685,citation
f21fe7afc09a367afc2f9b4a7314c6a83251658f,arXiv:2212.11685,citation
0d11a9674b68216b92e08cf7617a93fbd3fb91f4,arXiv:2212.11685,citation
32b9fc380c9ea08f096dbb3e33ae18f8536f7d2a,arXiv:2212.11685,citation
99c2801adabded8ab1a3f484e32f85e208742f97,arXiv:2212.11685,citation
32d1580383e280a07c94744afd9d15f057385d34,arXiv:2212.11685,citation
4632af889b03c454ed02a95c947c417888fa8fbf,arXiv:2212.11685,citation
b840253d63f31917f4f13b2aa9ec53c304504ab1,arXiv:2212.11685,citation
53ef2d1dea5ffe48066a58898325d74c1ceeaadd,arXiv:2212.11685,citation
a7aeadc4da04028df9422a957fd05f6e9445af2a,arXiv:2212.11685,citation
2360f7e828b7bdba844ba00e544bc369ffa6e923,arXiv:2212.11685,citation
c3f1cecaaa658a1da9b70abbb2e4f825da87196f,arXiv:2212.11685,citation
5f0edea7dfad5fa375c620d1d6c684b091c19a9f,arXiv:2212.11685,citation
385f0c77e72f95e7df74e98b4ff6b9ab19d52f93,arXiv:2212.11685,citation
e41d21e30a2066de22d0e721487aae7c64b405c4,arXiv:2212.11685,citation
6d8c08328963639f2072e8a5f6039dd74683e147,arXiv:2212.11685,citation
b5a13ef674e96d764fb727074328e9cf36b63d90,arXiv:2212.11685,citation
4248d093d1fa262a935feca6432b7ed44c14b948,arXiv:2212.11685,citation
0f6a6254a4e4d75d398c345de21b7c2b8cba4061,arXiv:2212.11685,citation
ad17e9c70d63b15d10d371aba86ae5376c9d031b,arXiv:2212.11685,citation
855168c95d467340abcf5a6616d0d0286ba4eba2,arXiv:2212.11685,citation
5bf6123ddaf423133ae81e7c6f6d7cca197c9909,arXiv:2212.11685,citation
a568268ddf1e6b3a727bd1e2dcaf7a980e08cff4,arXiv:2212.11685,citation
7a16473c8570cc142e5c6b2c89fd63d6e14e13e6,arXiv:2212.11685,citation
8705389fd69be2a0cecd2242287a08e8280f2c52,arXiv:2212.11685,citation
122d9b58ba4892be2fd9ffc3638df95f99062e56,arXiv:2212.11685,citation
49c26a3eb8c57ef8bcde697da85e05a5d0ba24d5,arXiv:2212.11685,citation
9e81434435fe1cbb032006334b089c70e863732b,arXiv:2212.11685,citation
c54b6c317cdc13be345fd9e7aa9f9cadc252e7a6,arXiv:2212.11685,citation
8ff45750057cc9452ae09aef6b9dfee3bd84b083,arXiv:2212.11685,citation
f54aa5a594d054e9564413ed4c30d18f2e747bc7,arXiv:2212.11685,citation
4ddfe65f085ed0be6a2f6cb1d4a2ed09bf23e0c7,arXiv:2212.11685,citation
d2ae5d2a7667239db409144a471057208d4b5596,arXiv:2212.11685,citation
5bd91ad4b025cb01906fbf440e757c1baaaf0c93,arXiv:2212.11685,citation
cd6527b71922e5bbbe1f5b40d50c7894ae5ec9c9,arXiv:2212.11685,citation
6fd4cd989d7d49cbe0b2487750a9a79435c2882e,arXiv:2212.11685,citation
0042194b75ba2dce76393af42c4845884325ae59,arXiv:2212.11685,citation
1bfe2a9a40a5f34c5c6b99c182d37a6e93f95aa9,arXiv:2212.11685,citation
e5968ff7af575e014a4cb76a75f1f0f4378d16d7,arXiv:2212.11685,citation
017e4a43b69340aecf7d002aa1bb5991f9e91ffb,arXiv:2212.11685,citation
174df7d2cc8d49f219d8899c7d75bc929f3a57c7,arXiv:2212.11685,citation
58c78f1cdf6b52c37f3327cea0a328a6f32b0d17,arXiv:2212.11685,citation
639928ed560350e2700cd582057a675e86707ddb,arXiv:2212.11685,citation
c49f830a35caef242f266e95ddd1ba9d032add11,arXiv:2212.11685,citation
32457b4527dbcce35da25b5fc89b86bd926cc0ea,arXiv:2212.11685,citation
4ca824e792f3a2c777ffa5896a2e7cdf11b9518d,arXiv:2212.11685,citation
54b6e5dcef733c151adef0ac06430f63cb301a36,arXiv:2212.11685,citation
094490a5035c6c151b45d0ad5961186ab0eeb5b4,arXiv:2212.11685,citation
d55b69a533dea69c8b2673cde8de90c6626ee789,arXiv:2212.11685,citation
23b7cde603b5ec8d5d13d46e1c453dc52d7c3f6c,arXiv:2212.11685,citation
35a29c47d5292e8967e5a9a8a21b23d8637b7d07,arXiv:2212.11685,citation
8b12f7d8bae14e17cfb4f803a54fae3b9fd72850,arXiv:2212.11685,citation
1a14185615a3d142f5205edbb2535f74d4f4575b,arXiv:2212.11685,citation
8dbf6d43628ee3298cac40e6926c8dc8c8bf0f29,arXiv:2212.11685,citation
547803d0789c2d2aa1c70bc3e467a71bc1615c38,arXiv:2212.11685,citation
a082c9c93b5cc0d38e7ac14c6c9dfe186bb5c824,arXiv:2212.11685,citation
80c1dc9df0158922bf16e73a9d4f22684fea486d,arXiv:2212.11685,citation
c07f73b66282f19b9a7259eb0728c3f59044936a,arXiv:2212.11685,citation
5f0050c2f2e23d70d59e10d0e4a10616e24303ac,arXiv:2212.11685,citation
20a3833265f13a8d447c7ed436c41ad5db3dea45,arXiv:2212.11685,citation
5e88060c8be3e6c92b93ce9446f81bfa24bcd199,arXiv:2212.11685,citation
0f1c67941185fc82bb942d77a94c5b313dfccc84,arXiv:2212.11685,citation
a294fdf4cf109397ad4774c8a78f9d4f9d269581,arXiv:2212.11685,citation
2c783e7b1a99393b46b6bd8df8e1208763542b9e,arXiv:2212.11685,citation
c02b51088aa46b4a2e8a2028cb3f13f28fa45c16,arXiv:2212.11685,citation
fc6412d9ec7a6a07ce9ef15273279a0021d09422,arXiv:2503.21614,citation
b19445c894634e1fbb2c61e3b6fd51a2a7fd47ae,arXiv:2503.21614,citation
77d2ab404c83a4da827ee5e55ed1049e3d3d85c6,arXiv:2503.21614,citation
3e40facc6748eded6796871102afa1c07f27d954,arXiv:2503.21614,citation
398417af52a576dea75893d9bedd55d45d4d7d0c,arXiv:2503.21614,citation
134fde5291ceb00da3869db8040fe8ce136bf5b0,arXiv:2503.21614,citation
2e9b34a58a2148d231857fcb84e2a700f4b0dee1,arXiv:2503.21614,citation
f4d3665b292b0549a6a6cbe4033e1f61b38184ba,arXiv:2503.21614,citation
496a9b996eebc86b7dbeb6881c4bcb725fc1e686,arXiv:2503.21614,citation
6bd70355c5fea6667dbe9e2fd53f62f07508ad0b,arXiv:2503.21614,citation
280e04bffb99c0aeb32370f5ef5148aeab59b6f0,arXiv:2503.21614,citation
ea090c112be388712fc65d5c06420891f03955ad,arXiv:2503.21614,citation
1a63b1aa24d0469082dcf3c2fe0308562b992c88,arXiv:2503.21614,citation
a5670414404b036d2de7c29b47624fce6bbc497e,arXiv:2503.21614,citation
a9dfd2dc17eb5ede0ff21bf53b092c38dca000bd,arXiv:2503.21614,citation
c75199c6dbbcc15fa7c63315fea4ba16f65e4846,arXiv:2503.21614,citation
66efa648fe9162022e7d644cb3d07a62d437f17c,arXiv:2503.21614,citation
fd8c852f07ceb02a1fab80c443f068f159b112d3,arXiv:2503.21614,citation
ed8c8d3d4417a1499c2bbfeda6426a7a6e20e293,arXiv:2503.21614,citation
7c5498843c684cdd48d41d3157ac956171fcd29b,arXiv:2503.21614,citation
63df6cfb96c715b4e8eb28a1f3a6b4ec9e5d33bb,arXiv:2503.21614,citation
2429de2c3f2b7ddcdf1f8b2d34c6eb8b75cc47f9,arXiv:2503.21614,citation
bb525aab2e9e86c6ed324494c4565c05946d67ae,arXiv:2503.21614,citation
62d4edc7ffafe6cfe6b04f0d0e6191960f018d41,arXiv:2503.21614,citation
7f30845e988d53f90e965c2f65a34c84fe771ea4,arXiv:2503.21614,citation
45ceb2a9187f2eed46eada2f53ec44ab1475d5ca,arXiv:2503.21614,citation
0f90749569824723756f521dcd5007b84a8ebf00,arXiv:2503.21614,citation
be7859dc6cd202eecee25decfdb808a2595f7619,arXiv:2503.21614,citation
286abca1b4ff534425c87bcca600b14438f4ed0f,arXiv:2503.21614,citation
b0314bf027b0f35fbcb8af895e7e3561015ee7cb,arXiv:2503.21614,citation
50cc30acab0081860376b33be9752ff9211c9688,arXiv:2503.21614,citation
58a6befd5a3109d922067fbc070a952923dd1c16,arXiv:2503.21614,citation
09348a1bb78779628f37edcb0786d45bc25aa84e,arXiv:2503.21614,citation
6c80b6fd388d671e17d10071971473a5f71d8b29,arXiv:2503.21614,citation
1e20df6cb058af3f647ca1f520806769ce5f86df,arXiv:2503.21614,citation
e53914d6bd7ccfa61749e2c74daaca4e65d23592,arXiv:2503.21614,citation
a5723d977005f03eb0432f71aefe776e65f99b58,arXiv:2503.21614,citation
cdcc1295ea0de4061ba60af23e942471f9fac1a6,arXiv:2503.21614,citation
ba0eb6e108a33ffa7c9a848ec453a84d40932ec3,arXiv:2503.21614,citation
bc29e85f2849a92d5b6a17cb1acc58eb25ba2595,arXiv:2503.21614,citation
ea9a174cd0bf2ed6ba4747d2c8b35e4c839750b5,arXiv:2503.21614,citation
7e384964f7776e67199568311bd8eed8db77d7ad,arXiv:2503.21614,citation
8af840eefb8b4807fae92c3ca016b8400afac109,arXiv:2503.21614,citation
c39b542e2791539450a96778372e6d98909dc953,arXiv:2503.21614,citation
53822dd1e46b1a3755431bd2690f3cf57bf0f372,arXiv:2503.21614,citation
70246bac9e8fae4d7e7edfa5f0495c25babf2477,arXiv:2503.21614,citation
b00bf6242d2a7b9455080330b31be29d8c554ab8,arXiv:2503.21614,citation
c2bfe417c135acde3f340b787f13a80c0162e630,arXiv:2503.21614,citation
d3e045c5cd56352fb405d7a3914969b3e074f869,arXiv:2503.21614,citation
91de77fa0ed26ac6e30ef62afbd65b6b850536dc,arXiv:2503.21614,citation
a4c29dc3857004e054e93eede078f132946dd3cd,arXiv:2503.21614,citation
c8dc1fee6598a7f9ed8311c865e2bb91e8b878aa,arXiv:2503.21614,citation
c81ee31b4b3980a310f48540dac02a5d5cb9d8e6,arXiv:2503.21614,citation
92bdc387d53b6ab42791c0168e13beb69c79130e,arXiv:2503.21614,citation
2ec83e81e7dd800480dca6a480962a0382faf659,arXiv:2503.21614,citation
87918c80365e2ca82611dcd6313915aa4c13ded8,arXiv:2503.21614,citation
a74aa10c1912ac69b0f47d1b33614100117757aa,arXiv:2503.21614,citation
0e9dd674e20c59a7a78e3eab30e3881632c0bd9c,arXiv:2503.21614,citation
c2c3113f3154e588daa3974e1fe17105351a8ab8,arXiv:2503.21614,citation
b78f735dd937fb38c518360e1c497ec98a3a4ed7,arXiv:2503.21614,citation
b086c3162d5dcb5b665e22f0102f6396794eadb3,arXiv:2503.21614,citation
9709a69c947c561e5792ef843d20052fdb731ffc,arXiv:2503.21614,citation
7913632668760f722a983530c896a4aa1a37c3ad,arXiv:2503.21614,citation
f0b8441f79ab0df2c11543cb7158766e51a80c75,arXiv:2503.21614,citation
ce1e092ea320425154a40aea138a19ab67c10a39,arXiv:2503.21614,citation
7319a8bfe18c701399431f15e65ceb5756c3452f,arXiv:2503.21614,citation
353edce7fb68da762817cdd31880108462580a25,arXiv:2503.21614,citation
611b2d8894cccaa7f0be8fa5fedd3ab582a540fd,arXiv:2503.21614,citation
f420b30ab33f0081b8f8b9e3fbe39c4c412a56d1,arXiv:2503.21614,citation
f3d421d22ca6bab168c618aaccd479aea0a76a8b,arXiv:2503.21614,citation
7ae221d479e98df9667acedec47653cbcbf3f6fa,arXiv:2503.21614,citation
35698b7c792e3420e5b9f89d7f06b76cafa3ea0c,arXiv:2503.21614,citation
c08fa8d84104ec1a8304f75b72bed411100aaf5c,arXiv:2503.21614,citation
d1e202d981f03d17ebaa61f941d4366e4db39578,arXiv:2503.21614,citation
3ce1c4a05f06c18f7c3598c061cb6980253b17ba,arXiv:2503.21614,citation
5ac754e6d6b0ea662b19e83f445aec8f03569e75,arXiv:2503.21614,citation
3a676409c33683540dafd473e602f27f2b4ad299,arXiv:2503.21614,citation
847d63914c51e3855ed7f13e74157daaa4a37d94,arXiv:2503.21614,citation
f48dfd6d0197f51311a7e53d34fda362669cda18,arXiv:2503.21614,citation
a98d89f8398e3d63721e7cb8ee96325f89833d23,arXiv:2503.21614,citation
9d99760b9ec2eaabfcaa1177b5aaca52ad614dc4,arXiv:2503.21614,citation
790689cbe7d44fa50f67238ae0c408a04426be0a,arXiv:2503.21614,citation
df32d62d2605d6bd0d9240f6816973400c94207e,arXiv:2503.21614,citation
ae2b6d2f09da32babcbbbcd56031c10cf43f3a80,arXiv:2503.21614,citation
a5003be7d014d2b4799cf6364e201b081f313dc6,arXiv:2503.21614,citation
251c24a045976586f9ae0deb45ec48c112e50d99,arXiv:2503.21614,citation
f26fcc2b9fc8944e054425d19c12b9d5cca64fcb,arXiv:2503.21614,citation
57f0694199b43ccbba9c0d4224bebd450f7c3af8,arXiv:2503.21614,citation
b6110045346334f9634c6413503b4a2f181783f9,arXiv:2503.21614,citation
43a14690ac18376469f94646c861570dd3c585a9,arXiv:2503.21614,citation
24f9efbd9e229a085d4db2f477282f8ad80f1ffe,arXiv:2503.21614,citation
172b6eba123daa30c6fb23601edd729299772252,arXiv:2503.21614,citation
db09369e9c65bf845caaba7487ae489b34ca24c0,arXiv:2209.07118,citation
78d3cae49ccf413ed11d4f63b4c2a823447c63a0,arXiv:2209.07118,citation
21250e9f6423abdb277aa8d5a11c1a2eb6588b9e,arXiv:2209.07118,citation
e27931b44157478a13c15d501d3d5bb0830f38df,arXiv:2209.07118,citation
5f1fbd52018eadb713cfbef176afc47501d27c4d,arXiv:2209.07118,citation
e3c59c767143ed77828a4307b6a60b4adb5bfe6d,arXiv:2209.07118,citation
0f99a520628825b84ceddb55e069830a7ce84843,arXiv:2209.07118,citation
6053eeaafad579a1febacd8d467d3405f22a4876,arXiv:2209.07118,citation
280ddd7381587671418619c3e2061758f1e337e9,arXiv:2209.07118,citation
a9d228c7f85476828392dc7a5064896841486368,arXiv:2209.07118,citation
d383f267b2b189a92c7dbfcd76a4a5d4bdf70ceb,arXiv:2209.07118,citation
3c84fccff6aada50707718aa5ebb1f8ee990c7f3,arXiv:2209.07118,citation
4f396d87ae6b2b889704fab6910d206228ec0afa,arXiv:2209.07118,citation
067b3c69af06539d6085aa726120c220a0ad3575,arXiv:2209.07118,citation
a060bb54f030286d88fc02d537770065fba0f7e5,arXiv:2209.07118,citation
d9c8a463c5cba6612f0828c2d9247df3b9666e59,arXiv:2209.07118,citation
29a552a6f08913ee3aa5b87032146d11c0140191,arXiv:2209.07118,citation
746bf0932ffbef804ff5cc441320aacf90a522bc,arXiv:2209.07118,citation
94d4f83ab262a96a131595e9af953ce195e01ac4,arXiv:2209.07118,citation
0e4806061b5c8aeafaf71a7e5f632b70b63db6ed,arXiv:2209.07118,citation
a791fa6c69710c623a30cfa325c9ad25e4a9c991,arXiv:2209.07118,citation
1305fe71115390dc38b4c748f8fff9b0862a06fa,arXiv:2209.07118,citation
e3c6d4d82e1c284b20dcbaea320cb87fe730da18,arXiv:2209.07118,citation
3fcba2db9dfbf6f5d13f7831b4c901ddb4815385,arXiv:2209.07118,citation
aa07e23d24db5ab5c6f0fffd40ce86d2200bf3e3,arXiv:2209.07118,citation
efc38d8f4483ce41696dd2af3da60daf032d0526,arXiv:2209.07118,citation
e594ab0b2f304bff1c24da04967273de3102f002,arXiv:2209.07118,citation
94f52c87e499d93338ce886b657e24b71b50c110,arXiv:2209.07118,citation
b859990b1488798f753b923078731036349582f7,arXiv:2209.07118,citation
98c4bdd193213b819ede4f023246c1dc5d2616fc,arXiv:2209.07118,citation
b1199c0d3ac60bd95f0d97087af8d34a12cbdedf,arXiv:2209.07118,citation
b7706c224de6636c46755191b24b5aee72f5a5c1,arXiv:2209.07118,citation
97fcb1b0e89c5baa9c855d6bbd11b767f4213fe1,arXiv:2209.07118,citation
f19f5896685840bab22e29f153b5e20f95a028b7,arXiv:2209.07118,citation
c5f7077a44ca31d4b6aa390df8d5b9047a13c8ca,arXiv:2209.07118,citation
f6b7d692a6085c886472190cba4283af6871aff6,arXiv:2209.07118,citation
56d9d752d353f7b945ed264be455bf2a9cc50704,arXiv:2209.07118,citation
3615a0bcd1ae7efa2460a269bcefa6895cf7f931,arXiv:2209.07118,citation
005dffd585d8d7d3f267b3507916f236b60d8e33,arXiv:2209.07118,citation
843710b453490722afabaebeba83ec7864e3be4c,arXiv:2209.07118,citation
928b8b938b56b4e3ee267aba7802c5210ad8c352,arXiv:2209.07118,citation
dc15825f921307d544762b7388501ba502446df5,arXiv:2209.07118,citation
d207c3902daf3df63281c9522c5ecc09fed16aae,arXiv:2209.07118,citation
81e5ddf1bfdf870169c0d3d5543dfe9ce5a87681,arXiv:2209.07118,citation
84a06589d945e264dd66e20e2fdc1fcab8a6da1d,arXiv:2209.07118,citation
f82783862a3b1cf1ef14e0fbefd117017a82ee09,arXiv:2209.07118,citation
4254e3c73eeb8d0b9c62408120a2239c0e65576b,arXiv:2209.07118,citation
8cec6a58351ffb0aef3e1a870abeb25680cf73ef,arXiv:2209.07118,citation
4e54f8ecb383555c9d3b8b102adb69e13d969754,arXiv:2209.07118,citation
52e6b2a7feac0a0539dde768bce9039074cd289a,arXiv:2209.07118,citation
3dd5ad34012164c4ec9c571a12cc6a7561683dea,arXiv:2209.07118,citation
5a7a91de296aa51339277d0ce44cc9fb3def05e1,arXiv:2209.07118,citation
470cf1812dd539c7106068161507cef1f5ace122,arXiv:2209.07118,citation
f60a151395a24d151b535d3f911388b4be3c403a,arXiv:2209.07118,citation
4406d933f8aab86d43e6efe1bfdc98a382020634,arXiv:2209.07118,citation
7ae8594773a4d89a2f048a6730a3d4ed4976f346,arXiv:2209.07118,citation
c1940bfe2db750b6f8de8785ccbae8bde580ed61,arXiv:2209.07118,citation
081d178737aa25202890af79904e2baaceb3508e,arXiv:2209.07118,citation
1a0c866c373bc68e17163c27ba85d77412414e31,arXiv:2209.07118,citation
ecddb1287f241e4abf2874a7b95172a68c21a2e5,arXiv:2209.07118,citation
465c02d745b18a8a4c21a1254065327e5b88bd7d,arXiv:2209.07118,citation
e20b1da2780a8a5135c69ba075dfd5ee9a26728f,arXiv:2209.07118,citation
e20d52db3d5a0cc901283175656e835a1cc30b08,arXiv:2209.07118,citation
2c7e346aa311fec4dda04bdf3a214ce2026d8807,arXiv:2209.07118,citation
24ac350224f2a863c249e71262e964e709925bec,arXiv:2209.07118,citation
c5ab539ab10d85a784487324360029fd5cf96539,arXiv:2209.07118,citation
749104d1a207f5bc192c7d95a12856b5e7f84d1f,arXiv:2209.07118,citation
c7492913370b5726eaa6ced163a60de6c9d4bb7f,arXiv:2209.07118,citation
e9f0223f8dce8b04d37d1f56e6c976b5d0cb5956,arXiv:2209.07118,citation
92a63df9582c25418b5de50705a0f68760f6aa49,arXiv:2209.07118,citation
2bc6d41caf81e62eb60b0829a521cfee085715c0,arXiv:2209.07118,citation
9b348715d0311056eee850dd1cce1cdd3c64eec8,arXiv:2209.07118,citation
baa1dc079d98ca76b0173c8d653fed759fd0a371,arXiv:2209.07118,citation
64fa56962dd0f4bbe206be6142fbe0315c4e7c2f,arXiv:2209.07118,citation
8700c5af25450bf8e84b94783344b054d268738b,arXiv:2209.07118,citation
0fe1b1bfd634ee42846afbd64cef1c682e02e5e7,arXiv:2209.07118,citation
ac4d13b6a4f9fb67337099f4602135a0351f5c99,arXiv:2209.07118,citation
8f3138f7ee5127faab265793be8ae278bc49d9b1,arXiv:2209.07118,citation
4d4a96708fc67403176bb2b891b564af7a20c148,arXiv:2209.07118,citation
5d937b7811d8fd4208b2810971cb2e33f64bcfa2,arXiv:2209.07118,citation
880a0029ddeba3e3f8b6bd50cc6843ea760cc3d3,arXiv:2209.07118,citation
da9579539385daedd33a0de0f814e2977ad0d1f5,arXiv:2209.07118,citation
e3c70b0b71b51872bbdaa0f4bf2b56908f97abec,arXiv:2209.07118,citation
508d9b43832790b4d35f4ae1fa76e9712859d6aa,arXiv:2209.07118,citation
b15469d0ab3dc3a9dec037d761817b3fe546bed6,arXiv:2209.07118,citation
db9575e197e6e92262a1b45bccebc10333fe7692,arXiv:2209.07118,citation
10a8e7a7e07256178665f90074c5c41b071e73d3,arXiv:2209.07118,citation
6bdfffbf92d01c8b543088d40d46233610e469a8,arXiv:2209.07118,citation
a54a83a5944ee95e0e59f74724c98c6691c08339,arXiv:2209.07118,citation
9f9caac5e7e524f321c8f468208dc8e64e87d467,arXiv:2209.07118,citation
c546fac8173c42ca80a5fe5c9596a9f2ac26387a,arXiv:2206.08082,citation
ec3d256ab47c1a1a885a2ec9c9e88d8fe0c576b0,arXiv:2206.08082,citation
130213f574fc6e4c987add4aac3240b97113afde,arXiv:2206.08082,citation
6073eef234d6c03747fc175bdb85d9c8dc6ba5fb,arXiv:2206.08082,citation
49227e35f29d44cdc584e059e45e9b0bf31a4891,arXiv:2206.08082,citation
449e3e6d05da946833be2b696a76f4f215c81928,arXiv:2206.08082,citation
28c6b681c5440d469c8b88bc3c252f81c3a54de1,arXiv:2206.08082,citation
483b492f4b248c7abba5b90a41d797adc4390daa,arXiv:2206.08082,citation
63917b69c838c109f3e83c65f0ec8d04e01079ab,arXiv:2206.08082,citation
7c959def671eed35f002f483ead6d36adf8ac6bc,arXiv:2206.08082,citation
adc8fc379cba4ef76015ee75251e772cf6792829,arXiv:2206.08082,citation
5f6255697426c5d13eb50f1362e1542d7e8d3b82,arXiv:2206.08082,citation
47d9ffcf1f927f5c65cae08934396f3864ace3ff,arXiv:2206.08082,citation
7ce7f05e00e2ff13bbc2fccebbf24afc036b807a,arXiv:2206.08082,citation
4726019d90d28a36c8ed34170d41427783723ffc,arXiv:2206.08082,citation
920cd8b25373358779fde44f90774533f26d782a,arXiv:2206.08082,citation
3f102d9940c8a844dda82f2ba01c91f46ff2ff8d,arXiv:2206.08082,citation
3b22c61f3cc333a627060ba4eb59eb0299fb7c1b,arXiv:2206.08082,citation
d9dbcd12c21966804ee6bd75e7b36f998135ccc6,arXiv:2206.08082,citation
723437b0316877c18088eca00a3710844881a3c7,arXiv:2206.08082,citation
b4eb4ce3d83bdfb707ac65a8140ec2ed268eee3a,arXiv:2206.08082,citation
1fd282ff3a034ff6113f076b02769c46a7159476,arXiv:2206.08082,citation
18b9de23800e353bd10210d89ec4b2259e55deed,arXiv:2206.08082,citation
a810aa3a515968608f674b72f21c0b084b975b1f,arXiv:2206.08082,citation
9b855f7c183fef3569eff42808866388ba224fb9,arXiv:2206.08082,citation
1a598bf02461a1ce0756514a0f6e35265d78c29e,arXiv:2206.08082,citation
02d0a08555405e9afef977d17db67e841b499343,arXiv:2206.08082,citation
08403e94067827f7914800be360a54d6a25e80b1,arXiv:2206.08082,citation
53aeb7901cae3c91cbceed6da3d1bc7888e3b1d6,arXiv:2206.08082,citation
fc196e3294bf69ce1d3c1437fc4a53253bb93a34,arXiv:2206.08082,citation
f89da2b36bd28c7b86f0318cc6b4e4b2f90d3799,arXiv:2206.08082,citation
75ec7010174da085a5f280eb7e1487bbed19435e,arXiv:2206.08082,citation
eb784a1ead361c676251c42505ee5938c5b1e1c3,arXiv:2206.08082,citation
356bcfd8e4f367363c09ccb05f39018613b26539,arXiv:2206.08082,citation
a586bdf356fea1bda9acb70459a1c0df1c4e717b,arXiv:2206.08082,citation
e34d29cb05d1dca97525ef050f173bad0eddd807,arXiv:2206.08082,citation
34118adda172f6c5a30960b809be548a5bfdcc17,arXiv:2206.08082,citation
cf5fb966719eec6e75ad5f75f4ecf8d7e8723bec,arXiv:2206.08082,citation
279620fbea29f2a72b420636fdf3f43279c4b13b,arXiv:2206.08082,citation
d348244d80f055f00416764fadd231fc42fc1a24,arXiv:2206.08082,citation
eb9c4a07a336e8deefe7b399c550d3af0241238e,arXiv:2206.08082,citation
dd5ef6ceed4e77eb2702b40ba4afece05c1b0af8,arXiv:2206.08082,citation
b2ee9afe5142bd47163c4261a544e77a622023e0,arXiv:2206.08082,citation
603bb1eb011147bed0766c0b0c0bf4bb83ef4b9a,arXiv:2206.08082,citation
bbf7233973fda41617f0603e91f7b292c6c01f13,arXiv:2206.08082,citation
ddb938f86f66478bfde2ef0c871b0a8940e045ed,arXiv:2206.08082,citation
ae8f9f02b090351543e5e0ea945e2993b27d9d42,arXiv:2206.08082,citation
81f5c258beca404a70880f89d1f803f4c8063e73,arXiv:2206.08082,citation
65d1ebaa9e42e1aaf243eb5c86d717436bcd63df,arXiv:2206.08082,citation
c355d65e1fd49371cab805b32a8405e351dd2cdc,arXiv:2206.08082,citation
e8f19023ff09b42b9de38fddefb6b5a244cfef71,arXiv:2206.08082,citation
600c842b141a4c92b4e1306ff1cdba04ab61e2ff,arXiv:2206.08082,citation
f57fae177e4e6e0a2b306b7b6bef899821ce9545,arXiv:2206.08082,citation
271ff9dbeacd05276f1f192453793e772ad91b69,arXiv:2206.08082,citation
34ca51ce10e8d1d6c950ba519329714a0184d004,arXiv:2206.08082,citation
d4bf36cbc5855ea87235d7a64f406717ac6aa3c9,arXiv:2206.08082,citation
0ab00c549b8683baeae23fb6c85f26c7a9878de7,arXiv:2206.08082,citation
a3cfcd731331dc81884be01e28a617fcf77b2fec,arXiv:2206.08082,citation
0f45608ddc01b3e192f3490330f4c4b8de074f79,arXiv:2206.08082,citation
a35f1315e91513ff0bec0c488fe175214fd9636c,arXiv:2206.08082,citation
4487bdcf1eb42bdec83709ba0df5b32dcf388976,arXiv:2206.08082,citation
ab322bef985895df5ebeab6b38d63456e1e38e86,arXiv:2206.08082,citation
1abfc211793c683972ded8d3268475e3ee7a88b0,arXiv:2206.08082,citation
fe425e341cf646689e42adead17f14eeac5d03e6,arXiv:2206.08082,citation
91c37a88c2b320725057260677ae79f3cdaa492b,arXiv:2206.08082,citation
82817b85081ee075975f4a69039314b7741a979f,arXiv:2206.08082,citation
9702aa281204e7a692fb3ecc83981198426ff70d,arXiv:2206.08082,citation
9cef5a098486aeab6ed3700c5e3d29488488d16f,arXiv:2206.08082,citation
f9a7175198a2c9f3ab0134a12a7e9e5369428e42,arXiv:2206.08082,citation
30c0cdc414f68211d5d0514df027cec22e005174,arXiv:2206.08082,citation
b1d51ac8ea0c63530557987535487d417bcd4674,arXiv:2206.08082,citation
2df14dafc8486ff51575f8327159da1a021054b5,arXiv:2206.08082,citation
ed1a1c698706f2fdfb2dc4f1b2965fef50a54068,arXiv:2206.08082,citation
0576e9ab604ba4bf20cd5947f3c4a2c609ac2705,arXiv:2206.08082,citation
c9ccc7f731629817927f01e4a1927feefe32961e,arXiv:2206.08082,citation
8aa98fbfb6f1e979dead13ce24075503fe47658e,arXiv:2206.08082,citation
4aa6c0facdf3766eed4a321e3dc7114fc36569d5,arXiv:2206.08082,citation
0211f17c45f3cade2b5194e4d0e701c9f7f9f12c,arXiv:2206.08082,citation
6b6beed9da4d45666f8203fd9ae2b83140784bc6,arXiv:2206.08082,citation
3b84618a17c4f44b1149ebb865e5971e7cf4a64c,arXiv:2310.00034,citation
e9c3f9f1c7d03b58bc385acc392b5faac0b5ba12,arXiv:2310.00034,citation
843bb6babb73857d41b9ea95c4a316a77ccb3e72,arXiv:2310.00034,citation
e6c3e40973c9f51ebbd36d13dbb6b2470ae5c9b7,arXiv:2310.00034,citation
78a843a7bc1b13a3c83e27160bd8ecda0d5e8c3a,arXiv:2310.00034,citation
610201d5bcef1e76a8f37930d3be2c53d3bef4c1,arXiv:2310.00034,citation
2e79df5ee8b80e276a388a7a523eae27373e0501,arXiv:2310.00034,citation
e2bed84a1fcf417418ae978afe7b91bae630fe86,arXiv:2310.00034,citation
3f487954f58134d7b83e9a3fd57405848a68f722,arXiv:2310.00034,citation
2cd7b7c01f2bfc86a6d97e0976b59b2787c1e5fa,arXiv:2310.00034,citation
a9ee56a07b94e5c1ec1b76ebde2d367908f33a14,arXiv:2310.00034,citation
bd2e46bd9abbff3f94d53de40b59cfc98c21362b,arXiv:2310.00034,citation
4a9ecc2ecefd5cfea22a314b706414bc8c1cac52,arXiv:2310.00034,citation
83030e1c02c2f206f868f155663473cfb0215a5c,arXiv:2310.00034,citation
1b8c0e7ab03cad9c7ac091331db3d58f47ec165f,arXiv:2310.00034,citation
8e376586a910fe1febc2f96984e9e3ae0973bf8d,arXiv:2310.00034,citation
0770e0a362997fd912aad14efce0a3b78227547c,arXiv:2310.00034,citation
993fce9e6428dcfd02c7adc069a28df1e4ab6e99,arXiv:2310.00034,citation
8ca2097fe67c67a848173b809f491c783e7fe08d,arXiv:2310.00034,citation
611277ae5d8474ad2dfe1537370294ddfe59ed6c,arXiv:2310.00034,citation
9caf6305a724217645593a060308a5694a3c2c1e,arXiv:2310.00034,citation
12b8cf50aa5942155543f949da633c7f521a708a,arXiv:2310.00034,citation
f2e6a2216f81f722f3056c0ba946103935ced889,arXiv:2310.00034,citation
5cdddcc59dd8e4fc0e12a71bdb6b48d4cd9b327e,arXiv:2310.00034,citation
5728992c01b8589ec2339a5cf18dfdd3a7b9daed,arXiv:2310.00034,citation
948872c624a01d54ab486e3f09e9e7c5d9123b7a,arXiv:2310.00034,citation
f0cbb7ec8c2ed947d3e9e21cca1e92cb1d95cb77,arXiv:2310.00034,citation
6d2f8529ecd62b549822a95863030a7e0aa4708f,arXiv:2310.00034,citation
9f4aba794625b3fd4cb11507988421208ab3f892,arXiv:2310.00034,citation
0fdd18ad60691f109508e46de101bb5254f65af5,arXiv:2310.00034,citation
71b88208d78cfda1cde863c8b5f04a5661167184,arXiv:2310.00034,citation
80e36423fddb738403d82ae802d00fb0787bf62e,arXiv:2310.00034,citation
9641b7caceafcb51d27008312af5b729913ed274,arXiv:2310.00034,citation
01a15620229660c95768b1496504837ccb74371c,arXiv:2310.00034,citation
666f9f90c297ea7acb471e43b8f754b9d46b6f79,arXiv:2310.00034,citation
449df67152b7368b45126a675af53632e157ee87,arXiv:2310.00034,citation
f00ec3a6a4556751a59573e1adc387f3cae71b7b,arXiv:2310.00034,citation
f84c2de6cd75b2dfb93e6bc7376525ad6a40aee7,arXiv:2310.00034,citation
c024638d0d3f086f500a0a244f7546eec2d94bdf,arXiv:2310.00034,citation
a2781a5583ca624d569783850d035de8a58ecf13,arXiv:2310.00034,citation
a913c98aa32427ec0a876d39b35b235ba483b061,arXiv:2310.00034,citation
d20f8a7aee38e4ff27d2f0f5a3be8827b4ca8914,arXiv:2310.00034,citation
bdb5e0e26ecbfd5693191b9b94f4f759cce14e59,arXiv:2310.00034,citation
f44f73f43831897e6d953c0f26355d8e7228dc05,arXiv:2310.00034,citation
65c2fd282bea65a32197f95d268772f56399e2bf,arXiv:2310.00034,citation
0291e9bf06c80904c26ebb3d4d8e2d981483b715,arXiv:2310.00034,citation
bb0799cffdb2d676e1b68d15183371473c03a4fd,arXiv:2310.00034,citation
0c7f74b27457afe442c17966aeb4a52d8032db51,arXiv:2310.00034,citation
82bb4dc5725ca58e3542d5284474fd3311a6a548,arXiv:2310.00034,citation
8f49ee24686cc53f1e3cdb29151c4d1f69af087b,arXiv:2310.00034,citation
6c8eebd04990175911f5d451b37b95e693997dab,arXiv:2310.00034,citation
a41f3b321332ed284ef743cb8aa0c99c92fb66dd,arXiv:2310.00034,citation
f03bd1b959216fa22b3f72ef7f245e57ea7e45d7,arXiv:2310.00034,citation
0365ad3bd3543c330a2dda5c679355cd74a2a372,arXiv:2310.00034,citation
507b6ca97ff1fe33367e34b5b259af1292185d59,arXiv:2310.00034,citation
b453da2b4f5b2864abcfa9d31673267c6eb23988,arXiv:2310.00034,citation
bbcc2ca90b7f852cb2abade5067bc8d0e9351f05,arXiv:2310.00034,citation
a41a372966c1d8dacf90fea9dd6f00564b430855,arXiv:2310.00034,citation
c0ef72d02b93065e77c506e23ce9acbbcd945893,arXiv:2310.00034,citation
4706711dc4e1e16424db9f454a1f3b092b972785,arXiv:2310.00034,citation
dbf829c977c121c3704d070d7800d29fe5914756,arXiv:2310.00034,citation
687cf44cff1f1d8bdea53bc7750eecb55dd18999,arXiv:2310.00034,citation
d3a23b571143a45c5d7406fbc395750ac5cfef95,arXiv:2310.00034,citation
1482d35685be0215249b54c379d6fe96a606da06,arXiv:2310.00034,citation
a1bcf68d6ed2fec1ecaf16b67f2d19bc20c00ee6,arXiv:2310.00034,citation
9e9b40743767d5d466152fcf92297e26df77a2d5,arXiv:2310.00034,citation
12c66c80aaa43ccee8b66ad502c2fbf8cbad0419,arXiv:2310.00034,citation
eb2bd280367855fa1cd26f1f191f8a0221643d98,arXiv:2310.00034,citation
46ac1bb072e1796afb57b5aba5c92ab007bdc60e,arXiv:2310.00034,citation
7df8feb2f17472f8db17be75f57e5b4ddb36e882,arXiv:2310.00034,citation
259801b7832915cbb6b9760b891991d00498931a,arXiv:2310.00034,citation
5c6a17f31619e42a37676d1780104e1da4ae12fa,arXiv:2310.00034,citation
e3a5da866598c0414dd186085ccd429ac8ea664e,arXiv:2309.02144,citation
50cbc8bcd56169388637d6ac6e7390879968da45,arXiv:2309.02144,citation
836022d3032d1326e1c0716716d79088bd89441b,arXiv:2309.02144,citation
077eb7d3ff24599baba89dbdc0d40a28d7b17d36,arXiv:2309.02144,citation
b0517cd2739494cea8d9a49fe4307cda3b58131c,arXiv:2309.02144,citation
39680c11920648124eaec2b8d753b054e7c727b9,arXiv:2309.02144,citation
ef74151f0410a16ac9a80b9e8c280c07c9ada577,arXiv:2309.02144,citation
1c7753f7584dba3e10ebd538caa4f7bd98120df7,arXiv:2309.02144,citation
d0e1d48d04dab50c0cb91261590b31480d3c69e9,arXiv:2309.02144,citation
2d11d32b51a1c14d6c837fdaef3af32023d4da76,arXiv:2309.02144,citation
2bc5a4d7d2a95565d2662f7c0bcbac5734976442,arXiv:2309.02144,citation
af59d4a3dd61d09a6f01c49d482242d5b9b13eb7,arXiv:2309.02144,citation
a21ee9cc5e8546e3b54ce302e96e019215824bcf,arXiv:2309.02144,citation
f6ca75836d8d9dc5b76baa3a797894febadd7d45,arXiv:2309.02144,citation
485ac73320040449bdd224f2d89732e69c585c2d,arXiv:2309.02144,citation
9f1e2ebfa1a0cf61d6b6982990a0c63c63c4ab9b,arXiv:2309.02144,citation
921c6425b35fa796963febfe2a9464d34600728e,arXiv:2309.02144,citation
b38f0053459fcbc96205f4bd75bf92c8d8917d71,arXiv:2309.02144,citation
31184f3bc8b7d7e1b29120ea57091847ada84996,arXiv:2309.02144,citation
46256677e71f320cbb2cdf5dd596d5c9563ac187,arXiv:2309.02144,citation
fe472d15e2fd294c5d871a5b316d6a74908f409f,arXiv:2309.02144,citation
af2938916b7491a10db8329371349fb047e35c96,arXiv:2309.02144,citation
3b7409ee9784ea43eceb944b2d678b77557fd8bc,arXiv:2309.02144,citation
efab0199b447384941e1d3c73d9378af33b8845f,arXiv:2309.02144,citation
7561ab45e9d997178371cbbcc82b8e95463a3896,arXiv:2309.02144,citation
58f614941629541c8c04acdb8acb9e3fb350ac5a,arXiv:2309.02144,citation
71fdb55b39b8d76fd909f218c0d8de2c4fb6541f,arXiv:2309.02144,citation
e69191b77f00814c8f0579477e9dd188bae3eba5,arXiv:2309.02144,citation
b51d1946a6184946c93809d06942aa410c384203,arXiv:2309.02144,citation
e01af49d646f9e8428467a7f36abae31a4e4b27a,arXiv:2309.02144,citation
e9b156ddf40f660dfb6a9b2a720d0b0735414dc0,arXiv:2309.02144,citation
74f1b67fa18bc9c4033a9e8fd4e11ed38b178a37,arXiv:2309.02144,citation
0c4bf8ba0a17f6066490664e83d28567dd089a40,arXiv:2309.02144,citation
a5f26555194d50955f6b3fdafb04d4330cb272dc,arXiv:2309.02144,citation
f236d6f9c376dc453d7db11d15c8d9bc519adf65,arXiv:2309.02144,citation
3072ad4982cd916606ac88ea1883d4d725c4eda4,arXiv:2309.02144,citation
5c118e57b5398224ca4401c902cda33da7d29ec3,arXiv:2309.02144,citation
822f7a276a4ff7dae59b849f57b95d2603a40d99,arXiv:2309.02144,citation
e6bd2fb1e6ab7628d4810d85d3a8a0d0308e403e,arXiv:2309.02144,citation
93ca6a9e273ebd0b01ae85c3db2c37eede749dc0,arXiv:2309.02144,citation
a0f15d57cc627e5224aa439fde4e9b78cf7336e7,arXiv:2309.02144,citation
b3cdde45d87a3a90d86ebe20c1ee8c4ef0150d1c,arXiv:2309.02144,citation
f95da5b7be2fac2381eb5dfe26dc7dc5bc2d9a90,arXiv:2309.02144,citation
07038b2d2da9f1785a1e8e260a75c8215bd36ac7,arXiv:2309.02144,citation
94db8a625418800c8ae7b48157a9cad1c8129051,arXiv:2309.02144,citation
08436b3ddafd2edc798753ebc87f6ceffed6e8df,arXiv:2309.02144,citation
041ab8f72343db5d50769eeb725398c689b2850c,arXiv:2309.02144,citation
19da1292e830f128f21b8f6b178c803edda657b7,arXiv:2309.02144,citation
4fe4f0f9d39d708a6c3d7b8dfbfa2616cd376e1e,arXiv:2309.02144,citation
2ef23e8b3c07885a850164d86ba748303e335377,arXiv:2309.02144,citation
7d6168fbd3ed72f9098573007f4b8c2ec9e576b9,arXiv:2309.02144,citation
35b142ea69598e6241f0011312128031df55895c,arXiv:2309.02144,citation
09d4808857397bc858c6cb6fc46989a9776819c0,arXiv:2309.02144,citation
59084df7203c6be33838ba3e3854eb9bda053ed2,arXiv:2309.02144,citation
4bebe389dfa85423e5cc089edf20b2c3f572f38c,arXiv:2309.02144,citation
4ba57555bef02f988f2ed3bab2f102733dc55221,arXiv:2309.02144,citation
5ee871537ae51e7e2e93d2a70fff5d100649a655,arXiv:2309.02144,citation
dd69049674f41d4ef5314b8f95bacfe59de31376,arXiv:2309.02144,citation
715cd3244bd58ed966bf07c5a3871a46f2666cbe,arXiv:2309.02144,citation
a8568bac56c24b5d25e373a117f947171d5f97be,arXiv:2309.02144,citation
1effda8ce21573ed864eadfdc7b233aac39b8fe6,arXiv:2309.02144,citation
bee68767debbdc96d6f75947e544a8be98b869e3,arXiv:2309.02144,citation
77b1f1c6d1658d120456b9046667cf009ceb39ce,arXiv:2309.02144,citation
3803d1f291e162bdaa4678a2c5a2bbcf63c050f4,arXiv:2309.02144,citation
22ab4219371366a4e890382bc0ca606130840ca7,arXiv:2309.02144,citation
a3dd7d33dfaa9e02e43d92e900cba01f52d8c4b9,arXiv:2309.02144,citation
537335d9aad0ddbaef93e7f88b0db096671ef6ec,arXiv:2309.02144,citation
412fe1f135cb20c952962133ca1e534a71bfd27f,arXiv:2309.02144,citation
dd18782960f9ee4c66b79e1518b342ad3f8d19e7,arXiv:2309.02144,citation
fd5576d95b4feb7aa7ceaf158ab6c8eef8774a95,arXiv:2309.02144,citation
2f0b8410bf643e5dbd62004ef93ffa19ae6b160a,arXiv:2309.02144,citation
b593d14a96cf3f83f0ab8b2cbdbd3fde715948ef,arXiv:2309.02144,citation
be367e710a7a1aae9a0f9404bf7006a445703230,arXiv:2309.02144,citation
c96cbdcbb9a45c0646dcbd6bce29cccbeb150f9b,arXiv:2309.02144,citation
e063519b38fde570726621b6a383f7431b94aedc,arXiv:2309.02144,citation
d1eeba0dfd9a7d60bd390ed5bcfbefe6ff452d17,arXiv:2309.02144,citation
21729b0c7b9af67fb06c6997862098cdbce9e9e4,arXiv:2309.02144,citation
e277bef6465198c2ea2786dbb832834cd9a0dfc3,arXiv:2309.02144,citation
ae08f340db81ce40e08bcb2e11250055b8007025,arXiv:2309.02144,citation
6bca58c3a7b99b6de7551cf16fa3aa5cfe286538,arXiv:2309.02144,citation
8f6a608e712367dffacfde5ec2ec8e194c148689,arXiv:2309.02144,citation
1711fb33bdbb311182913cb1e88bf61a3cbf5d5a,arXiv:2305.07766,citation
c34bf662b38a8467c0a1806161b9867dfef9781f,arXiv:2305.07766,citation
8f46367c6ae1edc1d2bacd7e723509218d373bba,arXiv:2305.07766,citation
98bf1a962e315cd5846eb9e0283da0a2e4cc4b36,arXiv:2305.07766,citation
81ec48ed515a65f0661581d910541e26a410d0dc,arXiv:2305.07766,citation
83e1ca503efc4308b1b772f7d4ba86bd888bf58a,arXiv:2305.07766,citation
4778e8e5d8c713a017d51b7ce85f520ea248a970,arXiv:2305.07766,citation
83dadecb4090306032e8500fa75bbefc0438543d,arXiv:2305.07766,citation
dd968b619baea69ea935a700d4e8a724e7ced9e9,arXiv:2305.07766,citation
a0878803d189e62f77e3c2f3679d48d541dedb71,arXiv:2305.07766,citation
cc9b2f22a3356a7262a50b15ee022bbeb9c19422,arXiv:2305.07766,citation
602ac3629baf3fc04e4abb669b9b977144108905,arXiv:2305.07766,citation
74b3ac6983117b8c26e597ffcc0375ae487e2d85,arXiv:2305.07766,citation
2704333f86b6657cceccb4246e70d2655527154a,arXiv:2305.07766,citation
43dceda9eb1b15872a939ae34a1c3893b062cfe5,arXiv:2305.07766,citation
5603a24cc64abb0c6deb8b2448b1dab459502bf7,arXiv:2305.07766,citation
c32c63a24733564727fe38517231ed2d310f6349,arXiv:2305.07766,citation
c8b1c313da7f654d58e626e4d32eda5b4c7f300b,arXiv:2305.07766,citation
b5751c587aac51702e33f9b453eea2381f48c6a2,arXiv:2305.07766,citation
4949fae2e8dcb1000462098aa15fe922067932af,arXiv:2305.07766,citation
49d3ba08fff7482820f39dc8beeb158b4e1979d0,arXiv:2305.07766,citation
fbc0c2b7f2eee7721965a790896620dd6d607e89,arXiv:2305.07766,citation
8f980543f8c7520059ee50033fa545ac1f8ad44b,arXiv:2305.07766,citation
df599c84dd41b8ddce22afd549bde826fd368526,arXiv:2305.07766,citation
3b075710aecc4e8e8a035215d70004a0ea93be1f,arXiv:2305.07766,citation
0a3319a658f2d5c6b929e3dd8703894aa4e8e0ba,arXiv:2305.07766,citation
1595da87d5bab53aa4a360dcb9058ccebeb701b3,arXiv:2305.07766,citation
247ba9d0966b60164498740ab5b9e6d0b28207b6,arXiv:2305.07766,citation
c846076b78da898012ccb9d542172ef6b0c200ee,arXiv:2305.07766,citation
1747aaa8db7354ac7e4e6375014860016c078658,arXiv:2305.07766,citation
69d4f8347f906d00dac06c3fe244a86029cf39e4,arXiv:2305.07766,citation
ffc7591e5374fb003ec8617974a93063cca688e4,arXiv:2305.07766,citation
626306aabdde546d33627790338a8ca03c2428c4,arXiv:2305.07766,citation
42022ebb089d31e372f6fce248fa591dc187b717,arXiv:2305.07766,citation
8f13c95566e1317c8c5c212ce970481a156b860b,arXiv:2305.07766,citation
39771331bd171e9dbd7f0907ceda2e5e15bf5bdd,arXiv:2305.07766,citation
e7cc0ee0d5e88dc0bec72d7f2f43fba374c51a95,arXiv:2305.07766,citation
665db8d6eebc0c0f4529d19c589305c4cc2ec0ca,arXiv:2305.07766,citation
a18fac91f2c55b8373526df19b990fa50b45f0cf,arXiv:2305.07766,citation
1409029f82ecb636cbd4fd65c2f8949d1497cd5b,arXiv:2305.07766,citation
e1f87b2d292fb1750bb6102c2368d934e33fe13a,arXiv:2305.07766,citation
a549f6fcec90bb5522d0a5a49bcb4f937a735d17,arXiv:2305.07766,citation
6f11cba039b650637906230e0001f2b02cf2f2e6,arXiv:2305.07766,citation
d906a8e4d623dc6064f131eb064b1160d2f2bc5e,arXiv:2305.07766,citation
17c6dcc45ee2ca2ac2e79bbfdbaa1e0ae06fcd6e,arXiv:2305.07766,citation
4698d13ac47a92db952a73655117fffd7f52b049,arXiv:2305.07766,citation
7ccf1d9c4105390d7acb220c64a5a7654e49341d,arXiv:2305.07766,citation
7c4b6f40d46bad72d96bc1d9f38e73f80bf3aae8,arXiv:2305.07766,citation
cf5c57963cf12dea96d75431e39bc9e12c33366b,arXiv:2305.07766,citation
ba1ef829f09c37aae1d69b9275b3ec3a43a95ee1,arXiv:2305.07766,citation
43551059b1184364fe287ed3282609eb01246854,arXiv:2305.07766,citation
a8ad39fc162c238b5c126a2d350d00dd7ab1ba87,arXiv:2305.07766,citation
765e5ec6b7c934afee1b0fa5bb1e6870aac46ff7,arXiv:2305.07766,citation
0aa28e531fc701fe95c1a5a4f9d02541c0e4fd2f,arXiv:2305.07766,citation
cdc655c151aed0be27c7c78a03a1aa0d47c495c3,arXiv:2305.07766,citation
bcd6fe80d38e994746b5cde39134ba194ea00071,arXiv:2305.07766,citation
5f0b826ffe17faa2cdec21752e7d1863bd909f2c,arXiv:2305.07766,citation
9e707c3b697e739e94d4a971495661b2ceebbb71,arXiv:2305.07766,citation
e86a0320e4e22b5a4dc673fed10268cdce520526,arXiv:2305.07766,citation
2fcc18bdc0d678418bdf8f1985004e89eb68bc3e,arXiv:2305.07766,citation
1ad735714ad2e4ee5b94ce26c976e5ee5c7cde3b,arXiv:2305.07766,citation
9799436d3bcf04185c224543bf27737103c35154,arXiv:2305.07766,citation
ee2e0077ec46704f2cb930958c9bf3739a904227,arXiv:2305.07766,citation
87875a07976c26f82705de1fc70041169e5d652b,arXiv:2305.07766,citation
dc135dabef805c7271f53ec4b212bdf8996cfd9d,arXiv:2305.07766,citation
2729d18c3906477489f2ddb9c7dd92c1d77b534d,arXiv:2305.07766,citation
0a176ff2fcf08e852903a5bfa158e53a67c0b71a,arXiv:2305.07766,citation
817a47d5e058800f22eb648b4366420bb3415bf3,arXiv:2305.07766,citation
ef9a988712d7ef207fb9824d1e9222834187c562,arXiv:2305.07766,citation
f440cb7a24317ffa4016466d5206c914c7207e62,arXiv:2305.07766,citation
95d47b6f52b74b58048b67a48123445b27001f78,arXiv:2305.07766,citation
405b454ce30d981758dc603191fd58ad413fbf39,arXiv:2305.07766,citation
b775c99601d616628c766a811c91732107bbe53f,arXiv:2402.14800,citation
95fbe178b8b8f61d68c8e9d535924de8202311ef,arXiv:2402.14800,citation
ea3ee97a34fe0157fc08b1d13a7e3aab1c22b698,arXiv:2402.14800,citation
b3e55455315b344138760e0cb3c35c2bf958bc1e,arXiv:2402.14800,citation
9d119634597f8f12bfd7bb22e956233ad103463d,arXiv:2402.14800,citation
59a6eb338650c3e61f282e85978a4df13f711ea4,arXiv:2402.14800,citation
e6c3e40973c9f51ebbd36d13dbb6b2470ae5c9b7,arXiv:2402.14800,citation
33e30ef1dd6c1a08f3563c052b686756192702a8,arXiv:2402.14800,citation
52a9e21dffb1b9a8bf4fbd368407795aef390d70,arXiv:2402.14800,citation
1f85d55a678204abafe386248899ba7aa3ca005b,arXiv:2402.14800,citation
3fb11a4055bc3157f79a26d7d4ede3187d1cdfc6,arXiv:2402.14800,citation
d1de718109dc23ce34183b557016f24d7872a7e2,arXiv:2402.14800,citation
01085ddff95b81bf6b438e5e03e9313483679a49,arXiv:2402.14800,citation
1ca05c32859176216fbcd15183cddf3d779773b6,arXiv:2402.14800,citation
7b6006bcb9c2507af0ec2c24d4ceaa24b9d87084,arXiv:2402.14800,citation
46b42318a16a2aacb40981de64cb7fdc49f00472,arXiv:2402.14800,citation
f22686d5e2754b92b47987f6c2da7cab6c742491,arXiv:2402.14800,citation
7bfa22572180608a90b1cdc5f8830ad064455fdb,arXiv:2402.14800,citation
bca6d3b61336718f0a89d3ba65ff794e79631917,arXiv:2402.14800,citation
8b940b7685d1dd57b0c815e79c0b616b5a937134,arXiv:2402.14800,citation
7fddd4f0c6108e12fa29d4375eb8fbf7d3699dc7,arXiv:2402.14800,citation
740c46ea0d67e3521aa45982618d6d3e5cb6dd3a,arXiv:2402.14800,citation
9d017a12ea6bac0f4074be937ee29786e54c5464,arXiv:2402.14800,citation
0f658e9eb515e21739f11127a64a4fd9f7b9d53e,arXiv:2402.14800,citation
a1467bd0b11e96f1aac74a91d4842433fd2a9541,arXiv:2402.14800,citation
d116105534980a0e5619c98a66a3b101ea48ed2a,arXiv:2402.14800,citation
85051baa89b05c105257890639e2e8e7c9713cca,arXiv:2402.14800,citation
d4392c0fb9366c13c31b328e4bed838489e05d95,arXiv:2402.14800,citation
2bf8cc907f744c2c8105ce405f8fcf2ee667b1c4,arXiv:2402.14800,citation
f197eb5e3fdbbeef2d7c2b5761eefed4c9e607f2,arXiv:2402.14800,citation
2a28903d52688d7bee05f1f9b8ca4ff83a825824,arXiv:2402.14800,citation
37fdb216cd516a840485aa37bbd4bb072e4bf1ae,arXiv:2402.14800,citation
78dfb79bdb2e608245a8ddd1fbcf175f9043f258,arXiv:2402.14800,citation
f5d6fc5ee2cc8d1664b75d2e1a0efdeb9ba219b5,arXiv:2402.14800,citation
2358a37d89681089c6f6df7df8bdfa08aaca2c1d,arXiv:2402.14800,citation
668f545fa8133b629ee3463c52c10b02190a2496,arXiv:2402.14800,citation
171ff1986464d30df01167137f767f7e139b1ac1,arXiv:2402.14800,citation
8d60203e3f7fabef7dcd029dff446df0ca7d33aa,arXiv:2402.14800,citation
a7401a78effe175c7d9dbb999c130b36d9ef92a7,arXiv:2402.14800,citation
4dc5dc0f1f49fafc83c4774284efb243f482bcfc,arXiv:2402.14800,citation
3fcbd852b679b3bfa33e6c921cc0704577a38af4,arXiv:2402.14800,citation
0790f66f56948017b66b4ee10279e35d641d9ba9,arXiv:2402.14800,citation
9307d546f9c253d82086a9793f27cd53bdd14164,arXiv:2402.14800,citation
3f89a1d552c2271640d352c860282fabf5694960,arXiv:2402.14800,citation
8152ff29ab2cef35defa2ee343d4017cc975463d,arXiv:2402.14800,citation
a2781a5583ca624d569783850d035de8a58ecf13,arXiv:2402.14800,citation
210f58cd7804dba7d8be66db88099dbe5a02b823,arXiv:2402.14800,citation
0e47c5ce3590345a4e1093f44c4f66513934efe7,arXiv:2402.14800,citation
6c586ffafcf9bd59544f908e4a045edee7992542,arXiv:2402.14800,citation
97e6047bca99a4aa8a83dfee53594d4165e9e007,arXiv:2402.14800,citation
3ebf80a0afb8db7c6f435f9683a3020451e0dd2a,arXiv:2402.14800,citation
4d0ee7bca07af07e319add08efcdd403e215abff,arXiv:2402.14800,citation
d9c05ef795a82e35280ddc04f9a0c203114f546e,arXiv:2402.14800,citation
5be7e6b04c5a240cff340034aae2b57c677e211f,arXiv:2402.14800,citation
147c30c6636e780e3729198dd7fbc09d981e4d3c,arXiv:2402.14800,citation
c2612e3e1cf49d907a1efb8c9ed315387861abb8,arXiv:2402.14800,citation
eddf8c43bf0bc787a3f1faf87636e54051822130,arXiv:2402.14800,citation
a0b938e3e741e998a42463f0cbe19fd3f37607f1,arXiv:2402.14800,citation
d9a7c48e91fe4bf36ed6c544d9200d141afb7f88,arXiv:2402.14800,citation
1d97050663b4a00c5b5d8b2c074aa2586c228754,arXiv:2402.14800,citation
898f10efff8dfdacf06bc2252df166c62d6c1259,arXiv:2211.03263,citation
c1e6b7e5b3bc7804b3b41fd459fd39fb06ed4dfc,arXiv:2211.03263,citation
95a056e51c937e0cfec5fee5588364ff9c75b4be,arXiv:2211.03263,citation
9a0e7fbf52ad90b06d2ebec6ce9b397ee60e2796,arXiv:2211.03263,citation
d1df856c584bc9503c6b6a57ad19e9914e5dfefb,arXiv:2211.03263,citation
ed2ccf2b0c2fa4191e33dbc0b6627f791e640ea7,arXiv:2211.03263,citation
c66e1a82da756a146c298aae50e7792f4192b30d,arXiv:2211.03263,citation
d4e7f4399cbae81823a3652bc9462bfc27666d55,arXiv:2211.03263,citation
428dd4b402c2b2404369188731cbf1d822299079,arXiv:2211.03263,citation
295f8557f4e78ab8fd07de6adc9d1632d88255c8,arXiv:2211.03263,citation
3e776e5cb3a54b894655ea966e13919d62ffaa6e,arXiv:2211.03263,citation
751a23ec4073f146c8e7de9ed19fc0812177230d,arXiv:2211.03263,citation
55c401d0243fdf7f090e97c850a25ccb490ae744,arXiv:2211.03263,citation
e7e44b980823f60d54878949ca11b0cecd09af9e,arXiv:2211.03263,citation
7a9256ca9fc67513e7c9b40d2d47dbd3617a02f8,arXiv:2211.03263,citation
46c5e229aa290f22e3fd28f30d1584f981050974,arXiv:2211.03263,citation
19a2a248831d93741d770119fc5b8926e60e83c6,arXiv:2211.03263,citation
6fc43d71204488aac0ffd58cb86fb82bf0d7b3b0,arXiv:2211.03263,citation
3eadeada86853ee6b04847064318032f555e17c9,arXiv:2211.03263,citation
8f5f24842ca2999346caa4ccb7110558154a3b1e,arXiv:2211.03263,citation
ee5fb340666734ea88ce4348e23c8b82392bc9dd,arXiv:2211.03263,citation
7251c21e8e8422d2f8113e7646d79d457d732428,arXiv:2211.03263,citation
58fceb3d82d08959bc22a809017f842ecda91fdf,arXiv:2211.03263,citation
f3615ec7ae17c133a9d98aafaf84270d03165583,arXiv:2211.03263,citation
e9ffb8357472a077180292a2c930779396658da3,arXiv:2211.03263,citation
b71884092949e1c3ff48944a0fe81b17a90dcc0d,arXiv:2211.03263,citation
775a08a72a65efea1dfe64692036a01e62c4d7a3,arXiv:2211.03263,citation
981d63fc453419fb1f90eb2d1f4b01d42ad4aa4c,arXiv:2211.03263,citation
14023dc6bb8ebf7319013aa31d01bbe6a9c7cafe,arXiv:2211.03263,citation
1bce212f8d3e4505f0f138bf5be8a44579f47e47,arXiv:2211.03263,citation
7bf024694ee3d55465538f6c238179b401fd81b8,arXiv:2211.03263,citation
eb54686209879fd961b7c35739353813277dd5e2,arXiv:2211.03263,citation
fb8b696d821ad39c6d834791298f1409bea1de44,arXiv:2211.03263,citation
5a77da37a46fe7f19872e7a26106a6fa11f54359,arXiv:2211.03263,citation
c08bdffdbda73cd0ce3ef5913d59a0d0aa6c89fd,arXiv:2211.03263,citation
8b19c791a09bfce411eadacb7f5cfaacab386bfd,arXiv:2211.03263,citation
3448e136046d22d4f90d7a4c875890f5fb64b811,arXiv:2211.03263,citation
e97637c25bc7ad66d0428d154a2f296e00e5e2a2,arXiv:2211.03263,citation
d8f8634bd11c68055a40c7fbb01410bbe77b285c,arXiv:2211.03263,citation
1e3ef48abeef882e12f9553a1baf8944f3782c88,arXiv:2211.03263,citation
a66ff335f5934fe7503a99d3eb3abed493994df1,arXiv:2211.03263,citation
ee79b4da7556cdd69ca188af6d6e883c9e94fa87,arXiv:2211.03263,citation
742a4098ddc25fd3c53d4ebdfc845d1e5d2bbff7,arXiv:2211.03263,citation
199600ce11fffc299c43717ee57c204d361bbee6,arXiv:2211.03263,citation
ee2c4670fc3ed9d6f6b3e583dde19340bdc0e71b,arXiv:2211.03263,citation
d847ab7f4109d0a4c640d5ee34b510a76002fddb,arXiv:2211.03263,citation
19990cf5cff35938a3197fab1039000b2a76eec8,arXiv:2211.03263,citation
6c0240f2d30115e7b6da891fa17134b7f5e6b23e,arXiv:2211.03263,citation
3e66a2069ae94034f595185742b1ec72a6f0fd7a,arXiv:2211.03263,citation
3cd98a010b36832fc2bd8368cd4f34c72cd0ac6f,arXiv:2211.03263,citation
df2db6500995a0bbffd77249ae2680d6897567a8,arXiv:2211.03263,citation
2b1412ad4117688dfcb7c50c64fa29caeefcddf3,arXiv:2211.03263,citation
f75a74c549f95b487381a1f807608e4a76160e47,arXiv:2211.03263,citation
ba5b22dba6cb42028246fec0042c2011fef59a65,arXiv:2211.03263,citation
ef721e478e0314b4a800dd44dfcd6b4a7a49b5f8,arXiv:2211.03263,citation
6ec6f56284232220e5c70e6138228fecf4576d10,arXiv:2211.03263,citation
d1ab937aeb1d9b1172d19eabae30fae9806fdf7a,arXiv:2211.03263,citation
bd4352e16d0de4c5e70022a5432c1457273a843e,arXiv:2211.03263,citation
d39b4b55954f0db0be55f6d5882c9741e6a69883,arXiv:2211.03263,citation
810b62c5123dcc4a773835cd45a252d0bf24adc4,arXiv:2211.03263,citation
dc9a849f56505e6c0e7b971eb81389790b8547b1,arXiv:2211.03263,citation
bf0257efd52561519fd6d12908de88c94777d872,arXiv:2204.02515,citation
5e93dbd203dc8997cfd604937ec0fe9d78528049,arXiv:2204.02515,citation
eba71aee2eef29c43687dae24f6dbba1397ca0c4,arXiv:2204.02515,citation
0541e064cce0248543203945429abb4562546c85,arXiv:2204.02515,citation
7fa2d1632262f30921aa0415f1b4c0f15f50e865,arXiv:2204.02515,citation
28d9ddc8048dabce5c0c8b373a959c5a1dea9b65,arXiv:2204.02515,citation
96a68d22c4cd83c01f7d9be8e4c7d256bab8e2e0,arXiv:2204.02515,citation
47df61fb2a060ccab5407dde7f6ce237894ec14d,arXiv:2204.02515,citation
fc8ce12d6186ddaa797e2b36d5e8eb7921425308,arXiv:2204.02515,citation
dfc1d15965300c9e632822b3ff8cb90653f1e35b,arXiv:2204.02515,citation
303d4a53df7f1daa8150faf5e01562cdde948742,arXiv:2204.02515,citation
642a59982044d5e87cc479b5f529108878beca94,arXiv:2204.02515,citation
57f59779375f700d4288ef2397903d488f49b9a7,arXiv:2204.02515,citation
2097b656b25c9291548fa082b3c433eb81856c76,arXiv:2204.02515,citation
d35f1042defe9a1d69c343ce0237f14d057f48b8,arXiv:2204.02515,citation
f2e0b3d6a02dac33872f0a0b42affdcf454715cb,arXiv:2204.02515,citation
93fd8d387432002238822a4e551515af1ce34e6f,arXiv:2204.02515,citation
bc5edab352cfdc6654e292c03ff7bb3c27a407d6,arXiv:2204.02515,citation
d3c3213cdc21facafca8cac3fa7397ea066fc4ef,arXiv:2204.02515,citation
bfc2aee63d20fb19c9a851da9e97fec40c454124,arXiv:2204.02515,citation
5882fd8f5b22a9bc62ab2226597a4d45923c505c,arXiv:2204.02515,citation
5c05b129216e187bcf3499834759b9f23e0ad89a,arXiv:2204.02515,citation
b90abcfbc391c606206b4d32c3887292f0fd3226,arXiv:2204.02515,citation
10d78553cc14f2113e752185d81a37a1ddad5496,arXiv:2204.02515,citation
2985af7568176c4c229e552cb0acaaf3502432df,arXiv:2204.02515,citation
d9d4f6f8955dc3d861d2de0882ae4e444719c5a1,arXiv:2204.02515,citation
d17f666085018f19f6ab8253979d0d727af43f00,arXiv:2204.02515,citation
d9d3dfce3bfa12fd3f3fb747b2252d57c83ab0f2,arXiv:2204.02515,citation
d989a874275c238abb8a903de03903ff8f149e41,arXiv:2204.02515,citation
19933dd9e03058e686ef412262eef7696cce3e8f,arXiv:2204.02515,citation
8b0ed190c5d71a0265266ec965b4adfaff5a8b90,arXiv:2204.02515,citation
5016766c87982f5c62ef6580e120939ab155d776,arXiv:2204.02515,citation
6eb46737bf0ef916a7f906ec6a8da82a45ffb623,arXiv:2204.02515,citation
94bcf0390d5acb1b92323bd15cc1dc311314122c,arXiv:2204.02515,citation
2e01fdebbc780d3667ec3bf87a44927f0d9c188a,arXiv:2204.02515,citation
41640c2acbdf158f8a538a5441caab80514c7bfe,arXiv:2204.02515,citation
4367911d9d28d83fafbcf6c908698dd981ddbe9e,arXiv:2204.02515,citation
c11810fa8887b678facea62da4607c4898360308,arXiv:2204.02515,citation
d318e0169f649656c71f02a1f84194a734fe1962,arXiv:2204.02515,citation
6173520a1eb2814d067e8c5fd16212b7cbf6ee78,arXiv:2204.02515,citation
c1c663d8a7d78342d8eabb6ca144e5761b6a2443,arXiv:2204.02515,citation
dbdc6909f46413a995fbaf6d331c41613c28da62,arXiv:2204.02515,citation
e60567231ec4b588df0017d496d89f412b2f8324,arXiv:2204.02515,citation
2264c5b9c8fe7c1baab1d7fe0988bce8acaf2fc5,arXiv:2204.02515,citation
3833356a8be4c3334209d521bb4638514239edaa,arXiv:2204.02515,citation
557a5147d88ad361b807d4c93decac6d57d2d5e9,arXiv:2204.02515,citation
9c9d9b026a9497e73624912aa9ea905d70e7d470,arXiv:2204.02515,citation
fd7c3c8fbe8cf88bd967ead02738b43081e306a7,arXiv:2204.02515,citation
c8aee1051b6a26ecdb56f1225e62b0b1244d9949,arXiv:2204.02515,citation
40fa6bafaf0ea18ef73e1e05731bdcd3179897f1,arXiv:2204.02515,citation
c43a6f12b062a50617244611af180a8146e792de,arXiv:2204.02515,citation
29569ac41ce24e2741c2d56d18f7dbff946a827c,arXiv:2204.02515,citation
25c1dd5c0276fdb3c46868f91b604049f5182723,arXiv:2204.02515,citation
208814c4f79b1f8ab23f32c43f5d4e99ff87b362,arXiv:2204.02515,citation
8c206a4a0457dfa388898e3bf07d0385d2fdbd5d,arXiv:2204.02515,citation
5aa85e72597e1cc3b851af007af30124b0ca5b59,arXiv:2204.02515,citation
2aec574791fd33e9be32fd5191a66734f805a6a1,arXiv:2204.02515,citation
dfc896a182711b47e8ee3faac34bb54e7a31b19e,arXiv:2204.02515,citation
ede60a10f12f4f1a966abd7fc034f5187c4d6b08,arXiv:2204.02515,citation
46035d8bb6b7a6d026b06a2888a2739c12e673b5,arXiv:2204.02515,citation
e0bf41277d1e03610294424dd0f83b49894d3070,arXiv:2204.02515,citation
226cb3a6b51707a9eeb1c5f2176fdcecc8ff272b,arXiv:2204.02515,citation
dcef5750b0f1b958c3807ed1fe443a8cae723979,arXiv:2204.02515,citation
65f44fd4ec1466761dbc4700ce594db0b4639321,arXiv:2305.18098,citation
e549950da3f9645bc016fd61431aaa95ab8a168d,arXiv:2305.18098,citation
2007388edf538d32ec233d37bc7863041c9832e5,arXiv:2305.18098,citation
8a61f300c04a888bdca5b731bd7e9938a0bac21a,arXiv:2305.18098,citation
e2e3df776c68c4cd98025743f481ea84052b81a0,arXiv:2305.18098,citation
715258338526f41003644b324af7c54f9c32b78b,arXiv:2305.18098,citation
d3d765831081c41df9776ee175f755845dcc9a71,arXiv:2305.18098,citation
fbd257933e6b6b0bf3e62dd7474e451338c65fa2,arXiv:2305.18098,citation
13af1f85c4c92df570bea192af7c515cbf68fa9e,arXiv:2305.18098,citation
e3fed506325e3c47d5891410df36c8be89dcf276,arXiv:2305.18098,citation
2a5ff298ee21260efc500f7e0a8651d3cee0b8d5,arXiv:2305.18098,citation
fd4d923ca4a6052fec3ad7ade2cdc210c180caf0,arXiv:2305.18098,citation
84b4a3e0f6c9e8a7f3d20178a9052bc0c972ab74,arXiv:2305.18098,citation
e1735674423e37a32d1c1242bc546df367269c5d,arXiv:2305.18098,citation
fddd386820dadfa0c26949a1a1286057b6336d74,arXiv:2305.18098,citation
eaf12ceb99411878ffdc339998803f98a6dfca73,arXiv:2305.18098,citation
737215b51033b73b93ce2fcf213179516f18e87a,arXiv:2305.18098,citation
ee87cf37023421f583271e9039ba57b384894254,arXiv:2305.18098,citation
9a49b2cbb42772f904edd2f1c9d37b0c353b9f9f,arXiv:2305.18098,citation
88ea65aceadf68b9ac72cea03354206dfcbc680c,arXiv:2305.18098,citation
9473100c47e32c72d2751737350a445f7bf5572a,arXiv:2305.18098,citation
fed48b81fc7e87e8530f033cb327ec32dd525779,arXiv:2305.18098,citation
456b51e996490f3aa39e272a8ad4a2711888e3c1,arXiv:2305.18098,citation
0bcf1931567872aad969174449d3dceee7a8524d,arXiv:2305.18098,citation
025d028a254ebf0cb282517535cb8a023bb828de,arXiv:2305.18098,citation
cd4af99b69ba3fa062e83cafce627bcb6c89db6f,arXiv:2305.18098,citation
a9646ff6f219a2add1c74d1ac9712fe0d30d75af,arXiv:2305.18098,citation
5d4513c5321cac93ec26e6ebc5d82e1f9b7c7b51,arXiv:2305.18098,citation
dbf219fda4e0e7d88708270c965d7deecfd8b388,arXiv:2305.18098,citation
86c48bda9e5d4e6a9cbabb94e93e86954adc5009,arXiv:2305.18098,citation
dd589eff6954b9371ecaec3517373ace50815133,arXiv:2305.18098,citation
39cb370560705ae11184a10c28e9a0fb787b470f,arXiv:2305.18098,citation
3333cfb7c27c30ec44ad5d39922fa5c0ddc706d0,arXiv:2305.18098,citation
8450f3b0d77c4657a6827530fb094054b7060e75,arXiv:2305.18098,citation
d8a68d8935ee259e06a52f737ba745d7d0439e36,arXiv:2305.18098,citation
0126fea92578e34ec9e3e1a0047c4e85dc4c93b4,arXiv:2305.18098,citation
441706881df38147fac80681f79efc40a53227ec,arXiv:2305.18098,citation
1cc9ddfa9a43eda19db3130109292430a0bdce44,arXiv:2305.18098,citation
f94155b751d2b01ce86bee0f6fcf57823508c425,arXiv:2305.18098,citation
8f2630c308b46ce02a06ff623fcbc130d481481d,arXiv:2305.18098,citation
345b973239dc12c1c3cffa9a5fb0d39f7e736d30,arXiv:2305.18098,citation
d75ab34449b2875511c9eb2aef7417f30512ca76,arXiv:2305.18098,citation
85727f8633e728d23d9c6d9e77a08675465c555e,arXiv:2305.18098,citation
038937be80c561740a47c68157eed3a02548abfe,arXiv:2305.18098,citation
1ff5422e92e9691b67440842d4d601e388e99f9b,arXiv:2305.18098,citation
5e5f04a5ab1d22ffad0e96585469e269369ec676,arXiv:2305.18098,citation
f3bce99b1257132b386db8e46177b936440376a4,arXiv:2305.18098,citation
53d1a17fb02f975b380112efe0d4bd3f331d2d1e,arXiv:2305.18098,citation
f177435e79c8e9641139c9b878fce0082609cd0d,arXiv:2305.18098,citation
d5a50700c8850559ed27adb9f59cbf5b3a210529,arXiv:2305.18098,citation
b5358a60e5e36b40970f45824c6be0253de7b4c7,arXiv:2305.18098,citation
69eeb4dfcc971b30119b9f0dcffdac3b4f9c1c98,arXiv:2305.18098,citation
218724f99e35ce70dbfb89f3d262683ee934df40,arXiv:2305.18098,citation
53174067c1b037f6ba5343806b580a2bf35ccda9,arXiv:2305.18098,citation
7014a18435df6b92ac46a8fc89b527f2921cccae,arXiv:2305.18098,citation
d3740839a128291e09c77ba63609870e4a1fead8,arXiv:2305.18098,citation
55f1f256939542f2f7dcbe12e8fbf79d7463ce29,arXiv:2305.18098,citation
d3575a5ae995268f4cd78141833667f4eefcf1e6,arXiv:2305.18098,citation
3d9f124dcaccc058417aa42a166f0997bf5aec63,arXiv:2305.18098,citation
e2d96f8d8052dd92276196f1e98fe14c53f1d20f,arXiv:2305.18098,citation
d32764d479f338e0a1897cc3c35630f4ed0a39bf,arXiv:2305.18098,citation
6fd5dbea7588ee6bca703aa3fea9a487006dba29,arXiv:2305.18098,citation
1638afbbed24441298fede6040ae19be56cdcd8a,arXiv:2305.18098,citation
21067007c7ad88e4e535e6883d1bde5aa64986af,arXiv:2305.18098,citation
6089c4369b222703860d867b1317b4834323c54f,arXiv:2305.18098,citation
ce7628e9428ec7a94005d237f06a814c45a5f9ee,arXiv:2402.12065,citation
131a6031f2eaa21fa58fb8f42e3cc2cde005e20d,arXiv:2402.12065,citation
bb15d15655a41d12c714b3cd88c810ee5bb2886e,arXiv:2402.12065,citation
6fb447eec208a190c49b150a1c103a76fc4fb342,arXiv:2402.12065,citation
1f72c80885acb97f80897641a5773d79946ce100,arXiv:2402.12065,citation
bb36f730698710cb98ba8abff7ac5e120ebf27f9,arXiv:2402.12065,citation
8c5f1d9db616b761c131b3bc6c1346237886d1ef,arXiv:2402.12065,citation
007c8756fdf7182b3bd261305eb98487e2257736,arXiv:2402.12065,citation
fa41d3c017e8d5f9326364cc1771e213bd7403b4,arXiv:2402.12065,citation
29ccab4a37fa0082718308d33fef0ed6367d1ee7,arXiv:2402.12065,citation
eb574cb16208cb0daaa484f85cddb1e1d6b23f44,arXiv:2402.12065,citation
0949425ba826ba18698de74277a818e5f2fec179,arXiv:2402.12065,citation
90edd7a79a263555c7142bddf60f604b12da9376,arXiv:2402.12065,citation
914db1eaeabbf712c406dd02d57379a8f48c7c7a,arXiv:2402.12065,citation
65780e86fa36e354da618499f8b4616ac87838bf,arXiv:2402.12065,citation
91c18d09390e38eef2eec073124bf8037f42c423,arXiv:2402.12065,citation
570e1642ffa3e552b0c100ec10b92bccf3da80e3,arXiv:2402.12065,citation
99e9d31792f8a4667538e19ce0d2c5a1000a2bd6,arXiv:2402.12065,citation
4ee95cee32006ba7e6632863f1c68f3c30e2f839,arXiv:2402.12065,citation
96ea763f233ab7d776012811d2f7735fbe9e603a,arXiv:2402.12065,citation
753dad0908ff2bb6ee75fd0dc697ff9586054d65,arXiv:2402.12065,citation
2109873d8d34f23d67adac59c2f66e24dff5aaab,arXiv:2402.12065,citation
d99ec0428aee7b8500a380918dc074968eac4e87,arXiv:2402.12065,citation
76d29141224857f9450545c8922523c3c436541d,arXiv:2402.12065,citation
b2d3806a2f4bb99af0decb32533ac0d6f1598234,arXiv:2402.12065,citation
7386699a1f1b4ee26069eff62990a43073fa679e,arXiv:2402.12065,citation
e710b63080c45b275bf0ee477c7cf0f5d9a5b6e7,arXiv:2402.12065,citation
f0be7bc99796eb45c45a1077418ed164f5f148c8,arXiv:2402.12065,citation
9fd991b3f371833194256b08ad915593188dd942,arXiv:2402.12065,citation
6bcd708d2e49b34f34f157daa6bf1c3e062f57c5,arXiv:2402.12065,citation
c8424bf742e789de1f7528d6ee418b5d8414b604,arXiv:2402.12065,citation
f121117c8cf3dd9feb16e278915b7ddf658b1961,arXiv:2402.12065,citation
5201913bb3b941e0d42606969da5c1f927aeb48b,arXiv:2402.12065,citation
7fcec68408b759d7826edbd6a0dea0a8bb12f6bc,arXiv:2402.12065,citation
7cfceb098d86ac397761988d4557b241115e95d3,arXiv:2402.12065,citation
bee5db90312bc27ce5a444ffe28c8d167fd39a7d,arXiv:2402.12065,citation
52e8f72baf2237c9cc6cf2c23dd6a6882738f329,arXiv:2402.12065,citation
0d3324ecf776c240250a93a0e5aac6be75d61014,arXiv:2402.12065,citation
e6cc6bdc9f7d459c273d5d301277884e687c456e,arXiv:2402.12065,citation
66b1d57a96cebb361096ae2005837664bc98c7df,arXiv:2402.12065,citation
13377dcc40420c50f9a7bb211a86835bc10fe36f,arXiv:2402.12065,citation
bdb5e0e26ecbfd5693191b9b94f4f759cce14e59,arXiv:2402.12065,citation
f06f347b28656a5453af8239a705b02a13c8e28a,arXiv:2402.12065,citation
6c67e17fdd763f212e582f8de56b56dd5ed58832,arXiv:2402.12065,citation
03ac842078aea35c59b4212724025e7e477e48e3,arXiv:2402.12065,citation
7318a804566baadc9f4b4ca8255f78744e749a32,arXiv:2402.12065,citation
f03bd1b959216fa22b3f72ef7f245e57ea7e45d7,arXiv:2402.12065,citation
b1f5087ab3e782f718a1393bed242b4b412e648b,arXiv:2402.12065,citation
d98c87a7d41ba41dc804f8cb1aea74787c02038f,arXiv:2402.12065,citation
6969909e641bd0b0cd007f34e49cdb1edd88a3c5,arXiv:2402.12065,citation
e3fb1c4eac0fbcae83991504a87a9a8c328b9b18,arXiv:2402.12065,citation
d0deaec3e1f74701ac43600d9e64c5c969be7391,arXiv:2402.12065,citation
dbf829c977c121c3704d070d7800d29fe5914756,arXiv:2402.12065,citation
338d8f3b199abcebc85f34016b0162ab3a9d5310,arXiv:2402.12065,citation
e60b5445dcfcfeb6fa7df1e0bfbfbfb388cff637,arXiv:2402.12065,citation
26ea13e3558796cfbfd2c38f2c64778f8afa1625,arXiv:2402.12065,citation
f84f0f957f6c393065003de03c1e877e4890d396,arXiv:2402.12065,citation
55e826188a7309a4af356cfa827517220c795e9f,arXiv:2402.12065,citation
bd49df3cab623e34f6378b18c6c61c486e8c2cd2,arXiv:2402.12065,citation
9a73caad673a9652f0e2650f03ac97530bea3afc,arXiv:2402.12065,citation
998dca0b69dd0b08495d90530db2352be3a04d4a,arXiv:2402.12065,citation
259801b7832915cbb6b9760b891991d00498931a,arXiv:2402.12065,citation
48d73af1a5820c5c4fa56a7dc310ee6de7421a3f,arXiv:2402.12065,citation
e0810a36e9a75a935d2faacf4c6bd12dd1844ff1,arXiv:2308.16149,citation
9490cffce0f8d55cda7424dccef0b854ec80abb9,arXiv:2308.16149,citation
a0b661f284f598829d3646f6e639fe30f44d1f58,arXiv:2308.16149,citation
8b91aedddfe1d27d7f1a837c252e3e7c61d1d1c1,arXiv:2308.16149,citation
aa260d61e37348d106b0a817294b2d0690ecd6f5,arXiv:2308.16149,citation
025632d98d464101bb97ca3b1fce5dea50d75c3b,arXiv:2308.16149,citation
bf97cd7303cc58344ba08af8637fdb47502817c4,arXiv:2308.16149,citation
9f074f7c7e9804038c70e55ae1a48c42d1d7c156,arXiv:2308.16149,citation
f7e40bb86ae2e974dfcda7cdce64642d2cbfbe01,arXiv:2308.16149,citation
72b0b2e665bd2d067df7dfe667e14f72ab3f9a7e,arXiv:2308.16149,citation
8920ff71a506b1c32ec77c839f80d9a69f7ba5af,arXiv:2308.16149,citation
50f8f61175bede20fa0c30a958e40effd576f1c7,arXiv:2308.16149,citation
f70d895bb7f3bc4f634a67414ddfe56956c2b273,arXiv:2308.16149,citation
98975797c979110549f3bd7e7fad5f1a0d5fe1a3,arXiv:2308.16149,citation
91a18fd8558f752e8dc51e6ca5a323eb234fe634,arXiv:2308.16149,citation
21aaf5b1f4adcdae9371562fc429550af5b8982a,arXiv:2308.16149,citation
ac2d9d5a71ef57e044ef355a44d249bb9e56d2d6,arXiv:2308.16149,citation
966496693a1c57656375c4866baca14f72d77442,arXiv:2308.16149,citation
b4cac1ddc2f6dd293e7ec6359b77e78f71999e91,arXiv:2308.16149,citation
eee206d70a225d5726a0421263717049727253f6,arXiv:2308.16149,citation
c3d6d75cd3b997c0f96d5a2b5fa075b6728725ba,arXiv:2308.16149,citation
802d2a65f7da6d0fcaec8bc9bf4fa1ca110af2f6,arXiv:2308.16149,citation
3eadeada86853ee6b04847064318032f555e17c9,arXiv:2308.16149,citation
45a2f23802823213d71e87b7edd769e996ce2a2c,arXiv:2308.16149,citation
f0c9ca5e800cd9fc71d723bf9407a7cab61079b4,arXiv:2308.16149,citation
53588c1d80fca59214bed49a8464e9c3a6fd4a4e,arXiv:2308.16149,citation
e16b2eb3e9135b18c9d4168c790ef375a95d086f,arXiv:2308.16149,citation
889a8b6ae16d0b215988dd0eaec0ac7cd79a5c0d,arXiv:2308.16149,citation
09b29e7d4b280e03bfd55c256cfeb50e5b2f2dbf,arXiv:2308.16149,citation
a5af3507ca363f3c84f16388502970ffb3188aef,arXiv:2308.16149,citation
adb9dc13a0ffdda8aa5cb472b10c41fbbfcaf10f,arXiv:2308.16149,citation
13b19a4ed620268c99e55818a2f2a2026de51949,arXiv:2308.16149,citation
c120f045da7afa8ecfba59823163f13132c0f79a,arXiv:2308.16149,citation
6cfed267e1b432e668d984ab894055c0b33e93ab,arXiv:2308.16149,citation
3ea6ddd85d557e212daf7f5bd6501dc0bae73748,arXiv:2308.16149,citation
41082c4d5cf085d958e53c39335c62dc0724f958,arXiv:2308.16149,citation
260282639dce1984c1a065aa4feae41cea0fed06,arXiv:2308.16149,citation
b49d8ae7d9f9b0f52dbb57e1dd75ca13087c9d53,arXiv:2308.16149,citation
d3dc2bb42035e90480b15e3651ea414ee9191e7b,arXiv:2308.16149,citation
e6bd2fb1e6ab7628d4810d85d3a8a0d0308e403e,arXiv:2308.16149,citation
953b304d0dd3745861f5fa56fd342a2edbd30710,arXiv:2308.16149,citation
cc0c6f4dbbfc163cfae15724da1d7e3042fa099c,arXiv:2308.16149,citation
5ed1c09e27fb35e0b8da4e1afa9ad23c0b517f3d,arXiv:2308.16149,citation
c65583b6848454de5d56668a2788093280e3cbb6,arXiv:2308.16149,citation
9831f8c43efff346d8bb00e9b4cec59ac96bc7d8,arXiv:2308.16149,citation
acee88189ec7a4abc4b9446a5e0c98168d72ad68,arXiv:2308.16149,citation
de90174a0fb0afef56d80b85c01e0cdd84902be3,arXiv:2308.16149,citation
85cd86ae8aef825be20c44f2e52b82f82edd03e6,arXiv:2308.16149,citation
b91bcadc6227f7d61e406bb6957850231733442e,arXiv:2308.16149,citation
764fc56883bf83392cac99a7b5a264ac9fe2cdc5,arXiv:2308.16149,citation
859d9e9c77ef556fc6257c2a395e9edfcac3b775,arXiv:2308.16149,citation
8d8631f1ddebd99ad47a96bc04d55a0502218b8f,arXiv:2308.16149,citation
c5f301e6448780d9aea8a99e3b37ce8f3a16e66c,arXiv:2308.16149,citation
7b72dab2d1a8a1d91b6b8ad5f9ddef71a0c29a0e,arXiv:2308.16149,citation
42ee2e495b273d4bfe7a87eb0c64a86222e87424,arXiv:2308.16149,citation
4a170b773144a5a8e3aa8c6be87120f652ab25e9,arXiv:2204.14146,citation
6c0db2bb65dd758a899f0a0661c5f0981814ab12,arXiv:2204.14146,citation
f11168f682dfaf3256dc9c31d1393d25ab2501aa,arXiv:2204.14146,citation
e13103b0c2e068a9eb7336d8f48572c178e8dd7e,arXiv:2204.14146,citation
acef200065fad07b8f95798964f341a29ab967bd,arXiv:2204.14146,citation
25052b2594e9fb1edc6ff056d3f887983606a8ac,arXiv:2204.14146,citation
e29f834bb02b0693052290a55130a165f7e9fa95,arXiv:2204.14146,citation
547e851bd281ba396e92999c3a749edfd5530f85,arXiv:2204.14146,citation
70dcd5bda31413c00696a95a769ea55635c32b70,arXiv:2204.14146,citation
f7508f20efdd3d709d3be4f46b964b5a0262fe15,arXiv:2204.14146,citation
b4441dbbf33bccd950542552b11b0b5bb0bc1387,arXiv:2204.14146,citation
8a8dc735939f75d0329926fe3de817203a47cb2f,arXiv:2204.14146,citation
62edcd3612243ffc82a291b6c8b7f69b66cbba45,arXiv:2204.14146,citation
19174942f77857fc9308a877781ce9d4d1944ba9,arXiv:2204.14146,citation
e88a2b613cbbaf7e20a4039e7454b0f10eab3153,arXiv:2204.14146,citation
0f9995ec08e95bea09d512c59e40d19f0f44d7bb,arXiv:2204.14146,citation
a2c0bd1e6afe42a21d039c1bb2285fa92c9d08ed,arXiv:2204.14146,citation
dd7a74a09fc29cadcd47fafc4f7812bb8d2d7208,arXiv:2204.14146,citation
bff3dc34477ac2d10477cdd37c8e71d5688c40dd,arXiv:2204.14146,citation
b931b242f40a032b9ae7dae9d9fc10c6ab90695e,arXiv:2204.14146,citation
afee8cdc51e95b50d7574ed1700a797874bf792c,arXiv:2204.14146,citation
6eb46737bf0ef916a7f906ec6a8da82a45ffb623,arXiv:2204.14146,citation
16342fd115398bb1bcf2f16baf94f9d4d122d480,arXiv:2204.14146,citation
d1fb9013ed41c67b18755f01f0b7c7c5ef0a047f,arXiv:2204.14146,citation
fdfce2076a0158df0388fcd6762164bb337b05da,arXiv:2204.14146,citation
b3f272d644fe580d18f635be4d6ac4c520ef0d0f,arXiv:2204.14146,citation
c2c7ad3112c4b575e5d8163a0e574f9eb743cb52,arXiv:2204.14146,citation
4115a24474ef5f184f5cbae3f43aca4d3bb07bea,arXiv:2204.14146,citation
9bce3661f01825ad56dc9d2b3d254fd9e3792360,arXiv:2204.14146,citation
74b05bba46db21e589a2cc0f916f81069b0368ef,arXiv:2204.14146,citation
d665588837309ee0956daba3a80027bdd87cfeff,arXiv:2204.14146,citation
c715914c388fa64dd8686cd8755e5adfebbf2388,arXiv:2204.14146,citation
c11810fa8887b678facea62da4607c4898360308,arXiv:2204.14146,citation
28dafb94a87daa71ad3edf9f04f3c8c32753398b,arXiv:2204.14146,citation
372bc41602bbd21f192305775f0a58de9880e454,arXiv:2204.14146,citation
1e4b6567ff66de6cdcbe58c863538241e2f62b45,arXiv:2204.14146,citation
c5120b546f1bd99df5bd2e2bf44db5c7c46d1545,arXiv:2204.14146,citation
cb3125e4f63f3d058a2a39270ecb585e86c3d1ff,arXiv:2204.14146,citation
af34181ae916e01c72513f915f984a1d2c7febab,arXiv:2204.14146,citation
4ea413e5a21a743d68c92e7f169535d0543f6051,arXiv:2204.14146,citation
a640cdafc10181517b7694ab589db515595b3490,arXiv:2204.14146,citation
9a76284e28c0bc89cd6bf86d135d6b2e58351b3c,arXiv:2204.14146,citation
3936fd3c6187f606c6e4e2e20b196dbc41cc4654,arXiv:2204.14146,citation
538288d24bdad73d831dfed44b706958287ed318,arXiv:2204.14146,citation
2fa11f97ae084591d79013c0cbc65d9931d976df,arXiv:2204.14146,citation
311fd5f6f114ae51f8cbd95a0da69d7b556d25f1,arXiv:2204.14146,citation
557a5147d88ad361b807d4c93decac6d57d2d5e9,arXiv:2204.14146,citation
e3a9af420cd2c0c8241856da92374027fefb87be,arXiv:2204.14146,citation
9f89d19d68955e95c95108800aac3053b18f4f2f,arXiv:2204.14146,citation
3679d12929f5cf3a18a3096fd2157210645a21f8,arXiv:2204.14146,citation
a12696e2072db458e3b3cae35209b85ade89ea84,arXiv:2204.14146,citation
b6a2f5f0c41ae933bebb6cd09bf5d065d7f675b0,arXiv:2204.14146,citation
34eea97d5a4dfbc96b37dfe20b4045dc7b6eba6f,arXiv:2204.14146,citation
c8cfaf4733b7380c60a2ab55a30af65b18612eb3,arXiv:2204.14146,citation
4bf3ff7baf970eefd353703fcc69982ca89577d8,arXiv:2210.04186,citation
ed450cebecd6d2e97665451718c0ae333f1b2a1f,arXiv:2210.04186,citation
33a1c680ebce8d6b371a1628af201e5528cd14ab,arXiv:2210.04186,citation
41e6bb5c821604a16402b461234a35ffb5f02101,arXiv:2210.04186,citation
221fa514266f21655436e5c3d5dfe801bc823e9a,arXiv:2210.04186,citation
b5630d3f72e5749eff2d9c88c966f21db367af14,arXiv:2210.04186,citation
71b4046f00521d2412fbca2cda5fcce895371e99,arXiv:2210.04186,citation
966a4b3a5cb3cd6b305fd3fc317c000b1604946b,arXiv:2210.04186,citation
c3f8698adeeae07d81114f08cd178248a49c774e,arXiv:2210.04186,citation
5a26cfd26df2cb3f3576296364e94c951d338ac5,arXiv:2210.04186,citation
e5b077152faf4b57ad94bbe1a57ef00dceaf6cea,arXiv:2210.04186,citation
a18e83016aaac428d8592f07bf6d6e219aea8d6c,arXiv:2210.04186,citation
06e39ef868a2b5109152efbe71c9808ea595ef54,arXiv:2210.04186,citation
7348536e2197f3aa19387c6e5448af4c8f5acb38,arXiv:2210.04186,citation
b00d92a2ebb024dc6c82d2cefbcd0782ce32f74c,arXiv:2210.04186,citation
219add0ef5c6e6a7073e17df3b210e9c6d594f44,arXiv:2210.04186,citation
dcfd0ad2c25e6b0d5943993421a6df4b28fb9e04,arXiv:2210.04186,citation
77cfb8ffd28b9cd06b4cb50c10f31135c9027b80,arXiv:2210.04186,citation
1f1093fbd6eb15b2a79e0e39d5e3621f8090fc84,arXiv:2210.04186,citation
550676250271276becf5a400f072241daf734f4f,arXiv:2210.04186,citation
5c24dd41f46fd7107997b0a46e1207e0fed63b34,arXiv:2210.04186,citation
985593908949db339427c852310c567ae8477b69,arXiv:2210.04186,citation
74c58985723a439df4736a1c7f885a68aec73c62,arXiv:2210.04186,citation
64410909714f421c153ac123f975f86cc15c1fec,arXiv:2210.04186,citation
3784fd84b61d482b52f7ef72aac66bcb886b892b,arXiv:2210.04186,citation
cd4692ae5a13931a92798df824116263818208bb,arXiv:2210.04186,citation
e5d0a261a8e224ab4ed9fada3e6cbb88429a0a9e,arXiv:2210.04186,citation
8e6aa54db2acf4cdb212ebb7b934f00f1f10142c,arXiv:2210.04186,citation
dc7de606ecf7c65abc26396629b633e18d8704d5,arXiv:2210.04186,citation
41fa7fa8e12bb4aa72db7aeb2b11656ace18925d,arXiv:2210.04186,citation
3ca8655d4147ec6443c0c90dac7c29d4df0eab99,arXiv:2210.04186,citation
c10ce97f538adecfc0bc15e6ca39dd5d5f002bc1,arXiv:2210.04186,citation
bad287184c6739fd6f476f89cb83e09415982d9f,arXiv:2210.04186,citation
eeab466d688b94133950788eaf8d1bf33bf037cb,arXiv:2210.04186,citation
ad6a1ef3f75bcfda9f7a3567d45f0b5ac108e431,arXiv:2210.04186,citation
12d16f426edc6ab248fb476007bd1646282d4d68,arXiv:2210.04186,citation
12d92ca6cd401b937e3edb307b0cac5e2aa1bd3a,arXiv:2210.04186,citation
d0cbc7cdf5c9a2fd9426f255acb5ee29f3351640,arXiv:2210.04186,citation
1f22de83d912176cb8857efa1c6d65b14d6a2f5c,arXiv:2210.04186,citation
8cfc36f3341325121a95c5f6486ea9e21f03b3f7,arXiv:2210.04186,citation
7fbca8b465fda722179c6379948504d71329b9f9,arXiv:2210.04186,citation
23fa99aa74445a1ec222cfde94189b97a8a70d30,arXiv:2210.04186,citation
f28e5d83d12eadee6aa30e215bddadf1ad1ea38a,arXiv:2210.04186,citation
8075f05df1fef78d0bb2d8eea925c5034e216cef,arXiv:2210.04186,citation
9bc669a0dcf0d8f84b0ed35af4dbddecf0e44ec3,arXiv:2210.04186,citation
e6955ede9e5d6c06ce38fa06bafc128f40a1d960,arXiv:2210.04186,citation
53d971590c7511e1f7b6b401a29493a05f881116,arXiv:2210.04186,citation
6d9971a71df276c51bb0f9c674763c85989432ba,arXiv:2310.05189,citation
0cbdeab036d4c507a5a30257e387b1dac39d0ebd,arXiv:2310.05189,citation
3756d9834d20c316d154d4c9161e32d18d11e4aa,arXiv:2310.05189,citation
eaeefb4cc4825f76cb18513a66a73d1fa3005500,arXiv:2310.05189,citation
9c5cbd4d1e0144dc5e74d13c131e2a5fe9c43609,arXiv:2310.05189,citation
aea576d8b1660a82c40f943f25fddb4ff8113cdc,arXiv:2310.05189,citation
f349febc390d4c08ef52ee937cadfc22a754c6d2,arXiv:2310.05189,citation
9ecdb05e8b451477c32923d28fbc4aed485c1127,arXiv:2310.05189,citation
fe472d15e2fd294c5d871a5b316d6a74908f409f,arXiv:2310.05189,citation
09992d02d809c9598c192277ec24c918849beca0,arXiv:2310.05189,citation
9be4bad72b4efe5fc84b28c032195e074b20f9dd,arXiv:2310.05189,citation
6e6d7311bdfbc11e5bddb9f1857cf871ec4dfd2b,arXiv:2310.05189,citation
927aa9e1403b9612f9f123066f1ace79ef17ab10,arXiv:2310.05189,citation
caebdf2e79888d9092154a366e29fdccd7d59810,arXiv:2310.05189,citation
63f2c402f5ddcdc65145b6cde29ad724e1923329,arXiv:2310.05189,citation
25ac9ed6c9393d6742b73b6a41d5a486d2211e43,arXiv:2310.05189,citation
6be2e46c18967da1b8cc550a63041025b2b0c1d8,arXiv:2310.05189,citation
0fc3091301f8b269cdc2c38bad050a3ad91635cf,arXiv:2310.05189,citation
ede76cfdf79f42ce07df8b59efe4a3d24c808b6b,arXiv:2310.05189,citation
c06d00778836faa0f39169b936bdf1e241f5dbee,arXiv:2310.05189,citation
3eae74dde216ff9d31a865441e2289ed5665bf5e,arXiv:2310.05189,citation
c27940b6e619af32cf188daa301ece6cc41ad11b,arXiv:2310.05189,citation
ee413d8143b1fd9beb0c343785ed98de1901c181,arXiv:2310.05189,citation
b43e7d90706aa348896aefde2bc768120edb0128,arXiv:2310.05189,citation
0bc7d2cb5de0ebb4837e37442631ed5427c4f5d4,arXiv:2310.05189,citation
31bdb17910e911b255bdf8f0dd87b045fa6fc644,arXiv:2310.05189,citation
3d43078b0c305e3ced1ddc660ec041db59a0941d,arXiv:2310.05189,citation
47cc7251e4c37d92f1ffda328db78c5f28cb2027,arXiv:2310.05189,citation
4cd491391b5cd1866535ac95cfcb52e1779c40a1,arXiv:2310.05189,citation
a8e2821112b30961b11e782e56aa26a1cd9d82e8,arXiv:2310.05189,citation
508c85097273a26273f6c20ef96ceab629a0d691,arXiv:2310.05189,citation
4af68a3cc8871dfe6fe68f91b93cfd17d81076f7,arXiv:2310.05189,citation
381632c2bc37a52e6c5b6fa7e5b1a372ff660a66,arXiv:2310.05189,citation
9bd2fd209116cd9c2b47edc1040ffc991455220b,arXiv:2310.05189,citation
934635a82a338ddea6e0c0059663250eee259e8f,arXiv:2310.05189,citation
3c632184a105d2a639f8d7e66a7e4999142b6a63,arXiv:2310.05189,citation
88ee6398a970acbb1cab592cbd07c944d8b59b4e,arXiv:2310.05189,citation
7198c0d9e81b273f9fcf9e6c0577641041f4f518,arXiv:2310.05189,citation
4adfef112d0b7868743dfb06a2ff375c9fa276df,arXiv:2310.05189,citation
ea24454853d1a88f3451d6e9094023c2a4deae1c,arXiv:2310.05189,citation
24a56d41df2c939c3223bde7bf26050302c3dea7,arXiv:2310.05189,citation
866009d74c7a553c073c777c8c016c672da21872,arXiv:2310.05189,citation
0251bb95be75d472c8d5b873751615e7fe2feb1d,arXiv:2310.05189,citation
03eeaad27db9a967b0e204d40c005c21388cb09e,arXiv:2310.05189,citation
893960d503f3f182ddb6b15fb61032a488de87bc,arXiv:2310.05189,citation
d1fc253c083687bda6d19e4d67c652871ff8ad37,arXiv:2310.05189,citation
6e971ff1c98a182933cca04eaa5c49c2168f5f7d,arXiv:2310.05189,citation
704aab4dab0963d96e4fa6a526087ae521900a4f,arXiv:2310.05189,citation
e0867cc69b9efd8a87b5612da532140bbb8f1b0e,arXiv:2310.05189,citation
e6c6836da35dcd93639e49095af1c3191a3b4ce0,arXiv:2310.05189,citation
bbae1617b0d7b82f59b22c5ef6c77754c4bf2ccc,arXiv:2306.12174,citation
9dba6e49d773fd47c4a5572a34de2cee7eab3bd5,arXiv:2306.12174,citation
d12847255873ea75c8ced8fc6565a56561c20ede,arXiv:2306.12174,citation
ad16b50033ec278983b6287b118351758a5ece9f,arXiv:2306.12174,citation
cf89861099246564046ea5c253ff16be00688b88,arXiv:2306.12174,citation
d1f51a4081a68b73024d9741f9cbb3779f1e78aa,arXiv:2306.12174,citation
060617252126279a1ebac3e10237430ae484f97a,arXiv:2306.12174,citation
427781f67ea66a168a323a75fad3f6958451bf8d,arXiv:2306.12174,citation
05026dbbfcfb88929401f1d00e13338fda190a20,arXiv:2306.12174,citation
f33b9d4c9c5afe89bc44824ce104c343e2308f31,arXiv:2306.12174,citation
321e0898d492f6d03d60f4014065a8c810850cb9,arXiv:2306.12174,citation
712cc6d926cd830423d39d1e688cc15cbaa89060,arXiv:2306.12174,citation
9d4a10c751946acb3e16c9ec939ca966ff37313f,arXiv:2306.12174,citation
19efa7b816401a501b51e6278c2b6104634be019,arXiv:2306.12174,citation
5dbd92797287ad1e1330cde850313e718514f87b,arXiv:2306.12174,citation
d6da914d0c8021df6622857aba23b794fc7e6a40,arXiv:2306.12174,citation
2d083784999472d9ace6962814823db926c723a9,arXiv:2306.12174,citation
2328293b9a9da591f820b2f2b4a5551c3d44bbc2,arXiv:2306.12174,citation
8821241d9fcd081e24076482cc1272428f28ce27,arXiv:2306.12174,citation
3b451ead6e2e79b2305f7437038d78a43c59b81c,arXiv:2306.12174,citation
06a14542392ef22dcf3e53ff6037a472c70faa2d,arXiv:2306.12174,citation
496043914792fcb16ffbc92c1e77181546fe65cc,arXiv:2306.12174,citation
1fc06763199f217390291209691693cb611bcebe,arXiv:2306.12174,citation
af2006e4abddebe7738527180e0c3ad498184caa,arXiv:2306.12174,citation
8f8f24b82aad78a4c43a920e7fd388af8467fede,arXiv:2306.12174,citation
5d2bc3bf1fdf2b11ebb4f48de1c98918e39d95aa,arXiv:2306.12174,citation
679b1c81bf676d0389e1d4317bee630f250d3399,arXiv:2306.12174,citation
e06bfe725a3763500358d8f2c2f014810ea740ab,arXiv:2306.12174,citation
9497b514320199cc8afbc9b9cc4d7891831e9ccd,arXiv:2306.12174,citation
1a0c866c373bc68e17163c27ba85d77412414e31,arXiv:2306.12174,citation
e95dd8a8a07470eb19770dad42470a16315b1b94,arXiv:2306.12174,citation
c65ae14538682aa5a572e5b64e2b0d478af4ac28,arXiv:2306.12174,citation
1e1230ef1de1ba9c4f6cb4789184a295133afac0,arXiv:2306.12174,citation
be6f989f0104fb8f6b9322073b07c2cfeffbacbf,arXiv:2306.12174,citation
3cc6c4e88b6135d53938315a262285a501803c48,arXiv:2306.12174,citation
bca0bbd01ea917b7a9fe369288ea3ba03d3b1ff3,arXiv:2306.12174,citation
0a898a2772c7c2941b83a737f1bef806710b047a,arXiv:2306.12174,citation
c7492913370b5726eaa6ced163a60de6c9d4bb7f,arXiv:2306.12174,citation
20c6d851621137bb762ae3a0f8a90a4b27e58e83,arXiv:2306.12174,citation
1aa6b543d4133183461d83798f1443a433e82d3a,arXiv:2306.12174,citation
7306e97d2fb5977572f47a90866323239ab1ccdc,arXiv:2306.12174,citation
3f4f842a8cc1bf13d682e2604564fe678788f255,arXiv:2306.12174,citation
1dea91742e80f2f3cb2a42224ec300ceac359f4a,arXiv:2306.12174,citation
18b589d146ded994530fd2256bf1b197d4db11f1,arXiv:2402.09977,citation
d29fa684b5d3f0cbb553812ceaabf697714b2e0b,arXiv:2402.09977,citation
8147a33a7bcb94b029a21ecf5a51ba3e15f50e25,arXiv:2402.09977,citation
7fdcee5399f7ea0198b080801a1af19612aed37e,arXiv:2402.09977,citation
6c1c81084aaf0e92d7eedd7e1cf0a91d5a99f8c1,arXiv:2402.09977,citation
06d03e6fabcab2edd76ca415de26a9925afd0086,arXiv:2402.09977,citation
003a46a1516891b8a0e01e593c596bcafb3b953b,arXiv:2402.09977,citation
4f590d3cf12ea874463c1ae179ef2fee926df3f0,arXiv:2402.09977,citation
ecb0f127acb64fedb2c0a4d2e5d10adf719962ac,arXiv:2402.09977,citation
781c473dfef51be4d1638503d7a3f52a82664b28,arXiv:2402.09977,citation
6f5773fe99a7ad04867423bee3709c2e1d9c33b6,arXiv:2402.09977,citation
e949b844426c772d4f83ce286462fd76a5b484fd,arXiv:2402.09977,citation
326c554455fdf0d6fb9636c87341d1c7748cd834,arXiv:2402.09977,citation
a14e189a0e44609708a49b53fdc61920996070bb,arXiv:2402.09977,citation
c0046a6c7f5769227413356d925d37339fffc134,arXiv:2402.09977,citation
6283498386b6486a2bb7d8d3d8043a1ebf03cc40,arXiv:2402.09977,citation
5884b53446686c6b01462daa8d1dacb20f685019,arXiv:2402.09977,citation
4eb0857fd1232b4db9fad01435f3ee6c0276477b,arXiv:2402.09977,citation
1068dfc3985863ad692cd59a48596847aac8754f,arXiv:2402.09977,citation
b815d5d44e9f700a8b83d62233897a12cac6e85e,arXiv:2402.09977,citation
fe2673a2b6bac27d7a7ca5b6261fb5bb23943095,arXiv:2402.09977,citation
aa00170f631ad7e732875d3ff13d2c2dda0419e5,arXiv:2402.09977,citation
3cebcaae3e3c20bbff0bd487488e0558d63c842b,arXiv:2402.09977,citation
f54ab591fde1d73bc25b09e9afe0a9ae43915fee,arXiv:2402.09977,citation
2018a64911680af735172e3bab2719a80927279f,arXiv:2402.09977,citation
37e3992869212c6434b0cd251fc6e1d219ac485a,arXiv:2402.09977,citation
032efa36fb05babc4a6ab1ce0558a282a3549e8b,arXiv:2402.09977,citation
c76a0746402af9a7cf237de24b196ea9597895e8,arXiv:2402.09977,citation
ae7606881a405a773dae6cce8efd87fe0b9b73d9,arXiv:2402.09977,citation
ae9bc76eb8e0aafca5fde681a9d2329c809a26f8,arXiv:2402.09977,citation
34bf88d2a353a37b83cadee31fa39c0146aa9ed3,arXiv:2402.09977,citation
d7fc6c7ee8bc07de753afcda09d5eda138c6fa64,arXiv:2402.09977,citation
a640215755e23e2649f4b3d3246a47b14fea93f7,arXiv:2402.09977,citation
a734b27bb1e6f37ba45744de4bf5b37f46f0d75a,arXiv:2402.09977,citation
43cd3c9429969fa9fea0cd4f9bf328d773666961,arXiv:2402.09977,citation
9966fd996a7809a9ac0bdaadb7ed0b9843464bb9,arXiv:2402.09977,citation
14005fa355419392fb3d1e1a59b2cc89f41dac28,arXiv:2402.09977,citation
64d0b10acf299e5f7eb2fe66774e8b84ba21a740,arXiv:2402.09977,citation
abfa2928b02e492db01b56182eb581adca7528c9,arXiv:2402.09977,citation
677727c49b7742ba6d19a4a34af6ba21cca4a574,arXiv:2310.00905,citation
9f12711898fcfc4d6ff5bd26d6926b61f9fdcc06,arXiv:2310.00905,citation
039625bbc94ffa91291699e1f0c1d2a5e254a236,arXiv:2310.00905,citation
57a4b0acff65e0b7150f30c791180c5acd0acc6a,arXiv:2310.00905,citation
9f7ad009bd87a940ee8cacc19a0e43a697707d63,arXiv:2310.00905,citation
4274cbf70d5792d58e1eda6c566f4f6d75c543f6,arXiv:2310.00905,citation
9cb6f501e355d9a2596f047981f59edae2c0092f,arXiv:2310.00905,citation
85bcb86f60fed38ca11d22d2acaea381954a663b,arXiv:2310.00905,citation
71f02f7e6fc59b8769f56d71c880e398fae78299,arXiv:2310.00905,citation
53f1b69c8a2c665235509e468ad805981e98a5d7,arXiv:2310.00905,citation
cea8d03eb1506269f4192d77aff553c59e76d5ea,arXiv:2310.00905,citation
b8d21a01963e2a1c49f8eb04581bbfb2919189e9,arXiv:2310.00905,citation
3eadeada86853ee6b04847064318032f555e17c9,arXiv:2310.00905,citation
20baaf93291d2108bf397439c3a4e12b6609afba,arXiv:2310.00905,citation
302666c5d4b0dc69eae60e3cd36a53aadd4e0cd8,arXiv:2310.00905,citation
93182c5fb50e47d4a29093db4935c19de38b2030,arXiv:2310.00905,citation
f0bc9acd04ee62a7f5ed62a0a560b5608874dded,arXiv:2310.00905,citation
618c672932cf32410ddc095e1408f4f5af992548,arXiv:2310.00905,citation
2a8f1df269ade918c317b08b87ec64ed2ed5794c,arXiv:2310.00905,citation
9fd4318fe607fc654fa969da2ad097fb20edf353,arXiv:2310.00905,citation
691bf1d82adbf6063321ef986ae250a1e8146cb4,arXiv:2310.00905,citation
242c76a916f83a6e7ec368c76c0c546d69cefc00,arXiv:2310.00905,citation
11e3007bb19dbf331b5e44f1b5e1f7ab95056c07,arXiv:2310.00905,citation
027ac1dad95fa9f42c5e9d00a4de31214f437604,arXiv:2310.00905,citation
f34cb468cc4c2f6c13f4b6fd527e5c5256218c77,arXiv:2310.00905,citation
839f2e7ce5f5a7fc2eb9d209ac9b310441f9f850,arXiv:2310.00905,citation
87c0b759783d919539860a0de7bb13fd0879687e,arXiv:2310.00905,citation
31ac7cb4be50bd1fa524f585b64ae07b73a8cfeb,arXiv:2310.00905,citation
611088d69b8d1e829e9f0d9d0f63c460c2b76674,arXiv:2310.00905,citation
38f94f882255732b4ad4a154777382a8bf0d0648,arXiv:2310.00905,citation
191df526eb5373215e2767ca0df5b4ec7d8db844,arXiv:2310.00905,citation
3500dbcea3de9880b195c6114c6959fcfa9719f7,arXiv:2310.00905,citation
6a8f8224f102fcda62448424acb7bf3a50b26b59,arXiv:2310.00905,citation
0f7308fbcae43d22813f70c334c2425df0b1cce1,arXiv:2310.00905,citation
764fc56883bf83392cac99a7b5a264ac9fe2cdc5,arXiv:2310.00905,citation
897940fb5dd4d739b88c4659c4565d05f48d06b8,arXiv:2310.00905,citation
00ed15190582da13fe9e7d4edaf1be07097ab5fc,arXiv:2310.00905,citation
48c3d9faf41dbbe407287ce94df9cd73834ab169,arXiv:2310.00905,citation
dc99e13f81558e1bd127af1b83e2e2021ea6335c,arXiv:2310.00905,citation
33131a681855e28de10e0430cdce803ae88a9a21,arXiv:2310.00905,citation
ee8c83b22cbcbb8b6e9feed000dd49252d69ae46,arXiv:2307.12114,citation
4917d795483efc23bb8e785cf1f5e61d9421b3aa,arXiv:2307.12114,citation
970fad23d98a25e57f0f25ab0fd911a73e80793e,arXiv:2307.12114,citation
b7f9d15da6474987ef16453d82e55d1558231f8b,arXiv:2307.12114,citation
822a5e984729dcd5ed89c0e2ba622b9d6bfbd068,arXiv:2307.12114,citation
501c0056dba3d271df812c30d59e00238d7746f5,arXiv:2307.12114,citation
d020489409f6523b7a7c6be63e883eb7bf307e2e,arXiv:2307.12114,citation
c83c7f1f3c859d5516d55afa9eaac7e83fc34001,arXiv:2307.12114,citation
8a18a75e3ddd1150bf6033c6055b09326b8acbb5,arXiv:2307.12114,citation
38e410400fbe07c2f0476949a4484c1695080c7f,arXiv:2307.12114,citation
be3ad3f3b0593c9557119aa47f8b17176e0dc9bc,arXiv:2307.12114,citation
834205d9a45739b1c19e9ae16598828020e56318,arXiv:2307.12114,citation
8f14ba1ce827a174916098d78b396c863d2ee7d5,arXiv:2307.12114,citation
b844f228b5e095218dcc666b2b24e240c932d0da,arXiv:2307.12114,citation
583d69cf7972371e8d7fa0d45b5610a9af51b817,arXiv:2307.12114,citation
0dcff9166676a566bd714713b00e100d351c7112,arXiv:2307.12114,citation
7f3d0d944df0a3039e62aee1ef6d99cae15fe903,arXiv:2307.12114,citation
97fe7f16a0fda06184ab978b2465f99dcde7c3b4,arXiv:2307.12114,citation
219bfe83d4a57575b9787b90242f94b0eda0ece0,arXiv:2307.12114,citation
77e2ef1aa674354212cc2524df1c5c27c20b5109,arXiv:2307.12114,citation
be13163f560e0f372e04f82811245e891276eff1,arXiv:2307.12114,citation
8fdee21732bb55f36ef12bd4e92bbc17bea22255,arXiv:2307.12114,citation
afa675fa04003499283987328d30f5d0d7b2f17c,arXiv:2307.12114,citation
50fa489f8730124dabb7dbd5cc1029fb215a83f1,arXiv:2307.12114,citation
70483cb9f9fdfec2ce17344dfcf229083d442043,arXiv:2307.12114,citation
d9db99fa712edf900873b62143a08f5a14c22986,arXiv:2307.12114,citation
e692672bc299848a1c35d953bc025091f371e070,arXiv:2307.12114,citation
8b5e6cc2fefd2d4997cf6778c55ff7015db3929b,arXiv:2307.12114,citation
351a2d50b4aff8e9754dc7074dd589b10a7465d4,arXiv:2307.12114,citation
99be42f807311159efeb19f89fe0f0a6c3e97861,arXiv:2307.12114,citation
c65a64ea1be8dd654e2685f9bfea4c5118a98804,arXiv:2307.12114,citation
ef9b84a57a654888729ce73a3f2400d56e12a300,arXiv:2307.12114,citation
e967a695d9d6b3dc2bcc0ad28f2a614c05c406ac,arXiv:2307.12114,citation
0e90e076184ce2f737e7d4bdc83419da7d4274b7,arXiv:2307.12114,citation
c0d41b0a0212fa0d8aed0c1b48d618d056d10e32,arXiv:2307.12114,citation
f617bfd0d37f891776c50f3ad397a2495eebbf08,arXiv:2307.12114,citation
58596d14c7e3f9e415bba3e15779490e6cf5a1fb,arXiv:2307.12114,citation
91069678f5ba6da66b6868288ad97cb4e65b5643,arXiv:2307.12114,citation
89ea4fae1d1c5a3067c55170d7ca263ed75c6e30,arXiv:2307.12114,citation
632163b213e95ddbf6b6fc1398d9c98938d1c41c,arXiv:2305.14257,citation
d958efcd72e5d6501db24aba54888bba88857a03,arXiv:2305.14257,citation
3890a568127a7d398612e850175feb775148b1c3,arXiv:2305.14257,citation
8698f69e656097a7df28cd9a331660d6b9f51b23,arXiv:2305.14257,citation
33a7bb26825560a0b13c955152ff14f27979c026,arXiv:2305.14257,citation
ee88a623365270dc72f906d85c371d3084db7f3d,arXiv:2305.14257,citation
35c6180900555279944f1faca8ee348bf55135de,arXiv:2305.14257,citation
81d0a2c6001e2b9a8770d36737ec4022436a9e4c,arXiv:2305.14257,citation
013b17368b4ecd6d019fa0004a4948450b2c437b,arXiv:2305.14257,citation
e62ac00c01e863d5f06b98b456c671d433a29d12,arXiv:2305.14257,citation
cdee27ca18f11adae733aa9baf1b1377b864cfa1,arXiv:2305.14257,citation
ac62f95e60a42bbceacfb390abecd95659947bc1,arXiv:2305.14257,citation
a57162ae7f03e875cf4e2ea130f696b58d967724,arXiv:2305.14257,citation
3b10d18fbca2b59e7beb3038c658926d2e384879,arXiv:2305.14257,citation
4e11d368fdc8eb44c889c4bad502e09d5fa220c2,arXiv:2305.14257,citation
6e16277781f81a492b9bdf8ac42559bd8499f724,arXiv:2305.14257,citation
3dc1d321296f0f831863e5eb6f9a2ef93f70bf09,arXiv:2305.14257,citation
60e7adbd62c1e28f30e029ad9dd0b0c4cd46b010,arXiv:2305.14257,citation
599d91ba5ddf19c775b2d63c3d5d42c1242f2592,arXiv:2305.14257,citation
ffcef91b1c25d2d740b335f9b4b3c942cd8d79de,arXiv:2305.14257,citation
6c076122ea53e18180255bb96c9ad547bb88d283,arXiv:2305.14257,citation
c4f8b3e629ddf851020666b85fcdd9439d52c7d6,arXiv:2305.14257,citation
eefcfb6854b61dc9f1ee41e0f4b9e6488f057141,arXiv:2305.14257,citation
341da3f8af6edd31edd8f5a3d9452957aeaaa744,arXiv:2305.14257,citation
c7d35995a9a4d49011cf47f130535e1391ebeebc,arXiv:2305.14257,citation
8ac6eb0273849f0fe3d29d193cc5cac731000d17,arXiv:2305.14257,citation
c844694387a89a477e7a8bbf918171cdc3b85672,arXiv:2305.14257,citation
a06d3e9e90008c64c45a0029d580541d5f646771,arXiv:2305.14257,citation
7492ef863cd376420de462dd1f041abb91172530,arXiv:2305.14257,citation
15db0eb3ac8de9084d26156b0c82369efe9593f7,arXiv:2305.14257,citation
ba995762283bcc0f7b449d664389e3fd4753e6f5,arXiv:2305.14257,citation
c115984c2b28e0d17d722c55a132459a87224ccf,arXiv:2305.14257,citation
0b220041eb83c23b7b10d32a5d08c0309d528071,arXiv:2305.14257,citation
dd0612ce863f64b0f69d0d9f708c52e829f6f859,arXiv:2305.14257,citation
e41482f4ee984f17382f6cdd900df094d928be06,arXiv:2305.14257,citation
7bf72a3b5fbac8bc0f461780810fbc781c28ef53,arXiv:2305.14257,citation
642633541ecde885c85d08aa917a038509cfe710,arXiv:2305.14257,citation
8caa5fbd27b8073ffee4e6093419049a6dcf5c89,arXiv:2305.14257,citation
5ce94181ea702f69c3651dce721d6bd8026b8106,arXiv:2305.14257,citation
7b3fc9cc77d7ca4d702c6941696cd959c04f97aa,arXiv:2402.11651,citation
c5139fb5780c7fae745ff3a4c55bb6528d316c78,arXiv:2402.11651,citation
c1dd8652f6094957a76d45c52cc74f3c1856f86a,arXiv:2402.11651,citation
7c9ff4a4360ad562e9bfff00998b2232752e3dbc,arXiv:2402.11651,citation
2a76d9aea66a7446def7a7252c34c7c497505e9f,arXiv:2402.11651,citation
295e035ad5219e4d29b32cedd482cec4d9fdc20a,arXiv:2402.11651,citation
b61a254a8b246d9e351455589e8af3f5c159d33d,arXiv:2402.11651,citation
02753fddd7c8ab3045f4d0f7975290b6307b61df,arXiv:2402.11651,citation
2bc5a4d7d2a95565d2662f7c0bcbac5734976442,arXiv:2402.11651,citation
bf08d2d4923d64272fc4be2f0bea6da26f9bc6c3,arXiv:2402.11651,citation
ab8e812d05c0faa7f13cfe00587355e9cd186269,arXiv:2402.11651,citation
d2dd268d3c1ca33f4ba6f02337f61e4962b68e1f,arXiv:2402.11651,citation
79f2dcea1f249c62230f5483d0b08ebb775d6ca5,arXiv:2402.11651,citation
ff57dd3a69e6bea6ed5a7aa45333b7e1190ce9b7,arXiv:2402.11651,citation
8d8ed23be9525cf54a6defb889983abefc2de252,arXiv:2402.11651,citation
6ff06d054217164cdda7fb31c93665e431dec554,arXiv:2402.11651,citation
f364b095a9ad79fc13a3cac94597fd8e31372dba,arXiv:2402.11651,citation
febee146fcd391c7e4e7d566db909426caefd81c,arXiv:2402.11651,citation
9504e2f28fd2316124d45bdb216f58781e1b81b6,arXiv:2402.11651,citation
15894307dd6ca9a436288e9a954ec1fe793049d9,arXiv:2402.11651,citation
ddf5cde146afaf61076aaa364f02be79bbbcb26f,arXiv:2402.11651,citation
94148e89386943323b2e5acf22444a75ebcb5f23,arXiv:2402.11651,citation
628f204c7f136f5328a5d2a5ccd89d0b834c5637,arXiv:2402.11651,citation
69bbeceb6c9dabd5a9917eaf55f4f01b68835e2d,arXiv:2402.11651,citation
344acd1d480f3c679e2ce12007af75b42e574929,arXiv:2402.11651,citation
b6aca622200ad7f722c667058d1dd664946d241b,arXiv:2402.11651,citation
ddd0364abf5499d08b32d9ac89ad9d1f246e563e,arXiv:2402.11651,citation
d2ea21e36ea31d9bd880b161b91986c94a46af3f,arXiv:2402.11651,citation
a3d177f1ac6984d305b0a0af89f6bab4c17cf817,arXiv:2402.11651,citation
a392c7ff653068c3ce2daec638a657d047debe45,arXiv:2402.11651,citation
cd4f264a72bcdd6ab519fe7d0a407679d85278c7,arXiv:2402.11651,citation
844ce36b30b50a3f611e4b670eeec60aae5b1878,arXiv:2402.11651,citation
95dad62c52800600e571b4197314578fd441ca28,arXiv:2402.11651,citation
1cc3159ee25fd7d492734be9075ba7084a4a0149,arXiv:2205.11601,citation
c43d571f11247b05c2356105214c8d4ed458ac9c,arXiv:2205.11601,citation
177e89bfb6c99614c3d06451afb4217c3d0df93d,arXiv:2205.11601,citation
010a10a75a2fa4f1c22aa1dea681b0897fd60969,arXiv:2205.11601,citation
c9ef1083b9314d4ceb2a05480c9682ed4318a7f2,arXiv:2205.11601,citation
39aa25abb5ea0037cb09993da4c1aa081d6d06f8,arXiv:2205.11601,citation
e612cfbfafdd1f48aeac2f36c59f6cecab020dcc,arXiv:2205.11601,citation
dc397b7458c47f757398a9723134ef40424dc68f,arXiv:2205.11601,citation
3894deeeac73598826afed6d294549035b80a9ff,arXiv:2205.11601,citation
54425716a75516cbebfca211642af40d59ede28b,arXiv:2205.11601,citation
1316a54aadb508482b21c841de4f1c5825fbc3a9,arXiv:2205.11601,citation
3e8c60dbf74fa53b5006b071e6c3202ffde484f2,arXiv:2205.11601,citation
c6cdfa6b103980fecfdf185ef7ab2bc6e61625de,arXiv:2205.11601,citation
c5aabd927143a00e13ca4e003f1cd98996e07d42,arXiv:2205.11601,citation
4a934786d5a6ae7c38cb9a107281cc89d2811d39,arXiv:2205.11601,citation
2befabbf128909202d80e450322385c49f4775c3,arXiv:2205.11601,citation
2721c748cea1d5802a6834bf7e7121d13ae36183,arXiv:2205.11601,citation
3409a29c7287a5e0010f48f8bca42679e3b10c12,arXiv:2205.11601,citation
647d64679501b9c161d39f9872d255b8dec95def,arXiv:2205.11601,citation
980ae53726fb0360fc9f8535e3e6d5848e8c22c7,arXiv:2205.11601,citation
bcfa73aedf1b2d1ee4f168e21298a37ac55a37f7,arXiv:2205.11601,citation
3d8a3517231643c1df79bc32c8c2664a4cba3a41,arXiv:2205.11601,citation
3de99f885cfc0c2145cd584df7df4230cccaea04,arXiv:2205.11601,citation
f0e9998ddec97b5275eada7308104d867a1dda19,arXiv:2205.11601,citation
12d16f426edc6ab248fb476007bd1646282d4d68,arXiv:2205.11601,citation
78665358e27c6c09fbb99b7642b70834666993b9,arXiv:2205.11601,citation
b3cd294dee1f0fbbe8a494a5a2c3cfeb4df697ff,arXiv:2205.11601,citation
92b37b91483fa3a52563f409c1345a1615a551cd,arXiv:2205.11601,citation
473e55ded26b201b834ae73966474299528ec48d,arXiv:2205.11601,citation
b517840872197e2eb7a62cdd07a61107275ab1fb,arXiv:2205.11601,citation
ed5ebed7ff668fd7362d531a40b49b3aea33b3a9,arXiv:2205.11601,citation
ef7c46616ee01223ed9249edb5ae081ae7a84623,arXiv:2205.11601,citation
2058fd89a7dd22ef9c533e8cc66f8a052897c701,arXiv:2305.14982,citation
ec404cc4f7c01e6dc195ac813feba7cc872fff1c,arXiv:2305.14982,citation
2ab26db9d7c2d42ec928658afee8b4645a0a0185,arXiv:2305.14982,citation
c6917bf684f4c14be1bb75562840652a56bce82c,arXiv:2305.14982,citation
dc104ce413ec1fda9134b0fcae29bb183615555c,arXiv:2305.14982,citation
3f03a01b9ab3339c73761abe29c10a6362de4b0c,arXiv:2305.14982,citation
308d3642c7f1127f71228f2163deb4708f899869,arXiv:2305.14982,citation
2870d47100e930356940917682ef5aedf32e3a75,arXiv:2305.14982,citation
d39db65d7e6a839ce68c211e7f5bbd309a1d0f9a,arXiv:2305.14982,citation
c3d6d75cd3b997c0f96d5a2b5fa075b6728725ba,arXiv:2305.14982,citation
d026ae01965621aef6721075e809f2b6418179f2,arXiv:2305.14982,citation
3eadeada86853ee6b04847064318032f555e17c9,arXiv:2305.14982,citation
c7839ff7c9dbc526522cf3f8d759e3aadb333ead,arXiv:2305.14982,citation
147d1a6bc340d4a93762bcdf846760d73532621a,arXiv:2305.14982,citation
e6f8fe66aab5d5953325b05026e768f4510dd6c2,arXiv:2305.14982,citation
e6487b8c6824554c87fe64ddf4970cad98818b7a,arXiv:2305.14982,citation
ceed7bc3f2f4234be1ca285e05a30975fb91ca1e,arXiv:2305.14982,citation
13b19a4ed620268c99e55818a2f2a2026de51949,arXiv:2305.14982,citation
95c87dc09770dceb45ef786511a59fa5aa15e61d,arXiv:2305.14982,citation
a2e525288279b53df880e6b9c0e1650fdaaf99b6,arXiv:2305.14982,citation
7b404f264725173da15d440cff59a847054fdbb4,arXiv:2305.14982,citation
06dc6e7c32480aff7085f32de22206a62f5893fc,arXiv:2305.14982,citation
68ed29e5d398e6030cddcc575f1977973c8b0791,arXiv:2305.14982,citation
d14aa448b17fdc8d4ea12b43ee1a2b1254c38703,arXiv:2305.14982,citation
e2339eca72ebaa196bd3163ddece35c8262cfed4,arXiv:2305.14982,citation
59822f384f790b7d1ddd3e15bf0869b684525093,arXiv:2305.14982,citation
fab90c57448d2619136f3479fac094b2353e487d,arXiv:2305.14982,citation
79d816428b72c8bef5ef48d90fc7dd6edfd5ab02,arXiv:2305.14982,citation
db8e9bcfd2b9a9c8367e215faa5b2390ada8dcbb,arXiv:2305.14982,citation
7628141803a0c63482012ee8406a1d0091219294,arXiv:2305.14982,citation
dff0b016d8e5def84bacf9a007f0aadb1076dd2f,arXiv:2311.04124,citation
a130e841803b00e7693b03114b0388cca5b28663,arXiv:2311.04124,citation
ce3c4434838096830a3a6e83f607d8cb0959d2ce,arXiv:2311.04124,citation
ee3779890d674beb2dd002de3e5bcc6d1e6d0bcb,arXiv:2311.04124,citation
442cf4097fbcc1cd905516df43fa70721120c4cb,arXiv:2311.04124,citation
a60082b6ebe795bf88d4e9681b27aec1b5fbd706,arXiv:2311.04124,citation
904c814bde725fdf3d1be502fa1c2837f345937c,arXiv:2311.04124,citation
a875514abc7447d94f1e6ccfe84ee9a88ca791d7,arXiv:2311.04124,citation
0d91913396469ecd016caaebc86ef70fd11fd3c8,arXiv:2311.04124,citation
f59546e4b3b437dd83e38a370ed99baefe12c6d1,arXiv:2311.04124,citation
d2ee87cb6bff301445b39d2414cf955062412cde,arXiv:2311.04124,citation
cbb742b79f99e262d1d9c30396868082428df8d5,arXiv:2311.04124,citation
f716a18b462826004899010dfc30947f9c01ef90,arXiv:2311.04124,citation
2a35b18c5e697d1e7f7c5173128715dda3d39df5,arXiv:2311.04124,citation
eca625b2d3488c4f5524f12a277bef5896e3cbc6,arXiv:2311.04124,citation
41d235c8fc04f7873bcfa3c9c63c2c6cb166c338,arXiv:2311.04124,citation
67475bd33373c1a957b748f8cc886f603698bef0,arXiv:2311.04124,citation
7e9dcdec2d29bdc45f16127891c54034214ac39b,arXiv:2311.04124,citation
bf0e9446eca16e8ac1e759dce6a7b3f22d2111de,arXiv:2311.04124,citation
6ec6b0c37206bd086e5ebe80ffc69f1e06a13d82,arXiv:2311.04124,citation
721ea8aad94376db2489428334c7be98b0c53878,arXiv:2311.04124,citation
e5277304069138f6273ed433986b25828078237c,arXiv:2311.04124,citation
b137709522bc70b42b026cae192de2a45000b22e,arXiv:2311.04124,citation
7faaf3adf9b69f98fc40c5fbfc574f634e6ce98b,arXiv:2311.04124,citation
07157bf872e655607f9477a2c1d4f57c10388a8f,arXiv:2311.04124,citation
6f3562f861af68e04eb8916230eada09b07d7e1d,arXiv:2311.04124,citation
bb14b1c2cb84399919b2f0c337744468531a745d,arXiv:2311.04124,citation
02cb76afddf10d6b1b26fbf76f8fd3b38b1026d0,arXiv:2311.04124,citation
d29fa684b5d3f0cbb553812ceaabf697714b2e0b,arXiv:2311.05741,citation
cd2ea0b740b18d78c0d6cfeb6931efa057f3f5a3,arXiv:2311.05741,citation
f8d64c0c2d8002ce9f9356a5145830bb9070533c,arXiv:2311.05741,citation
58bf6733ac9808a45eb5c01b9239273465b244bf,arXiv:2311.05741,citation
6f1ed30093cdb43e24fa2a7b037c026a60a821b7,arXiv:2311.05741,citation
91a18fd8558f752e8dc51e6ca5a323eb234fe634,arXiv:2311.05741,citation
23d1b2ab1292543b3a102593d2fa72776dec4adb,arXiv:2311.05741,citation
a519a158acd03983a22bdb9240b8885cbbce32be,arXiv:2311.05741,citation
64cafb1e330b3e47a6a5ee71aa24faa9e842a286,arXiv:2311.05741,citation
0949c505ee13b1388d7575efe72b2996bd7155e3,arXiv:2311.05741,citation
867ad91d60a298ea425169d260184e1bd1691c3d,arXiv:2311.05741,citation
277562cda7b4404e7cb0b7cc6eb688ea7772df18,arXiv:2311.05741,citation
260282639dce1984c1a065aa4feae41cea0fed06,arXiv:2311.05741,citation
60c13c22a02956447bfbd9a4732e9df34068afef,arXiv:2311.05741,citation
68cd5ac0b42670a0fc134e6a0d306ea83aa584c4,arXiv:2311.05741,citation
032efa36fb05babc4a6ab1ce0558a282a3549e8b,arXiv:2311.05741,citation
c76a0746402af9a7cf237de24b196ea9597895e8,arXiv:2311.05741,citation
f41baef16e08aaee020673339a56f4add722fb64,arXiv:2311.05741,citation
84c86e775f2ca4b2e49d18c25ea8fe6f025d32ce,arXiv:2311.05741,citation
c65583b6848454de5d56668a2788093280e3cbb6,arXiv:2311.05741,citation
e8383ee0a2eb8192a8e69009325c8074c3bc5f04,arXiv:2311.05741,citation
4d769193cb2f13bfed9719e35bb688e8901058fb,arXiv:2311.05741,citation
ed9b2ca6d5741a9af8c3f2c368cfdf68eed98a48,arXiv:2311.05741,citation
9470724ce131e4894618e11091717f8a9d6e701d,arXiv:2311.05741,citation
ac3ba29fb549bac9988f73f4c0683f38b473a199,arXiv:2311.05741,citation
7c522588dae5cb340d8350efa422542515260735,arXiv:2311.05741,citation
61153e1774638a04a1ade089579d861f3dfeda62,arXiv:2312.06056,citation
a913706684d1469f8d7e1debdcec547c156d56aa,arXiv:2312.06056,citation
061697ba029e8133a2e9edee03473b075a0e3e0e,arXiv:2312.06056,citation
f53c54b7b98f01d894af6aef944fb66583793242,arXiv:2312.06056,citation
48ed322670e9e87e81d47b9778bcb952e070e7ae,arXiv:2312.06056,citation
5339ad75a607ec7c88344a16cbb931d3f30db966,arXiv:2312.06056,citation
01b881d5a3471d4c0270b07c77604b9ebdf5fc95,arXiv:2312.06056,citation
610b661bf3fc9ad6ce0ea8083929a05a5e8d6524,arXiv:2312.06056,citation
a0fd2200b3002235690bcb728c10b5b12b5bc38e,arXiv:2312.06056,citation
bc530c3b2357a1c466876159a7f14164a5f895a6,arXiv:2312.06056,citation
74e73f8b904f0f4d2e3e09acf30a8f29d6a8f996,arXiv:2312.06056,citation
08f642ea816aa471fc6de7808a689406b65e0f9c,arXiv:2312.06056,citation
7f5e4b71f450b6fa7926e0c18ef8b36d0b7c4f37,arXiv:2312.06056,citation
c8489831a5bcc19fe48dfa889c243a987675b920,arXiv:2312.06056,citation
425d16205b28ce175c8429965a964d19b6f390c1,arXiv:2312.06056,citation
c25bba999112e6314c9c0dbabac60df7549fdb37,arXiv:2312.06056,citation
5584dc0d11a1c4db185042de5bb122a8f14c7432,arXiv:2312.06056,citation
322b6abc09c9a22d63e33ae9e2d2ffa076ea9cf4,arXiv:2312.06056,citation
87b74b9ca7471a50f151626324e3e8ddb564607d,arXiv:2312.06056,citation
b136c19e880252635989000684a679a672e7571f,arXiv:2312.06056,citation
5801902d78c75b6790709f876002c304bd1e9805,arXiv:2312.06056,citation
a02ba017b9bf33b35f2ff2ba55afa3359f65ba10,arXiv:2312.06056,citation
9d961a306edb08e6eb92c12bfad0547442a070ab,arXiv:2312.06056,citation
17d8182ba27714ce9c8e78a66c5607cb1126533b,arXiv:2310.19671,citation
de5e36a7dfa674fde9f0b413a0fb68a680099fc6,arXiv:2310.19671,citation
cbc46bd7daacd45536b24d2f3472f1facbc48034,arXiv:2310.19671,citation
f100df7dab0ec03bb17df2186461f7ed31e6f6c0,arXiv:2310.19671,citation
0ece54fbd88cdf69296ecd3ab0d116299ac7b8b6,arXiv:2310.19671,citation
ee41f3e7e45b4affa92371478c8b875d045baf40,arXiv:2310.19671,citation
483eed7480608e81fa42814cdfc92589eb96e77e,arXiv:2310.19671,citation
141ac408da7deb6ec1f68fe18bb536e7634d9f8f,arXiv:2310.19671,citation
bcd59c64730f630d27c88e4698ba9df0a30a25c9,arXiv:2310.19671,citation
29342327112d48d017ee7f4d7cc59c73508b8441,arXiv:2310.19671,citation
4121336bac5c915ec14d197756fca56b1857df72,arXiv:2310.19671,citation
79a0fbd79d2f6f0931aa874cb6303507b3e748c0,arXiv:2310.19671,citation
f5777a3a4ef62f4d00d47d1a1403f6c7927dfdb4,arXiv:2310.19671,citation
85f4f2b9c49949fd5135f983368e7553a89ac9d0,arXiv:2310.19671,citation
91904f09dbac39edb650195aeb7759da3923a9d2,arXiv:2310.19671,citation
de3cefcd6d142afa8e7ac59523ceb116ec136248,arXiv:2310.19671,citation
2b484369a527cea3c0d2e0b65f7c27c4c93146d1,arXiv:2310.19671,citation
af61c4f2c9e4ed58d1cd3daf8cd4dbf916f5f4e7,arXiv:2310.19671,citation
7b970d01fe4bbc936efb2a7842d2e85690e3cd3d,arXiv:2310.19671,citation
9de49fb23025973a562c8183d045779da0cb2efd,arXiv:2310.19671,citation
7264c2568f1c1825a3b73be5a80caf2159de8284,arXiv:2310.19671,citation
86c7cb73e3a42a130c8d43ae3e26cb9c8df381a1,arXiv:2310.19671,citation
4805671397fde5bb0b42651beb247ae790f5094e,arXiv:2310.19671,citation
1a9dab797448242d8d3b3f5942a1b7983de92386,arXiv:2310.19671,citation
118705a0fb360d6e6c63d8b3ab52a9ec15de51fc,arXiv:2310.19671,citation
54a56eca91c22c3adcbe1e7f8872a809910a99dc,arXiv:2212.03812,citation
34de7d90fd4f63a71366b09a3e448c6dac366209,arXiv:2212.03812,citation
c85a0267e6d5a3846617c422b3fed16430664e0b,arXiv:2212.03812,citation
9946dd720ab01435bc2c375a21691fa52fed8158,arXiv:2212.03812,citation
1a5b46e07f6f0f89261f1cd26314dc55ad6d6950,arXiv:2212.03812,citation
844ca5b0c914d972f677665f84c48617fae1bc5e,arXiv:2212.03812,citation
0d5c940429f95406723d54360a11d29ed0276107,arXiv:2212.03812,citation
fc85ea4159fd874a1edf1788deee850101f61862,arXiv:2212.03812,citation
ba4dab6286acd814e5d13738c74d6f322250dfca,arXiv:2212.03812,citation
1a8ea8f1fdaf47ccd637915efabc6f60e63c2525,arXiv:2212.03812,citation
911389ea781f778fb9fed7e8dcaf8728a8852477,arXiv:2212.03812,citation
f1fe6c676388ecdc4baf44362ce9c0efa24d8399,arXiv:2212.03812,citation
24c689eb568e8d46ea7e60eab79f74353d1d00b5,arXiv:2212.03812,citation
9d000c472a5d41ea8b668f90ebe08c45d154198b,arXiv:2212.03812,citation
02abe0e78429dec63825dbd04cc84c2b3af1f808,arXiv:2212.03812,citation
f9dec11784bd47fd51859d0e21f9914ca8ee2e1f,arXiv:2212.03812,citation
cb9c1274d0e35a7e3edf259df1b1312e749fb647,arXiv:2212.03812,citation
8908187651f164e278f87c2fba0fc14e1240ef02,arXiv:2212.03812,citation
ae668f5d1570bc46d1cb431d3c9c44b5704f2254,arXiv:2212.03812,citation
711bfe60d90857f983a4ac415cf2c0e32cffdaa9,arXiv:2212.03812,citation
958307693960f661bbaa2b403321b45b3f6dbe9e,arXiv:2212.03812,citation
ffe42f9d4b6baf35808ef1b171fd8b5836c51d74,arXiv:2212.03812,citation
b05db2040165af1ce8cc92f097f6d7e4aa57002d,arXiv:2212.03812,citation
3431c071e169ffe8400b0c58e830ec1a83e00a95,arXiv:2212.03812,citation
e3585fe50904142378e3f2fcb97657a6fdaae175,arXiv:2212.03812,citation
271ed4a92c99e351edb7ad52b5e50a819192fc94,arXiv:2312.12141,citation
3d2189fc18e58589b8666f9884791d0e056424d7,arXiv:2312.12141,citation
29ee3e657a96039da0390535982543109c69c0a7,arXiv:2312.12141,citation
11a0f76fe24c7e2662cb2188d690c23963d14b08,arXiv:2312.12141,citation
cf6806f348aaeee7c2757037d1eb9f1c181236a6,arXiv:2312.12141,citation
8a14eb12768cca2bfaeff283d34a2ad61945b457,arXiv:2312.12141,citation
6daad254195fe31be54a42fc714be3349bf79dcc,arXiv:2312.12141,citation
60c55a3c704f3b110acb508f814ba4ddbebeffe7,arXiv:2312.12141,citation
efea100a6ed1eab51e7996098d8a342704b693ab,arXiv:2312.12141,citation
fbe894b6a62bf470e30d8a676133406c056fa9c6,arXiv:2312.12141,citation
c2d2d5872357f2d4b95cf068ba9703f925040ca1,arXiv:2312.12141,citation
8343b21520c5d048422b936b2b75156fa8f767bf,arXiv:2312.12141,citation
3848f2363bb17461f700583b772eb48dd1893e85,arXiv:2312.12141,citation
bd0eeba9ed341c56dd9dbc0d80585a53f77f4657,arXiv:2312.12141,citation
bb77c50a8b4849487b7321d254255b802dd768f5,arXiv:2312.12141,citation
8c0b256d966f975c39791a9a29362d686f7ebbc3,arXiv:2312.12141,citation
38d00f8474a120c0748bbd6697481ea37e2fa390,arXiv:2312.12141,citation
897444f7d51b1d36599ac30a79cf8974d21d2c36,arXiv:2312.12141,citation
2dbec8020b9111f1c70e90b112e6318f7d02426c,arXiv:2312.12141,citation
b17978c9f60bd857a87ee1967ca4939b8e68c868,arXiv:2312.12141,citation
ae6c2b9a18be5893bd1f3070631df4d00ffebe62,arXiv:2312.12141,citation
7bd78700829c69a480895346a8d916cf4e93f435,arXiv:2312.12141,citation
ec13c45db0a60e4916fa0a9b8d029f1d03715963,arXiv:2312.12141,citation
9cf6d8ad63fd43658d4cdae58a78013852a759ff,arXiv:2312.12141,citation
bbae1617b0d7b82f59b22c5ef6c77754c4bf2ccc,arXiv:2405.19266,citation
439dfba3da8026559ab8ba5d088c2e601c11de74,arXiv:2405.19266,citation
1b32e08949b23866a1fe7c7895f615bc7e4bf425,arXiv:2405.19266,citation
40397ad1fb8ed8baa7eff11a01a75ebba3c87af8,arXiv:2405.19266,citation
84fd0cb0d8e4c5a2198ea4b169b561250af2596d,arXiv:2405.19266,citation
e7b10945abeaaeee9cf65d619d41cb937070dac0,arXiv:2405.19266,citation
9c57c944439d95d936155e526c1fdbf5da6ae4a3,arXiv:2405.19266,citation
2fc3227fcd9d3e90e5eab44cfb378e11870fa8fb,arXiv:2405.19266,citation
71ac06efb5c42063e9f8a4df4e487d07c0b53f81,arXiv:2405.19266,citation
e017d3f4841c01b2fcb15c4731758081cd519f2d,arXiv:2405.19266,citation
0e1ca1c99b776e8394bc520cb9ca594f43c99d57,arXiv:2405.19266,citation
3f97c3c28ed58fe20b5d0144a4a03fb0ed24c690,arXiv:2405.19266,citation
427781f67ea66a168a323a75fad3f6958451bf8d,arXiv:2405.19266,citation
feac701797be018483f6eb2286c1169c03d6b019,arXiv:2405.19266,citation
a23a02351d791db114546b13479c9c3e35e52753,arXiv:2405.19266,citation
4563b4e5fa8ed408cfc0b150f0f6e1a5eeba18b6,arXiv:2405.19266,citation
e384f513114d7e6c20d007b4a3ad13fa58cf83dd,arXiv:2405.19266,citation
b13c96e6e3ead456e6d804207be4360f6706fda8,arXiv:2405.19266,citation
9f261d49ef7e9a792761aab565a4c6fa28aded00,arXiv:2405.19266,citation
e06bfe725a3763500358d8f2c2f014810ea740ab,arXiv:2405.19266,citation
07e4c2e47ea2f7934fd0055f6d9e6965eaf0b6e1,arXiv:2405.19266,citation
0ce98d9600e4dc450747689222685b5fb5f16c81,arXiv:2405.19266,citation
82b8e64c49e99dc605062172cd4ae2a0135afb21,arXiv:2405.19266,citation
5cf2dbe2e0affef3e033dd6cdd0707756bf3ee04,arXiv:2311.08890,citation
ac497fb83ef8c7d97a08038f9b6471015957652f,arXiv:2311.08890,citation
99f783c8011ac1e523aecea84965aa94757ecd34,arXiv:2311.08890,citation
1717ec916c1e092facaaeb22fd8fe26b172eb388,arXiv:2311.08890,citation
074dddc6e3600b16e73732832c07f494be9c8cc8,arXiv:2311.08890,citation
ac83e152cabdfbd911b550dd712f20afae5402cf,arXiv:2311.08890,citation
422b00c330a16a00ef182abfd1d66e12369db9e8,arXiv:2311.08890,citation
4982fd72f48f3c88c3c384515535dff91aa650e9,arXiv:2311.08890,citation
8611e5d153d89a6db22223bdce3676fe2f398ba5,arXiv:2311.08890,citation
5d80cf68ed66a0769d3ec2f2550d2fa95d9044c8,arXiv:2311.08890,citation
66c86c8268e7b83a6de88bceb561535a50433d5d,arXiv:2311.08890,citation
eb99bbc67f3b8d0981554298e6a4e90ccbef8624,arXiv:2311.08890,citation
b073eed9b2b62187238e96a0e40b29067a160916,arXiv:2311.08890,citation
319f5f2bbcce49a883f07d17c63c75b8cff63efe,arXiv:2311.08890,citation
3d505c7e85517f866b3db5c09bd457df38daea6c,arXiv:2311.08890,citation
25b5416c84d185a29dc4bbaf0bfff9dc5ac0fa9c,arXiv:2311.08890,citation
06a88fa779a4ce198d1d90507651122d1a0711ca,arXiv:2311.08890,citation
6e3f277aa40615f3eeaf3d8b9e5d6f108e005bb0,arXiv:2311.08890,citation
702e786c2c95511d2706defcb88b732c5981e895,arXiv:2311.08890,citation
d90c16f90dc465020454ac70b21cae60a66f731b,arXiv:2311.08890,citation
0f9a80ea6f49e1c530986758df2004cdeb5e6395,arXiv:2311.08890,citation
7735e372643bf040a33d838808d259f06da41b69,arXiv:2311.08890,citation
1d6e6a7c253e519be25095aae984db9d58036d04,arXiv:2311.08890,citation
f379415f85010a25de250b1d73ec481f13ff7bc7,arXiv:2507.02768,citation
27c4ec855ba9646b12e548742770fea53f786440,arXiv:2507.02768,citation
7c3826623d2645c6b1d6e55fe93520fe88497be5,arXiv:2507.02768,citation
d500a5edc84eb021e4c31c8ab5e3acdd342987f4,arXiv:2507.02768,citation
ccbd7815efd2c6641e6bbe1c62fce366b5bc95a1,arXiv:2507.02768,citation
6261f893f4b9ea9fc581935e173365b5965da8a3,arXiv:2507.02768,citation
c775beca5738854f88b623bfa0eda78caa11991c,arXiv:2507.02768,citation
3c379d442943527026abf85603bb670bc8a2bd94,arXiv:2507.02768,citation
781a8472e1e08554fd7810b5e4f90bf80a4bae2d,arXiv:2507.02768,citation
3366fa153e9985d4e2225a45cc90da9f683a5509,arXiv:2507.02768,citation
a65449a42faeecef25cd8d83899d4ea3c40a8920,arXiv:2507.02768,citation
e433368c0af019440367ed84fcc46bf09503137c,arXiv:2507.02768,citation
a3d02b3cacd4d285093cef4a9c384f6fd658a3c9,arXiv:2507.02768,citation
bf82d8ffa41b7d7aa63bf0804068225109971040,arXiv:2507.02768,citation
5ee935c981bb74d08f0054f2fd3022f455821088,arXiv:2507.02768,citation
33a427acc931d896101bd24462588da4d79fae73,arXiv:2507.02768,citation
a983fb56e6df7060ed80829f7757bfbef096ac6f,arXiv:2507.02768,citation
c031d4be71b965ca6d9e5f6da8ef9d8eef22ddb7,arXiv:2507.02768,citation
2486965c7c84c9817ce4f93f1143ec9bc42a73f0,arXiv:2507.02768,citation
a78c6984a026be130245aecf1ff7574c1c430d86,arXiv:2507.02768,citation
d5758a2c09e3a064295704b8774cde4dd6fb2899,arXiv:2205.06644,citation
2e7b07be22eb622325a9400a69d49900e1c6f14e,arXiv:2205.06644,citation
989badb7d1f0d8bbfa7653f470c988b3ad5eb69b,arXiv:2205.06644,citation
1cc9ddfa9a43eda19db3130109292430a0bdce44,arXiv:2205.06644,citation
ac9874d5da84fcbb238c69c2e6b144ad0a2a0a2a,arXiv:2205.06644,citation
4fb1d7ad2cae60f01c44597cef58fcef734b785e,arXiv:2205.06644,citation
fc36a0017c613f915e86187ce51358ff1a71cc6e,arXiv:2205.06644,citation
632dc69c2e504d693533fc434b8122a2a8a42844,arXiv:2205.06644,citation
86fef48c65249196d68484e9ed0565484db22271,arXiv:2205.06644,citation
4b8ff5dce5cddce0f868d3ab50bcfe841ea1d725,arXiv:2205.06644,citation
3b16a709a5b18e52b0b6741cbc3c0e68a03ecd8e,arXiv:2205.06644,citation
bad6fa523ecf782c837a2eecaaffa4e1f7477c24,arXiv:2205.06644,citation
6147a20d5aeafba322494e897827b5e303f4a2f9,arXiv:2205.06644,citation
19aee395feeb9e8b8bdd66fc095a1021d5b5fbac,arXiv:2205.06644,citation
aa3cdaac0dc02e90b9ca0073dd27f41944b8f1a9,arXiv:2205.06644,citation
ae198895948e4fcef43a38c4fb67dcae4798939c,arXiv:2205.06644,citation
d78b3af53e690f094747b72d42dbc84b45f571a9,arXiv:2205.06644,citation
369894365a56c25781fc7da2889e9f226ee439a6,arXiv:2205.06644,citation
8c715e1349fabcea3668abbc241022b2f3504e20,arXiv:2312.00249,citation
6282d347e0eaec653400fb4331213f30c2b0c617,arXiv:2312.00249,citation
d97385fc92f42d5864a383637b50e1eaa5c0d15f,arXiv:2312.00249,citation
c5615ac883cd1da4fa4dd748319c261059db311c,arXiv:2312.00249,citation
4f51d7a89c1547eb474bf5c24d27d8056531ab49,arXiv:2312.00249,citation
8ccc8bc8ec4d32e93d7a89f1c004083f36cc0181,arXiv:2312.00249,citation
4d0b1304e565a8ebd4d8251e643f47d46dd1ad9f,arXiv:2312.00249,citation
58827c6cf138afd8326c538aa8344ba3a589b8ed,arXiv:2312.00249,citation
29b97763ddaa8621672753e91a6b2ef1c002784c,arXiv:2312.00249,citation
dadce48f668c8de39716e6d18bb4f6367655f6f1,arXiv:2312.00249,citation
dfebaac3142558ba1be1ad1c2643bff4524a10ce,arXiv:2312.00249,citation
610b0ca319906fc4d765ab557c060f9bcc683a7d,arXiv:2312.00249,citation
523f0acf24ee8f4283dcca3bb6b8580d67722239,arXiv:2312.00249,citation
d64296d9a1f63560c0aaef12e6f16f3448645eef,arXiv:2312.00249,citation
a92fc61717058a929825eb35073cfe60b8aabc77,arXiv:2312.00249,citation
c64e8dcebefc18d3b0159a0893aba0a4cd93d6dd,arXiv:2312.00249,citation
53d53ed3b3134912602ad293d8cfb4c33688e7e6,arXiv:2312.00249,citation
436b05a34c13dfaa357dd93661b474c151098506,arXiv:2312.00249,citation
e8448c6d4302c782870bc150b28754959c730219,arXiv:2312.00249,citation
3dfed62c61f650eb114f0f0aa26b4e7d37b963a6,arXiv:2312.00249,citation
82d9b7464c07b0554bfd1a156ce048250d9af435,arXiv:2310.15941,citation
856d9de20cc653a649e091f8344d6b1f1a9e4f0e,arXiv:2310.15941,citation
b09d87068d109acdc09764b8dbde5a61ef6508e3,arXiv:2310.15941,citation
bf4b8d28775f0307da6152e119142a0071b03842,arXiv:2310.15941,citation
89505a0699f10ff8e9161040ba0c25196997a055,arXiv:2310.15941,citation
af10c8525572d46900aec22c0a10ecef300e6491,arXiv:2310.15941,citation
b01940f91aea82155705b9e8b551c9c2330e5023,arXiv:2310.15941,citation
f16bed8d09a2dbad3b58bc17619122fb41bd5322,arXiv:2310.15941,citation
0dfa0598fddd03b4e1a1445f9c9f824c93512054,arXiv:2310.15941,citation
2e07bd64973d0a96f1f709ff2936ba7d0cb88e3b,arXiv:2310.15941,citation
bf3b6d33344230b54be4c2fbbec4b8dbce6391a3,arXiv:2310.15941,citation
c261fc18d4ab21d02917e146f292247158ea6da0,arXiv:2310.15941,citation
11ad4ccaf40a1c72f393a44f8ca727645c34d583,arXiv:2310.15941,citation
b8384139339e4487840fef42e73b4ead65f227d3,arXiv:2310.15941,citation
487e986b8ff213420debbc50ecd4e7ed8f7cb965,arXiv:2310.15941,citation
b8fbc0015488d795755ebd3ae02672030a76faaa,arXiv:2310.15941,citation
2c332fb0adfbee3b40cfc1e009c5ff3169e5226f,arXiv:2310.15941,citation
fd40aec11564b150b176852bf2fa552a96f8e840,arXiv:2310.15941,citation
0f6cd53c0cc1ee252433e0d37f419754e053b8a6,arXiv:2310.15941,citation
cc7fcecf41ba93cdcb41369efb6ef6de90cc19fb,arXiv:2310.15941,citation
c42c18823e53fc5f979391ebe707d5189cd38c26,arXiv:2310.15941,citation
7f4fdea2819e6c17184fa02e70397bb2cb4b0684,arXiv:2405.11357,citation
5ac356f05da025fa27b43d5df4ab88d7f59452c4,arXiv:2405.11357,citation
e96f6647ff6efd6b37b2f15e9895234d7381052c,arXiv:2405.11357,citation
7ae0521556709ca98a5867e4e12673e2088faa4b,arXiv:2405.11357,citation
9fe84d384a566ba4dbc6fa33ac2c7ddcc0f8b222,arXiv:2405.11357,citation
1bf25c92326631938bda5ff2919e7c5eab1d4f0a,arXiv:2405.11357,citation
ae06e1d800359c06e7d5140d381ab9e619699970,arXiv:2405.11357,citation
b20531c07fa8517ae0d2eace3cf6b431ee1e3e31,arXiv:2405.11357,citation
7eed0ff6549e284aa7b44dd4d6f6aafa366a8ac3,arXiv:2405.11357,citation
117b5eccd7163e7bb4d2f1bf05df0c08f6d79f8a,arXiv:2405.11357,citation
d2df0049dd6a789f214cb7d69f8990c8fda898b2,arXiv:2405.11357,citation
6d5c1ee8072bd2e861a9b17c298ef17f08969c66,arXiv:2405.11357,citation
52aac3083c5577cdad33ff67e671f7f84a8265e9,arXiv:2405.11357,citation
388309f1e772001a28ec95d19816dfdc6a3a63b8,arXiv:2405.11357,citation
92743fca569cdad9ff0aa104eee661aba368a215,arXiv:2405.11357,citation
747c0fd3934349cc09f45ddc6b031ce45b572ca9,arXiv:2405.11357,citation
62101d2a850d6e442d814ccf8e19e21ea6cb543f,arXiv:2503.21676,citation
80d7537b13283c55af7c3a2279903a00d74289d4,arXiv:2503.21676,citation
3d880896d7a0a213ba390b2ee50cc64a3962dea0,arXiv:2503.21676,citation
b0b668b142d232d102b4cf105965651b7e1fea7c,arXiv:2503.21676,citation
c0e5585a05a6e78a8d1178ec1e711de75ca904a6,arXiv:2503.21676,citation
33592110e3f6e40ede21ae3bf7bd0e5b4b24602e,arXiv:2503.21676,citation
0dfb89e8a88ac729503eb151526e5c463391b1bd,arXiv:2503.21676,citation
2780ac7088bfbc4e2e681f0053f4f014065147a4,arXiv:2503.21676,citation
bd08a1da0eed319f743cbdd50973b11126894f01,arXiv:2503.21676,citation
30e03dedac5dea10c09bade07a407911cf7c2ba9,arXiv:2503.21676,citation
9568effdf3cf8b6076ca3c810d2cbc6f9b19bd51,arXiv:2503.21676,citation
14f0bd6764d6b2d6d05b7bb35c493f01d87eebdb,arXiv:2503.21676,citation
8f2b579deb894149248a9ee11f8142874bdd7169,arXiv:2503.21676,citation
895d499cbba208e7742d8139c07f09cc9209d81b,arXiv:2503.21676,citation
b513816372e7e09c2869200b863a5d2eddd9b105,arXiv:2503.21676,citation
f15a818235735793d4a798aa07e5243b963ade0d,arXiv:2503.21676,citation
aaa11bd40cedc7504f3ad8caf90d31b2dd35000f,arXiv:2503.21676,citation
355942e58b7609b178797cc43d98b84201e2cc56,arXiv:2205.15231,citation
b00bf6242d2a7b9455080330b31be29d8c554ab8,arXiv:2205.15231,citation
5547533af523dbabdec503b914fca9362e3f85f3,arXiv:2205.15231,citation
c1cf446669891ba97ced9121246f56aad4e2c637,arXiv:2205.15231,citation
d7c561960db46635d24678b171daf472fa72d9ff,arXiv:2205.15231,citation
4bc54934aae663bf373f93b296e107c262e52267,arXiv:2205.15231,citation
6ce4fde6e82256ef843c2d8c4385249c3e4147e8,arXiv:2205.15231,citation
53cd612f5046901ca454f3c72dcad45a84f4f31d,arXiv:2205.15231,citation
6c78bf485367b4cf0968504a0595550e65389327,arXiv:2205.15231,citation
8ffa3d59636dfd9e0917015a6a60ab76e90199d8,arXiv:2205.15231,citation
a9a44aa498dd9e205c3f6c0d39e4e6b08d8c14e7,arXiv:2205.15231,citation
87875a07976c26f82705de1fc70041169e5d652b,arXiv:2205.15231,citation
fae57797d357bfa3b39b220336d1a2e8deba5318,arXiv:2205.15231,citation
c83ab1e8ff0716a7bc622e9f32bc81492884d902,arXiv:2205.15231,citation
fa9482793ab5f9ad6f7429476db6e11f502e2440,arXiv:2205.15231,citation
2dbec38fe353ab0e495ad09263389dbc9260824d,arXiv:2205.15231,citation
77c4bb571f2104a79b258e9e76c417c47b9cc050,arXiv:2205.15231,citation
bff8d4689516d7506b16117c7b2583a4f0788137,arXiv:2205.15231,citation
34aea4e31ba8f7d96df3c47cf6478101aaeee144,arXiv:2312.05434,citation
851038ef49adc2b0392e533c800ff4f0336f09fb,arXiv:2312.05434,citation
4a2e7acfd2cf81c34359b0324e1ac6bfa0caf888,arXiv:2312.05434,citation
f95cd2389befeb25bec12752c7b34437f057816e,arXiv:2312.05434,citation
35ccd2d89650f10d781057452a54d58e21f88b85,arXiv:2312.05434,citation
dc68c7289c04774c84146b0053237970e556427d,arXiv:2312.05434,citation
276b93f350d9b87ee24eff3eba79dee419fe9d56,arXiv:2312.05434,citation
cde6063980f54cdcb75f5f20a8ed5a817b970c91,arXiv:2312.05434,citation
555b07a98e490d396b9f2f5df7a3719d56f1ca35,arXiv:2312.05434,citation
c41fc1603cc46930d6b33f275b832c8fbcca3153,arXiv:2312.05434,citation
3a0e3775f9f8870f4b2301d897b63d4ef789aa95,arXiv:2312.05434,citation
f61bd5a20c0f137821802deec7fcdfd0de250471,arXiv:2312.05434,citation
c7cc6d07af9a0c7a0edd9c7fc1fbb00855557527,arXiv:2312.05434,citation
e6b73412685618b38e7114268342cde4f3b1271a,arXiv:2312.05434,citation
52cad7afe83f2e2368d89c9c446db2049e735a58,arXiv:2312.05434,citation
83b95829433b68e1d1cc2afb3b05343ebd0e6ebb,arXiv:2312.05434,citation
67b3d2755f7ee61f934969a3d8cd0023ff91af38,arXiv:2306.15498,citation
ae1e0b1c480c2f3d7490e34b5400b9ec3ef65fb0,arXiv:2306.15498,citation
429875094b8c6657fd6d9e2a48219eb2d170622d,arXiv:2306.15498,citation
702ca2c13e131c6babd25c1ad93b6a50c2812f7e,arXiv:2306.15498,citation
8172db31401ff31276d8a9512b27b90a963de962,arXiv:2306.15498,citation
3d60d8273cea724226d4dd62f469bc77374d3656,arXiv:2306.15498,citation
a8d96e89e7fcd72710d9c1a854d09a416bcb06ca,arXiv:2306.15498,citation
7732b090aea481b1eedf78baec23b61c2cc96218,arXiv:2306.15498,citation
c9bf416ddef00c9467052e075722a7de223f462b,arXiv:2306.15498,citation
f0204dae7095ed5b68e498830afcda33a2536faa,arXiv:2306.15498,citation
7b8b8a4d107eca5109aad90a2697486d4b8ea276,arXiv:2306.15498,citation
e5085607cd1fd39eabff670a8a003b4f37cb05b3,arXiv:2306.15498,citation
7fa7de14b68d0ee367a4c20cf8eb8b11bf84b12f,arXiv:2306.15498,citation
5f84d19f5a648b02fc1e77bbea5eaa45612f25e5,arXiv:2306.15498,citation
ce37888b9c00ad4d688ad237e84fca3d0b6eab19,arXiv:2306.15498,citation
78937c571ad2ee71288f087df466ff1e9c335c83,arXiv:2306.15498,citation
5b7dcf469c285381a83b1bfd85d2b22da121e0cc,arXiv:2306.15498,citation
5535ae4e0fa1443bee6a6e86bbbd3306cc8d6cca,arXiv:2306.15498,citation
734148d6868c395eb943eed8e8464b93693b424b,arXiv:2407.20046,citation
1f16a5cc58d69a02f4e1b329ea4843f8925dca11,arXiv:2407.20046,citation
715b70660d691708a6540aedde5c322d772dbe90,arXiv:2407.20046,citation
eaf38a01433a42f4d1f84d9d34bd596bb28b42e1,arXiv:2407.20046,citation
9ca1d8cbe2835cd0aa6174c0237d1df43738411d,arXiv:2407.20046,citation
bfe181ddd73427e8b9132cb1dae5dc22845e5250,arXiv:2407.20046,citation
8c29c751830a8a5f8c4e9a0dbeb004a91dd9f3a7,arXiv:2407.20046,citation
c9771ca614af14f81b1fd38849c4e33ab4a4a9c6,arXiv:2407.20046,citation
434e07ab531835a9b60170aa80aafb15f4e1b0a5,arXiv:2407.20046,citation
7bd62f5ff592f432f1494699fa7fb7998adad7d2,arXiv:2407.20046,citation
79d4baa77791e7add9aad2da03abfbe0c16c64b8,arXiv:2407.20046,citation
ea51ca0a421bbd8fc866b77018eec02f961fb41c,arXiv:2407.20046,citation
6d6eeb60b8e32a9e86f80f6400c62a07e8e4cec4,arXiv:2407.20046,citation
67a21e7b30a51a09e758be8e5b727dc50ebbb6e1,arXiv:2407.20046,citation
33ddf2f41717a7be032d6cbade08058123a2628f,arXiv:2407.20046,citation
c672860227d49b4eeb67382211e6e0a4ce489158,arXiv:2407.20046,citation
969a5b11d22fadb672b56c640d6dc5e6d787d48d,arXiv:2403.15062,citation
708d820657bcbbe8cec5118d967791f282e26340,arXiv:2403.15062,citation
e41a4abbb067bcb6fbc7dfebf8d4a20573b4e84e,arXiv:2403.15062,citation
e06f72ec485c85472d1380d5667adb417635c981,arXiv:2403.15062,citation
8611e5d153d89a6db22223bdce3676fe2f398ba5,arXiv:2403.15062,citation
c69afb7b405dd96d6f38b185269a2e5f32a2ec8c,arXiv:2403.15062,citation
c946a5b9f887ca66ab84851c5ca4391dd00fb373,arXiv:2403.15062,citation
816aebd5250ced52db5d1d14f75a288d329bb623,arXiv:2403.15062,citation
bc2dc0afd73c3a39ea750f48a7a5ee98178c48e6,arXiv:2403.15062,citation
b073eed9b2b62187238e96a0e40b29067a160916,arXiv:2403.15062,citation
8663871588271b4f20645fefcc7d25d9bd1547cf,arXiv:2403.15062,citation
01c438352d262c09eed6d7beb007b9a81d4000bd,arXiv:2403.15062,citation
6872272b70337024a9b8637c1fee9bde19cb20a9,arXiv:2403.15062,citation
18a7a8c086201217a494466b56e74c45ad495ca0,arXiv:2403.15062,citation
6918bb01ce17a6ea4a957213e0b24eaec21ac0ed,arXiv:2403.15062,citation
ff312b6027d012403760c288fd6531145006cb9f,arXiv:2403.15062,citation
7df85d933bf695b79022ab3419adf6559c42959e,arXiv:2206.05395,citation
c7e11b42124fe2199b0c640bf36b779a5173dda1,arXiv:2206.05395,citation
b38c17d4c1cf719f110e811190255428fe7a53aa,arXiv:2206.05395,citation
55b7cdd97169bb241bc258f4fc03892d51d00e26,arXiv:2206.05395,citation
f3dabc09b27cf99f6ff0c1ce8a577d247a18b3d6,arXiv:2206.05395,citation
abaaa617151b99f2febf94d1aa2ec9fc6aa65f5b,arXiv:2206.05395,citation
f9b959313e9881ecead246206aa4ed6a479e0986,arXiv:2206.05395,citation
73d1bff2768eecde45bd0ba7ca71976fd825948c,arXiv:2206.05395,citation
3856fce2fca56e2d7be0134889bf6f9d2f01b931,arXiv:2206.05395,citation
bc9f1025246efeed568650934b6e183415aca279,arXiv:2206.05395,citation
d1679b6e552d6bd5f4674eeb9f306104723546de,arXiv:2206.05395,citation
7cdebb73662387d9040da4f27a7dc04dbffa3c3e,arXiv:2206.05395,citation
22d314c347a6c5c0bbf528a102455229ce0b36b5,arXiv:2206.05395,citation
43ac025b3d9f0dce5008d970ce08ac9127108bfe,arXiv:2206.05395,citation
e795264864cedfbb42b448c5d473a286e8296750,arXiv:2206.05395,citation
a4c5afd6b051cf4867a2df225e83ba8725f7f042,arXiv:2206.05395,citation
6e5b4a13b762cd2a3582b6126fac76ce7ece20e0,arXiv:2207.10245,citation
8f2cf6fa89482eaf232b629e3939b62b83964d9a,arXiv:2207.10245,citation
843a3924de7a24689bc080362e9ddd610fd25507,arXiv:2207.10245,citation
ba9798f664f09c48a5e6e3b88f1e86ebf6aec5b4,arXiv:2207.10245,citation
da87eca82bfdb9fe1234fe395ee4f305fa83029b,arXiv:2207.10245,citation
a8faa332ac5e3e8d3f798b89858732f8ab95a470,arXiv:2207.10245,citation
2befabbf128909202d80e450322385c49f4775c3,arXiv:2207.10245,citation
df02a738a0daa6fbdabe9144762b9ed1ef9d4cf8,arXiv:2207.10245,citation
677b1bde3d39f71722d967546e34d7ada0cbe0f2,arXiv:2207.10245,citation
7e8ecfbbf02e118c2654226053518a168241d410,arXiv:2207.10245,citation
96a5094f58f7becb20dcf990a2a6a2b8bbd6676f,arXiv:2207.10245,citation
be55e8ec4213868db08f2c3168ae666001bea4b8,arXiv:2207.10245,citation
92b37b91483fa3a52563f409c1345a1615a551cd,arXiv:2207.10245,citation
1ca48d1afd78b413ded8a0ba24a9500ddc73ab27,arXiv:2207.10245,citation
2826d0b58115dee4c6236bcefe35ca76bfdf5e29,arXiv:2207.10245,citation
6ee3d942e86d35cf4478686100dd7ad7273b768f,arXiv:2207.10245,citation
3a359f65a8ff8c84601c27e7c37192b518a9f8b7,arXiv:2207.10245,citation
edb9301f00526c4b9e140adaa264d5714531d82d,arXiv:2410.08851,citation
160a751009641c41d00a87e3e8e3b503037da853,arXiv:2410.08851,citation
2c9ba4411ecf6600c20b6d4c588a8853545299ac,arXiv:2410.08851,citation
3e641b481ca29fddb3b4498abad6806ff47357f7,arXiv:2410.08851,citation
a442f84e5224501725a726b83dd1b712b64825a9,arXiv:2410.08851,citation
cefd220658769a3d7e83d0407df3ee244cc4c419,arXiv:2410.08851,citation
cff773771482f49633cc69155ebfb928c152f40e,arXiv:2410.08851,citation
a81a8d16a4af3627ae12443d1e717ce0653efed4,arXiv:2410.08851,citation
e0f7694ce4b7f82608d2408668bc4679e546dd6f,arXiv:2410.08851,citation
741e35b536463037391373d8a4e9cdd8c420f242,arXiv:2410.08851,citation
e9ec20e456c7b086f221cda4708d1bc2a4c94d68,arXiv:2410.08851,citation
0df93fe3698db24262615209febe36428c484257,arXiv:2410.08851,citation
5777a9a702801e032442a39a11987b9f8ed37aea,arXiv:2410.08851,citation
ca01cb09c81af738b8108615115e7bfe96f44ec9,arXiv:2410.08851,citation
a0faaeb08c25c43d03ee470981092dab5053e589,arXiv:2309.13734,citation
a235b19c2abf2782d09ec042f657db3fd779f4f7,arXiv:2309.13734,citation
02de82606f11f68815b83141a0fdb790bc30adff,arXiv:2309.13734,citation
0d7a65846223842b42d95bd19af3d3cf2af185fa,arXiv:2309.13734,citation
cd74fba20c3fbca57c3b4107d00ee67e007dc0ec,arXiv:2309.13734,citation
e3bcc9d98aee8f3217aa0302cfb6cf00a7f32ca7,arXiv:2309.13734,citation
a09521156c5d2efd40e5ca8f0d1e0116f0d41ce4,arXiv:2309.13734,citation
1481d79027543fb4bd36615f8e1b0b10fb7cdfa2,arXiv:2309.13734,citation
910030ca46241fb2c63b6e87312fa1ec88c75319,arXiv:2309.13734,citation
bc6b616d571b09756de76c1711f6435790aa5678,arXiv:2309.13734,citation
ec5af7d421e7b4397640b1530a9ec3bbd09937cd,arXiv:2309.13734,citation
e154b7e066f638c0f5cf7653e2c514cbbbe5f175,arXiv:2309.13734,citation
088ee5ec7ebb0515481325d1b459896a7266c4d5,arXiv:2309.13734,citation
004faac0cab5ae4bd5cb9e4ae2e90f3927f117be,arXiv:2309.13734,citation
91d182508bb8d4ac2c7706dfd9e745dbe858ded7,arXiv:2309.13734,citation
09abc85f33293d95e5731026e78177587fcd2bff,arXiv:2504.07887,citation
061697ba029e8133a2e9edee03473b075a0e3e0e,arXiv:2504.07887,citation
2429de2c3f2b7ddcdf1f8b2d34c6eb8b75cc47f9,arXiv:2504.07887,citation
7bab5ca540dbbc4677f019649e04409f7350976a,arXiv:2504.07887,citation
d2a186f47b7977439fa5a930645ae06165af955f,arXiv:2504.07887,citation
a157fe4836a3f0f8d61dc64c893bfaf963de5173,arXiv:2504.07887,citation
d4c4b2eb2cec8655191a7f4fa42a95aae1c980f3,arXiv:2504.07887,citation
25c8a4df271129fb59d81fe06e35fdb220f7145f,arXiv:2504.07887,citation
b0fd9d79ee1951ef6f5c3a4225ee3d7274a01acf,arXiv:2504.07887,citation
b82480623b20b16db13da20e4ce6759502e35ef7,arXiv:2504.07887,citation
1109379532df6ded63db92b0814c8a6967e35b99,arXiv:2504.07887,citation
e43de397a9b0a6f0c2969ecc0a2569d67e0b996f,arXiv:2504.07887,citation
92056d644aed7caa6c5367fe77774883246af793,arXiv:2504.07887,citation
03bb360196b18912ce051ee8c8ebae243626a360,arXiv:2504.07887,citation
4f5df7a417e8f55779782d93fbd44dc11cf7662d,arXiv:2504.07887,citation
d8bfd6a1ce82291cb323544994544774a6b71768,arXiv:2504.07887,citation
c17f3218e3b85f3426e981edf80135ee05f82ecb,arXiv:2402.04477,citation
101ef9e177ed1e1544a6cf5e9ae2be5fdd5394ab,arXiv:2402.04477,citation
79b998c0ec731f89396e6351d9785d1704cd18bc,arXiv:2402.04477,citation
26246d0f6337eb541433c1633bff107d65bd0273,arXiv:2402.04477,citation
ef8d40aa7aa36cc9683b55e0285a33e02322b223,arXiv:2402.04477,citation
1beb1905aa54ce6c07989a80faae94ba066a6091,arXiv:2402.04477,citation
9cfdb3cdb63d41de52b68f0ad6219b822a4b37d5,arXiv:2402.04477,citation
e55207228244079447f688566a4dd3c88cb36afa,arXiv:2402.04477,citation
aef234095eb56f3510737df572fd155668523bb0,arXiv:2402.04477,citation
17aacc6c5cf471fdd909277a89141534fe668d6f,arXiv:2402.04477,citation
4c8e341c91bbd8dcbb2d3bc18f0e60d41e34035f,arXiv:2402.04477,citation
0e7b259cebe9aa0765fd502345753a658849f870,arXiv:2402.04477,citation
404659e2fe5e673d0f1e63092718e94e22f151ff,arXiv:2402.04477,citation
e751771085f57de0d7af50d93e48340589147a97,arXiv:2406.11193,citation
34318363e340f3b02f5bd87fa058a24e46f7dc7c,arXiv:2406.11193,citation
a1d011bb65c787aaf2886e1196e12613ee2a36e4,arXiv:2406.11193,citation
588ecce3b81bcf1e5611dfe537240dd9eaf5f73f,arXiv:2406.11193,citation
901b2e5b7ff4905965a07b970e9e0923f8d5afe7,arXiv:2406.11193,citation
9d86296956d9e6c2cde61e582f9617b5360ac0cb,arXiv:2406.11193,citation
8343b21520c5d048422b936b2b75156fa8f767bf,arXiv:2406.11193,citation
ae6c2b9a18be5893bd1f3070631df4d00ffebe62,arXiv:2406.11193,citation
324e6cdf975a8a63c23ca10e2504b603cdc7e3a3,arXiv:2406.11193,citation
2635c1aeee582dacb865f00d1289b443c3d96d02,arXiv:2406.11193,citation
fc2086f5ee7b14730ed5360ecf3339aa973021c3,arXiv:2406.11193,citation
1c4b489f203b7eab37fbc7264f04718f1e879a73,arXiv:2406.11193,citation
b1879fcb6e881fc6e5a766d6cde00150f36ad854,arXiv:2406.11193,citation
d4911cb6f75a563cac052de8fcf5ea05c32b3b84,arXiv:2406.11193,citation
d940284945299f87316695617ca2c81c9fc942b7,arXiv:2204.05717,citation
674e6bd91af20d518845b9d40b9c55c3500821ca,arXiv:2204.05717,citation
ab6d0aee1a859b88ece0cf6e3a072788825c86bc,arXiv:2204.05717,citation
7dd590cd978431ffe9fe5356f8cf7e591ff6ca6c,arXiv:2204.05717,citation
9e09a624a5efb44ac5595b69c611ec3dc79a3e88,arXiv:2204.05717,citation
711c2eb00101c5e7ae2336bf0ae2c52e3882f12d,arXiv:2204.05717,citation
9c1721f7b55f489ab2c14b3b2361c418dc652d3b,arXiv:2204.05717,citation
c6da4ac46e041e13627276e04b9a0900f4d35c96,arXiv:2204.05717,citation
ab08495f575c7616b316b86a5e4cdbe84fb5d0e6,arXiv:2204.05717,citation
92066405c027c837f5eac95df8e9b2d7d2ecc5d3,arXiv:2204.05717,citation
de991da24670e206b0f0cf6b857d1d54f524b983,arXiv:2204.05717,citation
3e2e30dead442f92b49873215825f62bfcef2b2f,arXiv:2204.05717,citation
29d0e22287b05661cc7d9c90eabadd6733ef6946,arXiv:2204.05717,citation
4386c19a10aeeccb0a9fa6e0cd279c91cc661fe4,arXiv:2204.05717,citation
a2e732278b640aaaaedaaecb333ad8a04bc7305b,arXiv:2310.10159,citation
ea735586156567fc260b71b59af56026f4ac6726,arXiv:2310.10159,citation
4b093ee5e2460bb7dc0b8b2dbb551efefc882510,arXiv:2310.10159,citation
2206fa230a34b9e36ee1e48889df172fb02180e6,arXiv:2310.10159,citation
ebe4287b201c9cfa790b3e204f67039360056b94,arXiv:2310.10159,citation
c62552df77fd45cd40b36b6f17b2d16ef2a95432,arXiv:2310.10159,citation
6064e01abf9fba9c240ceecea99c12bb7f72b2c7,arXiv:2310.10159,citation
fbaeee09a437023f60f6e8d9db1ed37e859ae928,arXiv:2310.10159,citation
9f256a7fd8ace1bf4bea7742eb329ed2be4bdf93,arXiv:2310.10159,citation
bc132307a740ff0eb6c6389e54b3dfafd5c06f45,arXiv:2310.10159,citation
01e0d60b7ffe7ce2d488488e09ec84c920881d54,arXiv:2310.10159,citation
1a4998827622e0b0c2335912a7e5ff2a7146e87a,arXiv:2310.10159,citation
c5fa36317e25777950541f2d0d31018a1d27c5eb,arXiv:2306.06371,citation
988ea957df78ae2dcb89b4126cfed56a065ccbea,arXiv:2306.06371,citation
cc19e7f988364ade31eb990b5830198e2451d679,arXiv:2306.06371,citation
bed3c7440201358f1fcd87c736e0a72576d6be64,arXiv:2306.06371,citation
19041db7b50dfc0a4c46c6aacf09652c162e8bc4,arXiv:2306.06371,citation
29baba62f95432a016a7712a9e9968526fdad02b,arXiv:2306.06371,citation
9e3b8b8b97416f4a075aa114a076052f370dfb00,arXiv:2306.06371,citation
0176a64b895de803bbf1d4628e4f8cd6fa82d6d7,arXiv:2306.06371,citation
ecc59e13006f58c02261b38e76319e95096c1869,arXiv:2306.06371,citation
fdeecc5ffb3fc467bc8ab7e9e4ac4df685b8000b,arXiv:2306.06371,citation
4639d5fa583688e6fa0d287aefa7dd0bc3dc632f,arXiv:2306.06371,citation
91ff466f97f31fbff0f83e252f13edc9bcfef45d,arXiv:2306.06371,citation
b6a4d227eae44bdb10b98fd030fea500425e5b61,arXiv:2306.06371,citation
8da1c4430335e12e359b436e9200a89abb93145f,arXiv:2207.08179,citation
2e50f56c49b10266aa0c77944039a748f87566cd,arXiv:2207.08179,citation
d587027861ae2ed5049b3efc71f1a08eeeca93f9,arXiv:2207.08179,citation
0c2a7a4d30dc5f1f1a63b278231c265544817e7d,arXiv:2207.08179,citation
186c07ec9489e2257f00f8060be91b51ce0360bd,arXiv:2207.08179,citation
0e78674016ed80fd0a1c0b79d6ac1842e5c49a1f,arXiv:2207.08179,citation
3c5470149173a6343346694d8da09a09c33c7d49,arXiv:2207.08179,citation
0534fd0ed04acaa60f820b730bf3c4816767fa43,arXiv:2207.08179,citation
4705da4d4a7043aa55078a4b3286246e03973c3f,arXiv:2207.08179,citation
563238146241cf8e0c146620be6da70cc21eb754,arXiv:2207.08179,citation
4bbdf236cab90ef7e8abeffcec91807f40fc746d,arXiv:2207.08179,citation
05975fa0eb5e7ac66e572e32b1e461f2c1eb0e09,arXiv:2207.08179,citation
2a36c6ab43e03b8c43017ff0ae2e52781a32af4f,arXiv:2207.08179,citation
26293539e4f08c8123b55d64ac8563979c4923e1,arXiv:2211.11678,citation
ebfa0176bebcbf1fa3af260c8a62699c22baf221,arXiv:2211.11678,citation
468c1d2d8e384472f313ff0487839839727b8934,arXiv:2211.11678,citation
fa2e4ed21da2de18b8a090c0de20d672d934befb,arXiv:2211.11678,citation
d348648c1c8d0511e4267d30b0fb6cc0cf01ff21,arXiv:2211.11678,citation
09e55d5223104aa5726ff0fcf4043a1beeee410e,arXiv:2211.11678,citation
1f822428428482ca1bf6bbe09169a65304e1f1fb,arXiv:2211.11678,citation
06b52fe23e385b74ef4387999557da87a4d20522,arXiv:2211.11678,citation
641f1e845c5baa1b6282a803a928c83290ddf669,arXiv:2211.11678,citation
a722010cc6bb9fffe3b9a06bf9586b5d40bc50f7,arXiv:2211.11678,citation
1c0d4c6193d7322de038c5780e9deca61321a6d0,arXiv:2211.11678,citation
8d37e69694034bdd181ed48a0a59c9455b5cc208,arXiv:2211.11678,citation
a9f0157258acef7bf282780a4cc46b1fe425aca1,arXiv:2211.11678,citation
2caac500049f55ffad0c99afa5e677bd72a1a9a2,arXiv:2309.04041,citation
bdce736d7e75888865ac29ba6b18c3b86c8864d1,arXiv:2309.04041,citation
cd245068a71294b7ff6feadb27257e59532eff0d,arXiv:2309.04041,citation
3caeb811e020c4579a8432df1c7fc7b065894116,arXiv:2309.04041,citation
2feb4d83da1892db3934fcf406c8beb6cd10ded1,arXiv:2309.04041,citation
1dfb3d555d15675dcec9a8ffe07cafd5e203137d,arXiv:2309.04041,citation
923d60078f043b90ab6b321d91e50d6d695e95d6,arXiv:2309.04041,citation
31ad694d8a9b50ad8f619d06b4d25d48f9d91201,arXiv:2309.04041,citation
4d08d652a80050d3682a626ca0fa388534a160b4,arXiv:2309.04041,citation
593b42c628b49937bcd7f7c4a7d54d5f97e6b414,arXiv:2309.04041,citation
4884e516d10626bf0ee4e4bedc174534598e29b2,arXiv:2309.04041,citation
6c1fa4ad807820ad0361a6db424ff757e3b79a6d,arXiv:2309.04041,citation
ef65bc91d689a7419b493f91989f101a5fdab62e,arXiv:2404.16891,citation
f64538de1c2506c693e6979450ced5d509b5a988,arXiv:2404.16891,citation
e06f72ec485c85472d1380d5667adb417635c981,arXiv:2404.16891,citation
86bf7c958d238e6eac4ee236bf54e198fa01a0e4,arXiv:2404.16891,citation
a17ace1a85ccb4be885697766d74e6a13fdd5321,arXiv:2404.16891,citation
e91dc06be39092892fe40b5f468b9af9ba501b51,arXiv:2404.16891,citation
0c3c85fbf95f3b895c14438ec7893af1ceca04f4,arXiv:2404.16891,citation
0a7fbee0c153c232d8f7b149cfff8218a57a64b5,arXiv:2404.16891,citation
c8e734f0ce83464ecb8564d25287abac6e163af8,arXiv:2404.16891,citation
ff312b6027d012403760c288fd6531145006cb9f,arXiv:2404.16891,citation
5e88b92ac0659bd2ebc6fe3fd282488645e18bbe,arXiv:2507.03435,citation
4288cd19b3d52174da488f45cc00c2abf108ef51,arXiv:2507.03435,citation
98e9304ec45b831e139a7658f6740596f144757d,arXiv:2507.03435,citation
127ab36cee7c8c1b5e7ec4a8cd40963402803825,arXiv:2507.03435,citation
b6ae787a2a2c91f2e8e27ad1ec195a37c513622f,arXiv:2507.03435,citation
bea0b80cb694442f06f43fdcedcf2d528bd335e5,arXiv:2507.03435,citation
d96ce80541b552fd703291594939bc9d624bb7ae,arXiv:2507.03435,citation
9139c2b8e5077be3c2ff480e19ff06d67a8790d4,arXiv:2507.03435,citation
586d6ce78db521e00b2951818fa21614fbdc62b6,arXiv:2507.03435,citation
a6bd9994f60d5a7e76ebcfc6803cd9c95c8cf922,arXiv:2507.03435,citation
9e4b5e8f03402a096d3e14e81165dc2997a7c7eb,arXiv:2507.03435,citation
2b7883ac8d9d57a6d00c67561e3cb31445905c8e,arXiv:2407.01505,citation
55c75bdf1555bcbb272facff08f1ab7020104c66,arXiv:2407.01505,citation
3eb6def25cfa3db0ca27e15563799be55bd0b58d,arXiv:2407.01505,citation
53500898fe8edb61f8e947f7d5e953c8f09b3301,arXiv:2407.01505,citation
b5cb2b0f0583d86f3eedce9e60a6b09d2e941a99,arXiv:2407.01505,citation
0ed35c306f6987bf5d930dbd463549dd9eafdbb7,arXiv:2407.01505,citation
45c0cc80a04a839489084e3eed81704adacab413,arXiv:2407.01505,citation
5b1f3b1445c2e08f67e183ab4b8af4e199668bb7,arXiv:2407.01505,citation
4bd25b9d7045a88bad4b40e6feda9e01ab93a72a,arXiv:2407.01505,citation
b467a9a95840110cc6fd1174c523cc6cb574636b,arXiv:2405.13828,citation
608b0785aad9c2698327de144b54fe261f783c2c,arXiv:2405.13828,citation
6d59b17d55ebc04542753fa3860d6375161e9e4f,arXiv:2405.13828,citation
9dba177c10947340b16897d3febe0b8c8e1c4a1a,arXiv:2405.13828,citation
36aeb8484c92f1690f842a77275f6066a02b67d0,arXiv:2405.13828,citation
cd005afc1a75b7df6770b4cd594688cc805160a8,arXiv:2405.13828,citation
a1fc1bdea014ca4de09ccf452528020873e59d53,arXiv:2405.13828,citation
c2cd90c5ce3e029c900a7e837783b8e32fbda424,arXiv:2405.13828,citation
0ee9ec5d2f824290068c9b3575aceedc16d4dd19,arXiv:2405.13828,citation
8bb847abfcc757c6f07d873c084e2be96fc38a73,arXiv:2405.13828,citation
165bac3d7bcf6d8b4d472281890eed82f526f99d,arXiv:2308.16118,citation
5e2c55f7dfb57fafe461bfc821bc52d11d07d658,arXiv:2308.16118,citation
6877f6a3718c9ef3dc6bb91de6586b36f1dd964c,arXiv:2308.16118,citation
e67dd9230cd4a8199ca6c9c9ebaa31ab29be23d2,arXiv:2308.16118,citation
b69ae70abf1e8519a565c40bed07ab499576a8f6,arXiv:2308.16118,citation
cf50b51e98446de12e073fb909a53870307661a2,arXiv:2308.16118,citation
24185cef6cdbf428fd8cdda56a7ee578142f446f,arXiv:2308.16118,citation
aa9ad5cd399434bd7e7d6fcd1ddb8f4b58b953a3,arXiv:2308.16118,citation
e7de7b37ca976b383c46b9cc60cdc6bd98cbf08b,arXiv:2308.16118,citation
612a8cdcd3455da83d3172ca4648e734db6e007c,arXiv:2308.16118,citation
91dc45427d7c90a4b73da81d48730bda5c511cf8,arXiv:2212.00851,citation
8d8fe8e48097b54ea8285ad2a08554d2f3604e3a,arXiv:2212.00851,citation
beae4f5257c93661e49e5835d258a12362ee212c,arXiv:2212.00851,citation
66695f55cac63ed3d111bbcf2f42370e6ce2af23,arXiv:2212.00851,citation
701548fb4c4ae0d823b5d67dba274e06e045391c,arXiv:2212.00851,citation
b7374847f50403b25d1fa16fce090b5fb44e9a9b,arXiv:2212.00851,citation
0a76aea9ffb7c9607a8c1d0d88685e1385151089,arXiv:2212.00851,citation
f1cdf45ac76c7f9d129bcc7ef839f5ec0b3c7b82,arXiv:2212.00851,citation
8d99d86c51935de5f6638bda3ab447cad6f6747e,arXiv:2212.00851,citation
c9b4eced000dba11518f0d3677054dee1eb06323,arXiv:2212.00851,citation
8d9cccd1e4ad406cb25c6b0330cefb96c406dfab,arXiv:2501.07653,citation
6668bc26bd5f74456a39ccc2ca70a909dd0658a6,arXiv:2501.07653,citation
9af5c9e89f5f6c5bc3eabfba22e420db323a7696,arXiv:2501.07653,citation
e3fe2236717a275aeda8a637ddcab7d17b75ff58,arXiv:2501.07653,citation
2e3af58e8946b0b42726fb8e5e8ec0df7339e0cf,arXiv:2501.07653,citation
217ca3773eda5ad29e02863d854aa4e31f2c8a33,arXiv:2501.07653,citation
2e3457cd143b265e73de93d097021f9e96eeedd4,arXiv:2501.07653,citation
52b245e7a3ddcb892aea9d8b37da3f427ba572b9,arXiv:2311.01825,citation
94639e06761b1099cae99d70922eecc7f7f3f07b,arXiv:2311.01825,citation
9a8ae2b7ac81605a9ebe82c78837efab2d6cd0b2,arXiv:2311.01825,citation
a08e44eb8f8e88bfe5f3b175f5dad448688b7ce3,arXiv:2311.01825,citation
89226288dde952552401631f2ebf3c0a5470fff1,arXiv:2311.01825,citation
4bc407094641946f31b46b965734ddc465f7a4e3,arXiv:2311.01825,citation
b5d3bbea2176d89eb977db68f14249cc9bde51ce,arXiv:2311.01825,citation
086610ef6882a03de603db0a9a96013322eef6f5,arXiv:2311.01825,citation
74863c3d2b2bfd572c028e2aeb1b25db08679a62,arXiv:2211.02956,citation
068f211d4386215ead05f200f064ac4ecd551d45,arXiv:2211.02956,citation
a52dc37f15c1b6787a68724b345718fa2f9489ba,arXiv:2211.02956,citation
0fbf7ea1a3bd1754ed9aa12ed25906b731ece589,arXiv:2211.02956,citation
ad6f917ef94044ff8d1802da9d7dc77e2a9ef8c0,arXiv:2211.02956,citation
554d59aa0f61edb9fa896fbf5cd574058dd0500a,arXiv:2211.02956,citation
b937d10085f2fb9f73a3a443ee4b915aa4529179,arXiv:2211.02956,citation
19be53b21a022f7578e073709836c35ff52bec43,arXiv:2211.02956,citation
02f83d87f41ff165020f4a0a55f8f8964c824b90,arXiv:2508.19294,citation
ace349613a1ff64ec9fe0c87e534e06d6bba8008,arXiv:2508.19294,citation
42cf4b9da6de6bd899657cf5f311dadea78e40ee,arXiv:2508.19294,citation
75b36aac0d93218fc2a7911788124e18cd4f129c,arXiv:2508.19294,citation
d06fc21256ba23dc62fd2d42790e20ccd3adc4bd,arXiv:2508.19294,citation
986e813f4c4f36786c3642cb9c8718586e47bdcf,arXiv:2508.19294,citation
b7f4b21895f4623aa03b2b00cc9603bd8ecd02bb,arXiv:2508.19294,citation
ad1da44493591bd4392bee01f27e605191666e0e,arXiv:2508.19294,citation
abaa5e1b059aaccd0f6e0fa8e2a94bce720da7ce,arXiv:2508.19294,citation
3f9f08031bf2304244dd96a9e30f02ec1c0fe1ce,arXiv:2403.13369,citation
5c99d39232269f636d26d249d084fa4975a5fd73,arXiv:2403.13369,citation
e869415a5eb6fec7d34a7b1c1da80075c2b4ac8a,arXiv:2403.13369,citation
2ef6504dee5744864595d16d2b22d09d70a1946c,arXiv:2403.13369,citation
847d08a408b9a8bd7e9071cc97071bc8fbed29d7,arXiv:2403.13369,citation
ff4bf05757a17d0cc79c53d19a30234f52a002b3,arXiv:2403.13369,citation
8f14ba1ce827a174916098d78b396c863d2ee7d5,arXiv:2403.13369,citation
e8e478cfe47f2c044fe8e685b4fbc319b2e91236,arXiv:2403.13369,citation
e0bc38b999f04024caab96977423218fec8e2447,arXiv:2403.13369,citation
ce3c4434838096830a3a6e83f607d8cb0959d2ce,arXiv:2310.02457,citation
a267ef39513cc8328d958e576ba92da4c790330a,arXiv:2310.02457,citation
708897c6ee81ca4ecdf9afdc57ae8b6b5af4f987,arXiv:2310.02457,citation
3d0557ed32fa648e6977faed9a60c655a7e33164,arXiv:2310.02457,citation
addc34e1db56c46c399a3b319153be0b73186d19,arXiv:2310.02457,citation
2d150229a539a1d398b9dbd9475af64d3931b278,arXiv:2310.02457,citation
dd7a74a09fc29cadcd47fafc4f7812bb8d2d7208,arXiv:2310.02457,citation
bb14b1c2cb84399919b2f0c337744468531a745d,arXiv:2310.02457,citation
accbeef7b1777d5e59e1455b1cd0e64df43175b9,arXiv:2310.02457,citation
ee7db4936ab89c5d63404731c121f531a76557ea,arXiv:2503.01830,citation
e69d9cc3f9ae5cb91a1ef2011813d38ec9adc452,arXiv:2503.01830,citation
dfacc4cb11d520d3b509a708e01266947d363b65,arXiv:2503.01830,citation
ea9994526369201543d82f15df6df21504ce4654,arXiv:2503.01830,citation
53a08ce52eb6981f665a05287338e6a2884de1fd,arXiv:2503.01830,citation
e57650598489b3e7483b1327f8ba41a3a855a668,arXiv:2503.01830,citation
47e39f3d5f62dbf4079be48a77f540baea3f689d,arXiv:2503.01830,citation
56b85239e23889cfff40cd29241cb97ba67f5cde,arXiv:2402.14679,citation
e1017a9c862959da964cd1c044485c05d67d65a8,arXiv:2402.14679,citation
002f44bed2836003ca3979780880b7934243eccf,arXiv:2402.14679,citation
3a0cb7f987c3af8eb72c61a72ceeb15e9a28a1b9,arXiv:2402.14679,citation
f85ec64b14494216702d5218f58e725224ad80aa,arXiv:2402.14679,citation
b5142d7f7282be6aec15c1d30091eeb442268bbf,arXiv:2402.14679,citation
1b7f140242f0df95733b08414551d85208c0f7b2,arXiv:2402.14679,citation
f4ed9658fa19fecd63e0daf83b3a83255ec1eac2,arXiv:2409.11353,citation
9f074f7c7e9804038c70e55ae1a48c42d1d7c156,arXiv:2409.11353,citation
4274cbf70d5792d58e1eda6c566f4f6d75c543f6,arXiv:2409.11353,citation
03bb360196b18912ce051ee8c8ebae243626a360,arXiv:2409.11353,citation
f8e08a20d14cef9f41c00e5f1540f4b7e5b756a4,arXiv:2409.11353,citation
4f5df7a417e8f55779782d93fbd44dc11cf7662d,arXiv:2409.11353,citation
1e347df2b6c2decce102147d0b84c1d271f2bcff,arXiv:2409.11353,citation
3fc248638c83201702b1f8b31dd84ed2c95dad60,arXiv:2407.08029,citation
cfd83a99d395a8d509dba0044e1ac17220ac61ed,arXiv:2407.08029,citation
3e0879780a97a286b67cd26a9ada5ce79a03e2f7,arXiv:2407.08029,citation
8602323b33c5f1fa91d414f4f8b8ffd457d4f403,arXiv:2407.08029,citation
1bffb16430a9ae710b8e6a23ae64c9ac961e8503,arXiv:2407.08029,citation
d7159f4a93316c361a21e8e1beac1f960cf53d8f,arXiv:2407.08029,citation
ae1f8cbbb355a534416fed7270f600ae78b46ae0,arXiv:2407.08029,citation
00d4f7455ead3b823e3a650f6bc02c02e19647ad,arXiv:2407.08029,citation
947d9202098ee92d540230f74e36008e39cf3eb4,arXiv:2412.11937,citation
0163c34cc797f76ed9cdf47918cdfb42636ae5c7,arXiv:2412.11937,citation
70246bac9e8fae4d7e7edfa5f0495c25babf2477,arXiv:2412.11937,citation
fc8cff0cbb167f53cc73a4b3572c43b3341a4761,arXiv:2412.11937,citation
039b99b4715148e7f4f875c14d0c54e3ac23ef2c,arXiv:2412.11937,citation
e3e345499763162605cded6d99eb9963d356ef5c,arXiv:2412.11937,citation
0681d80cd58b6135534cf279a69f5f999f47ebca,arXiv:2412.11937,citation
93e4ef1cbfe3149d66d78f39b8a29f45bfe809a3,arXiv:2412.11937,citation
34935c45d16613a958a7cb6ade87002f289fa8ce,arXiv:2410.20238,citation
7df49feb714afa512b52c471e4c404bdc52eb65c,arXiv:2410.20238,citation
548261f54b4f04522b6019c708f53a08d0207777,arXiv:2410.20238,citation
025632d98d464101bb97ca3b1fce5dea50d75c3b,arXiv:2410.20238,citation
fa9d7eaeae877d58273549c1cb580c0cf0dc9b41,arXiv:2410.20238,citation
5b9a72da74e1fb88f49b2e87c09a727ccdd05e40,arXiv:2410.20238,citation
50f8f61175bede20fa0c30a958e40effd576f1c7,arXiv:2410.20238,citation
f9b1fce6c0411287c017f36c9bb89152ce6e0bf2,arXiv:2410.20238,citation
a8a4b4bfe1bcb806fdba4f2db737e79ede976444,arXiv:2406.02050,citation
14a94d055d2bb1503128fda923d7f79284ece44a,arXiv:2406.02050,citation
b51d017af65d92762348f8e921b53bbeb3f59102,arXiv:2406.02050,citation
96d64fabea8ec5cf11630844050411dfa3c7248b,arXiv:2406.02050,citation
0d028f69cdb23a4d408364b5ba0f621892a61d75,arXiv:2406.02050,citation
e4c4a10a626777727be28b6640cce030487fee86,arXiv:2404.17000,citation
4a35b7ef1f2cfa98f7c089f09f68958d368e501e,arXiv:2404.17000,citation
b78c87615f7fdd50d729a54f67e93843dfc2566f,arXiv:2404.17000,citation
66b77f195218c5c47950c33a35db08af373b1b7f,arXiv:2404.17000,citation
623a8ddaf39aeecc97843f6de813c2d515a4f63a,arXiv:2404.17000,citation
751a9541292c735ff25b3d4f674f472582af1e8a,arXiv:2404.17000,citation
c0f240c9c244747dadd05e1d44be7ed499bc1896,arXiv:2404.17000,citation
6b38e03d67eb8c15eb13b16980ed50edc2152c13,arXiv:2406.13718,citation
2cac6a4bde1362552f264e003a09cd244ee8df6e,arXiv:2406.13718,citation
e037b7989f19c11059dc8bafdf506a9987981725,arXiv:2406.13718,citation
c985adb25b3586182c21dc61e87211279ae969c6,arXiv:2406.13718,citation
4417c8641f69062c46649f39e44c16c619481036,arXiv:2406.13718,citation
f683084fbeae140b4b3d79dd276f7dcb5b571a08,arXiv:2406.13718,citation
43175e690eb5b4685a68212231396b2d85860104,arXiv:2406.13718,citation
a8c3f6c8f7a6f5fd71cb5fecd1c1cf34e72d9d89,arXiv:2310.14025,citation
7946be3a8cdc5ae7d6016169f17d10fd4a9f60d7,arXiv:2310.14025,citation
c4d9a22b18998af0d0e591c12b6c9e31161d8e06,arXiv:2310.14025,citation
c5a61c709a234adc1815197a64d4b87f8bc97e8e,arXiv:2310.14025,citation
2d565b1456b0c17a3d13339b6e96f477dbfb0d16,arXiv:2310.14025,citation
c5fde70819eece74fd3a7a2492f1eddcd2120b07,arXiv:2310.14025,citation
5a3eb4d4132e74be84031e617c23a326e6de612b,arXiv:2310.14025,citation
0d7cd55bccf6696a955ffdcc10dbced411cbd042,arXiv:2310.18357,citation
32770de7d680fbc5633d01a39027debb88d12a97,arXiv:2310.18357,citation
f8b95c16cc4d39ec60ff87ec1af9f3fa705d0a55,arXiv:2310.18357,citation
fb28d19392f4ec4c5589e19caf94a3ac877a3e90,arXiv:2310.18357,citation
0b7cc8ebc8d7478ce6f3ecc9300f1af8c53984c7,arXiv:2310.18357,citation
4b02c700123a19a8834b716a42eef123ef7b52a2,arXiv:2310.18357,citation
c99db9d46e08305026c85fdb4abbc5e84016a242,arXiv:2310.18357,citation
6cfb86f053c20fd043ed54248c5a48d983022a6b,arXiv:2507.12472,citation
400acd20bd5e0cf007d4fbf7e2cc2e8643b47cd0,arXiv:2507.12472,citation
b8fd52b7727af8bd2ec1c80c638d5bcead9acad1,arXiv:2507.12472,citation
cf1a21f6837f84193d548afa2dba93fb79e714c7,arXiv:2507.12472,citation
c0212f15cc33b4270b3d06a50e3e2fa577d24a39,arXiv:2507.12472,citation
24f78a9d174a18cbd24cd80adf15b6a15afad567,arXiv:2507.12472,citation
b28fc4877f94b1275bfe7ccbeebb6861a3cf95eb,arXiv:2502.19573,citation
8ef570f049bc5b93c246976ab99b93d57fbb9897,arXiv:2502.19573,citation
9350c86904197b314043ba06f7de0111975215d6,arXiv:2502.19573,citation
e6c6662ceaee0360a23e325cb7eecf4f65573d7f,arXiv:2502.19573,citation
3499d9d150b4b1deb0e44b524c9427ed94764110,arXiv:2502.19573,citation
5271534544553225b9cc13f10f3558b34aa48041,arXiv:2502.19573,citation
33cdc41bc537d32f9f71e8dcc1799ecc55059109,arXiv:2408.13040,citation
a78c6984a026be130245aecf1ff7574c1c430d86,arXiv:2408.13040,citation
6c2e2c9dc00aab1886b4a28de31813bed229174e,arXiv:2408.13040,citation
d109ea87573241c28427be70dcf4e8ff7201b980,arXiv:2408.13040,citation
85c4badd3e854796757e9ae704bc0315df859276,arXiv:2408.13040,citation
974906b8df0f4a1f92c7829d6132a92182a7ca34,arXiv:2408.13040,citation
ad9bf03d6669db474748c68d949f02294437f57a,arXiv:2409.15188,citation
ce07863f357fed3181a052443041759efa609744,arXiv:2409.15188,citation
589cd2a84c7e5cf8c8994ce90810d6b0182097da,arXiv:2409.15188,citation
25da1ec7098652e30165af4f362eb88149166b37,arXiv:2409.15188,citation
17119907bf9c41863ac664eb505e61c17b6ece78,arXiv:2409.15188,citation
66a0856882713193f8325bdee932ef1d38290fa9,arXiv:2409.15188,citation
e8e3f17e235d66ab0dab5c5676f078e31d52469a,arXiv:2403.14702,citation
b257ad37940f72f2b9d62722fb5dd84fd8aeec0f,arXiv:2403.14702,citation
1a21ea83ebe5b2cd6a824e71e0225d94b3a3b4ef,arXiv:2403.14702,citation
01f4447b813d9cb7d77e5a5ccb5d14307771853d,arXiv:2403.14702,citation
a904aa2037d5508792c74858157349884134601e,arXiv:2403.14702,citation
3eadd1387e29d2b5b749099ca9457228e844df9b,arXiv:2403.14702,citation
a37e910b88386491ae0b67f544722c914fee3aeb,arXiv:2304.10464,citation
4883fb9c38cfaad5efe81eecbedd579d186e9758,arXiv:2304.10464,citation
96e75871dc4ac7bcd21ca092de0a3854e4cb50f9,arXiv:2304.10464,citation
2fb605f67fee79cad94952ddfe0f686e926f49f5,arXiv:2304.10464,citation
12a4c41b087629548b07d0dadb9da05147fa4f81,arXiv:2304.10464,citation
447bbdbeb5dfa9252b51a833eafe5e8f4d3b632e,arXiv:2304.10464,citation
