id,node_type,leiden_comm
2204.01691,paper,37
2201.07207,paper,38
2304.12244,paper,39
2306.13394,paper,40
2204.06745,paper,41
2306.08568,paper,42
2306.13549,paper,43
2205.12689,paper,44
2305.05658,paper,45
2402.07841,paper,46
2502.17419,paper,47
2309.01446,paper,48
2212.06094,paper,49
2401.10034,paper,50
2210.03162,paper,51
2212.11685,paper,52
2503.21614,paper,53
2209.07118,paper,54
2206.08082,paper,55
2310.00034,paper,56
2309.02144,paper,57
2305.07766,paper,58
2402.148,paper,59
2211.03263,paper,60
2204.02515,paper,61
2305.18098,paper,62
2402.12065,paper,63
2308.16149,paper,64
2204.14146,paper,65
2210.04186,paper,66
2310.05189,paper,67
2306.12174,paper,68
2402.09977,paper,69
2310.00905,paper,70
2307.12114,paper,71
2305.14257,paper,72
2402.11651,paper,73
2205.11601,paper,74
2305.14982,paper,75
2311.04124,paper,76
2311.05741,paper,77
2312.06056,paper,78
2310.19671,paper,79
2212.03812,paper,80
2312.12141,paper,81
2405.19266,paper,82
2311.0889,paper,83
2507.02768,paper,84
2205.06644,paper,85
2312.00249,paper,86
2310.15941,paper,87
2405.11357,paper,88
2503.21676,paper,89
2205.15231,paper,90
2312.05434,paper,91
2306.15498,paper,92
2407.20046,paper,93
2403.15062,paper,94
2206.05395,paper,95
2207.10245,paper,96
2410.08851,paper,97
2309.13734,paper,98
2504.07887,paper,99
2402.04477,paper,100
2406.11193,paper,101
2204.05717,paper,102
2310.10159,paper,103
2306.06371,paper,104
2207.08179,paper,105
2211.11678,paper,106
2309.04041,paper,107
2404.16891,paper,108
2507.03435,paper,109
2407.01505,paper,110
2405.13828,paper,111
2308.16118,paper,112
2212.00851,paper,113
2501.07653,paper,114
2311.01825,paper,115
2211.02956,paper,116
2508.19294,paper,117
2403.13369,paper,118
2310.02457,paper,119
2503.0183,paper,120
2402.14679,paper,121
2409.11353,paper,122
2407.08029,paper,123
2412.11937,paper,124
2410.20238,paper,125
2406.0205,paper,126
2404.17,paper,127
2406.13718,paper,128
2310.14025,paper,129
2310.18357,paper,130
2507.12472,paper,131
2502.19573,paper,132
2408.1304,paper,133
2409.15188,paper,134
2403.14702,paper,135
2304.10464,paper,136
e43dbd76c0c7d5c4b8efa3e1fec2ea6dca65f0e3,reference,0
bb4c59fc93d5be6b3d85dfde9d08e3dab80db9b7,reference,13
38c4cfc9dc53f18e57c9c185edac3c085653d628,reference,16
d9c05c32b7935dc8f7a048f79c2ce2f45558ddc8,reference,12
4af6bbbc01d4e5882b84963fb37a98f6dce2933b,reference,9
6ab3f185d9e4f0c8cfa0331810e15f5db09035c3,reference,9
79ec50cd1320697819fd44c4ac6570c48a312349,reference,15
bc996a4dbf9d4234eacdd0b930a94de1d158e256,reference,23
80ac1f80b19e7383f48bfad1cadef20816bfd9f4,reference,12
863171ed35ca0035074f73bb202b153cc346f2f3,reference,30
2a8b3b839f1c22270b0deab9fc75af6ac62ffb1a,reference,5
c5da3f188bbfd78e625121693358bbb3861b88ec,reference,34
b929fc4ea07199d8e876f5c897aa1f47f9578e1f,reference,13
5faa744dcc28cbbdd9bd67eb703320c6e2d85e52,reference,14
1af5f0aa6ccfb4a5020630f48e9c35f27d6bd2e6,reference,10
ded8cf8b28bab1930f5c57b31f7906835dfeec38,reference,5
a7862e14b4c20cefd6dc4f611f8aa866fabf130b,reference,12
e81340c96a0b753f85864124284f2210a240a90a,reference,27
bd13b4d31892552ce41b4abb7321fd943a9c44c9,reference,19
a4e67bcbf912e13cebbb1241d05d1ca0a1df9df8,reference,20
4ca2c3332a6386ee4aee128ba860f5118173ea9d,reference,18
f52293edcaccf33cc16c372175a69ffa63cf3460,reference,10
b7cf49e30355633af2db19f35189410c8515e91f,reference,8
9200f634732b417f01dbb6dcd97341af75ed358a,reference,24
691a19663a035a18275ef562ef8452a4f8d6d319,reference,9
a9c75cf664f675a1b4034b0256ec3c5168e293df,reference,14
de5aa227fb75dfb921ed554929f14cbd0c1bac9e,reference,9
c169a98b65c6cf5ec916dea11ab51c1552bbd0e2,reference,5
1cffb1289d048caecb939ebbbb143ed863d6712f,reference,5
d52977458284acce166bb1291a9d79143aa59070,reference,11
63f535efece32df3db8613ed73e3b7749499ebed,reference,19
f98e135986414cccf29aec593d547c0656e4d82c,reference,0
1a41d449f2ed4051ac4c763fb8b1b07357eaf5f4,reference,13
fb0474569c14a4af8dc94f231dc6074fb5bec63a,reference,22
d2e57d6ba6989ed3e76884f3d0e0e77ba3118528,reference,20
eab7c48a4592d8a347d520affbc1b52f50e88be7,reference,5
168cb065ebcb21e11c59871abf0434f61d58c8dd,reference,10
1ac30af5522c7a50ec4d1ee43fd2bd8652a9bd52,reference,9
e9418ed0b4ab3434b2984249f31377ca11bd6280,reference,19
328eb183007bf4aefbf42437b42a15db375803e3,reference,2
e6356667081cb114baf829b9afc0d8b3d8474b73,reference,0
f39d0c70e0f89296045f0f11d79e15fa978e3081,reference,19
fa75a55760e6ea49b39b83cb85c99a22e1088254,reference,3
54238ca0b2b04488790997634e737860fc09629f,reference,22
46a73c0e436e2f0598317e30d84f9d139e61a794,reference,27
dd6647797c100218420a392f46f5ccff2835ecfc,reference,21
7e9eebbe4c276ce8e84489add47fa31e806306e6,reference,27
cd2d1a0f73ba8c40f882a386cd367899785fb877,reference,6
088ab579bf490691eea7ac92e122ee11c9b9d131,reference,5
a2b439b063874df0a074449c7c8616ac0880c9c5,reference,19
2169232050d2968753879d6ad9b53ec36fd4d4ef,reference,10
109217e18523c50ace18d72fd10574265eb5526d,reference,22
4c2733d191e347753bb28afa46a1c55c65e085be,reference,20
c92137e033c263bd4adde173438ccd2c90e8f170,reference,19
695f14438675e4bf6a5250b87776fc209cfdfd2c,reference,5
58c9838b45edad4b7fc11bd7119f113ea5a3d7f1,reference,29
71bc0c97c20fffce796a355b16bd202987260029,reference,29
ea2aa89b3dfead23878c2ac800e86d985ae77b45,reference,10
cf1be616f9ae10cd5c36f60d3da659fdbc7af4ad,reference,8
2626495b7743759c6a7a9738bc21b6694092eafe,reference,7
83edcfbb206ddad38a971d605da09390604248ea,reference,8
c73b58599d7dbbb3db987507218a67779dfc0c09,reference,5
e93f1fdaecd63298d60fd2574ae4f241912edb37,reference,5
003c4a2cd63e775ebe8cf674e9a577d05a7e2b24,reference,19
135112c7ba1762d65f39b1a61777f26ae4dfd8ad,reference,31
8fcd012e8ed2ea8190163369c9f222178e70a19d,reference,32
210980149a6b41d3e8d95c12daa41d6aa391681f,reference,7
4a706c22a6c58d8f0f34a4bb351db9bdfe62ac0f,reference,14
99b9fc2f7619d0b0dc5106ea742e27f7f6a1a677,reference,9
arXiv:2306.13394,reference,2
4feef0fd284feb1233399b400eb897f59ec92755,reference,19
7d2baaa506f494c3d6cf59ee3798c7b3e6021d96,reference,10
fc50a6202e2f675604543c1ae4ef22ec74f61ad5,reference,16
b62d0605137463ea591a0619840305cb98f6958f,reference,5
5502d769595981009e43344f8914e287acca2359,reference,3
511db1334ffd1bc78927051ea348871559a3b337,reference,18
56734ad25cb64754a56180492c74e4046b057ea6,reference,33
93208740c2072e1eb4e2d36037f7f015efd84107,reference,21
297e085317ae2f303443f375d1bfa57199749da8,reference,10
arXiv:2310.19671,reference,21
238eb420c472bfdb1b4d34f9f53abec51f307a6b,reference,5
0e4f4869853c5f0d9d1d740481b0be196b4bec4f,reference,9
32aa3741f0983ab438fd17d09dc24a70595bb67a,reference,2
8436897e713c2242d6291df9a6a33c1544d4dd39,reference,18
40e8af970329135ec95057d73e239dab805ad128,reference,25
1717d77a222db35e67092691f7a7a67cbc1f58d1,reference,7
8978cf7574ceb35f4c3096be768c7547b28a35d0,reference,5
fb144a1d31aec3b2bece6a59bd11a876a9fafb34,reference,14
124d4d374fbef2016fa9880489871a58a7450644,reference,31
e495cdd1c62281b67677103650b885d4eaf151c5,reference,5
4ff7ac8363b2e7ec41ef7e62c0cfbc5398953f5f,reference,5
f2ffd8273d01948310feda2771943673aae4fe6f,reference,27
288a2e32889f39e90b66a52e7523be8fe00e061a,reference,22
0894585294c67193ff3190240554677b56fd79a0,reference,8
54eef13b3fe487cc48a74faf8f486a312f545cc9,reference,19
a221def07d3cd4f29c38234e271faf8a523e0f5a,reference,6
fc84f5b58e68871f3d6889dc2a93dffa7e107be2,reference,7
b37b1dc72b1882858f5120f2cd6883134089a6ed,reference,2
1e6aed52967c2a4de6fa643cc8173aeb44395e30,reference,24
4fd75d18b231f73e9c878cb6029900e4b0e327bb,reference,6
b649a98ce77ece8cd7638bb74ab77d22d9be77e7,reference,11
381a00152b08160b0802c34eb66aa44317911089,reference,19
a922ecbc9f440e5547117a7f188a76de7996eb3c,reference,5
ad1bb59e3e18a0dd8503c3961d6074f162baf710,reference,26
74eae12620bd1c1393e268bddcb6f129a5025166,reference,16
41b0fbe7b579b04e0f2de087f650d85b2a071c5a,reference,19
97efafdb4a3942ab3efba53ded7413199f79c054,reference,5
b5f0766108b2584a33f4ff4425f0e1cfdf510f94,reference,16
0819e62e97f7c4ac88d4659b9e3bff2cae436ed1,reference,18
887306ee7ebd9eebd7faea24106ec8e8f1a50987,reference,2
2cbf8688cbaddb28eac94fafb01251178f664dc7,reference,8
90e41626b8c78600da70c4350c67c3a10525cb37,reference,25
8addb1718c2bc6bbb0d82cd1a57b41198bf65965,reference,7
3e0129ed92d53179c1b5d6e1fd08b50a25e679be,reference,33
bb6426f40b7a5323423826afa0485fd940ec3c78,reference,5
4901c2a982bc67806e7eff9c7f89c927380d2c68,reference,19
4ba57555bef02f988f2ed3bab2f102733dc55221,reference,29
arXiv:2310.18357,reference,8
16af57bf06ebcba08fb50fd0582df93cab5ada89,reference,18
7afaabb73bec969c0937be46b9f0f757e07c8534,reference,5
a538b05ebb01a40323997629e171c91aa28b8e2f,reference,31
942deb7d865b7782c03176d95e3a0d56cb71009e,reference,25
13d12b26db345f62e8e512db181b96a7f8763b47,reference,3
62b4e06f5249d22e4a153ec4a2dc934c6a014372,reference,1
bcbc6fe16b36fc8cbc28967c96039cbec4325875,reference,34
afd110eace912c2b273e64851c6b4df2658622eb,reference,21
fb08b08916caab4b22c60fa96753f6b9a5886d75,reference,13
19ac2750cd1e02362f25fc2bdd88110fa127db34,reference,5
c51764fef5909d3a8bb58a179961989e9652fe83,reference,5
40eb437448136ac44d1e351373f7d44e3a303eca,reference,13
04b23f577c20d1a0e2a67aadda555f58e6d23d6e,reference,18
ba14fb3d369cd7e30233bba24b0757f6ee62f5bc,reference,9
ae8c317961f2b72266ab343c78cbd1100f6173f6,reference,26
39a620939887c9fc1f9bdd7ecfabde985a4aad3a,reference,11
d8e8740f34bf79a7333ef758ecb087b520f61e60,reference,10
4c2668b3ae22fa592716480ec56012775b139f52,reference,31
a7753486920651e24e6a77abbbfee28fc2b2e76e,reference,15
9a52c442f5ffb9429f76723f0a1fa5b33ff76710,reference,31
c2f91f35df893714418cc29096083dce0b441229,reference,7
5d44f16a36ba7ae6b3d9d7c98bbc1b877e598f35,reference,21
f92932b549cb38ea1d389376e99896aea5f3d3c5,reference,27
ba82f8aa4526c326dc0e82e7443a017a409b865a,reference,16
f4ba954b0412773d047dc41231c733de0c1f4926,reference,18
fb5c11bbf63884f75d2da615fbf37a3bcfa2bd20,reference,27
9939d9b4549c04cbfbdc636ce1c88d6647c8e108,reference,0
e03dc5bd72bea7d1db03de380d4c43b7e610fbee,reference,15
e5c72b92c48d68594b290c84a8904da7c8335554,reference,27
1e0d21dc2caf7b58342ddc8609fb30cdc1e27cd5,reference,25
48b96fbd96e3fd3271a40e7cce709ce796f35d03,reference,24
88afeaf0a4208477e845170daa8a189cc0a13a73,reference,7
39a55ddebfa32821685eca7e9f6c7796d2d051d0,reference,27
68027f0393606fc5c71251ca2136809cef2a8ff8,reference,36
04ec406caebff60e226695c921f0af1b29162c5f,reference,20
2c07bffd89cfa70d855da4e9c3f738540cd8d106,reference,7
88bb0a28bb58d847183ec505dda89b63771bb495,reference,11
15dff25a59e0953ae732917c25ba99866eddaf5e,reference,9
e50ba7ccc739e88a790b77fb6c365c1f9b4495fa,reference,18
e7106a7ac5eb3ecd51a3245d9cd7e6ad73cb8f29,reference,19
cfb7948c8a09d0a64afecceb7efe3362318dbe17,reference,26
arXiv:2306.08568,reference,1
e235ad7dcf6e97cd372f09724dc947c5b1efac79,reference,20
09cd7876b72d6105c83db59052572433a0a2b36c,reference,7
7d095da0c35b9f1831cf9ee1648c39ee37bc5ae8,reference,10
4601d2d503848bf999bf99c82ee244e84deea27c,reference,19
4309d572a37d655779f9dce6a2c98c66334132de,reference,3
6b3062b7e2f0bb4f85527ede6f294946fc035639,reference,5
27a6a9310b77bbcf9d9669542a93a8a4926d28fc,reference,31
86ea824697cd70b1a6b6a301107ad38a38f09605,reference,10
9e3c493fb09dcd61bb05e8c5659f23327b7b6340,reference,27
48332b6ba7ac6124a1512355323ad46649458915,reference,30
0fb8e89e34f00365a56c3e67f7e862fdcf935f2c,reference,11
292da1c4640c105aa5d7919a1ded9a1225c07d4d,reference,21
82e14d316f8e21b883a6a580f29c9953e6ce1886,reference,19
0b483b550b21ec42d693fc04a372dbb10dd07019,reference,24
e5d143ae82ede67726aa1a9aeac3de4bf53d8920,reference,23
b90a914e15b53cc902df84809fcdcf40b8fa6339,reference,19
1b0e3360b3341fc411a6c7841173a8d78ac2ab43,reference,24
690df0820f35a47e1ce44f90e6ddb4132aa09267,reference,10
1be5a2186f0d4f4046f45a8b1703eb65dea8ba79,reference,24
3ef14b5d72a802267a35beefc2e6f67b0d8a0805,reference,6
04f4e55e14150b7c48b0287ba77c7443df76ed45,reference,7
7ac673e51c89a3658496bb0e22572f58650f23d5,reference,5
6dfc2ff03534a4325d06c6f88c3144831996629b,reference,3
f65da9478926aff391991022aada95e08742fd91,reference,15
0ea7fc93d4947d9024ccaa202987a2070683bc1f,reference,15
29ddc1f43f28af7c846515e32cc167bc66886d0c,reference,22
cb29cf52f0f7d2e4324c68690a55b22890f2212d,reference,7
b2fe504e9f15de9438d22e7b632e81e57bfbbc06,reference,5
68e63d7210a9191cd79412af3cca5dd858ab52ca,reference,5
9ebce30da5743f37d5b6378ed6c0d8231b114d7e,reference,10
e4eba5996d9618b9511b4598797161d00c8aee3b,reference,30
1524b7ff78755a3445d22400a8d6c75ba8c0cd65,reference,3
c9dff8253b2e776abf363d0a4836abcaf64ee327,reference,25
179374a65e7abd6b6fb7d316a4666fd99919d9da,reference,22
3dfed62c61f650eb114f0f0aa26b4e7d37b963a6,reference,13
867dfc021bc3c94dbb5b4c3cba158a2a96e8ea73,reference,30
134b65656d5e061c8c98332227503c407592aed6,reference,7
6f41c9b0b22297f9071c7d0509ac05da7c8a6e10,reference,16
4d16457cded23bce6eaa91cd17aefd22af2279f0,reference,9
0b077c9577f4297dcf3da835e253d21965bbc6e0,reference,27
ddac8e4f15d59a17b3f4ce5fde3b15d7f2ca547c,reference,19
b636795b33eb155670953c472e5b07d7e1935895,reference,9
46732358e98ce6be0c564ae11f71d556a64b4c35,reference,5
15ef0417570a190241caac0615eabdff11abb4de,reference,3
29537a1ce472bdc30da5ec1e9e2e56240cd49d58,reference,6
95cd83603a0d2b6918a8e34a5637a8f382da96f5,reference,6
e99e88257c01c4690ee5b4388a3b074da7911671,reference,24
efdb6e2691decd4de9b58d3967b5a592a6b0a809,reference,18
b3c87b838d0436fefc839cefe489082055033ffb,reference,19
2587cb7b1c02fde76e3c23c13f1bd40d6a199c57,reference,25
bd7e4ffc46b284d04d9cb79facd178d149917acf,reference,12
2c092ec119ac5a3acfbb6b14895b23a0d942e2ae,reference,7
ac854a011876d06dc3eeb8b03dfc26ad129a7474,reference,13
8e671c6844dfc17103c775d3aa856fbfa8ba10dd,reference,19
964e518d8f93b2d4549e64365ed302f283d7513c,reference,27
430dfdd722baeb92c9c178c6d314f6bc08b17186,reference,31
0339891e995c957e7e51b05131d9778d1c6d303a,reference,27
df08b4b9a66dfa849dc8ac7c8fcf2900467f749e,reference,13
b0ce75fca254a50e5b6e1eca757a67706d2f91db,reference,5
cd18800a0fe0b668a1cc19f2ec95b5003d0a5035,reference,15
3db5479118e2aa4130c4685a08e737a4857deb34,reference,10
be0fbb810583930c071d0b9b2c5187fe260783f5,reference,10
72e7ad3903655179bca5d2c44cd524490c003919,reference,19
53b0be906649376510df098e177b5c395022443b,reference,18
01e81cc79e5f4e0f056e5df2562a6c5ed81cdfd4,reference,10
arXiv:2310.02457,reference,17
9c49a2178134517701befea536400c01a1cdefe7,reference,17
ac3cdb50606f7770eef8e4cd951840a4f71287a0,reference,28
c6f913e4baa7f2c85363c0625c87003ad3b3a14c,reference,17
d40cbedadab27963a835d0eb2d6dcdb69baa64ad,reference,33
3b508a48a4b48d2a16dd790a2a04ffcf51c0b4a6,reference,1
961dad067e4481ed4a3dbe9a7630bdb884952171,reference,13
962dc29fdc3fbdc5930a10aba114050b82fe5a3e,reference,3
3004ffec00059d9c268aa396fff1ac93ec17157d,reference,10
dbb5d460fcd3a65d9024b481ec886bb34a8d7e51,reference,7
3a6c423cc0f687fc43a671e55dce06f681df7476,reference,10
0407b605b8f55db72e2545586bfe8e946b691b70,reference,13
199c0184b5fe071262b07b273bba8797008e4e63,reference,19
1ccd73d95b5e23279929866bc15ec2983f9fa700,reference,0
84e826ecd98015be07f8457df41dbfa2c4046a09,reference,18
a8d02ff6d075c3cc48f0b97801cc52765c8f9ac9,reference,2
bdb68c5e2369633b20e733774ac66eb4600c34d1,reference,1
395de0bd3837fdf4b4b5e5f04835bcc69c279481,reference,27
3ac5aa6ac59253611ef3cb72a95cbe21ef5dda1b,reference,6
c4cb3f7056f1216c1ddfbe4b9e55cbc07a1e43b9,reference,31
06269ee4223f02ac8ffbe40d69efe6e5a8cba8c1,reference,13
4597f713b8ee84f9a135969e54a6490f1772c054,reference,11
8f7297454d7f44365b9bcda5ebb9439a43daf5e6,reference,30
fddbcabe0fc9be0684855ae3dd059fb525a69e5b,reference,6
663dc434fabc1cf1d3e85fff3f7ddcd313035d18,reference,30
a091bf215c716a146140f81c751712db628c8e20,reference,2
b62d63580b81a2cbb20c3c1593dd62d118e4cb07,reference,28
a3452276ada37727d0008dad8ca7c27bbbee6984,reference,23
3bbf541c2a3ce0ffaed3703cd486f0e1b2febb27,reference,5
c4bb7bc7514f276a0a95efa0f00da623159bca08,reference,32
0f733817e82026f7c29909a51cb4df7d2685f0e7,reference,28
683aace409a3b907ebc3d2328a5d8f2292dc8514,reference,20
1d19708290ef3cc3f43c2c95b07acdd4f52f5cda,reference,32
2b6291eb76e2ff885238e94704bb795046d7d530,reference,7
be8db99310602d66bba64bcf41a572c45816fbfc,reference,5
d7f55400fd032d182d465eee91581d5ab845a95d,reference,9
7e8453fa32708b2690178c3a7a6618aba20928af,reference,17
f4f154892800008894ebbf57add31fcaac4f27ca,reference,20
bdb4208bdb8b517f5d9a19ce218967782fb4b56c,reference,21
a230273e0f9f43c3fefb11b191b4e23ae21aec3e,reference,5
bfc9fabedf93723dfc6bc07a8bc28819ccffe080,reference,12
b62cff37858b0983e9cfc5e898486e48e3a7832e,reference,13
3466f6055858615dd3931c8321de7f528d54b2e3,reference,27
caa02aa0a134e7d5063ba0f13a17b5255e3f57e4,reference,10
9ad258de58ac237c115fbfa0ee52650ba7a0bef2,reference,9
c375e121926db9551f224ff235018ea38bb159b7,reference,11
f5b077e01f6e3d91f58cb4ed7158fa61eec5a1f8,reference,12
7627c830f8a3162ef8ba46251655ef50c57a5cc4,reference,14
42593253b6a22e530fb36ac7634434caf8bc4dc8,reference,27
ed271778dd276bbccd8f4bf2e9e2c786bd1d134a,reference,10
5861b2c22f1e9c00f29f1e20c4993b21ab75ec0a,reference,13
21d65cde77baa56fbc4e9c1b377cb2237950699f,reference,12
016351c8f77ab5803863ac15f4e3107a8bc80423,reference,10
89d025804988944d6fa4e95f49bff011b33d1418,reference,12
3e8f037d1b2c893f4df37deda1da3dcc577a8bac,reference,9
36c95e3ef362742a5c1844257e8b79d3251a781e,reference,0
2a7ae3e98357569c41424dacd60c62d3df78a0db,reference,21
38e3a5747bce4275e7830cca5baeb208349c3086,reference,5
942130a875ccfe55a4c60c27c636f693e25cb13d,reference,34
37acbbbcfe9d8eb89e5b01da28dac6d44c3903ee,reference,22
7c747f7fe9e1e811eee4430febb7787384bf35e8,reference,0
2ff3b65e893afde3d98d0870129b1c7999fc1a43,reference,12
4a57fb370b83ac3d1a886a3fae479e45e5fe156d,reference,20
e8bd4fe315695594dff465235e7c9987718c4483,reference,8
93df98bf527e97f3876dfefb8b167a221b37e638,reference,18
7362b81b808ebafd403eaec6f60a124340d68d71,reference,5
687bac2d3320083eb4530bf18bb8f8f721477600,reference,22
32cdd9d0d4d462a2ca781f0c7cdbc053f6a07938,reference,23
e1cc616cba2b51bbbfa0bc9d0d88f9482649b798,reference,7
0479547a69ffa48fe106137eba8358a9d8a2cc48,reference,5
45094ab1ae50337033514e48213397d35b821e43,reference,18
b50d19c5c298f6562c3b3c6c3822a351bdc89260,reference,5
39e0c341351f8f4a39ac890b96217c7f4bde5369,reference,9
63fa9d5a24af3a897d5a007a989036ceab73bb3d,reference,19
cf852c18387cfcdcb3cb3bb5ba6a549b35766c33,reference,20
5b6c582d51266be9aa7e32bfdc20891e5231eca4,reference,17
4e263b4cd6998bff2501dd143e685f413179b12d,reference,29
2d4ca959cb3d544473cb661cefe76daabebcdff3,reference,0
76a3f4a79ae9a00db2f2b5f6877021d8deb96ada,reference,3
14cb3ed64cbdd11444c98c97be3ecef7394e8a56,reference,8
f19db28a8fdcdc2eaa44c777c40714e2622bf0ff,reference,10
8bab0efb18280c5fe105c24168a9185932a1ed09,reference,5
f8e79ac0ea341056ef20f2616628b3e964764cfd,reference,10
6beecdef1a4fdffea7b588f80db8ee3393a21479,reference,9
72dfa31005b07554a3f64aa1c002b627ad61cf2a,reference,13
9abe0ecc621fc9c6167b493e4b7dd2eaff1b32f0,reference,18
f9d01f8ab34bb707afdee382350f7ce23534c2d9,reference,7
5aab57cc0530560d82c74c055f664280619d7e81,reference,4
e9cc9a9f7b97c26612dad35068481b974f81cd27,reference,12
d5e9532d12a26124f019de5f1a1d6a9a6eab3d03,reference,5
32fe1dcbb5a71c73929e474bebed3e6195966e10,reference,15
d0e1a78bd77c9b6179bc773f0b7bada8df3ce39f,reference,10
e783d082b8429dba3cc87f54c389a2b708164eb0,reference,13
00208d1408204f905558febb8bd25bd6f5233fe7,reference,10
437cfee2a7f7beadf09ad712f71b3265740e44a0,reference,10
810dc922cb3f0bd06a743f6f9fa8c0f158ed529b,reference,10
cc28ebbd867320efb252073f654c993a82fa2b62,reference,30
e5c7f7b747cc285e2fd89edbc457bc8c339934d4,reference,10
e1a083f8a8faa6b86a381c4a76fc5f4d16308bb5,reference,31
c9dbdae8146b9f97e254f5d26fd6efde96eaa703,reference,3
81c3853bb76cda671853b32b9c13f649a5b65a05,reference,23
5938abafd61881f6b23a2ba318d2d3d0327402c0,reference,5
db633c6b1c286c0386f0078d8a2e6224e03a6227,reference,22
da6e404d8911b0e5785019a79dc8607e0b313dc4,reference,13
f79caa22b7e7d08d2824f9bd272554e2fd94e0ed,reference,15
cce886854084ecfec8badc26f275fabfe69176be,reference,0
d33713b55f6e79270a529cdcce4843c70a051f83,reference,18
06d8562831c32844285a691c5250d04726df3c61,reference,30
8fd282cf9dfd3c9a7483a6b8b69c8259b53aaee8,reference,10
b9ffb9ccc000ccc5b74d1e9eaeafbcd5fe86e78d,reference,11
0fe2636446cd686830da3d971b31a004d6094b3c,reference,27
1aa9c0045f1fe8c79cce03c7c14ef4b4643a21f8,reference,7
3cc2f69951cd24fe61be4cf32d62afbac297bc2b,reference,20
7e32aac43e9f1df49e116add03327ee6f365dbf3,reference,15
ee802ccb7fc3a322b824310ae6f29fc6a1e4314b,reference,5
36fd9ecfeb43671819df33bc1fe1e3743c9ed2a8,reference,18
83e7654d545fbbaaf2328df365a781fb67b841b4,reference,9
9004924824cc0b1c840bcc91ba79475882623790,reference,21
38fe8f324d2162e63a967a9ac6648974fc4c66f3,reference,27
2133d4d7410de5385b577698bd7dbccad41b5fdc,reference,6
1386eba753466911aa586a0d672f3990c58a54da,reference,13
ebf9ae42b325183baeaffeda1775632eea669218,reference,30
5c13f469d6c4c3deb92077c1aa4956e3195b126d,reference,15
0710f4d42f29bae38bb413097f92a8ac6e04227f,reference,5
a9a4a12900d0ac1063505bb28d5e0180d78a39a0,reference,9
14b65a86c82e38fce0eb3506e0d4084ad5cdb583,reference,8
5d49f576afe0135d69ff2da91a9839b7081e4f2a,reference,15
f7ad35a51c59ff24fcd2d7f438a96bbfb922bde5,reference,1
df4e398531193e6a3f9f1f3dbdf51c8b4569bbef,reference,19
04e4ef19431f76d6fa41f22933e8fc444e564dc5,reference,5
bfe83b9e53dfb4a9f8e0bfdc8c008783f8ef49ea,reference,5
170c97c7215f42edfb20c2248f954879e91ef86e,reference,3
e80eb120b5798558ca86ac7e6132737d685a9a25,reference,0
d6954c43aa1ca197319c45d3988bc8fcec3de976,reference,27
5ef88560c5961c69e6da2a2e0a0ad57a3bff22e2,reference,5
598a2ee223e2949c3b28389e922c1892b4717d2a,reference,23
6d7b8a478801bd9d21df82d5f33ae6eced90da5e,reference,5
8336cd42193a90acfc828218613974200aaac418,reference,15
285f38de28b79df0bb64a859ab0d79048e860f30,reference,5
63009f684c261015d90da167a46f59d5ed4f3562,reference,9
23a783e0f9b1c0f06364cd0806aa47035b738afa,reference,13
fa2d43c4332622290aeb2691033c37da60ae49a2,reference,10
77d956cdab4508d569ae5741549b78e715fd0749,reference,15
c5215a3484a3a502a986de3766d2bf4d2bfed32f,reference,21
32bb95963b7d04421052a72bda6494154774100b,reference,23
998577ea3c393330e4ecc563d5e4026cf9e49a17,reference,22
ec4eba83f6b3266d9ae7cabb2b2cb1518f727edc,reference,7
49b499598a8864eee55ab264fc16a5bf8d2f87ef,reference,29
6b28fcf2ce5e0558550389b14d3075d23e54ff29,reference,17
e90691971ea4042e656ed175d0330da6a3818632,reference,33
1527aae5ed83e33dcf2cbafd353625128862b981,reference,5
0d6ed66982727b8209b583965742deae8e926cb2,reference,5
24160840d800329abc47960f4c015c10bfacde6d,reference,11
004fbcb0f3248afcbc158d97d3b02f0ea42e137a,reference,20
c213af6582c0d518a6e8e14217611c733eeb1ef1,reference,24
e965e93e76a9e6c4e4863d145b5c007b540d575d,reference,7
47030369e97cc44d4b2e3cf1be85da0fd134904a,reference,16
767ef8e81bba3a470f7c220b1d23fa9dc63c8590,reference,14
997089ee7c067081f20857e6f56ae6970b5d532a,reference,19
arXiv:2502.19573,reference,24
411b16add23976ffcdf6422f932453f6ebcca119,reference,14
8043cbfed66c98d2255ea79254de620837478099,reference,32
ca261cb681b082e90ca6c7a9d325b4265ed1dc28,reference,5
81051b830a4f5606106765902a51ba281c9230f9,reference,11
785eba2987f71cc34560ba1dcd3a5ffc133322e1,reference,32
3ac40b06b16a1a3b427d2e16f7e1dba2aafe3f94,reference,15
7ca4abace88db259faed67686ed7bba02b46eb82,reference,0
47ddeef93db147163f15b34f192fbb6d51cc4c47,reference,18
fc6a2f7478f68adefd69e2071f27e38aa1647f2f,reference,3
7cbc7aa08b96de770d9ce5c90d01e75e9df2caee,reference,24
7bf902fb94a577d15293ac4f90d8967163850fb1,reference,3
58bd0afc8a1b98e16a67ebda436e60c6f6410f56,reference,0
49a049dc85e2380dde80501a984878341dd8efdf,reference,13
8bd45f64e3c7a878289f04749df39cad38a87583,reference,0
13103014e997dd6273e2bc3661353d09165cf90c,reference,17
844bb298d49ef4a07b5d4929dfdfd170f6a1d5f5,reference,3
d2fa988d61049c5e6ce3a88fac4f415287e29ce9,reference,21
050e414aa4c97d806b5fa3bfb71c79e9dcddb08f,reference,10
8dca64d7cc92dc1f899306772fc0d5f46ed0bc39,reference,13
61280302e7be6e9ee804b54bf62639bf42434dba,reference,8
101141b047d119ef9c8fda8dd83d3d9eb3fbfd1f,reference,9
90884139b5c1ea35f4a6547b838501f116526291,reference,12
8214c1595b02c95ecbde821648471a327becec17,reference,15
4054fc9e8776dc0324cfc215462d606eb75916c0,reference,27
b7bd52070c34424099b1b1ea8707bbc32b368a7f,reference,7
cc2d1a66c701e9be9124eb95431b6c3dd79a61d3,reference,8
3199b35d570c17c6eedd5e538333cb3410e89b67,reference,13
4ca407fa629de3a48cb9b02fd29e371711c331c8,reference,10
c7cb597cfa87981277529f69b7c1b7d0ef7e5e05,reference,5
fdc53c2c10742464087c0525f77e32604827a21d,reference,5
1913ec25f89238267f96249a352117965832ccce,reference,21
9e19a6a6586116b0b5363c197c3c37f864549967,reference,14
171807aeeb88f0c7983bc6cc960b5605441d7121,reference,5
f683f1d7c3366f3c9fd967540112900c6918387a,reference,20
df40f83f5420f73b22562f3554e1e3bd4a5c1ef5,reference,13
8cd41c9a29069099943e45d3fcfa884ecc900fbe,reference,27
14a1f4b079199f567c9e0cc8ce1321da0b0af135,reference,24
d7ac65d335b5d847f4f5826313a8732bc7abc7a8,reference,22
68f2ff43581e7292993e5322c99c4c342fed4472,reference,5
d47a682723f710395454687319bb55635e653105,reference,20
f6a4bf043af1a9ec7f104a7b7ab56806b241ceda,reference,8
aa2737c83cc10ab7ec943deaae367b94795b67c8,reference,19
3469a28aacad3fddb22984178ed6edb034a76886,reference,24
505e68432c0cb1e5676964a5f021e71e61d6dccd,reference,14
563e821bb5ea825efb56b77484f5287f08cf3753,reference,5
295065d942abca0711300b2b4c39829551060578,reference,15
8d84148c12983f3015e66ddf5655402d2cb21157,reference,7
be1bb4e4aa1fcf70281b4bd24d8cd31c04864bb6,reference,13
5527c8aca3e9f30b2f6382ab66a83eec2757051e,reference,15
6574466d9103acacbc1b273114673bf1e8172b04,reference,7
f902a64f7d08aaa6bfca7463e8729952ddc6134e,reference,10
f0a3835950ca893547d3688e50da1dc77326b22c,reference,5
ce94353b5c402ef0defd9bfe65cc71c8ef2fdfe5,reference,5
6e30a511242cd48a1394d87ce8d2b682978014a0,reference,17
2b588d61103dd6594347c2c5397ce05146fc1815,reference,10
a494b23f70cec7f5e69b971e9837fcecae5d128d,reference,9
4083958684292f6fa2f5c7fd4f9be975e80145b6,reference,27
d87ceda3042f781c341ac17109d1e94a717f5f60,reference,11
162515d87256f13888d9d7ba95275ac4b6c35396,reference,22
bbd1134ee4f2d109bdce6e9a4f4a5d8df5b5804a,reference,9
389cd9824428be98a710f5f4de67121a70c15fd3,reference,19
19ff7d5971de0650e01d50fef33d1fbaa4ef3444,reference,10
e11edb4201007530c3692814a155b22f78a0d659,reference,4
626d97e16cd923d237256bf5ecbb495323eb6703,reference,10
2df1428839bf21e2e803957a142a5027024a5199,reference,17
33172567ab1dff9ca32c8d995d88bbff466f3236,reference,10
d3f79210b54e168c76b8c311488f42d7d1048b81,reference,3
0a1f1365d6dbb82054525c0fcd6fa8d0f8a53cc8,reference,5
54f5e32631f768674617250e05dc261fe8fa9b69,reference,9
ebd342793ee80999119cf163f5774d649fc0c928,reference,27
7ee12d3bf8e0ce20d281b4550e39a1ee53839452,reference,4
446c3356b95a29dca4b908533c088ce63f2275cb,reference,5
fb970ce4383a78ad52c641bc38815d78ad737aad,reference,5
0975014b619c1d8ba12c461f384e732d6ec93249,reference,7
b62b60be4fe51188d90a27dd9fc695c924a55b0b,reference,24
ea420d673697697295ba0102488c5bdaf0454b9f,reference,5
64ad3e1fbbc9a4bec2a414fb31b05ee9a62d50cb,reference,15
e44b3703c9411fb43bad9399f504539804135613,reference,24
f791dce07eb1dd9251f9bffb801d6e075091c98d,reference,27
480d930c099331505aefaa52894b804c4b099233,reference,19
609e0f0e60ddfe83fdc71bf5397205323888289d,reference,9
2bc77cdfa44bdea93cee56f8a4eaae60ddc195e1,reference,11
163a474747fd63ab62ae586711fa5e5a2ac91bd8,reference,13
c082bee888bcd4f073483da159c2395f200a4df7,reference,6
arXiv:2306.12174,reference,25
870ff1dde0c103c3d90be51880f984628e77a8d6,reference,27
f93b523fe44e2ad2deaa1c6dac2da878a17eeeaf,reference,13
30c0cdc414f68211d5d0514df027cec22e005174,reference,31
f4426194b9cbce662c6962529c07b7dff267bc10,reference,18
91206346edbe28abb606d7b3425cd455d4019d4f,reference,29
efabdd27929796b712cb1b3a3051ea5358dc1200,reference,2
3ab661db57d924f4ff1706e05ac807873ca00e0a,reference,29
35f9cf520cf31d0343afb42afa29303364a86a73,reference,10
d7871c349ef0c2f8f22faa44b9f907340a426470,reference,0
5a5c5dbd8a2c9dee5f46f19eeb07496f7abfa1b8,reference,15
fd33e77884e69f6bc099990fc2790248af2749d9,reference,8
4f0e4a313a3f777b4b6aab4f364b9bc51a6aacc9,reference,5
8659bf379ca8756755125a487c43cfe8611ce842,reference,15
bb874c1188b51109054260f17ac3f56364751a31,reference,0
980456f50cd4b6e30649592afb693d5b6af8a703,reference,7
03b7e51c52084ac1db5118342a00b5fbcfc587aa,reference,5
7cbe7c4bad376c9097a17ca4015c309bf1b17993,reference,6
e79fbc3974827f3ea43a690221cd95fddefb7019,reference,9
769b794fe9f97268007676171f246d45e0631014,reference,3
3d3b4ec7789f634e0752d50484dad7d2ea2460d5,reference,17
f60aeb63e63d4ebaae5dde9a027ba1c2a0a33166,reference,14
4b0397ff36d31dc18f4f135b48bcec71f5238289,reference,12
b4812702a7c1c47e2af34d8752b2103505089fc2,reference,9
b9ba8c4a00f5ee43e768db2acc8b56f017176f3e,reference,13
451d4a16e425ecbf38c4b1cca0dcf5d9bec8255c,reference,21
cf9b8da26d9b92e75ba49616ed2a1033f59fce14,reference,0
8f84dcbad8cd3b5b4d9229c56bc95f24be859a35,reference,0
464ae958377578490b73eef340b083417cdd93e5,reference,30
025ccc762d5f742232e2e575d403ddd4119d9794,reference,0
7d18ec455fbbd163365d44cdfaafdc62614cf9df,reference,21
142ebbf4760145f591166bde2564ac70c001e927,reference,24
bd20f7d8e253ac89e894c78fb9cb06ced8320773,reference,21
250043fdae97d2ac87245a44923682e7a3decd50,reference,5
2141ed804636a1cf339d606cd03fd3b3e9582133,reference,13
4f8d648c52edf74e41b0996128aa536e13cc7e82,reference,10
c65a64ea1be8dd654e2685f9bfea4c5118a98804,reference,22
arXiv:2410.08851,reference,29
38096b11fb396d9481a972d9a60fa4652de51f8c,reference,15
942328473407147f609761dc22128a503713df58,reference,5
69144d537f90f214d5b07a7c79121d16afd7da16,reference,9
c04e0905045c13cc483234372bb1c917be21f15f,reference,19
arXiv:2205.11601,reference,20
ad113d8b6f8f6dace7abd12dc88af520aaaf3fc7,reference,3
11d57e1af3c1f939efcee67640ccbf9814290016,reference,17
67daf8c4fe1958d20ebdf95c2a36dd490c73836f,reference,1
c0c14e6f5652940a64dab4a37345fad225103933,reference,5
bd20069f5cac3e63083ecf6479abc1799db33ce0,reference,21
212ec41713401544b946b604b009162c2a1d2df3,reference,7
3b4d671a8c7018c0b42673ba581e5ff3ae762d6c,reference,8
ee4d1b70d01474493126c401662f9ff85aa7255f,reference,13
e7b3b692b0816821aafc0d354749bc3802cbf6ac,reference,21
53d7641092dd3ba1649e1bcf9aaf35b1f504f98e,reference,11
9a82095be10926f0a52f8f9939deadfe39be2184,reference,13
92c3205df086ae5588261bb0663f0179cbb5c47e,reference,7
6d08ec2735e7c12c4243955bb979a84efd1263e8,reference,14
57a82c09c32d44d5582103adee8c6723bd5edabf,reference,13
3dee13b1ad28a87cc23307b70137cc29215e69f6,reference,17
f65c3d06aa5a7c6f5d1cf20ddef2a27b9a218b81,reference,18
9a9f4bf3bfe133e1c70f6b60654c238b677c66d0,reference,32
f32bcc2155997110a7905da050df4c8404867b24,reference,5
57e7af0b69325fafb371ef5d502e39ef9c90ef7e,reference,5
f0e1366ba66ac1f1b0b55d7dd18347398a4df5d5,reference,30
3c11e117d2996520ae7c06b2b4de3b4bde4f875a,reference,24
bf48f1d556fdb85d5dbe8cfd93ef13c212635bcf,reference,0
663a41c866d49ce052801fbc88947d39764cad29,reference,5
a06735d366a869ea00d757b433dd9cd1a5690d34,reference,15
8de174ab5419b9d3127695405efd079808e956e8,reference,24
fc53f8f3a84f1fc4993689d8f98cf6551d07a22d,reference,3
9ad8447ae31bdbb9adc3ffa4ff1e8a3e096d7fd2,reference,8
79e7c4f4803905f64ced6d0f2a3d4482f7044638,reference,6
46607816d5e3171d85f2849173f6dce35a318d06,reference,12
88fc09d3cd7bda6d3e5008b2a691816191cbfe51,reference,10
dfbfa21a93c3164ae8a033398c8de42b03b1b84d,reference,7
398a0625e8707a0b41ac58eaec51e8feb87dd7cb,reference,0
65d53938a12c77e7920b8eb3a49df249c978ba3f,reference,13
52693bcf4627bdbc31734e7f3dbcf5ea7eef4d35,reference,16
2d90537b709ae92e07856b93aab70614ac5af561,reference,0
7dd3b54233a71c532a15adc6faa7284af7c02f15,reference,12
dd951242ebc94bf633eecc4994c64f46146a1413,reference,5
61d6196f8a2aa25ee60b3415d6b3233bbbfa66f8,reference,18
f39f01f39813fd8ed791f88ec7378a44dbf2a175,reference,11
f3405b29e1f47a37a27f4acd57417474f3ca9411,reference,25
ca6e4f2be5d595623298d62682504571d8882b5d,reference,1
b5953c950783717bd5a1933c2b327826a6e647c4,reference,32
df56748cd4f52a58973b4ac52c0bf9156c5f52f0,reference,27
a512660b2361a11d7d5f7d3d0b4ca6f793c96010,reference,6
62ad7ea9467bbcdbfe325b9ee561cab3908e4583,reference,7
dd5061631a4d11fa394f4421700ebf7e78dcbc59,reference,14
25ca4a36df2955b345634b5f8a6b6bb66a774b3c,reference,7
39a7a74de74efac3b8123650315d55cfb9d5220c,reference,13
792a4f3874d5573c23ce05ac7631b751762384b4,reference,11
7861f1bed8e8b93c84135add06cf22796baba248,reference,1
b17c04d54567c6ed441fbd38dfed43bce4a43832,reference,5
51cf997f62525a6e38f12c5ca35dbcedf4bf5a4d,reference,8
66476832701361c9f9b2a7eb2354ee8cd9f72e67,reference,14
d4168c0480bc8e060599fe954de9be1007529c93,reference,18
9ab7319dbe80549ba80e3320d0546d741a7a5791,reference,16
9f4ceac35abe4b92b43128925d55e42c7f7ab702,reference,21
3d0ad0a815c2341ec0f0113ffdb5f2699e6c4349,reference,7
685283f452856d3d70902860e5b0634e695d9a42,reference,5
45373921f06a6efebefa6189d2dd80362ab0836e,reference,14
69176f85e8e4a8e9e4b381b05a854942b4b43f78,reference,10
a6f5b8f114b3eabbcd7f3f62091a481ca6f7f243,reference,24
fd6bc84144c2d77068bf3f077cb509d539f5f8e2,reference,7
d5cc1be6ab8729d9b5782afbea4e59ff1c4d1c81,reference,10
c3823593b01e5fa605a248fb1ee566c438a39a40,reference,7
2e55ba6c97ce5eb55abd959909403fe8da7e9fe9,reference,24
58c74cec28f3416b9a1d308bb2d6519d21d53ab0,reference,12
f8a2dca1e8fe56e698984c077f7ff58d8ca867e9,reference,14
a2a03a8fff4d818ecee4bc07d218f716d7e49696,reference,9
c3e5a20b844c042d2174263d2fd5b30d8cc8f0b0,reference,10
ebcfd665435ddbfec97073050eb4a01272c6f78b,reference,15
282c568302701bc163d454702eae10e43ca784a3,reference,6
5e0b9a797abfdb42310206c804fb9b0bee14241f,reference,10
d7da009f457917aa381619facfa5ffae9329a6e9,reference,9
e12277843130635096b6075561e432c0a8da8a2e,reference,19
0c51c9713d00c9cef0c91d14f7cfb3f5650ce9e9,reference,34
0d5bc86d613fd7ae3bc0aa073c88ade3f79b9aae,reference,7
45dfef0cc1ed96558c1c650432ce39d6a1050b6a,reference,4
60b05f32c32519a809f21642ef1eb3eaf3848008,reference,22
8fb92f51434543c4a8cd4980f84cf04552c712cc,reference,5
3f4ccf64ffe23b5dc095ae0401eecf9445deb024,reference,5
31d2eb6c12e93f98a00619833990ee38f46b9e30,reference,21
c918b3997ac81b77cbfe53e80e39e7e1b1d18411,reference,18
51256ee5425d5c425b84e7fac011775d8eff0d1c,reference,26
bfeda6c7aa7899a80adb01894555b09d24756a59,reference,5
f5d194b600e4e4021564f3647afde07308ac41d3,reference,10
138ff0e55b02c1616118cfb8b4c0ae9e03b52092,reference,30
e65d911a698c406e2ebfa3262e11f223fe70053b,reference,20
e1dafedfbb55cd2200411841c2ec40e7ea827773,reference,14
fb4dc213d0f3c5c39bdd4db62fb1aa227934fd64,reference,7
27a2285405a877f8d779d452547f09d5bb211212,reference,24
2997b26ffb8c291ce478bd8a6e47979d5a55c466,reference,17
10fe4864d62235ad5f0e9cd441314ebe8a5e5ba9,reference,17
c441638fd136ab630cbdc0989d7d8710e028de2c,reference,14
1e8e6cd3089a193e2bb232229b94f1837f215d43,reference,30
9756c338ecc9cd0aa3ce27534cb54befa2ef3624,reference,18
cefb2ec6d1e856dcba0836b88f6b12b3c455379a,reference,27
aeae048c7d8d4ea03bb9cb1b75c65903c915909a,reference,0
f48f90464d9694e2ea18767f14842c64c9a1e8fb,reference,7
8b290521e655421f52c487b5ef75178132a0e4b7,reference,30
6e903374a66ae66b1383dd918e4cdc8eee3a6518,reference,21
fe13c40f22f0034fe16134240827e69bfec3b02d,reference,9
1e6102c981b9464c632ef0b00dbd11dfb0564e4e,reference,5
c53eced20c0d5a6aad8e412605e3e63fb47b774b,reference,30
c78468c2f87efabf8845ccd210ced364d45e5eab,reference,9
bce55193d9a887ad00774a9134df08cd521a85ae,reference,25
bf0f141bae83bd6d5ca0c37839d53f0d06059b34,reference,9
2ff02f446eb61b74fad0925b6482125368b2cbfe,reference,5
f859b66e55aebdd4d460e2bc1e74640eafead5ad,reference,14
arXiv:2212.00851,reference,18
2c27967c92fda392cdf0654281df5a902bb62240,reference,5
891c0b91e4fe640aab8a8ce3739a514248c8b250,reference,8
7dbc4ddee852858d1e518ec77b976487598da6a5,reference,10
3d61a34611c6171f203286119f76ec52f8016580,reference,31
32e11cf020021c225782a3b77b5cfed4ae8e14a0,reference,5
19e00674c3b767f5388a7a9e080b2b97485099a4,reference,5
c242438dac5aa4d9b13766c14240bb8426690d58,reference,17
11bd044e8b8067dd43daf4125eaa40244196e78f,reference,16
88aa6b1f37d1fd8e0a40499ce9bb87873f03aaa8,reference,13
e3a901a8e3c6739b94fe749f4e2d5c95d6e67356,reference,24
e1a2c4cb9db7f84b051f123e197fd0899e61eec8,reference,30
6f2b45846939267457abf13f2bc8618d23c7a2a4,reference,8
57d1e7ac339e783898f2c3b1af55737cbeee9fc5,reference,12
6eaea3a66cfc62a55127df22c3853b4ef659c405,reference,18
arXiv:2406.11193,reference,31
a50d31c082521817a1e74cae584963a63163ca70,reference,14
6525c1e5e40f3b7819bffc9f83658d476b23130a,reference,32
73f60e2190180fbffd678b63993b56e95a2cf994,reference,5
cddb552f6c3464a54a02b0b64b2d1af56c086606,reference,11
45bb43cdc35324fea4350ed335c500d4a5fd6ef5,reference,12
8ae1af4a424f5e464d46903bc3d18fe1cf1434ff,reference,6
5eac2a40422a7085cb6f03285ad08210b6f6744b,reference,5
d281440cd94ed477c4a07e63d3149c377eaa0798,reference,5
eefa0df7c5678fa6004f8b48dbbc1c2696702fee,reference,4
0a973b7044f469af517d4bdd986f9d9397e9ad3e,reference,7
3b504f939e55d567652737ef093c1087cd40689b,reference,31
e22cc31d0cfeb3dcc12d053e991d0322cf717be6,reference,26
3d73c90a44c1cab72315db02f20bf8e939adb623,reference,19
82f93fe25ab59164c8dbb571de7afcce1e43c839,reference,17
17f5c7411eeeeedf25b0db99a9130aa353aee4ba,reference,9
14e8cf5a5e6a7b35e618b08f5cf06f572b3a54e0,reference,16
b2816f249d421c852674ce9e56a58651b8f05c51,reference,19
f4211ab5288dc9ee9ff1e0f1087b84bb0ef7f492,reference,30
a757999ed260d7bc45484dc6b4456bf33fe6f679,reference,13
ea8b8a4077febdaffae02a3ab18001b4ee682f3a,reference,20
c9d36e6f06aacc1307bbfe0f5737f0c502fcd34d,reference,6
674aae795b11a895e5fc2699a5b97fcb725cedfa,reference,5
9eeeb23546d3d2bbc73959bffc6819f2335f3c83,reference,23
1f52deff193c7c3dfc77c48cbdc653c94f093a92,reference,17
2573af4e13d9a5dddb257d22cd38a600528d9a8b,reference,8
6d3cbfc4ab90fba2307e2f96a3173313b38c2349,reference,18
0bd1ca4a9f7895e123b00c624f733f8c4e642842,reference,13
ddb8e0ac59e337810de84a3bf0f4334f07958787,reference,21
9a2bdd8852377340040ecb6e6ca1565b33babd14,reference,0
ca9f5b3bf0f54ad97513e6175b30497873670fed,reference,5
4224374796da64e17fce96033d4cd42240d80eaf,reference,27
4e1d560dc7d75da51f0ed814519e1f456edc6ff8,reference,25
370cea8b4220917f45a69358c0303df71f5063c7,reference,28
5b46ebad43c6bbd45249fd1490b9bd7a86d1acda,reference,14
a421ba0a9150cd35e231dddc323bdd9a59b3af93,reference,7
e83a58f93fe5e6b618cab3a1038374261f29d1f2,reference,5
6839816cd3ab194dfa3ffe3066cc35d099820e00,reference,15
1536e8958697c5364f68b2e2448905dbbeb3a0ca,reference,7
8ed535b1c49989c86852200e498d3285f287b4fa,reference,30
ad5cb2b4f6e931a06e6831859503f5b67cf1e0c1,reference,10
50ef0d4929f8379fe2679be7569baeeee97d9c57,reference,19
f527bacebbbfc46719d50eed61a8b2114a39bb72,reference,21
83b8108014e3db4f46354a28ae68193f143c4e7e,reference,5
dbbed7ddee1fad238d1e560eb1888087fa4b5ddf,reference,7
47ba7df38e24da9bad9266d2b58abbb2b70db6e5,reference,13
7f5118b426ec60efd899b1ddb47e4ee7050ea2ff,reference,16
e3d2da54b2017cfaaabbfd963b9d16f94b99c4ec,reference,34
8c6695cb768b9f7027aa6d8d537dd5cdfcde2b9b,reference,10
c27db32efa8137cbf654902f8f728f338e55cd1c,reference,5
e60761df840d1aa2b772618b4e39e59dc141f7ad,reference,10
06d2de84ae766fb5483796fd2b1edd836ae46525,reference,3
d115eceab7153d2a1dc6fbf6b99c3bdf1b0cdd46,reference,7
893186c6bc08a17cb3f9f94fa3f14e9ad20b0525,reference,17
arXiv:2306.13549,reference,3
92a8f7f09f3705cb5a6009a42220a6f01ea084e8,reference,0
92b8a8124872dfa576fbe9ea44d2a8ab723fe477,reference,7
e3504ad0646241fa161a81921d24b73564d88c24,reference,14
090f4b588ba58c36a21eddd67ea33d59614480c1,reference,9
b2ff13555c3e9264e7d56644b659b9d201a270b0,reference,6
381ab7a640f5b46b62f7e08d1af4a8e0d3eadd55,reference,25
4ae52766028e69186052ea8f33a137fbbbdb986a,reference,22
b75be73ae8db6b0a05d381a3d09c0dbb82aa2bb4,reference,19
436278ce3b85265dc5cface29e63c714fe979d23,reference,14
c6ae95795d3708f3b0f231e2e301b901a3b4aff9,reference,15
e9ede327015e855c6eb53b6a293a78779fba0320,reference,30
0c969e93c5e3337b8beb96c614d03875fda582f2,reference,12
9b19b116dfb01a59c5bcc0fe7f792162a2cb3614,reference,0
a798bca71c8833e49ad9bac22da4b5c3503f1e6a,reference,12
47de96fc690b46d8d004ec5d77fc82dee16f6ec2,reference,13
2ad8183c72a90511383a32ccaeea313eb85f4085,reference,10
535708777863633f7cc7fd6f4a716b1483c7100f,reference,17
6ec47eb2514f4f6dd41ef16f7b80f97237cc3239,reference,15
c734cd311322a204334328f51d906d7640b5fdde,reference,19
7426b117e40956144dca2cfffb39abc9c5265e88,reference,13
5dd242376cfb7f7437d277f6d73c96db5a3ab491,reference,34
50400b478dda3eebb966f71e8d8f90718a0e2854,reference,10
1d74875aa4f415cb2c60b17fd1eb3e4ae543bfe1,reference,27
35b2154900e2a5009015eed7f23a0eed13157664,reference,9
cb754310302086dfbbcd098263200e2a03f65874,reference,26
020bb2ba5f3923858cd6882ba5c5a44ea8041ab6,reference,5
de16e22ddd79fe45df535bcde21566d972187baf,reference,31
763a2c057f529bfd3bf417fa60d93b3d5b219068,reference,7
76b19363b10d7ea783e4a6494eae40d73c8e9628,reference,22
c8f216f663660ff3bc195ecd3a8ad61f0ed1d9d7,reference,26
arXiv:2409.11353,reference,15
532c7d150d7bfece96e3c51ad0c8e4e18271912c,reference,5
3744f4dba73770db95a3a5f72a8e29319e550780,reference,7
130277ff64c7171c90d98d7e73f4bda8a0b0c1f9,reference,9
eb4af1cb6c4a687c3fa24b8a9568dcb00cfcc746,reference,21
f37076f426023241f19cdc2fb0a0fd733a6fa7fa,reference,9
ff00bc8b24b754f21ca9246712551b9399f9e54c,reference,12
88bb1b2908d1cd024112b0038843c01966b1932f,reference,10
a53b672df3452cf306642daec564a5ee78b3cb53,reference,25
d62c4d00b277e948956b6610ce2644e88fe1577b,reference,24
2e230519ef242e592b3c19765639008c7046424f,reference,10
43845c54af0246baab17d572953e671487e1dcd1,reference,12
3784fd84b61d482b52f7ef72aac66bcb886b892b,reference,22
609968be423843d3af8fb13e5feec0753a6ab068,reference,27
888c81cd3d1e953e2b7f8cc4ce68ca9f908c1e8d,reference,8
6d017adda6b2b1ea627dde2f0e85401ebb9fe566,reference,5
7707d54987b4ac7a7b94d8b932e3757a92a6a559,reference,16
6c7ba2af4b3e472bd8a5717367b88dcdd4abbd31,reference,20
8c7b0b0d4b2a6c20a58c3b0878fa35117fca3cca,reference,11
e969aa3422a49152c22f3faf734e4561a2a3cf42,reference,20
153b1a4325706f0918a436f174b7db7d69fe562d,reference,29
c80f6f1cc4d05068e5f564c61450c9f192ea7a52,reference,22
0ded1715c39b9387fadee209d0469846cee89a83,reference,30
fbae34c21a6a0cbf3f9e2710b7fce0e011aec72c,reference,3
a9acd3323f7664687bc4715ea0de5a6015e89e63,reference,12
86b64d54fc1aa778df0b6499db5556776aca9330,reference,10
20fb06a4aa4010470d388098618af5d1bea224ad,reference,25
014576b866078524286802b1d0e18628520aa886,reference,9
ddbd8fe782ac98e9c64dd98710687a962195dd9b,reference,12
f72053903270d9a7f41108461ad04d5aa075218d,reference,6
8ae9a17c87a4518b513e860683a0ef7824be994d,reference,6
dc8c3d2aa96fa62153423a4b0864193b8c4f9d8a,reference,12
3a8714068b807951cfbab82eb79a4e6113ee9b45,reference,7
1567bcac0ab09269c9d0ff33c9a406132417fab9,reference,26
9015d5b498dd7e80229bb319cb3dd230e7b415e4,reference,15
e9b13731027418ed38103d1dfc8a70f6881bc684,reference,3
d44996a04e77c990177b589261ceebee5a80ef01,reference,27
e582219f5b96fdac214dc33ec09b34db46b9d0a8,reference,15
arXiv:2206.05395,reference,9
bdf7bf9e81a6c12e22323d0402885b2ba62f623e,reference,15
652107ea8161f607e3bdabc89199e9ff2fdfd015,reference,16
17170575aa8b4fa4e3eef5d366ada706a94dd836,reference,17
6ae4705139494fcb6b790b6dd6c4225b40ee40f8,reference,10
c0e8846eb5ce574a6dca3f3a600e82b184339254,reference,17
1f6ba0782862ec12a5ec6d7fb608523d55b0c6ba,reference,18
6f0f8f5d11207a4ba26c1a72b9f0e497357d3845,reference,10
5f2f7305a467e01f76b1dbf5867fa34bd90edc19,reference,5
7dc6da87eaa6f830354feb2db14023cab8678c91,reference,13
36a66619288a7be96f4bbd40f238e9e39956d8ba,reference,5
3520882d33a9279e706e37b5e1d4878722b40fce,reference,15
faadd7d081c8d67e8c2567e8a5579e46cd6b2280,reference,7
a9d9aef1e82a0fcc0761ce1dfc1f8683b53ca61e,reference,5
7080139d78e718b0efe91cf1bbfe17f288100596,reference,5
66ff889f25829822169d5971e706013ed909d574,reference,27
arXiv:2310.15941,reference,11
f005889b7d85558f978d40506196e9a853b5ed15,reference,30
arXiv:2508.19294,reference,10
1adadbfa95e43a70fcd17e6ce947a0652b86bfc3,reference,4
bf9ed360113274aa9746511d4d1e3fc8ab385f75,reference,9
f7c52828269016f47c5deb466118b1c9e986a642,reference,5
fea901c4c075dc268fb3f3124dec01443ae2cc2a,reference,13
d35335e2d46366d36bb6cc253f2d1d8a9fd77ab5,reference,14
355300e8b9c921fec04216a121ef198c8c751221,reference,4
8bd6a2a89503be083176f2cc26fabedb79238cbd,reference,13
ac6275273d87fbf75598be6a7ea85e8ca55ba26a,reference,9
0ba749975aaffee5e8d0e877011414f10fd700c9,reference,19
8d350f2d767a70d55275a17d0b3dfcc80b2e0fee,reference,9
08c43a7b09cead543bca41d2f4f64260f3b9d574,reference,6
87f40e6f3022adbc1f1905e3e506abad05a9964f,reference,18
74a7b457f84fad22daefbfa7dac675807c5d2c16,reference,7
cabc944d7e100c1d60dfbfa3526c121a0c5c9a13,reference,10
26051e0070a59444eefe5bed36627703235405b7,reference,3
f2ec0e0ad6f1ff295ca9a133f3dbcec1af52c918,reference,5
83df30bae85fd5888665387310a04abc35207568,reference,18
2edaed797a483c5c978c49753abe4b5d3b19c771,reference,19
84da5687bdb173c1ca00078c17317f1532e7a033,reference,5
2c9bdb69274cc4baf7d9df8ebfc86fc6bf35d0f1,reference,31
4f00435f66a3dee7d5965fe8696c56f67021f1cc,reference,15
822f41fdb57c57db614a27936474644daf12b715,reference,14
f1c585407993529c46b963b905aad3f36323876e,reference,22
39a45eba627199ee12c168dffcead45e138e9a01,reference,21
cd4990147d7fee9a676ab35150ace1856783036c,reference,13
4ee2dc5ad13d1e91e4f0a6ba23307d6927762621,reference,31
d1f407b16fb8d99487baee37ed0805676c58e7ac,reference,6
25ddddbd0bd1cfebf1548b2ee91bb1bbd05fdff1,reference,0
0d043b0bd4a981f7e6135a79dac6d71a809af8cb,reference,3
9e6c9ce0a9a9222aeb652f4e531eb2bd705ff817,reference,19
cf1db9d4b45752edb368855224e0572d41c6a169,reference,7
1403e6b9adf7712c35ae56327d52fe54603b87e1,reference,7
8f982fb9fc6d038181ec015fbba4ea6fbc86fece,reference,5
664ec878de4b7170712baae4a7821fc2602bba25,reference,31
16dbf42028fc4dbda19bfeb5f420981345b249a3,reference,0
467d5d8fc766e73bfd3e9415f75479823f92c2f7,reference,18
b190ff60af7ee4ca177ae67d8eda91e00a24f121,reference,5
3b2a675bb617ae1a920e8e29d535cdf27826e999,reference,9
d175554f3dd3ba684e8658a54e9f405912d0ee9a,reference,19
a321ceadc1dd50c9ef5476820374cd2a2f5f8aef,reference,7
f5265e346382354887340c7b520d639162e2f598,reference,17
4d4d33af3502e69d7cca1b4b7632ce6f13eefde8,reference,21
75acc731bdd2b626edc74672a30da3bc51010ae8,reference,9
8715e87d67f5dfc21b041dd1a527610646bfb975,reference,12
cbc4266795a13b6124294e0fb15bfcdcc29417e2,reference,20
383c598625110e0a4c60da4db10a838ef822fbcf,reference,8
dce02da0ec8006d9bbe9d359f7a839768fbecbc2,reference,30
c874aa93efe663ed31f2ec72d45a5dd4b4cdffba,reference,14
b8717b3049199d17655067384df7a77706b84b5e,reference,13
50796b0f3edf9cb5ff1e447c298b33755378aa4f,reference,25
59c2b4ef91d4ce23cd4f270c8750a00de9054ec2,reference,16
2b7604bcd0507d5abf914d798a4911f9c0b6e3a8,reference,27
edcb7cf5a4671041038fdcce918759477e376159,reference,18
66d3a80eae6164e1aeaf04ffd6db3dde874ad4e3,reference,13
399dd1ba62228d4723e16fcc70338e0ccee37665,reference,9
c45db9ff25d2acb92611412ebbd58b93931776f6,reference,5
da97bd6d2d0a2f11bb011b9925585e086010cff0,reference,12
80939dd8a5cad405053c88ed856c28791bdc0582,reference,4
0df347f5e3118fac7c351917e3a497899b071d1e,reference,17
59fc49dfd81b92661437eaf7e339c0792ccd8755,reference,7
628f92cbd7c1e51ac3846ca5be65146b6bfb1f81,reference,18
72a8ab237c21c76e7bf599e2197e796a47ed1447,reference,10
2922768fd451ecdb45f48c1a83eb57f54a91221b,reference,22
4ba553ee7abadd661563455b550dbeeb62de2ca1,reference,24
f94f20ee56489dff949d368e0a17d02dee7bad83,reference,7
7016eb4f34611f97fe8c99176246e314678e03f4,reference,18
64f5265fa0cf844fe6a61c0889e4e8edf29da6a2,reference,5
54d7ae7cfee56b0e19fd42c45d365f760a41794d,reference,26
35b142ea69598e6241f0011312128031df55895c,reference,29
39335ebd43c52be69d696b32ebcd4444cf88876a,reference,34
df94440288fb956fd37f784168bc2ae4bf4ca4da,reference,15
54e5dcf8c674f734ed2948e6869449bf30d0e3fd,reference,19
97906df07855b029b7aae7c2a1c6c5e8df1d531c,reference,20
a89fe3c6749c79354b30a154c6298a7ff2bec9d6,reference,5
1b2e2a355916f61eea1f30fba1135509950118ba,reference,1
0c0a778e6fdf7e36b1750c533dcc916f86608607,reference,5
7391bd9f259c7624e23cfac7ddaae94d16893ed9,reference,10
244049b67dc1fbb3bc7a8c50d70b70d68609ec86,reference,12
0fe88452660cb8a0e37f54bcd44f3cd6504354b5,reference,13
d98fa95cb4c22f404ea12e68f540bfd583ad2e46,reference,5
1298dae5751fb06184f6b067d1503bde8037bdb7,reference,9
d55ed10e6a77e8f0a2359eb92221915f56481843,reference,20
3e4085e5869f1b7959707a1e1d7d273b6057eb4e,reference,4
4c2ed9907a3e966b3caadec5dddfde0e4c83f9da,reference,10
4de303083463375ab29bc6aebf0fa0493ab7b311,reference,18
89e13c80ff90c6e2f2dda700b5dd6c3be1aabf7d,reference,20
b671934871fb9a2db3ba729647f298d46958804d,reference,14
arXiv:2304.10464,reference,12
f6b65866d6dc851ada1964728b647a3d4da34b03,reference,8
fb9f63767ba68a3a91b105ac6c8ef2276d327834,reference,21
a08b7123a7158f1a7fbbc18e8b5aaebd47980ecf,reference,3
77996deaebecbddd19ab4f5542f6176d25de75a3,reference,12
391ba9a9491b3a85ef952bff08cf482c171420d4,reference,14
41082c4d5cf085d958e53c39335c62dc0724f958,reference,7
2b8f3c930478053444a12a889bc1ee26f8f0bff2,reference,8
de4961a6431b9553d9f13319236570a9f033fcab,reference,0
55e022fb7581bb9e1fce678d21fb25ffbb3fbb88,reference,3
341c10b724e9af87cf176d03503e70784131dfe0,reference,9
42280e4374616c5f0305a8ab843fea630c0a02f9,reference,5
d39d39a6246c13928bbd66d122f3e61e67b584ef,reference,27
baf47cd0b471a9bb7b2230fec0b680fc9b3c4783,reference,17
74fe7ec751cd50295b15cfd46389a8fefb37c414,reference,27
e470bfdcdaa1458ea9e2a149d4ddbea460ec197b,reference,15
e5a1d41e6212951cb6a831ed61a59d00b7ff6867,reference,29
04c4caefc3aaf5f5661593cdd149e64bb0da2cc2,reference,19
c286fe443c32144b843628407e7f32b6056b8b9f,reference,5
1fab639219c601ddaf73430249035c827fbc1d7f,reference,11
bc37c6bdb8f39929a58b30464f72d6aa46cddc17,reference,13
c10075b3746a9f3dd5811970e93c8ca3ad39b39d,reference,9
48472a217174053a146b0ebd3821e71b53f05a36,reference,5
ce498651107588db67adcfbb5479bdb416f4de2f,reference,6
ac3fd1e3b46012a0f10d8e3417e10e204f185022,reference,10
ab9eed13e6e6a73a15a942c5d9a5d6d3dca797e5,reference,32
822f8dbf4b9f23a0b1648933fe1b422fa6100233,reference,19
e4539f4015a3d0c309ca8d76525e87db1da03dc9,reference,18
888728745dbb769e29ed475d4f7661eebe1a71cf,reference,30
23c2e21b6a5789724715f2986fdc586a517ffe57,reference,5
c3cfcd42b76ec6a18376f3975198c76e964b664f,reference,7
d269d928495b3bc89cdd8c781283b6dd9dc20c86,reference,14
1728cb805a9573b59330890ba9723e73d6c3c974,reference,18
048c6c8e89422749ad164d91160767ef738c27a4,reference,17
91486cab08e0094e7e82b76f8afe12403172c84b,reference,13
4071b9be227372af2470dd6f5590e53dd0f58d67,reference,12
cbbebe6a657047e9191abd8fcd954cf247a57c6d,reference,27
2fff1d71c751ad8bdaaa96b625d2b65eb2fb5eaa,reference,16
39c77e29a232a9fb62b3a3c89c50f487d73e27ce,reference,4
9d770551db219ffebee3ce2f13a611017707a27b,reference,14
600ff4c4ae9fc506c86673c5ecce4fa90803e987,reference,29
ed7391f944d413d8d2e67d8d03bc1d4f8e83a327,reference,7
936816b38eb2a362f300d46ee0c7426e2a0a8516,reference,16
4f23f2d194ddb615a31d6f75da793dcc89962b22,reference,19
43e6e8d6663d83f1b74cf5a2be7b040b0928f867,reference,3
5b17f9c781b26ad90ca4e2a2926d71e5385121c4,reference,14
afc3dd0176d67df1e5200eaec4a738ccd17c9cc9,reference,10
47ba477683361acf09ed9ec28d5e23a05a93d92e,reference,10
16dbfa7ad452277d2c568913d2550a9a58a43b62,reference,7
4c01dfec69f5d55daae00b668665e94eb9da7f39,reference,7
efba9e90a5b847ebc6b95d1855046d03d98005f3,reference,13
124b40ec883eb59e89be76e5da5489dbed89275c,reference,5
7d41dbfa22eb5a425fc0ff27db41aaeb75b1201c,reference,9
412a78b2585af37e6474b0795e4830660c4cb83b,reference,17
ea249d6793de488352858f11169bd718914731e1,reference,9
b14ceda6fd859da23f0e66712db3b23941b02a93,reference,19
74567e04958d1be8542d5ef49fb1c655070f4ccb,reference,18
b45c477e9d736e10b68d564509be262f6ff4d6ad,reference,26
3aade50704602b6bc2659768ff74bcfb5a0244c3,reference,7
28279f2a6ac5f929f605edf0f64af49c30aac381,reference,12
859d9e9c77ef556fc6257c2a395e9edfcac3b775,reference,7
5cac6430bd379c9d2fe13137dfd6ae7721a2679f,reference,13
67b720a6c47bc28c1295f63c05395774735795e1,reference,19
cd27f45bc760447fb4de3209e2381ea3493bbd57,reference,5
c29f96a5258052e9b189d469549224e715d4496c,reference,5
becd117ce22cb38d304479b56047f4b986731522,reference,10
a411079fd5331f0eb2a1278c1a2cc6d2ec77cb07,reference,5
14ed0a54cb784d939a142beddad63724fa052f36,reference,10
ed9aef35fd6b96f0f357d703143c0941331b5968,reference,11
1ea9f643171115e4a89e77c9a770c593f0794712,reference,9
837397b65145a6107d6a15d1336c21df9b4fe7c6,reference,5
5f85aec081f4ee224441899b6c1ceec1535bd58f,reference,10
03fab98a9be74a253688840dba9144737a8ca92d,reference,15
038ece8c19e11cefa1cb205fb2f88cbce836df61,reference,16
7cf64070fd3d7e53d80f260c10e6bd7018d580e1,reference,5
7fd30cd5552ae6e783d48e3cbeae6a63147b8a5f,reference,5
6d65e6f71c4df237b1bcf0c591a4d7b797969976,reference,19
290732e9fb08a29af8892a7c1f73c9d2a1b9d7db,reference,21
019923afa86036b69c0e423f3c2188bfa7050923,reference,0
f1aef5403012d2a70344bc70d58d720aef85834c,reference,12
f9a578728f32bdc8926779750c79f74381ba468a,reference,16
cd49fb48d7598f39ea34eec5451041ad8ab11b27,reference,18
3728ab7974f5a2f3392ea0ded15c5104400004fb,reference,18
arXiv:2310.00034,reference,11
1553084dcbf2235428e7dbf57b57e567c5ea4d1f,reference,3
de28ec1d7bd38c8fc4e8ac59b6133800818b4e29,reference,23
9f1e2407cce09219fae2fbcd67d0e91bd3135932,reference,21
e7ba02c44de228be123d933aceac4f593df2c27c,reference,12
ad9146d98ae95bbeeef460abe083ecc2c4798672,reference,5
9dcf566fa1515896ac7df2c6ff4b158536cc584f,reference,6
2c33767ebb48667c4b25d5adbc4d83046dee3eab,reference,21
1e4da4caf8a65081b5704549fbc580736cf8e8d8,reference,15
e91196c1d0234da60314945c4812eda631004d8f,reference,21
8f7c2d597816a497dde78c94975b3f084b27100a,reference,12
52f47e781852a77abedada48cfa971b24c919dde,reference,24
919624d6902f2317a71512da95c0c4e692beca19,reference,0
0213fa01c7b8aa7668b11fd9edf283fe10d5719e,reference,0
72ce0d870acab565eac1b26c7cfa0395e9bc0668,reference,27
d13dc7f94991e4cf7fba70c340b1d9d36346f238,reference,15
3d1b34384499f77bf317b01594c8c60af212582b,reference,12
f0af6aefea61e1817a3edc9e82244b19838349bc,reference,15
d3135733aa39dec20ce72aa138589dda27c8406d,reference,2
dd8fc2bd0cbee68a66065b1828a3d7a3d8a30a1c,reference,10
0eb6aefe73261be195ff243b4cfcc89b1b98331a,reference,34
7e01d88bd34eec4ce0214263e44cabb09e545c00,reference,13
56139796f7f889784b5b8922892e134570adbcbd,reference,23
4b5b46ad3a50c10a46a77c5bc9f3a6295482774b,reference,4
8c479e81ddaf55aba9044449b5be7b7bf2046b7e,reference,22
e65b346d442e9962a4276dc1c1af2956d9d5f1eb,reference,1
d863638af5bc788a054a02af8bd1124ba4d44a21,reference,10
c8ca3f71a5471eda41b19036cf54f9f15f0c1058,reference,11
7bd4ca8706a79983d31ab74e6c79bfdfd949602e,reference,31
b55de6a119991437d58072baa5240edc8895adcd,reference,21
arXiv:2207.08179,reference,32
b5044990de96ae16ab842bb0f404408643a55986,reference,19
97ac037b7589d9d0f2cb5109aa2b095ad06067fd,reference,15
a78c6984a026be130245aecf1ff7574c1c430d86,reference,13
794d50a7ba63e7a6800d05998708f93a12614aa4,reference,5
780a7f5e8ba9b4b451e3dfee1bcfb0f68aba5050,reference,2
1882f194cb43828852cc052887671e55a80f945a,reference,11
7ace46ab8e71c4304682ab126b1212deb54b9b03,reference,7
ca8703b229134af467560963897fcebd25a5dc48,reference,10
ce637d7ea51aea6cad6fc3e368678f81340541bf,reference,24
6500df35e30461d857103b3e3fa72b2913049a56,reference,0
9262b3fdd11e1fa73bc96cf4db4de6bfb5f6f6a2,reference,8
c8b25fab5608c3e033d34b4483ec47e68ba109b7,reference,10
06383a484fa325f757bf4971c5738862c902dcac,reference,5
44d6c201a4056e260e9844bdbb01461ea9b1a011,reference,0
ea1e23ac35cce92992cf296277f6864c791a172c,reference,13
f6e39cee044a03747fbb4b20e335b640b43b884c,reference,13
36c28838e12a1f49f9fe3c6870459371db1248bf,reference,17
5a9cb1b3dc4655218b3deeaf4a2417a9a8cd0891,reference,10
8059b85332572e60c8a1daa0ccb8ddc008513f00,reference,9
fd81018bc72b030545a2d3f3010f3758ec4d48c3,reference,29
ff56dfdbc8b86decbc6119d96c1097c0fef56ecd,reference,31
f2f9c02a7eb484dd7b7ac46892856e3f278eed77,reference,3
d1505c6123c102e53eb19dff312cb25cea840b72,reference,9
b8a46dc173191aba8b3a2ab078fb32b9c6c09006,reference,15
cbe3e102d908f72fcbf6b8d8893587c010de100d,reference,17
1b46abffbf3d9591617bafc796af669cfb2079da,reference,5
f7e5287cec84dbd8428604ddb80d817490702fcb,reference,12
b5761150842563690de7732467b305dae82f6c1c,reference,24
5373cbd50d00ef7bc1b628355c7f73a7707fa91c,reference,5
1f7baa19b4b719d02ab27e0b28e5f28d4c481361,reference,6
545f108575314031f35c617c4ac35a10133c50e3,reference,27
7f8d35f6d64a2bffd01ad770d4b61f70f1479126,reference,14
49c34076336a5de8e195a9af933b925b5e16d46a,reference,9
0c31a27f929c2fe16a97cd71e704b97fcae7ffd4,reference,30
3c14dff308d93796db63e7fef99126aa810ec098,reference,13
ae930bf735d76a422d9675714a54b682458558b3,reference,27
408cc1103ab953a26c7071ffd9ce808469f77a01,reference,0
c1f552dac0ffde4f6d6a32fd755bfb22ca123ae4,reference,9
9076b287843441fb749d37b69317162c1fa272e3,reference,18
91ab9a65e276cff7f62c7279dd507967804c2477,reference,12
d755e8055157d6431ee19c33f457a53a9ba59c0d,reference,24
3ce6db01cbd1889aabd1330ffce38760d2f92bb8,reference,30
04957e40d47ca89d38653e97f728883c0ad26e5d,reference,10
40df79bf2903d464404272364d0a29ac749be737,reference,10
faaa632d617925d6d8024c9f7614da0025271fed,reference,33
cda16b51195240973de0905414dc8e1da4265156,reference,10
9ceadd197cea2cd1b45e12983d528daf2b24efaa,reference,5
28692beece311a90f5fa1ca2ec9d0c2ce293d069,reference,6
97dd91310930c3f3384ca15586ccf6b67a89d0be,reference,14
f2e018f0087c6ec11f09c953f188c324834f2cb0,reference,18
90c1dd257ec64d6ca34c25cec740c429e7f68239,reference,7
5c63fc87400a4d3afea63ab8a068a47249f815c2,reference,10
c02cded20074fff4310d7bc943d0b8bfff305d58,reference,34
5c002fd415b0284fe188dbd5d57a0acbed06de55,reference,29
c5e1ece02246b80a6b5c6ce3c50d589323a4127b,reference,19
9d9c308a7b9dfbf7ae81eaad0bd8102e66ebf45f,reference,24
a6637a43a7a29070a7c685474a7a9ef4871112ae,reference,19
3e9e44d843240b7affe14a31db3ffac17c0d74bc,reference,19
4c8bdcf2ece019a72bbbf226a726dc8067f148d1,reference,17
c4744a7c2bb298e4a52289a1e085c71cc3d37bc6,reference,8
4f261a73a8f1ffc3e20c890a8db99fc974a89331,reference,0
2a44c6b7f291f625314a82ba3131e605009fd533,reference,11
146d40346ed686f54087386f66666adaf6a6efaf,reference,24
d54215d189009a86f84ce756cfe808e28679c05b,reference,32
883028a8a4e75628ec3ec4dde9e7edf13f55e1d1,reference,8
1cfc42cdf19a2d3d4dc9c3ee84858c1c60e1ed3b,reference,21
202eb698b03af0922e8ebabb5cf7c8a5b77e90d4,reference,33
0ae623749b30de53a39cf05813f5f3842e422c01,reference,4
cf36236015c9f93f15bfafbf282f69e08bdc9c16,reference,31
ff5f0c5b6905a8c4b361a625b450e9ab417fa854,reference,25
8a70ef8e988c699d42d4b409ddf49370e275e251,reference,24
16d83e930a4dab2d49f5d276838ddce79df3f787,reference,20
e507ad65b2a3b8370687e1c6eac0f1bebc34bb83,reference,12
c47f41156903e844a8d462530581da118d59d98b,reference,8
43f2ad297941db230c089ba353efc3f281ab678c,reference,27
305a7422a34a89fb79a84a9cdbecbae5021d6d83,reference,5
6823e2bfa82e07f5c579ef04e49f4e9857408ffa,reference,27
933a91ec61c20393b6deff5b6e09051eb9a3a655,reference,5
arXiv:2503.01830,reference,24
ab649ecce8e85a7ac00e1cce9c1e4b605c1d8d0a,reference,5
fef6471c4a2a0e7abc4a2261a6cf916e34091d12,reference,15
92930ed3560ea6c86d53cf52158bc793b089054d,reference,24
b7487e6b40b5d422839727097e90e0f06145de0d,reference,9
29f13d00746aed383a32c179537001fdf3361aa0,reference,15
bd07e9cdd94ea56e18dd48311f6bd189ad29b17a,reference,5
f3f23f7f9f5369aade19f20bc5d028cce7b9c9aa,reference,16
1bf46fd55008c3fe2dd531c5cdb97dceafd6b217,reference,17
arXiv:2204.01691,reference,0
ea3e363b222c28abc695877de50a9929744eb2c8,reference,12
828e7cff761d3203a39d848934ec74f6cedc1453,reference,9
629f460ecc49bd98892bd0f993dfae5f084e7c31,reference,24
d63b7b7d63e06db118d35fac98df336d6e7d0e06,reference,10
arXiv:2507.02768,reference,13
98b40eb3ce79c24d9726556947e2e2094737fe46,reference,21
490c286d72500c6c2e6f45da52dbb0443c812032,reference,21
c5fbf9a62a91e3182f65e3746d3263387effa4a7,reference,21
7a07e4f098ed1726a4720f7c928d3c5a35b9c41e,reference,19
90abbc2cf38462b954ae1b772fac9532e2ccd8b0,reference,8
3cd9fd8a36c8feb74bb20ae25817edb9c6a0518c,reference,18
8cdb7845b94fada3be213e2abcafa7da6625879f,reference,5
eefbd8b384a58f464827b19e30a6920ba976def9,reference,31
9286ac6e9b1aacd7d93496eb4615ae7678876d2a,reference,15
7e877011074793d6f378fc0c3e67ed5422ea3ce5,reference,32
42f555d84d75f6af355fecc14d5b256d21010315,reference,13
ca41da709fcc956d9bba8541fd65c895d5f8fa33,reference,21
8946c35672fdc04174fe36b5d479756b98280fe9,reference,0
f3ca598a4c7b7ed436acfc09dad5ec27340dc780,reference,13
67f3d4addcfb9066ec436934f8d48ac58fa2b479,reference,21
85d361beea081193616cc4d26ffb32171c612a0b,reference,10
1bc49abe5145055f1fa259bd4e700b1eb6b7f08d,reference,9
c271ecaa482b4f0f9608eea24eea410f49bfd43d,reference,5
08ba36fe521389f4692357496091c8b1a71ede00,reference,13
0d5b9e6cb44714d5ac3348112b010429dfb3b525,reference,15
47dba53fe8ec69f90b4abfa263be70eef3fdee7f,reference,6
6b45c8d03a20c5ae4fe5d6136cf01748b4bd7489,reference,0
4e5f7cd537a1bbcd090f9887b1b59f39a3715dba,reference,12
53953a19e2fdf9c5ad5ff445c07ce36cc70f551b,reference,12
0ce184bd55a4736ec64e5d82a85421298e0373ea,reference,19
40c73102b1ba9d43c806af680f73c1b1de983295,reference,19
8cf9b49698fdb1b754df2556576412a7b44929f6,reference,16
343e06bae852f74a98573e798b501f6003bcb1c0,reference,17
bce29cc829fab288c41ae5678e1bb5b95bf218d4,reference,10
165111af64a34d5769f3ee8cbeada5c6618cf8c7,reference,20
ae916205cdae8210b147d7637f74186e57d15973,reference,32
a458ea049f87db9d2c856f3554f1819a27d4e676,reference,7
16861054ec33d376d8f0182f7bec89f118c70ef9,reference,30
8963317176fa81e185fd7a8f8cd001d7e11a4868,reference,8
14fc61fdc8f2205ff96ff6dc9c4c881e4063db8c,reference,7
dce6f9d4017b1785979e7520fd0834ef8cf02f4b,reference,29
8e8e761be9087be8499f9ac641e35727344fd556,reference,5
fb6973bde2bac82ec9c33f49ba370ceed883eeba,reference,10
68f141724814839d556a989646194be88641b143,reference,17
5019dbe8d1da5f128f4f373d6849095cf18fd519,reference,20
4ade4934db522fe6d634ff6f48887da46eedb4d1,reference,24
64c22174a3a43c1224c88ba37eae6421a0086730,reference,4
e0996536b3fcecc684d6be1162ba5371b105984b,reference,10
5a5cb1d36d3ab64fc1941d05ec4387c4e62feac7,reference,31
6c125ddf8fdf6e26a74ee77359d947c9449a259a,reference,22
8461dde4f8644517259067de63d9c8b5e589fc70,reference,12
3a7bbc46795929f0eace82b64c44c92a48682fb5,reference,21
aa7bcd1f9453c9096ec78900a7b94e816ed0e1c5,reference,13
66720131fcf5eaf94aab397945065a88ae5db5aa,reference,13
f3ec0ee1538796c8d5e5633958106fbe394a32ad,reference,5
36819c779070076e9364786223bd341dd9a89a77,reference,10
54972b2e4304d2164a61036ae947df2503c07009,reference,24
4a6f7dab88659053c2be5fc9cd885627c58b9ee6,reference,31
5548d8a116dff78827d658ef0bbf3fa0dcaec8f1,reference,12
c96297261467b5daa2d01227496a70d444602434,reference,25
aca245666296a7869ad287d943954767fc0b607e,reference,20
26299d5fdc5137291dc6a091573b3d18aba1d1c2,reference,18
c2d140865e25bbb5a76e167baf48083cb38066dd,reference,15
c9a2bc92feac28649e5988a13a0a56cfc8861900,reference,19
6734043e91fff030229889c0e8cdfb902da7b5ba,reference,19
b7f16ef1124c271b21c2a564fdd7a46387c8370f,reference,7
c46386993e22b67462182cb65637e14a83fe3cae,reference,14
66721162f712690bb10928132d402d9bd4460c1b,reference,9
06206dba5bb47cea888c5adaeefab35c5002c618,reference,19
b54315a22b825e9ca1b59aa1d3fac98ea4925941,reference,18
616610e0b0a31ab4bac1c64fd0b65c2572185522,reference,24
fd307bd17e680c2d458af54b60f0d0ae00ceea88,reference,21
b659c762823f641f44ec09bf9367070508c7f982,reference,18
79d7246908bc1ec870a02f45946c2b2588c5d9bb,reference,5
de6b83379a6195ace2cd3c58b4ba0fa1c2ba7e83,reference,27
6551f742b825561d26242ca8a646ba0e33fb109f,reference,20
56088d8601afdd524029c5c151f7d13ed3f1a5ee,reference,5
e816f788767eec6a8ef0ea9eddd0e902435d4271,reference,8
5f99353cb2b0a66ec5ea4cd326f44e60385a5673,reference,21
6f24e0782300dca8a4cefcb5a3ccba94bfbb1395,reference,5
dfebaac3142558ba1be1ad1c2643bff4524a10ce,reference,13
4cc5288b17dc8f946f3b94d9405e196582ca969f,reference,10
87c5b281fa43e6f27191b20a8dd694eda1126336,reference,25
3c9436640e4fee2f0deca5854722fbdc123bc333,reference,19
d1e191d11406643ca813ef830b1c63ff65b18cb9,reference,15
97c01b6cef7d7d88ec7eda488bfdc46fd601e76a,reference,13
6296aa7cab06eaf058f7291040b320b5a83c0091,reference,5
0090023afc66cd2741568599057f4e82b566137c,reference,20
aad167be3c902388ea625da4117fcae4325b8b7d,reference,29
2ebd5df74980a37370b0bcdf16deff958289c041,reference,12
9982d1d7f36d7da865faf74b6a0c5c4f6dd45c8d,reference,19
cb6cc7d28d06a0d7c0d3f0d7ee551bbc86dbc3aa,reference,5
ead441f3e9db042ffdeaf469f70bbe4b127d9060,reference,6
6ded1348c76d25a420abe85a70b91e9ed6f6c2b8,reference,11
d9317660e2a538d9c018028956fd114d55330f82,reference,23
28135fd3e80dda50a673cd556f10b9b972005d27,reference,11
e96c86407b3acf09e5d7729bec201824b717b476,reference,5
d7aa0383dd5ed751bda53bbe5caacf68d6325956,reference,20
72f1e6509bcfeabeb33e31e10c6926dab05f3e8b,reference,25
1fb985c6624bede346e05f9ef16aa4505731c330,reference,9
a62454594c11733773e77240ad7509586e25be5d,reference,19
ae04f3d011511ad8ed7ffdf9fcfb7f11e6899ca2,reference,16
8b175fab5d56791fcb017c149350a66f1a36e7b8,reference,24
002c58077a1f1b296468b117230a1199e91f35c2,reference,14
3fd5a5278ad466849841341a71920723cf1ebce2,reference,8
f0e4978448c668a78af77c6dc062c940ec8c9d62,reference,5
a564fabf130ff6e2742cfba90c7a4018937d764d,reference,23
a5e78e7d0c97121dc852908b62a1b932c0bf6bfd,reference,5
879a7f5abdb7ab803d48172d4f0830965f989d46,reference,7
c8ae0800f4261a28bf2c2e929dfdab871e230278,reference,19
c65006fe77fc64cbb0bbc80f0b196969fb668dee,reference,16
5c1bff5cc6cb96a343846f0f5528bdf415974ac9,reference,19
4a3ce4d66627f2264bb2d75a68d69611d4b34cd8,reference,27
68f1e16f6266ea17b054bac800a931dcc1ff2f57,reference,0
57778c196aca71a82c48a58522ac535c1ce53a06,reference,22
35a0c497cfcd5b991cdc3e326062956abb8129d4,reference,7
287987e82639146c89b4e6b91d6f7a7a7f32679b,reference,7
3971135f684ed9ce58d85336b8e81ab825de08c8,reference,24
a963d05b9d4acd347ad528e7d098eb53d8f555a2,reference,30
7134803a8a5987b5ee0bbb0b4514efd7cac635ff,reference,22
f63ac283d7d064741b5bb911d36067b9dbbc9fe3,reference,24
ec50f7d9edcbe05e0f7c004dd581816fe5dd1086,reference,25
67b283f83c8730101019d3f0ec690d43a2602443,reference,21
fc8a8c333c100085a59a17453e36a0facf82bfd0,reference,12
229ec55602143271867682d181ec35f2e43e06e8,reference,9
84dc889beff9d51fe429cff8c92735e7410ee3c2,reference,2
7bf226e218dd5f2d7358c288e73f9636be249629,reference,7
ca2f1088d3e581b2c6c75cf0ebc96506d620f64d,reference,20
4e3935ef7da6bcbb202ec7f8b285c313cadcd044,reference,11
f39eaefc294db4336ee100bd3efc47c2b15684d0,reference,22
9c28bd774c2587715eba129305531c8b49f98b95,reference,19
0839722fb5369c0abaff8515bfc08299efc790a1,reference,23
86ea4aa29241149c3999301f0285d8cbb8542b11,reference,10
d5d571db338064b050044f936ff6914c79c5e4a0,reference,10
15699a8f5fd90fa6dae893d4cd5f144f77e92015,reference,22
b1b8c3e47f44158d22fb70bb453d2494ed013b70,reference,20
67146d4e521ad688841d318146673933bccca76c,reference,10
546d0624adfc6e18fb87d8cc77e7705bb9ea7445,reference,21
1b5db3170c195508ff24fee8eda0d4987e806f0b,reference,5
e0dc8e113dbdd2896fb6420ac93e0b976c47f2a2,reference,1
8a13d58ce02734f92dcc787272afbea4bbc7f09f,reference,18
arXiv:2503.21614,reference,5
a8f41f87321546c197fbf4029dd6e42fe6c4d2d9,reference,12
3142d6d2c60634b714e40207fe3da7b9cadecf1d,reference,11
b0ceba96db8b7b71beb2f0906568ffc143fddbf9,reference,31
a30dc321a96154c9baece8edea7901e7e0b6f7df,reference,10
58fdf550600fc3873729d466601c5d08a51ba8a0,reference,5
0cb1f68586f1d0e1f4a970b902b33f4cd5a6c7cd,reference,6
f6aeb1921d39ebe47750b9fe3e77a4c264b8fb91,reference,10
38b0803b59e4973f09018ce942164b02be4b8bc9,reference,2
a49e9a8d29b5838ba392d5d33fb9694f4667c59e,reference,12
c0c6f3ba310099b9a1ebe899f5f58bb04574df97,reference,13
fe52caa985bcf9ad5f2789ddcd1adeaa21a1740e,reference,19
e1145b35723da9491b91927d949221e98ebd5b2c,reference,18
9b3a071734cfecb2880105d84bde6791b48bf4a3,reference,25
d1f925c65d56ff4de5d317a54d47d6df34b17d4e,reference,3
f8e99be4f9a01761fab74bade2c3c18de9fc686b,reference,35
605c32428861eb26b8631617b8f6c97a850d6a04,reference,6
273a55aae3c22bc8c79f2decb021ac454cb5c076,reference,10
95a52dd5adf6eb8d918cdfbf6189aab4eaa8e607,reference,5
eb8a62b5c490112fd73255a26976cdd84819691e,reference,5
7ef58be19ee9cf8d683d7209b650094df3902377,reference,27
aa3ba08a4451871da8a2e92ab11b3ed26c292bcf,reference,19
afb288af24c6b09f5baeb84bfd0c8b683b96540a,reference,19
f2ba9e7d9624bd94a786ea5e3161a9425a21a475,reference,13
59a951788f0fdf47566240d403c36b6eb816ba49,reference,17
1b79aa7050389c9cf2d826e452d3d94fa2bf54f9,reference,24
d98b71607a1aa2e0c38b5f31b884e3c2c6119ae4,reference,12
3f42266cb07b5d603aff32fb9f9394a80e74b508,reference,25
5e3c86ea60f68a485d0801c7bc90274dbe7463c2,reference,16
e850d4c0dad3aee3b8b40be5e5d5e5c31354d8cc,reference,21
80257b7d02ad4d6a762ebc0d7f1560e0ef182354,reference,9
f6b9ccd7533b58e14d284191f1a576b0c764b3d5,reference,3
c878f0343c398ac4a9c29c8fdb0e354584333ca8,reference,14
733eadbcddf31ccc6ffec6c6ae84377ff49c7a00,reference,12
abd1c342495432171beb7ca8fd9551ef13cbd0ff,reference,5
8c3a24618dc469ea296b77080503fd571ac827d7,reference,12
7e7343a5608fff1c68c5259db0c77b9193f1546d,reference,20
5d90f06bb70a0a3dced62413346235c02b1aa086,reference,16
68c1bf884f0fc0e86641466a1f1fa67e79f16a17,reference,11
0297e83ac66a249688cba4df686afb0eefcd2b4d,reference,19
e0c6abdbdecf04ffac65c440da77fb9d66bb474c,reference,18
7c44b7fdcec2e517799f6c54f6ba42bf1a89d2e6,reference,5
cafca1e1e6b7813b5ce5496903220105c5b97737,reference,10
18f9a6045ba01cb079c4fa49a630d71bbd27cd92,reference,23
9934c78aab745e1c8b51d966dd7af8b789d543bc,reference,13
8c870bef01a4fbb20f60722ffc2f6bee3870b18b,reference,13
e03609f2587f690867e7ea0bedaf0db25282c548,reference,11
a05973d939f5a2b63f6b052e8f059d5fd73c25a1,reference,7
c9072c9e0150dc676ca5d580f332f54d20f28a55,reference,10
f3bc3b76654d64aff350cb40d58ecf4a20003f4f,reference,34
fc34890166fb83ad5ffeb0dcc64bbe5d81b0b677,reference,18
3b94efdce77e097d099de2528519059bab4b90df,reference,9
92fd80a619d6f9454b69882e81a710f857fd9cdf,reference,12
f58b6338b43ae475209014c9b777f9b663ca9809,reference,7
7ef9aafc68511afab5b287e62b754576ea37b4ce,reference,21
c6e9e17fa3bfb0fdb7b6be0105acf3afd4f7171f,reference,11
05830547cfd19b734777b8546f4d606fd79ebd2b,reference,5
464cf829eaaeb2b3bafc84cc9203790e95102049,reference,11
3cbffab9d7981da6662d474aaa056dcbd3c1701e,reference,35
99e6f700d374e34c8376f1f43af994b278924f28,reference,13
3caf34532597683c980134579b156cd0d7db2f40,reference,9
00e18c603e60d861c4e99c541e4d65ef442d5945,reference,11
5906d07d7d46dcc2bfd71d2b3a34ed44fe8df7dc,reference,32
144f00a70a093b616e4b567fbcb6add0ea3f7da2,reference,7
912a39c2e0e4a35747531669cfa952d2c5627729,reference,25
837173ef1f260adc0d50b76675915776e1cc8ade,reference,10
77638cb15b7c2cbb031eb103081ce881297904b3,reference,11
e1872cbe03dd45b5323f9c30facca5e3d6d95f14,reference,31
d4b9257198c78f32e8f099e167a58618fbf89c59,reference,15
f2bb477868cf41a71db56ef45039bd660f351efa,reference,21
79ad463104c7b7afeab11c2046fe7c18d5108ac6,reference,3
4e468d3da1797d791db8d514d695b183acb027ee,reference,13
6a33e58ef961a3a0a5657518b2be86395eb7c8d0,reference,5
8b0f27bb594b1eaaf493eaf1e2ee723a2b0a19ad,reference,11
780c99d13537370f63c03feeb1343bed9d98a4f9,reference,25
2fcb288693f784019335352859d9b2d08638a6e8,reference,6
86311b182786bfde19446f6ded0854de973d4060,reference,24
14c2611ab6c858cd3fab586f553eac6a10212fc3,reference,29
b257038ef379092509b1dd1d66a351f47363d6eb,reference,13
c5489d244bfc1e9b0d8c94bf6dd774ee1aca2def,reference,31
6dc5c6190dfbe55c8b45b7b23800614c21e5b51c,reference,10
ca5f37985ca7fc4f374aa2b2ccd037fb5cb40396,reference,15
e782026c91697ec83e6fb37deabef819eef26ed7,reference,12
7c6df3796b42a171b2958d7d493bd90ae550e222,reference,17
1a5d0e368660bd638f804e6e837c97765b72f561,reference,5
2464e287e6f92738fd5627819597172e8674e36b,reference,5
a127cfd083d94b39ca3d3059525541bc80d1ecae,reference,8
323849c020407861bafa48fb8b6f3e208cd25111,reference,1
c094a192dbc6478b57e14d101a0afdbba13f39e2,reference,16
0259119b3d9a4edf4555a2449305c8bee66dc36c,reference,15
3a07a87090a061ca41dd30ac8398a9a5d9d39826,reference,24
ea415809bf87ef4b99966c6c50de6cb996a02a97,reference,26
a2314cdec306ec5a069232d14a7a53089e1f62aa,reference,10
3835af1e41e0883edce96beb70e80c115bb513ae,reference,9
31619c8f4f9557136a675514b22ca8ece65ed38c,reference,24
335909d11433363ad73f91513aeb173fc92474cf,reference,5
a419e1d74cfc2b5ff400963476bda5c6ae66e172,reference,5
92e121c6e114fe3cfb89370df03847c66a9b4e28,reference,11
d8d1bead6e91233a633b049d76af2549f84bc03c,reference,12
6704d01bb7788b67bec3194962a57693766bd417,reference,9
22263ce73a19d6e514318fc678a9b98619aa927c,reference,0
734f0b04e64b3c93f321aa250902bf3f944dd358,reference,20
3655815af0510b555c887a6b0b14e58b0f53897b,reference,15
13241422a6fef4e41dbb4d0f3e40e39363e07826,reference,5
edb548fe7574d99454b352ffdb61bca93c3072ba,reference,5
c272422b70a0bf48698547cc80b6448591c9649e,reference,19
5fc1a3a49e8f1d106118b69d1d6be3b6caa23da0,reference,1
8c7bbdc11225ac234f0117d317c823f61cec61b9,reference,0
d6d3604f369bb0415cbe814e43ca3131323b03e2,reference,13
5bc61019771a9fe2a12cc41bad1d9ae4222a152c,reference,27
032274e57f7d8b456bd255fe76b909b2c1d7458e,reference,17
2fa4938001b18f464c62aa38a5a469bb92569d57,reference,23
9e16d8cc6096ec0d2733a4ecf41ce09d9a4bd19c,reference,26
61c368138b0211323e8773174ac3132122da07ef,reference,4
6e3166d917b40dc6533b4c47885a2abdbbd34d2a,reference,5
1bf7a2a27fc1f8db6e9404db1be3d355d65722fe,reference,16
99b8a21695ad3d6d09e3eae8d326cab0a22e6429,reference,18
f835fc14f12d33ea0c01f1026928cd1fac52e44c,reference,10
ca20820f6cfaba054a7a47005205faaa51e91194,reference,19
5cbe278b65a81602a864184bbca37de91448a5f5,reference,27
3be6e8af61c3eb022fb07aea2d6aaf8b11be510c,reference,13
arXiv:2312.12141,reference,31
a5733ff08daff727af834345b9cfff1d0aa109ec,reference,11
a6d3aa3164688fa113f9333382a1335520c64368,reference,15
a63ab6334c8d91c92904288a4369b1a2acf1fb9f,reference,5
2a567ebd78939d0861d788f0fedff8d40ae62bf2,reference,6
f2d257625e8029f6f4998deb6279f97e07e2893c,reference,13
4ea0c821f3ec41906e82207db3cdfc858d5112fc,reference,8
98b607e7cb84e1a5c87c8a49562ae35435e6722d,reference,5
8641c70c106c4f7485e613888b91a58e9812a5a7,reference,6
d1101476c85ae324142440e9f568ecbf41625be5,reference,26
1359d2ef45f1550941e22bf046026c89f6edf315,reference,7
0951dc5a3129403da4a6fd287c0fa48a13eec215,reference,15
2b66a0d8a00b0ba7b585e11ab34879420ad351cb,reference,7
7f809204b5fa96c4631899d44cebd61c5057ee53,reference,7
ea6e0576b4dc6c3f177936e909bc5324b38ddaf8,reference,10
8d8a2d7295cbc5b9dfa24c0ec736b717d7effa0d,reference,5
arXiv:2309.13734,reference,22
c1fe3ddae2443ffd11cb62e76537af0ee207833f,reference,5
f40aeae3e522ada1f6a9f326841b01ef5c8657b6,reference,1
61322ec6cfc54fe9723d4637239b8fb9938dc501,reference,6
6226f2ea345f5f4716ac4ddca6715a47162d5b92,reference,10
cef122160afafe9f43e2c921b9cf673a7de9222b,reference,15
e0dd32464121c6109a2c804fa080ad715df85a28,reference,24
d70f563e44a98345fa27f6a681eaa277a8cdf986,reference,9
d6d561786eb06df93e29bcecfc569a3eeb95af10,reference,5
636a79420d838eabe4af7fb25d6437de45ab64e8,reference,7
2a09ebbfcca1a6994eeb472cd4159f5f3858dbf9,reference,11
5df5561b55ab872f2b3df559ddd475299f660b42,reference,0
f54aa5a594d054e9564413ed4c30d18f2e747bc7,reference,9
d744edc7e5b2e01220b34ba0bd8240abdb3c36f6,reference,9
9709873a9290edb3e23eff8dde4d3ce1116539ea,reference,10
9e194f150fd528d98341bea1e2f1109c2839a987,reference,10
6d81f4233d19f198f68481773f416c394cee8404,reference,9
d981ce332586e6a29f595cbdfa9347cf425e5cd0,reference,5
ace004da1eb34be4b4fdad40f1548521382faafa,reference,19
da5c65b0ac8b525c3d3d4889bf44d8a48d254a07,reference,7
d0d8a088ee58e54cc545eb0fb3343b8d3b4b2733,reference,12
1245ef1926416d649b62323975c6fa22dfb885ee,reference,3
98d158d4f4c20fc560e8451fd8122cb5ae1cc4fd,reference,15
arXiv:2210.03162,reference,8
6d0656d9bb60a2bea50c4b894fbcc5d1e32134e7,reference,20
e4a323a3a1ca5ff4cc2dd74ede65f48fd62b897b,reference,27
a7ac99d7cf3f568ab1a741392144b646b856ae0c,reference,2
627349cfb556aabb9d57f75b1a06eba268bbaf78,reference,10
4da84347c036a8a691b6085887b11c7e4fa546e6,reference,19
c77d908ba29567445a9a4ad1bd4461d441cce174,reference,14
442e10a3c6640ded9408622005e3c2a8906ce4c2,reference,18
fe2e989b5bd846d9519b8da067335eec592863f0,reference,32
c1d08e5387b37db48f3fee38d202e4ab494314bd,reference,15
9b4f31c44e2e2579bc5df35a709b70036dddc710,reference,7
b156758e620e7b1b7f600941381141e2978572a7,reference,21
7943ec4a67151a559b25cd34369e661c9a7924c8,reference,10
e0889fcee1acd985af76a3907d5d0029bf260be9,reference,0
c4028f56b7eda912ba0d8471cd752eacddeb131f,reference,14
0046306876ff2d5600699327e52bc29fa5e9ec91,reference,2
1fd31b74f5e1eeb67341982fd35a613c6fad10e0,reference,3
f68e35cdd571c3cf66f071384725135191ebac4d,reference,0
c2ff62062b33023add6aad41448672ac47458333,reference,34
99ca5162211a895a5dfbff9d7e36e21e09ca646e,reference,17
912d0e6c98dc5f0779e7649ccdaf65c11b951c3f,reference,7
e0053d45113546acb2cf30ab8c99cbf83eef685a,reference,30
094ff971d6a8b8ff870946c9b3ce5aa173617bfb,reference,16
5b0f9c41cb570d039577c226b890faf4b4e0bb6e,reference,10
42827df167cc7d87774626a7c913d1cdaaa47d10,reference,20
arXiv:2404.17000,reference,15
bd1331b233e84bab7eba503abc60b31ac08e7881,reference,28
77e339750747c6497ca47b596c2cdf07fa2d979e,reference,5
81f5c250a984cd7460b03b8245d75c55a7758b1d,reference,5
6814dfc8cc4264774309a915be6aa5f54c169c84,reference,19
3c7de2b2d9092e7ac7503067bdb708235f0bd91f,reference,20
8dbd57469bb32e6d57f23f5e765bf1c9ac8e080c,reference,7
77c1fd8dd9de152168f61420ba00310ce6492450,reference,18
4a89f69277735d3254ea9d734256637ebccbe2ce,reference,30
acbdbf49f9bc3f151b93d9ca9a06009f4f6eb269,reference,12
207da6d2c07289bf72a2b5974bb3f011ebb5dd0d,reference,16
790689cbe7d44fa50f67238ae0c408a04426be0a,reference,5
aa02474345b8601509b607ef015ba1d7c7ed7af2,reference,27
82a9b8984e26fdf234431459bdb445fbcfc3cb76,reference,18
110b99487cbc9a0951ff868ed752100da2bdc66d,reference,28
91ff466f97f31fbff0f83e252f13edc9bcfef45d,reference,27
9f82c4872e455b2ee9dbf862b7dd9fd549f7c43a,reference,13
b8ed23a40c90ce370decc147bea9555fa3c90b0a,reference,20
e2f400ca5ec148d95350a44e3b03abf4ce0a6c72,reference,19
168a8a4b3006a760a9aa4cfe58c805c9086b8a30,reference,9
1bfa62ddfa3f6691e0e40c06f8ead594b6449cfa,reference,3
arXiv:2308.16149,reference,7
69e6dd39bf13d290fb9d885da90cc037f0dd2975,reference,13
ea566f87f6253bb2d32cf7b61cd3e2535a0c3f42,reference,3
62635347c2dfcced8869790d24313f35c34be68b,reference,13
cd36b981e39edc5517d2a508e879b4d9bdc1b1c6,reference,12
e6468cc92f5093bd4a794f690795210b1999d1d1,reference,3
e8f5bf7c8c6377501714a0ba3e8c5bb74c5ac155,reference,15
10531a7bcbc807f66964ded03a70809c7e98f0a5,reference,10
ba74ca75aefa2b7bf8f0ed60ff0ebbe29f8854aa,reference,7
51db4c39dc0bdf5c95c8bbe89bf4211b48d0b4df,reference,11
f3421b03dcd43f267c3c312f543f24283de9fa24,reference,0
02801b64c80cd8233ffb2ac2320a7d96ab2e38e2,reference,26
ad13b213681b6f634bc83a264df246e83dd9a9d9,reference,2
0c069221f8f7678eb2db505eddba453a993b0ab1,reference,7
82e32585088ae5b8bf5497919f85022e397a75ad,reference,11
cd9113cd9677883c865cde747cddc0542e43fc4c,reference,21
d32d3bb226f1738f72c415c6b03b5ad66ff604a4,reference,7
01e96a94b155be1bfde39aae92ab340b8cb8a0ba,reference,9
0c181f508ec9de8e48f62523ba8a9bcb1f51f83a,reference,30
3840a54d9a3bf0b1d5bd24c2dceeab05866c7c36,reference,15
5312fec64ae16cd2a32bdc8c1fa6605bf77333ed,reference,5
467ac47b2e01ce6ae74e8d70561ca0f8f66c7b8c,reference,0
45e1c99a1c8935bf137c0b51a08a03ffb6821993,reference,5
70da4fb798a86cbe8cad96c27ced0415885bbd9d,reference,1
82256b0680c7b683566d54541816e8817b49a44d,reference,5
34a91c40c511e1bf6e6d6d52f8950c7cb1fb1fb5,reference,30
a389456fdc46e458d0a813a608b71b44b2ff8e62,reference,17
aa92dc559b8845bf134f3bfad4fc188615453dfb,reference,7
46dd24726a6b36bcaf8343be0d5d86b977153b9d,reference,12
b38ce6f380d188584712c99b82ced55ecb085fea,reference,5
d73b02fb80bec1b65bd6187148fd6371e9c669df,reference,32
754449b934480dd701de5b5a7b01aee40e8e6ecc,reference,0
c1009bbd5fb97ff8b0c23c57354499ffb7f35091,reference,30
798ba6cdc51fb330c55a30e34d462a85d9e8078c,reference,13
7c1707db9aafd209aa93db3251e7ebd593d55876,reference,27
06236fa6fd407f4b629be41049c880a8569c20ab,reference,9
34471a2fa18ea22efad5287cf4aeb18542c98a9b,reference,5
156d217b0a911af97fa1b5a71dc909ccef7a8028,reference,23
c547e1f79e6039d05c5ae433a36612d7f8e4d3f5,reference,0
arXiv:2402.09977,reference,8
4d9fc5972ab0f17f3c8aa27b4d9372f029d4dded,reference,16
0033346700dc450ac22c9b704eab0e906d868662,reference,31
e6d0bb1293b66e28184733a790dba651d502b711,reference,12
099f4ef673778856bddb8638657aa6cc3eb112c9,reference,11
e154dd91de91558f9d671370754eace62a54c911,reference,15
ffd8f81ed69ddfef6cddc3e8d0eae78f7b13435a,reference,7
fb42361ee105c8fbd1beee5d0d2ec24603945ba3,reference,18
6db2b93a2d4007371030644173f1001c959214d2,reference,9
900cd128482bbab4d2752d01ce80c55498b78dd2,reference,5
39b492db00faead70bc3f4fb4b0364d94398ffdb,reference,31
f3f5db6241f37b6302469c4b712a2260146bf84b,reference,2
8dd7861ffb563d7768c7b77a5988bd4354be73a3,reference,26
b611a8095630557229dc5fb6b07c272f1cd614da,reference,18
6d994b4f5a46cd14e8f09f1e9e49120546b15e31,reference,27
a1714677252a39d1835824efb185beb0113ca189,reference,2
03d86d8e642f7e599e5eedfd93634f16d175dfd3,reference,30
b4caa67681cbe4973b21e96e69ad7b213b19f28f,reference,0
9b4a861151fabae1dfd61c917d031c86d26be704,reference,9
a6b6eedb0559cb44bd3fcab64151529019bae42a,reference,7
0768bad836a00fcb8bf3661bc8b5ba953b2d109e,reference,32
84913d6f08942ddf8dd51418820537abfaa5ae19,reference,19
772604020c7d259010d082417f6cee858cbf3ea9,reference,32
d9e0b07313a04b033a9f2dcc74c41b2bed8c3614,reference,29
90350aa626bed47b02d0c162462e5b0ca82be6b2,reference,5
c7809011e1f5f52c08b424f8f9a693d1ac694830,reference,22
69f2ba0f33a54e01de32c616b64e85d5d7194067,reference,24
73e46a1a4d6c16f4165b8b9e806829e64bbc4738,reference,5
9c2e71301363b2b32569a9cb0af30bfc28c0c775,reference,13
dd1a17ca0406a1e02d85fa6c106060de8275607d,reference,15
440e56314481cc201d6dfef2c1b3342d3cf33049,reference,19
a6d3794c23626060781da0f1ff2bcdf7457b6c43,reference,18
5d040edd499b913ced6622603fd2753ee89dfdff,reference,19
arXiv:2305.14982,reference,7
ca5c1cbcc64e7d12b342be247b9344954b0f873e,reference,19
b339e36a32e2f35d8ab0448a1727eba878a75715,reference,21
9f530ebf624bf58e91b2a1f20b0799a45ca48f9a,reference,27
bd7194d12ac0f458044df7adcef969df4ddb71a1,reference,5
2824adb4b1f63511fa3cc4bf8c38e8b09c854673,reference,6
f6b51c8753a871dc94ff32152c00c01e94f90f09,reference,22
c8d594f09413b1555970f43e68847c211235d60f,reference,20
680345b8799e659b60018c77cddcfff2b781d529,reference,0
bf22ef16a6a912763780aea454198edc3e2bb3c9,reference,6
141a5033d9994242b18bb3b217e79582f1ee9306,reference,23
55c36748f2a7c060c3313349c730b053ed03fbf7,reference,26
9195493566524dd8c10fb6a5a68660add5232e3d,reference,30
6c7046195f64cccac1ed3275d88d77655534b5a4,reference,9
4cee3a762e112369b7dd9b62c5638c2d8c9a2daa,reference,6
27042304bed6d4e5b1de84ce3e9df7e9d6e7a8f0,reference,5
1d60bd8f2aad3fca69d7df78722a7c4fe96c2660,reference,32
1923cd604412fe090b08dc62d2ce3df9f2f29cc8,reference,12
1a7a24c73521eecf0a2d555e921b27e2c4d8e3c3,reference,21
06ea3b3c4680cc8939b830f0edf260a0d142d76a,reference,31
a7b7e17fbbc22664451ad0e01e8e012d934ac2c0,reference,8
9ebf47129c15f61f4b77bbfe305c522480c20347,reference,20
5a1be8e176336a8f9a795aff08eafa705b9b784a,reference,15
3e557968d8df23d52b1fe37c1f118c35b832f8a2,reference,21
7a29f47f6509011fe5b19462abf6607867b68373,reference,17
8b28792f8405b737229afb92c99c579b86d8aa98,reference,20
7e5008713c404445dd8786753526f1a45b93de12,reference,26
36260206be303b3820df8fbba161591da0ca987c,reference,5
7deaa55c18b1cbb315df8ac7a05441c0ec6b38a0,reference,5
65d5728ea17f016382870aa27aac1e78d590b50c,reference,3
a7fc7116bcb32ade8792a3026d655a4eb1b1ce6f,reference,18
e275d6715064db3054d175f45a9930c219db5a21,reference,5
4cc1fb128fa3abf6f90d567744767e8fd6315e1d,reference,12
a467d2c79ff319aaa5361e8b1fc1e4ddb6305048,reference,14
c24ee58ee53e7847564776ebf1f22e3840826e8e,reference,13
ef8a8bd193b1a0a5e2c834a7a28869a2ec85bab7,reference,5
ef0b7f89386dafc7fcf65a7f9cb834628206dd87,reference,19
8f3d959238e67bf6b9bc9818025d0d2e403e478f,reference,5
d0086b86103a620a86bc918746df0aa642e2a8a3,reference,24
a3ca77456142b78367dd5d53138b50dfac8086ca,reference,10
0840bc126b6a8b0c65d33247e3ce3175563f2dc0,reference,9
bcf2c7e3f4ed64c8294c35a59220a26dd4f40060,reference,5
c63c33ff286330490bc3725ead555321b36ab133,reference,10
43014fc85c4860487336579ec98f509fec1803f7,reference,11
7fe071ea76e49bc3e573beb53f07721630954247,reference,27
dd36ff1bbd79eb9990e3429f5050d76fa10d6a2a,reference,6
109f09386d4785b39ccff0e94a4a04a5bdb6516c,reference,16
5437e8adab596d7294124c0e798708e050e25321,reference,5
9df82ffe563d90d109b078d0f106a713cecaff9b,reference,19
5bc5ac4f2e6c34e92b6160545e638d0e4dded78e,reference,7
arXiv:2308.16118,reference,35
625bdb87e5750faf96fd0c59cb274ff9dda9cbb3,reference,27
3efbcfeeb0ea1051a71101d3318da4411081f0b8,reference,4
644a33399711b31f8a5a1b464f6ffd7c2264fedc,reference,24
c672ec79f55cef8f7a32cd8dddfa981b893f1567,reference,5
0b8265a63570d08d8d84aeacbec5495611ae3312,reference,14
5694e46284460a648fe29117cbc55f6c9be3fa3c,reference,5
c1e8d9df347b8de53fc2116615b1343ba327040d,reference,11
b300622f69f63d7b7bf812dcf7acbc485a3aee9e,reference,30
4e40cdf1e44c820096865da63180ddaf583e1ed5,reference,8
07cdf957a11506f87fbc030dcfaaa6399847648c,reference,5
67dc33f02c8b5f24cd213b6b5fb5c74cead581aa,reference,9
arXiv:2305.18098,reference,25
b2474a00d7de3373bab934c09acef1994fa82207,reference,7
37f0f1f55f44bff84aac27a346dd47d0c6c136e3,reference,14
394be105b87e9bfe72c20efe6338de10604e1a11,reference,3
fb498ce0560e7360b585afa0c9b4d41f77cb217e,reference,5
bbc3b23486df1f9cf66beac79886553e46875b3c,reference,10
80d0116d77beeded0c23cf48946d9d10d4faee14,reference,5
7a74fa8620b8dd63a45a5eaece1d0a94ad37646d,reference,17
e401cd4bb12542d6009f947b617ac7df17c59f18,reference,18
8c8527f7615d53cbc21b9c3536486540f1c75000,reference,10
7bbc7595196a0606a07506c4fb1473e5e87f6082,reference,5
bc28a229b05e736af6f482b38246e17edd352a5d,reference,30
b78a9007186f8db25e1890757959b5b0513e220c,reference,10
62efeb78245927ea8d897f4017e8cbbd063e1205,reference,17
8c23e7627896b7571648896b7d61b6ef76ece982,reference,4
3072ad4982cd916606ac88ea1883d4d725c4eda4,reference,29
b486982fa7c68a8a08df1111ba9607119419c488,reference,14
785650a805851c7e945523e495c5a523c60f72a4,reference,25
45a476cb04cccee74b9ddabce4d58d928be99f7d,reference,6
c2023b97ee421db90432c2a34fefbb2df97a5936,reference,0
dfd8944d39b378489b878d6e105d040fa0e524db,reference,25
8df52a5798341947a1f88c46e03ba857b2e83d4d,reference,13
6f870f7f02a8c59c3e23f407f3ef00dd1dcf8fc4,reference,23
7dbb386a617eacc954940c9540d9cb262529b8b1,reference,9
6f658a5116b8c7d4577bd19ec49dfc0eca603bfe,reference,22
2d7ecee735bb696d8d4b0247cba662e694e79bb8,reference,21
827ac6fd6bd5a0a7607085c10e27641a60b5e4fe,reference,21
6286168d822890ba7bad2bdadcccbbb01edfbd45,reference,24
a57986e338f0a43a9ae02fb20efbb1cea8054289,reference,9
5b5e8b284cdf9d6474447c09a42292513338935a,reference,26
0b3e7b5cbef627b1ceedceadc5f58787f432163b,reference,3
da17ec7b2867c3e02951c5598936b891ebe865ce,reference,14
3812b3ae347abfd2644878fc34a330d0417d4b4c,reference,5
1406bb4cb6801bc4767b661308118c888a9b09da,reference,5
e58b0ee9a1fdb15a72ee721053df3569127cde42,reference,2
a75649771901a4881b44c0ceafa469fcc6e6f968,reference,24
0b08c58b9c3574d1034a3c3ae6f6ac4aa873f6e9,reference,5
0b4f0f6b04476c4f2cdfeabf99d4b835227f0bb2,reference,21
9e12539d92088001e08b1e903c490127c479de4c,reference,12
4558b932075a862c72bb98bbce5f08590f563b14,reference,0
fed8b674293e7e70b39a785cfff0e7533c479021,reference,27
8cbb814f7f064aa84650614376094e563b532490,reference,10
695663f05473270744f228e9beeb7578ceee7c68,reference,30
db1afe3b3cd4cd90e41fbba65d3075dd5aebb61e,reference,8
764a616937a5923aaf22288b35f6b991ae41521d,reference,9
2b8da013966c0c5e020ebc842d49d8ed166c8783,reference,9
b55e490637babd50dab3cdaaa3a60a2be6eb1cbb,reference,16
1036f6dfe75af06fbcdb3447dbe9be8613bf857c,reference,24
2e806b7de372deb66de8685d9413573e3a5c582a,reference,17
40c0bab2595a146a5a46c89014172ced20b86866,reference,9
fd307fd1f1c6c3d66fb8cbc6baeeffe70cbac982,reference,9
9c3a9b4821daa03cb5369041d59d2714329a3811,reference,3
0d87efd7ebd38d367e5184fa27dbcf4164efc4e0,reference,30
4dd568106b0815fc4985d378e309a998dad67fe5,reference,10
5f9f82c8336022f51aef1565a784cf522810de63,reference,32
7637ed79d30d0139901175ae4abedd822c217ab4,reference,3
e51a026541e7fe08e867ad5bdce670b2d6383db9,reference,24
58b8fa5915703c4cd32206ecc23f8d0fb57dac73,reference,18
094883e42bb9a41f602c0715c1059bc431e33fb2,reference,3
f1b1dd002edce21ca241d5df7caff05567af37a9,reference,5
7890ece03cfb88e0620f8e791105569bd7128c76,reference,0
131c6f328c11706de2c43cd16e0b7c5d5e610b6a,reference,14
381a3a8578fe9b43ddead7306acfd8b5a8e2bce0,reference,19
84a6cb632ceb27e69e537e7691006d7e71e07dcc,reference,11
c4ba80cc28fea9c6b6dabdd755dffb6a5ee9d8e2,reference,6
bd44f34b47c8a4b6947695853fc2814ac69664a6,reference,4
d72f328592b1fcb44dfcfa24345f431ddc8791f1,reference,0
10642d9cc58de426a1bd0dc27c7a5704b3efc28c,reference,5
1f1668f84731baa67b1f66b81f383dd86893534d,reference,21
df2b0e26d0599ce3e70df8a9da02e51594e0e992,reference,8
74276a37bfa50f90dfae37f767b2b67784bd402a,reference,7
30f86d38f0660af5ea2e16d996434c72eee8c5ee,reference,32
92056d644aed7caa6c5367fe77774883246af793,reference,20
c0c9f77cb097f2ce53feb91802bcfbae57fcc42f,reference,0
ebedc4d7a2356090904baba4104ef0832bc236df,reference,14
31f6efb33184428b890d60999b7624212ce42b2d,reference,16
900a7b999cf495970f4cb4c577f45b9466299d05,reference,10
arXiv:2211.03263,reference,7
6a4719871c5d51ad2cd140561652500df06409bd,reference,14
df4aa5bd131d04dd0559834a54758fd7f759dc5a,reference,31
e96efde79b20f21f6403cff83dead50ec0cd53e3,reference,24
0c8c9c2eebe7f554a90435da6bccd845261aa783,reference,19
160f33424ebb9da206a430c00fafdbc05307a6ef,reference,7
44e24aabd05bef8cb45646486f1a24b7caecee45,reference,32
4884e516d10626bf0ee4e4bedc174534598e29b2,reference,2
827afa7dd36e4afbb1a49c735bfbb2c69749756e,reference,5
d02b9420df66330620f8853d19de610c98d2e1c1,reference,2
7cdaa08890895e1ad92afb5fad429690ad7b1dac,reference,6
38449fadc86ae2a469fecdddf1351c82907078db,reference,31
a3fd45f6a54c179ae6ddf94114fb7a23b363d617,reference,14
93c525267e93c78309a5b28a3eb0780704125744,reference,10
4d40f7df809576d4db22b95c4ca9cc4c66e6928d,reference,0
6e187ded899fb4c0d02b55a711f3e3522a49f50e,reference,9
dc15bcccfc4ae5c5410a57caec0fac75a73d3c08,reference,19
a9e3e5dd7b30890553b7ae1c41f932e99192bb44,reference,23
5dccd2aa12fa3b36661b2f1caaec71abdb20d504,reference,21
794c5d5ca20e71eae416da91cf1fed0a8ef15658,reference,13
19b3b074d38b250d024920732ae51a8ffa0996dd,reference,10
f51497f463566581874c941353dd9d80069c5b77,reference,7
340f48901f72278f6bf78a04ee5b01df208cc508,reference,5
arXiv:2502.17419,reference,5
33dfa18a3a965e0fcca11049c649fc3995af9264,reference,30
cfc12c38a4d848ff3c4225488a2c72e7d4300f4b,reference,6
35922cd0d6b17e45320917338e9f98cb5c1a4f6f,reference,5
c72582122ff631117a05deb2aefa04b01362e3fa,reference,9
75c08892179fc478f87d7020b5daff9fca4f3389,reference,2
bcc14c3a878c7f155a52a07be8b26eec2f46ec66,reference,7
be696e04a07152f6d654e33d1cd4e6eeaf5a06b1,reference,6
b5bc042512829db325b695484984b293ba3063ae,reference,19
f68c15c1411572833bc31015c19384f1c92cecbe,reference,5
6e2a57b46a96694e6dfd3c65796c877dd0094f3d,reference,7
e8df1cf6742b50a15500b8dd3dde3942e9c91418,reference,5
4357fe12f181cfa0d191d4f42b92664a61b3d903,reference,30
2994de2396bd15814d8c0fc2912616961d6ba3f6,reference,7
f94a09614d0b6f5c7ac6ab4b0f6df21480f0c7a5,reference,19
e99603b5b524485bcf1afb2f01acadc34dfb033c,reference,1
arXiv:2205.06644,reference,7
97bfa89addc6e5d76361e4c1e296949cad887b86,reference,17
076531351a4516718e97ca809a45064a8a7cf342,reference,6
0653e100190eee98aea882f8975f589e91aad62a,reference,12
86be5c90c4128ec59b1c320a16996bb5de68624e,reference,9
eb95c327260725498404eb43ec370d419b8d92c7,reference,28
cf91b172ee19697214c6130f7b106be227eaf933,reference,20
33301b25a297b701bdc287e985c006375cb7bb21,reference,23
72f09bfb22bb81bf9a29dccb59cf0789adc45296,reference,18
1b2ca6f21c8e07fcb2eb4f57fac63db7cec043f0,reference,10
1180c1d2b2fad2527e98c0065319ea8150a3b888,reference,12
b85fa2d6ba4f464149574ab087b61b3901f2f5d2,reference,32
d5db1cc4a5ea1fcf017ceac7f07496292f37a9a2,reference,24
3687e55cf21c4d0041d9bf0b74988319bfe3402b,reference,10
3d7a364e83161f9a186837915a9c45083f6e1621,reference,27
410cfe48846dc45d33345c46a6307a90cf5588ed,reference,16
c360814d32fe45b7db2fcbaebb5d01402aff9b4f,reference,7
c57293882b2561e1ba03017902df9fc2f289dea2,reference,9
69ecf88a0d9752db7dc32b4917ee24b4974cea18,reference,20
668db48c6a79826456341680ee1175dfc4cced71,reference,9
52b65b29a3d9a7d9e8c016a156454ef8ad80858d,reference,18
39bf4f3faf175b6b3469f4d39790950f6f543b4c,reference,10
81b1071d834db087d54a382d0f6a85f12ca00c27,reference,10
0d4b5c9a071557f4eb12f63f785dbc89071d4272,reference,7
22655979df781d222eaf812b0d325fa9adf11594,reference,28
da986080ad454a32b69132e68bd5602890312340,reference,14
8f5177778ba5915a763e08d20977173bc18f5c87,reference,17
c11d0ba3e581e691f1bee0022dc0807ff4c428f2,reference,19
7d8905a1fd288068f12c8347caeabefd36d0dd6c,reference,8
a8b4c03d0821a30799ee0966e5894b122094cb3c,reference,19
dc6c49acca0d3d6f3fad0971d0962f0990c45a7d,reference,19
f197bf0fc2f228483f6af3285000d54d8d97f9eb,reference,29
3beff9defd7666a197ab78bb0ab337e7dcf24598,reference,10
069cff8081de01bd9210b00677b77f9d0b2c869c,reference,7
c0d96d1ea69855a5a3abf614f17095c29b3339a4,reference,0
a859385232318a340ee9b27ef3c447342e328094,reference,10
ba4aa83248a1d08b521392eb971e47d10b7c74e1,reference,5
29c7f009df21d0112c48dec254ff80cc45fac3af,reference,24
48da5f9e5e8953f3c0d5855e2cd033541fc898c1,reference,31
9e9be507fcda5177d87160d5b62c9998585c37fd,reference,5
1be73fa3e856c33d0aed1d9e46693523e7fa3c60,reference,24
9f1dae0baf8df36edb890085318c528db6e4a91e,reference,10
97ad70a9fa3f99adf18030e5e38ebe3d90daa2db,reference,31
d2e54b3a596a1dce0def9d035dfe1fb7c0c6142a,reference,10
bbcea6eb922b0736cc9e9acc649c8d90cbc8264c,reference,18
f67fc0ac665d7b999ce4d67866688f564fd0f55f,reference,5
e32a1a6867a0396a6edb0114d73ed4815c14b702,reference,7
48925fef94500cf19ee220ed74217816f1ab5e60,reference,12
454c8fef2957aa2fb13eb2c7a454393a2ee83805,reference,14
8b586837ac372141eedafd124c57335cbc893bed,reference,18
58d34a4fb936ffe95917d8fb4016ff5e3520429a,reference,9
29d2be00dea3b214ac5a9bdd6f2b7388702b351b,reference,5
2763b888dbff47c7c6e095287453edb94941cf82,reference,0
db6ad6ded1cfa26fdc7437f27fb823ec533e96fe,reference,10
607ecf7f3adb7baa6405e151861715880b50d98b,reference,19
2c6ac205e11ecb522d990e4a257f907f738c2539,reference,18
d095f9ffcb5905bf0858ad1769d3d90e2e8737e2,reference,27
270f3bea8ca801870a6cc56b4d36f7f2019c9ed0,reference,12
519799a9e2a72b808d81c6bcba5de263503de053,reference,23
f5c1a53daef462ce1120d64c13aa11ed88702547,reference,9
7a25155364476839b6d1fc0653cd8611327ab9ba,reference,7
3422d5e0cdfdc935d6a84a1e3d3f96659265fe3a,reference,26
27ed05b1354ebc2451653a5356702f8260c7f97b,reference,10
e7fadf3ba6f389d9db67fe578c466e7f9610e0fc,reference,5
144b9bc80570da1acf83bb6fb26dcbdbc229e217,reference,30
91ad92f620399550d3045bb26dcef8b98867e631,reference,15
adfffadbac235d89bed96aeecb6911c9b2cf6267,reference,7
c4a60c4f23050325ea8f8b60dee81014b6c77030,reference,7
38e10ef3abd10721ca21bae75f356da6bb9a1c01,reference,8
e826ac71dad8c4ce36d82fb7add43e3d306bb7e1,reference,29
3d473cbb7a377cf960abff31748a1a39bb6c7d7c,reference,5
2a48a930be14bdabcd46ad3c0bcb20a5d718db44,reference,19
ecfe2becc1040d3810c10f006d4be43b4eef3c41,reference,5
7de36d6b14aadc8cdb6ad1340b9ca64b15375bca,reference,12
b896b846ae180d804c7290d8b9ae9ffc55325866,reference,9
b512451d431df9e411bea4c99f7135d010275445,reference,24
ad7129af0644dbcafa9aa2f111cb76526ea444a1,reference,7
e39b586e561b36a3b71fa3d9ee7cb15c35d84203,reference,18
8c359afb4e9918aabb37436d438fcabb7beca07d,reference,8
c41bceec216145de08d859c5bdb959df193f1896,reference,15
501c4406c4aa977a6687c1c91a5da8d576350900,reference,5
422f4c91d8c71f93e55ad59081368f2f951c1840,reference,10
cfb4edb7541fafcf593b466320c63ae32d27f57e,reference,6
arXiv:2402.11651,reference,12
114358b554536e56060ffa419b50a667b767e457,reference,17
1c6970dc9d4da9f5e94399e344fe8ba901d8fe81,reference,27
75b374b9fc891a958fd04a6b29a480e4f84927a2,reference,12
24d7b1487202e3aaf329df3d8135ae6eabefaa45,reference,32
696ca58d93f6404fea0fc75c62d1d7b378f47628,reference,31
e8b12467bdc20bde976750b8a28decdb33246d1d,reference,10
162e1d7f7921bc2537e8ab2080fc51c4fbb52d9e,reference,12
61f42619eca0afaf2cff9a899bbdea88182885f8,reference,6
10805e84854d6246c96186ebc7de9a96af760763,reference,9
1f32937d02f8e2665af37f7939bf6a556c7ca07b,reference,25
00cbeb2fdfc7b81a4ddf70056fbe8fefea9db9b1,reference,5
c3c3d371a19c693783cc3a9d9f8227cbbdcfc232,reference,4
c666f1d9aaa1bc2fdbb81234b0a8aaef8c42e647,reference,10
149f5a50eef5b115fc67c21693c4e701a6161c43,reference,10
814a4f680b9ba6baba23b93499f4b48af1a27678,reference,24
1898d36d4fb8b2cd388305c67ff1952fa53b8ff0,reference,7
ac45bbf9940512d9d686cf8cd3a95969bc313570,reference,26
dd2e123f93e68ec4d31adcad1ef294196f1b2a1e,reference,25
9c0a434b240299cec0029a1be93ab263d7ec9963,reference,31
0b4a4a33c74a0ea64b8837ba2f9b6449f1504877,reference,32
93fe0cb7b219f759d3163e6889a889fa35a331d2,reference,5
e01515c6138bc525f7aec30fc85f2adf028d4156,reference,1
23525374cfd3af714f3ffb7a203b1ef3253333fe,reference,12
52fa450740913a6cdcb4d9395b45e203f46cab79,reference,28
37a30e97ae043075f09738984a59991ff20ecf0c,reference,14
dd4cfde3e135f799a9a71b4f57e13a29de89f7e3,reference,5
da487cccda0e5098ed8c3bfc5b7974914e628088,reference,9
11c9c31dff70de92ada9160c78ff8bb46b2912d6,reference,3
0541579506575301ba7457d5a7f16b45e08a300c,reference,7
a9f30dd169e8090c64266f5d2da81f0595f74445,reference,20
fd846869e6f25d9b1a524aef8b54a08b81a1b1fa,reference,9
ac771182d1780c863954243809d1e144433919f9,reference,29
3a096a3d67348640084c209abb09f79447fbbc11,reference,8
ab0e3d3e4d42369de5933a3b4c237780b41c0d77,reference,12
ddc9aeac18638575bbb90ede4c6829ec15c2947e,reference,15
34ec49e7e903c4170f69aa9c4f6aec4c8e9d043e,reference,5
2874422b6b822631106d6d4b0cea7f356787c107,reference,22
2bd2b120ccd5aa88a5927889a973b2204732e435,reference,24
4814f1744ebfbbf0e987ee4242a930dd2d3d09a5,reference,5
d0644b9538931faf6e81a4f4b30c9cc1f144053e,reference,5
744a98cc2736fa71d3984602e10b68319a47c65e,reference,7
0c98c94659a41c795981dce510edbca9c0350b74,reference,5
908dad62c0e43d80e3e3cb3c0402f7c71c70499c,reference,5
763fdb72349b19b12abb1dd6e81fc40c44a48713,reference,10
df60206b51cc95dcf7c47ba1168cc7af508175a2,reference,13
b7c7721e5f19e02ef56c17cd74d24476a53856dd,reference,11
1adfc2185a0ce393f0ca15ebdbd3f0d991b53fe8,reference,7
0bb30ec681b92b1a2690c48ddafa1e8d8464401a,reference,2
cd1d7f5c4ce2d31ce9ee72db165a8272624da7d3,reference,3
21863029732f76af26e109ff5266e955b1012e13,reference,21
c17848e995c69a63134c8ea9b1068c07df058010,reference,10
0d1c76d45afa012ded7ab741194baf142117c495,reference,29
941610de983da4ad15f1ae0eb4e09d4b0f95fff2,reference,13
2717e5c7384ec12cfd6cf9c34897c6adad3230ed,reference,13
9b3239cff17327960804098e33e1ca903e7b9e85,reference,5
aa8f1afa9b1f6c1116c7b2770f42098b1553c541,reference,22
3ff40f0760bd8d3c46d72147b0f5b0d4aee2a24f,reference,3
66804b3bafdabda9ffd8503c52fa58346a4b6d00,reference,14
efdb1539b7b354abe4a66488600893770eac0456,reference,8
aaa57cc7bcc4446d24b98fdf6962a29ec6e6591f,reference,30
72f77a393079431e4207b3afe678ee80b420e6f8,reference,5
ed0ed87161a2beab9e1bed3e783d7487a5f1062a,reference,15
0119a57cf88ef16e6dc291252fae340bb6b3953c,reference,9
46f9f7b8f88f72e12cbdb21e3311f995eb6e65c5,reference,5
00275447a1d15506d56f3c0b66c2cf4f0631ea1b,reference,5
b26f2037f769d5ffc5f7bdcec2de8da28ec14bee,reference,12
236c5f1179a4755e6eff66b0cdcf04981cc967bf,reference,15
9cbbb902931d77521ca0b7956a1a83443cdd970b,reference,30
497d29459a894ac38a48ed58753976ccbf2aa433,reference,20
6001dce1c8f63350263e013e0e6ff69816f0a9af,reference,24
b842ec712ff4ac7793016c5d4c03c0b0b37b998b,reference,14
da1630b8e02de660c0baccaddbb790ce94623327,reference,5
aee47444e0d4707394742a9b1bc990674f51954a,reference,18
0155527cbc523bd3a458b91b41b6ba06aa74aebe,reference,5
e88e16a31007c927ee7519183f0a63aaf89d1373,reference,23
c8bbe39285da8e427250cc2a80da8f8f2f92b8cb,reference,30
dffd8aca9cacee3d4f452d0f44797476e6988906,reference,19
ef03f3910685dda98279aa2bcefbeada3362a626,reference,8
70feb009bc1e8b1cb8dff64bf9fd67789636438b,reference,3
2b110fce160468eb179b6c43ea27e098757a56dd,reference,9
bd5ee718086588c810b1853d7841ef4182cf3fea,reference,30
7f0f12d82eaf1214f3696ee4156e8c0a85d8a926,reference,27
2a75cf81f1cafbcdc99d15467bdd4b8fca9a6902,reference,7
f747f4df988be3cc36f660b13221959ace63b770,reference,13
e9b5df0922f99af0874e01c6667c790004a952e8,reference,5
0be6c17b47256fee1e960c94ff9c13118e85576e,reference,5
fef9d9eb2d527174ac5b329b0a044e98a1808971,reference,20
415efb7b4d9d1e5b64dbaf3fe4229ad462acce71,reference,10
97994e4526ef7eeea59190aa466fbab05fad9187,reference,5
645a317c9305207e95d03b5756a65e7e850f32d5,reference,7
63a71de0dafc90910e37a2b07169ff486d9b5fe5,reference,19
5c16889e9479dcbed8d0325c8ab464c9a8f86414,reference,3
f5fd52fba92bb83d8549c1eb898c81ef1bfe6998,reference,5
arXiv:2206.08082,reference,22
56cafbac34f2bb3f6a9828cd228ff281b810d6bb,reference,23
84109e1235b725f4bb44a54bab8b493bd723fdd3,reference,18
5b91479c211b09c38cb0c782713639f3d5b3f2ee,reference,20
83966695259b92aef85933b630173a7ee278de57,reference,14
1f633d95168ff2daf2bf637b0ba80a612619e347,reference,21
550300f63860fc347fb97401cf55015fd369056b,reference,5
b03c7c157d57c778c94cf27ab8661fccfcd1e2aa,reference,5
019fd183973de434a6760666150d60282ed43ddb,reference,9
a2ce1fb96c0b78bee18bb2cb2c3d55dc48d54cbd,reference,20
673fbdd957cada770d10dffca5e45b53da43a3c6,reference,5
dafa29f1f0534448d205365796d68873a0068c6b,reference,19
348a1efa54376fa39053e5e25d52bd0eb6a0ba68,reference,25
7200bafcd13db8f74c369449baa8f57eaa50af2f,reference,12
0671fd553dd670a4e820553a974bc48040ba0819,reference,12
dab7e605237ad4f4fe56dcba2861b8f0a57112be,reference,23
db6cc238926d0276b1db3cfce2265b47709c1140,reference,18
bfa0f6b62c93744799171974f28abc6d1f3282ba,reference,6
60f98a6dffa8f4b4ffc9ae457953d9ce3ef2f906,reference,23
30c9bb327b7f2b9f1d1e5b69b9d0c97b410948d9,reference,23
6f8b9192b1f215254ee7625d752710182c05d2f9,reference,3
be8e58320203a92bfacc1a1f95f6e65f3ee4fa5c,reference,7
50544ed8e618368d025a4ed32d604cfc21932c59,reference,14
355a39acb3f5fe8ab0523d610fdfa01659de9ad4,reference,7
aab73524b4d699fc0f5aa5c0f25f6f8cb68e200b,reference,0
c590d2c8c2fb6ce5d32ee9165ab24171165f2b70,reference,20
49f302e9a76eb39c88fcd861bdd0d954bd3d76b0,reference,14
ed6262b569c0a62c51d941228c54f34e563af022,reference,8
def70457f25223ce09dd0672244efd6c37007b15,reference,21
0a5d68c28727e3f4bfbfbef12dbfc3bb41093800,reference,5
d74bf37c83797c7a7fab19428ff014f2f0d4e035,reference,5
3eb74feac121bfc3641a42bc02d7be883f28dd58,reference,5
38d243b9f6e2c786699dbc83513fb190372cde07,reference,7
d5a480c9e9390cd5354df8113a25e55cdd0b88d9,reference,6
547250e539c712267ff0198e48e61adc68109906,reference,15
0d38227805325c625c72defba576d62d19e2bfc6,reference,5
4d357ffc1cf60d3f34b5345899619882791474bb,reference,5
8a2a2006e371ce07e0b29538cd11337a5c977caf,reference,27
9dae204dad41633188022002a04c8aa67c79a4e1,reference,0
6b20af22b0734757d9ead382b201a65f9dd637cc,reference,7
2d477367763a23195fa8f36507b15c6c7b062f65,reference,13
236f14013e4c961f69e1ec0c755cc97ee56bc24f,reference,4
3611cd0acf6ad1f59ac0427715dce78e654e274c,reference,15
48b04f62b630ef35a80fef0280ecc31c95ceec25,reference,10
aea9f18d70a78d39ca927f2baa143e084c486086,reference,7
c96d4e22f9a3d78264a51092f5137d2abb3cd25d,reference,9
268d347e8a55b5eb82fb5e7d2f800e33c75ab18a,reference,23
1786a2f9140ed7211b21302977de64e948b92308,reference,1
132b07740db20df2c36d6f939d296a7e941feac7,reference,9
0edd4d2a71e92faf4b818722464d5917ce0e9308,reference,29
6936f7e97ed4a587fcb347d0636f1e5cbcadf227,reference,31
eac5e8965f20425cbe6e9ef689792cccc1ccbcbd,reference,5
3a1efac4a8aa2f40a8128e034c01f18660652dd5,reference,27
106fb432d2b62f3824a9d6f4a1b30e1f8b6ea9d7,reference,18
f2e6410a9e01a2f05dc293557916a574167a6d65,reference,20
0ce1a35c66ac231955464ed19502156b0175ef9d,reference,15
65a9c7b0800c86a196bc14e7621ff895cc6ab287,reference,23
3ee955bfb656e30a337b22a1149b5ecc91a91217,reference,27
c41a11c0e9b8b92b4faaf97749841170b760760a,reference,0
arXiv:2309.01446,reference,16
39506ec15a07f0cc04239964df04e1b6dcd934dc,reference,19
7244b9b0868e400617334e392d071d406acc0ca5,reference,5
83392602a2dc739dd85c5a3dc338febfd33c9b4e,reference,15
fe56f4fc2bc24cb2b2eaf439454cc7253bbef6f3,reference,5
4574d77fff19e093782178595a8988a7f3aa1969,reference,18
fb7b538363240bc0be33633d51559795db656c75,reference,30
cd1951c7286d11b2bc6bd662554e921456d55db9,reference,13
b8122efb693a41c4fe6bbe65ca09dbb2ab26ca6e,reference,27
515bbe2548d7a97e243342202585c8d8515d6011,reference,6
e41e00bf48c896c57608e49e468545d5496ddc7b,reference,0
ff65e3bf34e892ef75d91c5e3d7294e0b64d867d,reference,23
ce177672b00ddf46e4906157a7e997ca9338b8b9,reference,31
84db9aa99d2024a73487e6343368379e2fe3640b,reference,3
cf90a38d4e6aa3ca8f9dcb65538be5ce16a69815,reference,10
e5adc219685c9941b9a3d029480af4a51c0ea05a,reference,25
6661802f5e1ee004c20a28dcce9b582d4b5fe6d7,reference,7
af1c871282ec122869d03f5420ef5d9143358a91,reference,3
4a7f6c4e71e20311ade4e76e8d0945d499c31fcd,reference,25
89a816719613e220a64ab2590c938c23bbfe187e,reference,6
5005a3295dc2c931526438dd6d3f8fae8e34b641,reference,32
94bba93a82100e015e9445a6c3295c4bf9901a7f,reference,10
89c8aad71433f7638d2e2c009e1ea20e039f832d,reference,0
dd6960d576da0d769ca30de6eb6607a66806211f,reference,17
31efded912389bcff148c3205b42669ad434f7d9,reference,24
1ea75cdb7ce8c4f5f2599165e3698034b4142e08,reference,9
ef5d66860e8505ebce271cb033af57486b2638e6,reference,30
7142e920b6b9355d9cbacc9450818f912eca138e,reference,5
a40df30bf2a10aa7fa2b9278d72f8764a94f22ab,reference,18
040fc6ecd578100e718ff77cedce60c44559b4c3,reference,12
a49e936075970e8ee574dfe73b9679b34354245e,reference,12
868c3a07ca240ad66d953bfb5094ad962f1cdca4,reference,20
ccf6a69a7f33bcf052aa7def176d3b9de495beb7,reference,20
d64e57b9780f30f5b49bf620fdfb8584651b7f85,reference,20
087dd95e13efd47aef2a6582e6801b39fc0f83d8,reference,18
ceb154e8f8ac411914f3327d67257776db3aa413,reference,9
ce1a0c396251be282e5d805443f0d32f0d858bf8,reference,9
5288b9f3a9f575543f44c39e1d3b78b3ca4c99da,reference,14
arXiv:2404.16891,reference,8
b45ec1cb2ba6b2d1ac24723fa836aee06a3db97a,reference,1
84b7c486c56bd3880cb8eb01de9ae90ba3ebdaed,reference,7
4ae5d4fdf8a334cd829dc0d1f8a7074f26841993,reference,18
2167f9ffd36af6c723d3527eab60c731e13d3a90,reference,32
b458fc5261595f44b36325e5eaea1f874d65138f,reference,3
d589c49e1cd1dd3b994dcac01b4c6e7fb8eef161,reference,30
arXiv:2307.12114,reference,6
9d9ae5637cb6339f4f17ef0cdae8894720ee13d1,reference,10
2a41acd4c4512aac101466334aedbad4bad10dd5,reference,24
7e640729cca5a82c205bf95f346867097446838c,reference,2
dd18782960f9ee4c66b79e1518b342ad3f8d19e7,reference,29
7a15950dc71079285a4eaf195de5aadd87c41b40,reference,17
8d56d827c096ee0cdf38f90e289701ce7ac37d01,reference,5
b12b7e05de83d3a3b345cf9392e79a03f8c2712e,reference,5
8d83b4d2c11d43899c71686c73ea3937394797cc,reference,30
7a25eeb495020106bc1ee8b70fdf51eb31bc5094,reference,20
497e4b08279d69513e4d2313a7fd9a55dfb73273,reference,23
d27669c82faf78ea08cceaa0a171b540cccc304d,reference,8
7f4afc1bf3272ae6ec00b46e27efc4a4f6b0826d,reference,9
0725b276e351bba6b2a52ecb64f3c964b9acc2f9,reference,5
76cf9dfecfbdcff5cb20c7bc9b730b18c18d7f66,reference,27
3def68bd0f856886d34272840a7f81588f2bc082,reference,15
7ba98b00a224094c09676090f5d6d69498f5b299,reference,12
18eb487aeb834b9bbd03b96fc9d5b34c669e16df,reference,13
10f97f1fb4f5c2c8e6c44d4a33da46d331dd4aeb,reference,8
d18287d5ef8653aa1276a11957f2b3934c7c93e1,reference,1
c3d6722c69d623be8370a0b58ea29d62ab3ab999,reference,5
72b74bcff8fd76eff6789111a7ce5d0d6c5ac4db,reference,25
7a96f97d0756280ae80f8b4b67f5e6d20ee1f26f,reference,10
8b8b9ccee62407fe733ac4d2e8d106f8cd0eab28,reference,5
66c10bf1f11bc1b2d92204d8f8391d087f6de1c4,reference,7
12e9d005c77f76e344361f79c4b008034ae547eb,reference,21
36e6a2fecd40f41e3c45d79d3ed44e505ea10ac3,reference,5
d7b7f16ec98591b535f7b03c5e7d3327a4b2cac8,reference,22
164e9a9ab16ecf675d1a82325282ef0aaa29d3b7,reference,13
51a79a45e2577bffca0a50992a852c73d7a13ffa,reference,13
e0b943a7caa0604879417cd0181888930ede8947,reference,13
530fd8f1485fac907a906fe3d4b6a2960a82d9f3,reference,16
5b86fbaf12fd50710066e3995e33ece2185f8ada,reference,5
6f632d54881f679025be83c5ef0893e5925e42a3,reference,23
9770fff7379a7ab9006b48939462354dda9a2053,reference,7
587a188f31d999429b0bf15e54796ebe5e7f4843,reference,24
146e9e1238ff6caf18f0bd936ffcfbe1e65d2afd,reference,24
dc4518521ce9fd0226e52005a5aedd106e721ae1,reference,32
c8fa30492240c406ed773becc7544ce1d09d5ca5,reference,15
1dfd073a4f75304c7c40cae9d3ec87789cfd53d9,reference,21
896845aa992d50182227e4eb2883f784e16fe60b,reference,16
86c21bffd675216befc20afd3cda69c056f84dab,reference,30
98901bfa8417edccf92c619592f36144e1256201,reference,24
a50d4fd8f584276c0fd8560255884edd57aa926e,reference,25
3a436130332aace5d76ff2694e53ce8ee5816139,reference,10
20e127a1d27617b2b8545a54c016ccf2b5170b78,reference,9
fa8cc007f4169f0ccabebf38267560a475b54950,reference,4
96fd253625617102de237acc6982108e7b2908a4,reference,19
6df2126301ab415aed034b0bcd9589b1897fe983,reference,17
6a664ba2a7582dbd53eb39a25f6affd3c66af8cc,reference,32
f50fffcf3935573bd11f5591e7b5fc9f1aff2045,reference,10
3c0bd90ffb0c26e3fdedb45574b17b2fd5f97cee,reference,5
ce913026f693101e54d3ab9152e107034d81fce1,reference,20
b5fcd192bb6a714433eab1b56bf968fae0f98979,reference,20
5248cc6ee4f5a6cb32e23a87c6eb28ccebf4051a,reference,13
007331a5d4db8572fbd4c74ab7a0ffca8039a98b,reference,18
b4ab16793520c9ab8db307677a4b9ae77220bf65,reference,5
f3563ecec410d981d9a5df6a8241f3929530584d,reference,20
b28bf75d140118fe3b7d1d9f9236f9751d1744e4,reference,24
c3c7464acb90049c5f520b0732dc7435ba3690bd,reference,14
3b18518924b1bdaac5855d9d8554316d938907f8,reference,10
e9fac1091d9a1646314b1b91e58f40dae3a750cd,reference,27
49ac4b6cdb2db61c575e246c360259937a27ce81,reference,5
db742f7c4f7edd24e77482560df7d09c9033b3da,reference,20
f0ae69e17d4bd5febfb817c34872eeb5e8623cf5,reference,18
53735ff0112082e0c0045056b00ed2176163d8a8,reference,10
a9436a63919fc6c5b9f31b0784f3d9fb39b5981c,reference,32
ab38bbb36ba38047c5bb556694d148225971957f,reference,12
e1935c70b1d8d00e6bd925a5a45af67bd1384fa4,reference,36
cafb60e771c65d09e5ce027066d95c5a64fb8e1b,reference,7
46cd76f721fe0a7635c5ff61492012efc52039b4,reference,0
cbf98ebe967e0f3f3236e7932f37013b98244e94,reference,1
arXiv:2212.11685,reference,9
de23d38bc2604dcf334dcc46aff217eb6bcd1fe1,reference,5
b2f11800ead7da812ed2a1e4b3ccf5d2a1563213,reference,30
5b540745f4b51f95bf90fb3420e51edb037fc51a,reference,21
053b1d7b97eb2c91fc3921d589c160b0923c70b1,reference,17
ce3b364b7e6358940ce97d8d5887a65e5024ca21,reference,20
268857f94994b908446d3aa74de32161c4bcf80d,reference,22
9a4382bc7aad5b0f33360e7b119929b95eb04f00,reference,24
e4ed8bf2155d35ee83a769b9c8f48fb299afc1d8,reference,18
fa3609e00f9f422a309c621a35394c4a38f88687,reference,21
1a2599e467e855f845dcbf9282f8bdbd97b85708,reference,13
f6e82e8fa03874817adc69f7d42a7b8d2022bb1a,reference,15
9c88ed70df79151ce9df4c5907d7e6f6fc6e9040,reference,5
2a16ace054364557c8b8b4bf55f7293cd6d1a9ab,reference,17
8c405ff9057d13beb9cf30dab608b60f0db0e803,reference,7
3bbf2ee642ed311e500017def1f54df453a935c1,reference,21
1e909e2a8cdacdcdff125ebcc566f37cb869a1c8,reference,10
0b544dfe355a5070b60986319a3f51fb45d1348e,reference,27
41232a69c0f8d4b993e6c6e00b16c223442c962f,reference,9
bb0656031cb17adf6bac5fd0fe8d53dd9c291508,reference,26
f5f35391ddc189c5c8b3ebb047f891e2f6b5db7d,reference,18
5bd36b2c701056984a6353edc8ebdd3a3864bc34,reference,5
1fd3f973411c57707e64bcfdd532d6279a26fafc,reference,30
401dc39c2c8c910253d47980cfa3b4d2f7790d9b,reference,24
1c4b489f203b7eab37fbc7264f04718f1e879a73,reference,31
9752584444922cd31083df8429c872a993aa6410,reference,12
99ccc15094b9438448668d136d90a12e0c9443e1,reference,10
295b4823f8baa9b8c8b24ae7d28875344062731b,reference,19
0dc90d5c311de8bc11554e87b059fbb7c27c88ac,reference,17
3fa0959ed06206b81f6d2125c19e1a5958250e6d,reference,16
7901d6a94751251eb959d0ac665e0cb28ed016d9,reference,9
237032b6256087766e6d366a47227aef980fd2b7,reference,13
a768f7f3a4542b0909ee43ef402b55f7273b78b7,reference,5
e4715a13f6364b1c81e64f247651c3d9e80b6808,reference,12
8342b592fe238f3d230e4959b06fd10153c45db1,reference,27
844447f418b384c8f38c86edd0faddba908b1400,reference,21
c856ecabe5d61e936bf02fe9e9ca116822d78b7a,reference,21
919c01f8c6f28f6de79d86d2a696de49ca2afd54,reference,23
618bce7a6b8d8da1c0eb804d869b1829055bf1df,reference,24
d4f00a848a20fafed7973ff0f7ba65927a6fc63a,reference,10
5b7f5488c380cf5085a5dd93e993ad293b225eee,reference,30
f53e2ae46470b89cd1ce6e3bf1d60d9c59722ce1,reference,8
3d3b13ae755b87aa1425e2294263186bc8723740,reference,5
4d3de4ff355b3397a759ff3155a894e02b825c35,reference,19
04860cf4821cb4c171af72856eafdec35903026e,reference,32
827123d59a7dba54e06a6ca22612bdb5f72083fd,reference,5
cf8c493079702ec420ab4fc9c0fabb56b2a16c84,reference,6
99b91fe02948f0ef91ebfe93839d5823bd7193d7,reference,18
5d321194696f1f75cf9da045e6022b2f20ba5b9c,reference,31
18bc1d4271abe8dd6e16179cdb06524a4f396e16,reference,6
5e537c4d988d55f74d0bd5bb5015208977fc52e6,reference,26
77937788fdbdefe4dd775075b5768c03eaaac008,reference,13
d3e8b100038c2bf3983ffae96a56c6af0793a62f,reference,17
3dff71bcfeed38d68f93d48919482144060974cb,reference,0
62f1620deb9d2d68b3fd13148cecdea53f613414,reference,5
ae3d869719c15099889c02c03b922516b3b60aa0,reference,7
15b18f9dc8cc65a638f15ddcef17a79a07b2faac,reference,19
arXiv:2405.11357,reference,21
745c614dbd23bc1e3def79f600680b88cee28700,reference,5
4829b73a47be18f73e9e8d90f3c23c8f84d0fccb,reference,29
cc769ab935638777a99f2a965b368c86d2cf52b4,reference,5
69764fcc646e4c608ac08eeb4c784cf8465268d2,reference,0
5c7353fac22a8fdc43fc2f5c006b5d6902c47e75,reference,16
c154cc7013688fe15a1666457cc5fa7c6162d4f9,reference,22
4f62ac743e2ed33e682a9c6f5f7875723d9a7025,reference,13
afd8b206f30697867638adc34eab56a1e4a6aa5b,reference,10
5ea16dfb5a44a97a8e93177e7e588cc7fb9e5996,reference,10
2a1d19d745a6f922dd4c51713413b0a4dc7e2546,reference,15
7654dbd372d8b65e730e3bd477ff9fec96c16dc5,reference,12
b90d7bb9fa54ffceabcea9353edd419fe5d688cd,reference,0
9d7c0a27e6750a8f8f265867d9301faf30032c24,reference,5
e3a9af420cd2c0c8241856da92374027fefb87be,reference,28
3e30a7ac4886b28eb50151f58e14a1d698cccd0e,reference,14
321876e6fa45cb5b3bccf0d3f2271a81b1c7daec,reference,31
856d5dcba4772328b8fb784494e3d41d39669b0d,reference,21
7d5c661fa9a4255ee087e861f820564ea2e2bd6b,reference,20
925ad2897d1b5decbea320d07e99afa9110e09b2,reference,8
1e651d05e2f6c71081a33cfbc8375093c3c8b043,reference,10
cd9d82d685bf49516cc3a0ef7104de06908a5a89,reference,10
0066e817a4a3b56a54b2821987a2fa3da472fd5f,reference,27
0edc2883c836aad28e559d4a4ceff805dbe808bb,reference,20
647f520eea08cf8e98b99319dcb7e32cc3a78c72,reference,7
125858649920909590356c7f9586ad9a5c3163f1,reference,13
d1aa325a5adefeba786d4c50a8ca9a8df9598f32,reference,9
ce8871c2c28db9f40f6eb7546fa20c564a0e0eac,reference,6
20ddc5fd58e87ac55e8a2f82c157c180b5aa4742,reference,30
6563251e69e4378c189d0a0c94d8d19508d552c8,reference,12
fd7c3c8fbe8cf88bd967ead02738b43081e306a7,reference,17
79cfb51a51fc093f66aac8e858afe2e14d4a1f20,reference,10
29c8873ec974145a3a2f847b105b5cff0d8dd85b,reference,31
498d1406fc4cddb05cd46477793f2e726a6fe238,reference,21
c96e96e30e61690cf913729379af3f568ace2d4e,reference,7
bdcbec77bf842c29fbd7d29bfb8aa52f0e684377,reference,10
525d93a382f6e7873b5d8a2e0713eb3dff7fb250,reference,13
cd0988714ea326642d2b1bb18753e187fec71e42,reference,21
e5f7e3d55790f2031ecb0c24e6e53c21c7013bb0,reference,5
e6c561d02500b2596a230b341a8eb8b921ca5bf2,reference,24
3c83f80f06633ff4598d33c2959f8e4cdcad3e93,reference,23
2122ed4a82bc7d8affc5f7ae5026d174ea34ea52,reference,6
7ef624c92167c49161b0f75f50f477dfdb69cb91,reference,20
adb272fbdea3631059cf88ab764bb6c2ce29f965,reference,13
81dc39d9b2952c17110a665347bfac4803b69889,reference,7
558f81f3fb2284d9561482143aba363c624de559,reference,14
ce7414a34c6ed8d2c0c3045aca7da6a1f04154d6,reference,7
dc112d4d3adcfde7a05d239e433c8f7ad3af5eda,reference,10
7bafde5e25fd7971a350874456d7b7d9bed20c1e,reference,27
b0fae9fbb4e580d92395eabafe73e317ae6510e3,reference,19
7f40afffe476c38ff17c8a04a33f0d4b24fc85de,reference,5
8d47e7c0e910230aa4d3c0568f1b185a340ba43c,reference,24
79c93274429d6355959f1e4374c2147bb81ea649,reference,23
38d64919ba526868a850a0e5f6239d4c474b7e7e,reference,29
f3d1ef20ff4f143a0fab00c1b8f5aa3cfec770b9,reference,10
97a23ba949335ba4d260736f96070ad10c1df876,reference,10
e90ef7365673367ebc1e96a37a5da7b52d9354e1,reference,5
cec0e64398bd9d6e682953d17a90c4d36dd66d79,reference,7
196f38764cb1b6b2796f167a22b1fd451e9ee397,reference,5
bdd8530d72f51661f24247c9b5cd936ddb8e5c59,reference,20
437a386f3fe4b8c7449a37e2364412a26e0a478c,reference,8
5e52f3b7fd14f151b26309e9f06239ddcd99b39a,reference,25
9a9e68d400069f023f7dc9b982226c95159a509d,reference,21
0cd0c3c76578deb7dc2c779256cd1b1f48ea2567,reference,0
765bdcf27ebc1eb03a14f1e47aefa4dda1e03073,reference,7
e8c5b9a2c800f232a91a84badd6530d955a669f1,reference,5
afc25d56288fbfe47793a3d228bfdfb0f7eb703f,reference,16
be55e8ec4213868db08f2c3168ae666001bea4b8,reference,24
097dc73d5d422b3c09286e72d16b2561ae5fb395,reference,7
787d9a8088335b208a5871ec3aab4e917941ce52,reference,10
2d0c5e79405d8827f197d4d302ae8e7c710f9755,reference,6
ebe875cf08dd398e0ed25f518502301c984a9afe,reference,27
ea8c46e193d5121e440daf96edfd15a47151c293,reference,12
0e6824e137847be0599bb0032e37042ed2ef5045,reference,7
b35d46e8fe372710fe368223fbefe3a3c611619a,reference,21
3d8413b64f45bb6f944e1063d83168e0eeb128b1,reference,9
c3bdc6149097fa186a17d07cff6ce210d468bdf3,reference,30
3c54b796cc10cb530f77caa4d18e1c80ac863822,reference,3
e41939d594e0a7b0cea8f0646575cdfa7305ad1e,reference,19
ef15bdd870e9a9107c1fa2c542272da50829de83,reference,7
60b8ad6177230ad5402af409a6edb5af441baeb4,reference,12
7e06b39f32b80862fef02f00feecc4e935c6f176,reference,19
a6d8d04962f84ae6225e72723869a002b9fc8036,reference,4
939602a74088874859e9ea3daf75ea12c78caf07,reference,24
a23a02351d791db114546b13479c9c3e35e52753,reference,25
3f6570fd55dc5855f93a56150e6d99c7944a1c1e,reference,23
5a09edeb26f9f116f2c0503cd020f38fb943f79b,reference,11
3b9484449d77317ca1cb6a6c44c50c99879a8f0e,reference,32
3ef9dbd95a174d4c175fcd603f62b8cc197e8d7e,reference,10
c8221c054459e37edbf313668523d667fe5c1536,reference,17
96f1a8d1aff1350166f7ee74d745672d032aa598,reference,21
f27203a17edc51629e1df54ef22026a6c5577f19,reference,11
c90a99eeb57019732a6cc996bb9eaf13faedf00f,reference,24
0513d9a10c0c06caaad30f68bf5051884f5a2327,reference,5
dc373d5e108a90a70f55285a852a32706adbeb45,reference,7
47354f49a4768719add414ea853977cb868faf25,reference,14
23b8dd1978dd2d27e5ab4dc4a8fe11ea6dd57064,reference,15
44ef6cf919250001836ed73c0d58b20ea1e2d308,reference,4
ab15463babf98fffc6f683fe2026de0725b5e1a9,reference,5
d908dbdecadb766b4e993e0cba02f18a1fba2788,reference,15
1e3170311bf21a70b6f974e40b8932fbc0f3052b,reference,18
88f4ccafd2aabe9aeee9274951fffddf9bb94306,reference,27
795f68480f51d4359b85b04d1c7edd41423bf4c2,reference,8
f6c494234a818b2aec286b257ee6117f2894bcf7,reference,13
22ab4219371366a4e890382bc0ca606130840ca7,reference,29
96b991947a50fe1600c86830e3df4d0c08b4f20a,reference,24
e74635db3e988425a97b017c68a9f2eaf35adc3b,reference,26
a810362ca5284e5894b07abb76b8f647802fe32c,reference,12
ae4422ec1e8746c9c0bc03ccf5a3b828da2889b4,reference,25
abc6e5b86406e87b09a9520e1757d6db4c7fa08a,reference,31
7fa393e4c257fb7eebaf85fa847e780e00ec199d,reference,7
f0b8479d2d09dda3a07aa6fc2149dbfcd0f4608b,reference,9
0b0d7d87c58d41b92d907347b778032be5966f60,reference,4
ecf5618b513aa5c4d5bf62ca251923a188251117,reference,7
112bfff1d511112d56aeb0af6f370b5e4af59faf,reference,6
163b4d6a79a5b19af88b8585456363340d9efd04,reference,25
0943d656221144bf063a538f6c667ac006c303cd,reference,14
2c03df8b48bf3fa39054345bafabfeff15bfd11d,reference,23
70093b38e5937f727bc4ac825f6d7d58a05b8125,reference,19
810b9ffea4c74db3923336a22dc9563679cfe564,reference,1
6f675a01bf53a4353887084d65a33309be7b5f62,reference,7
694b3c58712deefb59502847ba1b52b192c413e5,reference,7
ec5b621ff9b33fa3920a34509464352d14d5ec68,reference,24
eef7cfe8267954adbb4675576072a1d80ca7a3a8,reference,12
cdf54c147434c83a4a380916b6c1279b0ca19fc2,reference,4
d00735241af700d21762d2f3ca00d920241a15a4,reference,24
00664d5f738cb5bd8aba6f5e8ae51e90b08419b7,reference,30
1e12fcff9c7d6a1bad379da6d3368ee605081903,reference,22
760561c57f68044e2f1d089088df1da6c627b09a,reference,12
f29f8b8aa2b7e608199b65d3cf751969d4024132,reference,24
025766e097010710c1f6143b5579071f2777f9d1,reference,30
dbfd154190667087ed1cd6c7f75a81858c2f397e,reference,3
9667f8264745b626c6173b1310e2ff0298b09cfc,reference,2
ac9173e4b8b34dc24c18980ee32be6bf15e7b38d,reference,12
f76a5b176f3435214eb87dd105f730f0b53672c3,reference,13
bbe197158adb4b6e85a6eeab4619ea0fc6857941,reference,14
8b293973061026d9d0eed90e71e30928e029171e,reference,26
b03c7ff961822183bab66b2e594415e585d3fd09,reference,8
354bf043179e3e9f05df73e3f04517e53c326d1f,reference,3
982e937583efffc247bab32a8f0156863beb22a6,reference,8
190b71beb0b27fdcf596812b2d935fa3e10a1092,reference,19
1e3a1e583ddf5e9f5cecb578b64fa90d40bbf242,reference,10
ec05a4971ca68c75fd5ab16fe4440eadf8ec0377,reference,23
98b4d4e24aab57ab4e1124ff8106909050645cfa,reference,24
e7d32e605c6b36e9f081ee51264360af03725b1e,reference,19
72af0f04349fe40fed4d98426d5c74637ccee5cd,reference,30
de2c9be95c1777e3e5c4651da1abd1c365677efc,reference,16
42780f9c7f73d73d7a887e2f787af0e079703d40,reference,6
94ce1d5924e05e8d75e43ce70044293ddcef850a,reference,6
62c76ca0b2790c34e85ba1cce09d47be317c7235,reference,11
c269858a7bb34e8350f2442ccf37797856ae9bca,reference,13
846aedd869a00c09b40f1f1f35673cb22bc87490,reference,5
0d0cb4719961a01851255f80fca2c6a98463266e,reference,12
ba233d75aa403092bda0bffc026be7913673ad69,reference,18
e0ca43a635d35fd0414ee76ca1e7c287715f5b00,reference,1
28520f4d2fdf9bac3d525e5b7f21e52ebdfbe41c,reference,9
2cd605106b88c85d7d8b865b1ef0f8c8293debf1,reference,5
27901327aec3585ff764325226949fab73165d15,reference,10
a8ca46b171467ceb2d7652fbfb67fe701ad86092,reference,22
ff66211f17ad59ae603177ffd3ad39edd0b8a051,reference,10
2d95c27d4ed8cfb8379164888cd79c6b239250b4,reference,15
c586ee4c556e8e7f24c156e1fb982ed2170e2ff1,reference,18
7b3c9c9302348f4ad206b1785b2151ba11e6b612,reference,21
5321bd8a8587fa830629af59f766515ff6168947,reference,19
65614db9cb880aa5d4c038da91bb0d2413feb50c,reference,7
995142ef6c86a04d5feac51f2e9aa114f931f274,reference,15
a146d2f73b308d6e69793af07d199faa254aba2d,reference,14
dec93166b31ba2ed2a51ff3f578e128edfd4dcbf,reference,19
b57da3ccf214e8dad49116c8db9590c2c89629f5,reference,7
a201d36e23950e84317ac939b22c0d772a644233,reference,19
f0950a3f27c0fefffba60ae1c9a8ee360d5eb55f,reference,1
21919fa3ac3f457549d21549d97be9f3f227b08c,reference,21
ec7017debbb9fb25c4aafa946d32bcea7573642c,reference,12
ac70fb2c74aa87420878c441c3d24969947e0294,reference,24
f4c4e148546089123f8da5db4fb246ab4062bd40,reference,15
ccf90a4f1b63e14e2012ca349d1293b85f76c0f9,reference,7
2a26153354119ba1e21c3c42050cb1546f886410,reference,17
d55705658df55e13709518a1e65247224349ffb9,reference,24
e9f8fcca68043b1b0c8d00238e5a01604092821d,reference,18
d96bfe79014861c62b54103da38baa71d77f717e,reference,22
d86ca0894cb4d165eb5ef45b73526ca8b4cdd725,reference,13
876165b1be786d2f13fe7fd76ef34db135144914,reference,19
a0a79dad89857a96f8f71b14238e5237cbfc4787,reference,29
c68796f833a7151f0a63d1d1608dc902b4fdc9b6,reference,16
aebd205662708ffb4db7f05deb3fb7e23134721b,reference,34
c93a21e063a1685558f18c9cd075947f1c1e660a,reference,10
32ac52069e562d4f900afee70bdca63f53461481,reference,11
266337bd51be4a905898dc0756d04b80b48a61be,reference,18
e1774446423a18d0731642aa49a5875f6aa425a3,reference,5
76803ea9ccc93a4f277aae5d4714ea79a99e55d6,reference,10
cad882e8277df123d335a769ddfc61ba622723d0,reference,5
bcfa73aedf1b2d1ee4f168e21298a37ac55a37f7,reference,20
a3088aee08638a275394c575aaae318a08adfb9f,reference,5
06a68e57265c5a7a32bf3884affa418942cae858,reference,18
0f30612423381eb5d271c4ca4f4254149b0d22fa,reference,14
f6afc59b869d3a0e9fb849968ff74790800772ba,reference,11
d2aaf56fb183ad66d099ac6c9110c5c365ab27f3,reference,27
62b18cc55dcc7ffe52c28e1086aee893b7bc4334,reference,5
arXiv:2412.11937,reference,5
85b6d229b5ee21840116d9b0520ede1e73c25174,reference,26
1a4b71a0abafef26ef4423d0e4b79b7f3178693b,reference,12
5f4317b03c3624bc686d9e270038c4c58fd6fc4d,reference,5
bde174c7fa13c4fc50355bf29547137d293ab23c,reference,5
7a6f9ca52992148986ce7056f3b83d3e632b0d40,reference,12
50714ad97ae3a65ff15771b8ec89de47aa8311ab,reference,24
06d860a5bbb99a4eafdbbb2d5f6aa8dd5fd32cf4,reference,15
213d79556c2d50f6b4113a2d85309ebb5e3909f5,reference,14
8f87f58fc68d899c3c229b500a3591521b587ed2,reference,15
4e59e93a4aebaaef8a4c53cb47edd8cabe2b8d25,reference,10
9da4446a65a2af38ed9568f258464dbbdd65697f,reference,0
745e4b36a1759177871288cae51fbae0b873b5e5,reference,8
32b0473e48a29a63bcbbafb4e8f11c4b0392a660,reference,15
5c126ae3421f05768d8edd97ecd44b1364e2c99a,reference,9
443d898928eb8e32d2e6f8f287beaa63f5b00eb9,reference,27
5e23a28063b395bdaf784dc548a046885cb90cf2,reference,24
3cfdec4f1664fcdc20fd5a6d3f86e7b40cf19f70,reference,9
6803adc7d8b891be652d18815f830f7a42a0f5b5,reference,20
77f02ff24909896856fec410968aef7999c29440,reference,31
7da9c26ea68a31d119e8222d1a5c33ef136ebed8,reference,3
0f71a4fa9736ae916e6aef53045f6be4c901b0ff,reference,20
99070fb6df9e8d11e30f7aaefcc9f0b0c5a73789,reference,27
21aa701e0f71d243a2e823619162f87a60f1e810,reference,14
7facf58fcb577f7b33f9c01daff84a05403e2a4b,reference,7
07c2c3b4af7e4ff1577f36f47f1c93398a6df648,reference,31
76e266d5220f963886cf30ae747d72fdf8c84378,reference,23
c7830808c6342d673ebc318a179195018d3b5d11,reference,20
15bce8864a15c20cf483e18099f3601b94673565,reference,12
def6e0a5d89de032ef0a3394846e1bb76c12164f,reference,7
1dbd58bd8768ba0dada2e7c84aa2fe0b9f418ebc,reference,11
3f1900276eee46beb7ac438ffcd6163d3980c89f,reference,18
cdbd4f9b6ab2e2fd1ddf5400d5ed2c18960635d1,reference,1
909ad57ce8caa6b390a65ae09db352d27d8f3996,reference,11
83d721abd07298ef0f5d05575410ae386b77bb4a,reference,5
4aa6298b606941a282d735fa3143da293199d2ca,reference,23
0cf694b8f85ab2e11d45595de211a15cfbadcd22,reference,14
956d14db8e6669f140f73129bb52dd8949bf2a6e,reference,18
6edd112383ad494f5f2eba72b6f4ffae122ce61f,reference,31
e534e65562e945cc67f4075ac2757051fc188ea8,reference,7
98fb9fdf71f212a5d2ce810ceb6ad6abbda7cacf,reference,6
836fd2382c4f8bda0f55204b89c776a8453f8ebe,reference,5
5d4af8c9321168f9ba7a501f33fb019fa2deaa22,reference,20
3e6a74a3e96133a3f488b50dde2d1f6d04d78a94,reference,3
cbdb45fc16b0885905b91d84281c310e6cb49e9c,reference,25
2743ce22ace6362be2a01900106bf4b62280e22c,reference,8
7c0cc5fc7c52431c1b380d0ea4f9f04db4739cfa,reference,19
cb2d3811817eb5115ea1da5a9cc760cf29ee712f,reference,19
6b9cdba25a6930d82958d2404350f12c1550ddc4,reference,5
0cbf97173391b0430140117027edcaf1a37968c7,reference,8
6baade7201f0bbf079d21f862d3e6d42da85e649,reference,25
9c860cdbd0a29551f39aee022c9064ec0e89d30d,reference,22
ec81cfb3c35321a7aa1e4c0dfd1bbcf7c4b97ded,reference,5
f6974a11315fa698dc584e9f09316d61f414e952,reference,30
fb5aec4e2d63de14c3780fc42818cfda4ec4145d,reference,19
f4edeb4d36be44f9a91db3f381da68f7831b4693,reference,19
aacab2bf05104212aeb2df6de7656ad9ad4d0a9d,reference,17
4637f79ddfaf923ce569996ffa5b6cda1996faa1,reference,20
361c00b22e29d0816ca896513d2c165e26399821,reference,5
97412aded29b05ee69a63ea9ec2b22f41c321149,reference,13
6d91f344e9c80df5c69311abfc63b74b42c735c3,reference,14
53ed59a569614bc61fbc988a49e2ddceededcae2,reference,24
0052b31f07eda7737b5e0e2bf3803c3a32f3f728,reference,8
258986132bf17755fe8263e42429fe73218c1534,reference,3
52babb057c4c6493bef95ae7a67984d7f365e2a8,reference,5
537335d9aad0ddbaef93e7f88b0db096671ef6ec,reference,29
98d7207066b61c15e007dac9758530b99ac06cb9,reference,7
26d5981f7da4b508961aea01d53cd60e2202ff2d,reference,9
288063323dddad9bea7eb1230a2048546435687e,reference,15
afe0998d191f3ea8490c7df100a3ffc5dcc62c5e,reference,5
b402e8e79836f5e62f6a59a2319b5bc0b43f805a,reference,22
f2453a66b15979fadca773d878ffcb0a7fd4e1ae,reference,0
bd9d25b8ec1cef3688d8f4cba9cc8a58708fcac4,reference,19
b1d635dba63f192dddc7c9c00fbc2e4840b65f61,reference,19
85242225a739d8e0bfe885affb4afa3cd48a96fc,reference,0
382ba0c4452aab6ecdaf8a62d567bb3c4684e4f0,reference,7
ffe0f9084ee4bdea720f26b7b5fffc5630463fa0,reference,15
e33ed93ec5720ccde237d74c1de65f2680d73366,reference,7
fc5c506887b53d0e132cb6a4fb239c92cd5c9830,reference,13
2845c94a0cbc85dedb7b6f7b8f0167ee74fa3946,reference,31
6536f36648d39f0f9f6105562f76704fcc0b19e8,reference,0
78a6748e26fff8ead21327eb4384112a88cbd6a1,reference,5
cb712ab2b3bbaef6bff02efa7295ea420b58f654,reference,2
6508e62ee67ecb48fc1534f7f8cf2f687ae68bab,reference,5
504776a1a0f7bfaa8b400c53a8712d37d62a741e,reference,30
fa72afa9b2cbc8f0d7b05d52548906610ffbb9c5,reference,32
b3d0871705f246045d58b77bdb9574d5bc3d949f,reference,12
777317e5af8742b30408e98778fa067750e69f78,reference,7
f06c3b69e0e041d3ac880b2bdea951984034b9f6,reference,30
d7db793f9824a179518a3eb4ea3bd8bc620f6b6f,reference,11
5e38dc1ccf33ac1df09b8eb6476f110cb3d1966f,reference,11
13497bd108d4412d02050e646235f456568cf822,reference,32
1b7b851f878f7a1a676134926ab45da2398cee29,reference,19
2db6b8e36bb5a3594b2200b2d4f931268d6279db,reference,7
ebdcfcd11c8da6e20e4486b65bed5d23f931dc63,reference,7
4972b88f8f324a4fa18e921f62a9857af2b5fc7b,reference,7
602f31242e577d2d05f918a3080fd50095e7faed,reference,13
bb1083425517bdac8d9a6438fcf5032543acb20e,reference,3
9b05510b49eccb95e4979bb60da4290a7c2b4d3c,reference,23
178d99818f7df16fdca49725cb8bf96c27445b6b,reference,2
94066dc12fe31e96af7557838159bde598cb4f10,reference,5
ed4e20bcd73b1138d3bb2ed4dbbf5e8b224ef5c7,reference,3
5008b3f036f903aa980738c6946161a7d8bca968,reference,0
f4e612658bde9db88abfd455b99f181fdc536996,reference,8
5f5b855f58da599c2730120e55d8320fac867279,reference,0
2743e66939b30c43affb3c9e31f20cfac2109045,reference,17
eb9c924383aca0d137c736a41271d569a12cf518,reference,18
94053805cd59f2e9a47fe3f080c7e7afefb337cc,reference,3
7d80048e4d25debb8cd4651e29bc59bff851b68e,reference,21
c6850869aa5e78a107c378d2e8bfa39633158c0c,reference,23
c86de166504e73465a64a8ac89335d63cf800b1c,reference,25
6118910c4014cc6c061198a2d88c080ab56ea452,reference,21
a1aaa7c75464e7ebe41cfe5c5258241ca34c6414,reference,7
0744783bbefc12b2b1383bed137e8a80061274b7,reference,3
df2e4f151e8b7bf0f04712d240f6fdf7d5808725,reference,27
f9838a3be5c94bb2674a0e224de349b50e18f3c4,reference,22
d9a47e5bd80268a1b879917d90b042db5e3de6af,reference,14
34c0410aaaed15350e3c576ad2bc327e8a444c65,reference,33
cc1648c91ffda21bbe6e5f08f69c683588fc384c,reference,17
ea40fba2dc52bde32dedd45b05f83d27dc2ea6c7,reference,18
15e81c8d1c21f9e928c72721ac46d458f3341454,reference,9
29de7c0fb3c09eaf55b20619bceaeafe72fd87a6,reference,9
b668ce936cff0b0ca8b635cd5f25a62eaf4eb3df,reference,3
7b61cb931045692cbc764af93b40bb586fc507d6,reference,18
2ffcf8352223c95ae8cef4daaec995525ecc926b,reference,16
24083e7f46dcbc236065fca7b4017467f9516950,reference,10
e46ebaf7f3ccf302bf81db8df7631d24a8c7743d,reference,12
0983883619a0ca597d055d0e58da2f514052913d,reference,3
762ca2711eb167f19b79e39c175708ca15e1f5d7,reference,31
3efb81de24eb88017d6dbcf22cb4215084223fd8,reference,3
889ad3c713bd7f1b3a8e9b07e136ec4a88651893,reference,25
f5920b5144f5a06bc3cbc090894d6281dafc7cf0,reference,8
3a395daf6c97c084cf9c3827384c53caf6502921,reference,12
052b1d8ce63b07fec3de9dbb583772d860b7c769,reference,5
0a07543807e63a76d0d4b63aec80c15d6de30394,reference,15
0b5527ad23195e3efc6c52a4b52b253d5b2b160e,reference,31
d349f4e924f6cdcbafce75f159437920495cd8a1,reference,26
50b0c6ee2b3d53ba5af69d6c00b5d60888a9026f,reference,6
a5514d40bd5af19011622f235f890be7ab3864ff,reference,19
f90d9c5615f4a0e3f9a1ce2a0075269b9bab6b5f,reference,13
a6582abc47397d96888108ea308c0168d94a230d,reference,4
80688843352321e8e7fe500f9bca32ddc7b2971d,reference,14
ae1d5360f2f556139cffd10d6e9d2e0241c937e0,reference,10
85167901371c71519241f8681db13fd85ba961e2,reference,11
24741d280869ad9c60321f5ab6e5f01b7852507d,reference,32
34beebcfb92031b2fa053725fa4d20dcccdf35e4,reference,7
2e84ed415aa5466e7fd6a6012e8e648df20d6a99,reference,27
00485008bda96930a1616e373dd6428b9d31dc53,reference,8
8c65578b0d46c72df8d8f0d26354dab79f137915,reference,15
f47e0c58583943ed7b6e9800ab30ac5fae69a99d,reference,18
c4d43fe1b7e44c5e9929d6edf7bd11de4e6d293a,reference,1
594ce625033d3fe2568e05f567aa013fd484eb76,reference,5
0a90d5f56150eafd3ac88e4406b17496fedf529a,reference,5
arXiv:2210.04186,reference,22
c60116a51bf66bc363d11b797d97eba84b13cfd7,reference,7
d077e76d2ab6623757c042037b179553ede9d6b9,reference,9
arXiv:2504.07887,reference,20
619184447595337a9fe3dca72c4e951e7ab7467c,reference,3
bfe2f05884dbfd115d491cadaa99194f960e1f68,reference,15
56010a55d49ac1f42355538f494427fd22402be1,reference,22
419c4635a6bcae1302f03681498de4ce16074e21,reference,24
3868e87a24f671f8789b9ef2f788506126d4fd8c,reference,15
53b05287170bbac61b7ac4975ef414e97d98b99d,reference,6
5318666c359d0aeabc22d0f6d3006d3e0989d48e,reference,5
9c28c7ac59d3876ba2198dacd364ccfd6f16214a,reference,30
4a7e1870fa76329da369211ab0630ce4960402f6,reference,5
154493f69d7db3d49da0e51df0192c6ad5f1724a,reference,22
29efbe391950ae438c63d86ad5c82b2942efb0b4,reference,3
d4c8b707f0360183f2efd8118a07fa46abb58646,reference,0
5d96e9061337fcaedcfba2ee2ceb6daa85151568,reference,26
484ed5ea8b8590a54d70dbf541ec50bf840e1c95,reference,15
823f335eee85b42502c8c6cb3ce38b4ae274ef89,reference,9
29acc890e521f7a6415666ab9eb3432c49b4587a,reference,12
bc19c03ff225083d6e8eba25a9300a474f3515bc,reference,18
d79df90fc8d1a81ecde3629ae5c9132c54ec6df5,reference,10
225721f407a7a8cdefd4ba6bc61c43acba5a3b6a,reference,5
6b2f425da3c8756ee777987b487526077b50a90e,reference,18
e808f28d411a958c5db81ceb111beb2638698f47,reference,22
e3e88d37a38350203dc96f01ad0916eb74e3fd8b,reference,12
0286b2736a114198b25fb5553c671c33aed5d477,reference,7
9f7a2402944be24705bd4c8d386cde2d4000432f,reference,27
bc9705f7b05bc415a0c6514c4873750ed1fdbe36,reference,26
a1d1983a7b19845141e6505bd32dc395e5a136ba,reference,24
17bcb1edbe068e8fe6a97da552c70a77a15bbce7,reference,17
c6170fa90d3b2efede5a2e1660cb23e1c824f2ca,reference,0
41576f3a627c0db8815fe8eb9328e13d09fc2eff,reference,30
5226dd210f1e252b2e678f920e98e7e57b8639ae,reference,5
ba00908f841ab4326adc8d9879c0b97ce6152faa,reference,36
5a3897bf503906f34f3d3a9cee2508cdb6a26827,reference,19
680b0467861a70be41c31e4f2415fe5e2958fbc0,reference,12
4487de351dc38c1095a71966ce3883a2d853f4c1,reference,30
f87de21b46683b5743c4d82af3c9cb8bbcd26f21,reference,9
5ea63993284d8efbaf063294b72955b41d1a73a1,reference,19
cebd4873d5c073e80ddcfc26951f12800974d92c,reference,24
cca431c69807196211c657a35697644743944b12,reference,10
10ee8400d9aa94d369bf30ecfa69ae4ca5ba9a99,reference,7
efbd381493bb9636f489b965a2034d529cd56bcd,reference,11
67d607773ff2e3a586379aa948137f69b01bfa9d,reference,18
cd49acefc8d51e324aa562e5337e1c2aff067053,reference,3
6f0c3c03b89afa5299cffe66dde99bcf4b2b7caa,reference,33
6f35b070c250507dbec8a7365cf01b25eb66d792,reference,18
b4ef23c8662afc319e7fa85f76a88ac9e06750a3,reference,13
0646bb09db4d1ba24150e69b71edcd4aff691b3c,reference,27
7d645a3fd276918374fd9483fd675c28e46506d1,reference,25
d38e8631bba0720becdaf7b89f79d9f9dca45d82,reference,27
38ae4151a187cfe760f2ecd9176e7f778b7c8067,reference,5
733961922006def04fbfade3cefa5b54736fe0fe,reference,8
1067c44e473b6998f89e13f0d4c0de730def43f0,reference,13
36e87fcc7289e03f5a306e4bb95830e45b82ccd3,reference,5
10d4000f05e31ac4b87fc6fbb74358ac20de09c2,reference,19
11f3bcff50c490412db59bd34b1a6045b7821715,reference,5
2ff47e099edd91cf22fd08a249c363137521ceee,reference,13
02ac355296f001a010b1db115d909c052767ccb3,reference,7
20b960523909e1aa33cf330f37ed94986a6e63a7,reference,30
arXiv:2402.12065,reference,11
26b2adbe089ea36617c3ec0aa009319929da0550,reference,31
39e801ca0dbc69c3697f118e24dac964abb63d4a,reference,22
e38b148e16053ec12bf7b5295c68da8edd4cde51,reference,9
5a3b3a91e5d8900e082b128306f600b879223ac5,reference,5
72b642fada39be45dd7cf05b8520d58fe12b5e23,reference,20
441281c07b5e5949aeb56375e25623ddbdab94f4,reference,23
b4206dd288958affeb314aee0ec1397de5c74c23,reference,24
37614b2167abd06f87dd97c1f4b84e144111b745,reference,22
372fe9428dff788274081b00634d484db0c2fda4,reference,8
32179fd10f2c13c5566f09f1691bc15963f2289f,reference,13
f13e41d24e5d0a68ca662c1b49de398a6fb68251,reference,12
dfd3a0decd1f2ee43503081f3d87f74706931762,reference,33
8b2521608691a0b5421ad3db65ccf378809bdcd6,reference,21
a77d28e13ff34f34b8d1114e603bff074ee2b056,reference,5
db4ab91d5675c37795e719e997a2827d3d83cd45,reference,29
579476d19566efc842929ea6bdd18ab760c8cfa2,reference,6
13395213d47f78672ab4e81573f2b0fa0cfc8c6d,reference,9
bc23dfb70e109dbe666b979f995e2779b96e1073,reference,0
42a30dc5470f54ec249f25d3c31e05d7c376c8e3,reference,10
4cc6d310c0d5584f50836f1bd6bdbcac1c1c86a6,reference,21
4780d0a027c5c5a8e01d7cf697f6296880ffc945,reference,15
1f1eaf19e38b541eec8a02f099e3090536a4c936,reference,23
5341b412383c43f4a693ad63ec4489e3ec7688c8,reference,2
218e3fdfe1b5c266d0cb50dd20dd0211e16580d1,reference,14
d084517f14ee247883de0f4dd58bb923e418157d,reference,5
ccf6d9d7cec0d4aa9b50c99659765668d6e7c6c2,reference,5
bbfed74eed1796b4534bcce6811b2c7c0b74024a,reference,15
598231eb906b183f7a2a408ef4536127e11e3de9,reference,7
b3d09932d6cac808d0ef574b1521ff18dba5481b,reference,18
1a4c6856292b8c64d19a812a77f0aa6fd47cb96c,reference,12
c9603ec967879c24973b5bd48861df2e5555932e,reference,14
630b310e20c1990e7aaa1b4de154c6620bfff1d1,reference,19
c5d8c27bf231d6289e2e1acbcecd8ff5162cba53,reference,13
44fc8d79fb8e0f8c6c6f680179b5803a789c6227,reference,20
38783aba80a96c13d3f1ca71320dfda3b65827d3,reference,15
145b8b5d99a2beba6029418ca043585b90138d12,reference,9
313403e9f47b7c162aa7b35a4545d2080e80dd20,reference,29
dea0a0e51f3ada5b6bd7cb64338a9ddc541ce978,reference,12
450cbd8dd38b91b40c809b76aadbfd4ab1d17585,reference,6
db4cf9f6a653d5c15973e836c800ea47743251ae,reference,8
4713dc19179cdd9083e47067fa9504751f8759c6,reference,27
d48cb91b9e555194f7494c4d4bb9815021d3ee45,reference,3
71a85e735a3686bef8cce3725ae5ba82e2cabb1b,reference,20
17dbd7b72029181327732e4d11b52a08ed4630d0,reference,7
cf5bfdb0bfbf2f3b42a131a40372212217eea3d3,reference,20
655acd2a4dd59f541e6542594139e1b332543305,reference,12
baa700208d9e06a64285312331c1a4620a0f9406,reference,15
dfa0fd70a186b0f7f44e833b4173ed97a4f5de31,reference,21
0340c850e033abbf71c7214e403c8fe2be5ef91f,reference,10
1c46943103bd7b7a2c7be86859995a4144d1938b,reference,1
afa265a3ed8d7dd6808e273a3048890f2cd510ff,reference,24
9a8317f2a0c66a5233b18b77664710a6f3912ebd,reference,12
6845bea94b2fb17d4377b3bb2bd10f73a959f9cc,reference,28
a2e128be33b85f8f91515e205bf0237ecc0546cc,reference,14
c88e8d85fd5160b0793598bda037f977366acf7a,reference,9
424561d8585ff8ebce7d5d07de8dbf7aae5e7270,reference,23
371a80e5f8f737d73b9bb4d6de136f22ab252200,reference,19
b6d6c33298b852cf63edac233deca70530d69a2a,reference,29
ad09721c0f4a367a630c476ca89e95b6ed5ef6e4,reference,9
f925a8649127e8f4e6bc75bc099b3fc0e74579b7,reference,19
452059171226626718eb677358836328f884298e,reference,27
4a54d58a4b20e4f3af25cea3c188a12082a95e02,reference,31
ef87d7366ac581657ebac2e64669933dfe120741,reference,9
645bd6eadc247989abc5e0b0aa0be79ec8b11ea6,reference,20
f634476100f67600184d607e3fc1673cd3d5b19c,reference,10
d0b9c1af66a327fa6c936556fb37521936ede488,reference,10
a942cc84412d6a52adab325909b52296c017df48,reference,4
57db9833549247241decf442fcc30f6eb414981b,reference,21
d6b98ba431785cc740eb8b64b259d052c18bce8e,reference,22
9943bbb97a48d10b70453e62307c1c797ed64012,reference,30
c077ecbe844a3ad988b9cde4119de3314f1f3bdf,reference,32
950fdf14b46d5b00e8e854d9cf415804c883cdb1,reference,0
b10b8ee710a78274d940543f832ddd592a16254d,reference,6
0e03fc69fdfb33742dd4ae0977298b3cabdf579b,reference,0
c34dec41e6baa7e4680624b195de246a2b52e7db,reference,30
e852785ce2acc2b79aad22f7b2585585a9c88bfc,reference,5
c8b18682965ff9dccc0130dab3d679f78cefa617,reference,1
fb4dc0178e5d7347b1615c48caf05347b6e5eb48,reference,24
3cc4ad973029bdc4af58dc5038e92751b97073e0,reference,27
c8d90974c3f3b40fa05e322df2905fc16204aa56,reference,11
51ae2c451a1a05293334a509b71c9c9e0377d35c,reference,24
5faee4af70f65e609eafe1f23f26593423f03750,reference,10
fdb361ea83c010ed0011d179567de5a1112651ac,reference,14
0e141942fa265142f41a2a26eb17b6005d3af29e,reference,7
a02aee5f1a1e5921a1e273dc25eb1ecba2f47b97,reference,21
cc93265f436314a8285d2c7a858ccbe47bb2a3d0,reference,10
c314d97d75b4a988b106ddcec8a40a4d3bcdb8bd,reference,4
ccf2573eb882ef3f7301d61d53e0ec5b8c282039,reference,20
b83a9e35c3aeeb37708e362473c7617d59b815b5,reference,24
5d32c364088733c6e8dadc9cf0baa26e10506d61,reference,5
a13fc0e6b5a3bbc04b870dd9412d372759823c27,reference,7
07e10c90a193f1b2959e8bf00702317b336ed67e,reference,22
187b06d8a18cbf7c5d9df4e232bd6649fc3f5a27,reference,21
60ee030773ba1b68eb222a265b052ca028353362,reference,2
arXiv:2402.14800,reference,11
84a36e19f9394f22b34f79756fa9628a795e02ea,reference,17
bf14244669d5505f63343d4365d99d24aa6c5e82,reference,3
20e6909ce6c5f12b61e5c9022d97134137360273,reference,0
ddcff7b456ea45987de6eef48166c90086f2d9e5,reference,7
arXiv:2503.21676,reference,24
b7de1f7d8dd27d82898ba3e3ba87f09800293326,reference,10
aad7274fdd57191e89f9df2880a50ec14581d671,reference,19
06d9b5f44e1d3f67fe49dc1e02a3189db84a1bff,reference,19
227b5f8206b64858edeef6723b96af14133077e3,reference,26
f277bb4afc0ab2376df8e6f307d448cf4f94d8b3,reference,7
9f964682b5b035f1b2f123c6aba36d394566dfa5,reference,10
d0e6e7388287c14c18af3021d528d5e8d6bc1952,reference,20
d316c82c12cf4c45f9e85211ef3d1fa62497bff8,reference,21
384e058c262e7f29b50cc4feeb0bd731f6e5377e,reference,7
783fc1d48de76e3750d46023b315c75cab97bf40,reference,32
10a83f9a07c803ceef8e09e12ad606dc74ea76b8,reference,10
2d9e1f3472f9e0e8f93a710b5141611395cd1e66,reference,10
e971e606785b6fddffd3aea2c44eded70bb0ea7f,reference,6
1516f0f6c964b2c70a449f264e3c2d285af51116,reference,16
0d2d8bbe84925c32c0607f944e77c072aacc81e6,reference,0
696753d59185436ec95ecf3021c413f353be4874,reference,6
fb145e1e49d3269d8223c7710e22b45438613ff0,reference,11
5d72b2da18fe599a357634bf51de888df2b529c3,reference,21
cbaac1f5f0a60ec82f74de189f42c47344d8812c,reference,15
09f9d0cbff77a8b12b271a469552ec35bced1fd8,reference,14
81e0187e9a3aae4a85583813877d5c914d5ca053,reference,18
1f2f462ae7e2fd915a0a125a57ef62f7ea393643,reference,16
dd490c035179c8d9b17470a8379eece607035d8f,reference,12
9f859726b3d8dffd96a1f55de4122617751cc1b4,reference,24
da130d6538eeeacfb3a0da4cff106c098f74cdd4,reference,31
f397cde61a2ab402c373e3212048ca858885087f,reference,0
21abb6f22851e5447cd810dd9e70a4b8691cee51,reference,4
520ec00dc35475e0554dbb72f27bd2eeb6f4191d,reference,26
c28e95a06dfcf13fc65a1cac83722f53e34f12a5,reference,12
d9f74cbd7949b3453fdaf1271f8dd7fa38fc5de0,reference,6
arXiv:2204.02515,reference,17
3c8a456509e6c0805354bd40a35e3f2dbf8069b1,reference,19
05c0b2d72a943dc0be26ef9e8fedd1380f2ff9ba,reference,16
8ce404fbf787bb71800fc945b225743b07f5f7a9,reference,10
393830a6a7bb53d662e2760b0f2e2063827c63f8,reference,25
3ecc7ac21c22af073f37294df341c51e5d2d576d,reference,24
68ccf70f9e3193eb11687bb8e12509641dd40652,reference,20
5a0f5b8289d38951e63dcc7e48213265672e5e08,reference,24
eaee0b647d336c6fc8b844812675ec35cddf14a1,reference,24
3a1a9ef603fd245fd9732064e5756efc82c797b1,reference,7
0ef6788f630ed121e52265b048fcdf97a930e923,reference,5
3954a3f80cf1b1f76430d80e924d85f2f1ba6799,reference,17
05c22ede1e011c551ab0639ef52c8c852d7833b1,reference,7
dac3a172b504f4e33c029655e9befb3386e5f63a,reference,24
cfb4592221080deb127de94e8063fb403b13a298,reference,22
3e2734025037fc626873c56e05ddb43ccccd3858,reference,5
b3bf9fe13195e9aa70e1dac04e01fcff7008e812,reference,13
a4e3fcc394193737d9925fb74ddb520fa6045a6d,reference,1
7aa0ab836f198b9ba040a92534eb89f1d706b66d,reference,27
b02159650df9813f25db4afd4f094e53bccd526c,reference,10
f406aceba4f29cc7cfbe7edb2f52f01374486589,reference,23
3199d37b172a09f94840c0ade103fd4a9b4b9db1,reference,4
d9edbb08ae596b4259ce9786e34bd91339011b82,reference,20
7e2a9589bcd39406e24b10485835f11ea7e9d13a,reference,2
f04df4e20a18358ea2f689b4c129781628ef7fc1,reference,16
d0a5a6a5b5540967d6f12651aebd446e4c0dc807,reference,31
76e9e2ec3de437ffb30d8b7b629f7fe3e61de5c2,reference,0
f5bf1d83a4d3e55e75dcc28a7bda4e99cce85836,reference,8
bfe1057e5bdd2ed6d7b5564cf644a7a11fb8387a,reference,5
f68f6f2a057c4e6e5a3c91fc8563533d9bf6e560,reference,3
88347f9f12b50590f50aefce4cf71b3a3f0bd138,reference,17
ce98b5de700b51f949f521220634e1b0677d3786,reference,0
83a820fe19944a7621238b8cfcc0b8a0cbc0f4b6,reference,7
ccc4b1a0ff1d85e5cd6d7247ddd1c16ab10e8145,reference,13
28ad018c39d1578bea84e7cedf94459e3dbe1e70,reference,2
4f60c0093910e7ddef7ea3891c840ca4b99994e0,reference,19
11f4765ea4404742dc12dbdb06430873563a0a9d,reference,17
ba849b0840a82ea4f7061f3c8d7cbab60eb355e6,reference,5
8d43f788a863258dc0a34e05f4a0c9f434be7829,reference,21
cdabff298e9467de9babf0baad04c19789cde44b,reference,4
8946891e94831adc8cddb0d32311cce2445c96d2,reference,31
e957747f4f8600940be4c5bb001aa70c84e53a53,reference,27
ebd03c5d41de3a9487a655a03180ae31cf78c4fb,reference,18
06a73ad09664435f8b3cd90293f4e05a047cf375,reference,23
39c5b07079e3b92aca9629d7cce694f276b9d9c6,reference,5
2672777d25562c9df6fc13b653181db62d39bece,reference,3
0ca71113d5cd34f72187a30a1e12778109c3c8c3,reference,17
61f56aab33e0463059ac5eef6e2568ab279417d8,reference,0
78d08b8ab4132defffe98ec7f80a51452203f70d,reference,31
7ebdc4ed93e37e7d3691085f4d08c495557ba71b,reference,23
56d1003fd02346e93354ab55cd204485c268512a,reference,31
a85012088ae447fca09c0642cc89f6e0cc0619ac,reference,27
5fe0a4af3bd1479d5e39fbda2215c86bce54722b,reference,12
arXiv:2306.15498,reference,33
182c7b40ff7560a5545764814338f55a2098e441,reference,29
afd7d510282f86dd8e7ed8ca8f9225436283b909,reference,7
a4c6cde05452c22b2d8dc3b1d20c4844d0588d9a,reference,30
e4d3ac13b4c964916ae424911f579ddbe2657bc0,reference,8
98ab4fe816c353b6030c74ef47c21c35e9c6061b,reference,19
c6c3ac272e37b70d7cfc4d2804505a9e58879136,reference,30
6641effd16090636545e8db992cc0ce017b8788f,reference,8
ca4aa5c6bf7dd6c92fa748b0e3efb12cb413e31d,reference,10
884d03b86715ff87fe0c063be45a5424f157ea31,reference,20
7f575e1a8e4c465b31f8928ffd13ad48aa961789,reference,24
8eafec7014d08043517834b5a2ed26384f188873,reference,24
42d5b79c8b596b46b454f2f7529a59b0a34b963c,reference,10
eaf0ced3774a2e82a41e7102beb0f4bc00d4ea7e,reference,7
9e540662619327a3056d9e40bb58058868f6f805,reference,29
34d7a07c493ca6336c92156806a2947e115caadc,reference,22
674a7cae8f4235af08fe6459ba277fb7c30bcea9,reference,10
fe3f5c5209557cd93a98de61afeb325db545740e,reference,13
1f1846239d9760eddf59b2873196e2f5d7167780,reference,15
750280d4b2ea75c0d682addc27bca6c037ccceea,reference,7
efb1c37d149884d3250cfa99062e73e4be609b2c,reference,10
b36acdfc67612d707c95d1ed282672d3ca262be7,reference,7
7998468d99ab07bb982294d1c9b53a3bf3934fa6,reference,10
768dc5741107ab6563f7bebde8c143bb52d84bf0,reference,10
8bc617c9139648d7a92991d70c671230bac7b2e2,reference,1
c17cf8e2f959c7f58b71cdc67cfaa6786ac689b6,reference,10
ac7771c332da42b29a913b116bd6ef622cbf89cf,reference,12
be7a88babf78512b545f585517704cb597388cbc,reference,14
f010affab57b5fcf1cd6be23df79d8ec98c7289c,reference,31
6c489a9dc649298aea729c91822a3c89de503729,reference,16
297ad41c0e7264e67ae078921e2a57436293ce72,reference,7
38977b3ffc5edd84f9ce942f2299ce65b966e6f8,reference,30
873a581320d928249609d3c07229d5af182a379c,reference,15
ed2cdf6d97b93e2dd61d6f73e7668bcbd77bf7d2,reference,25
d7a7ebd1565c3795bc2bcdec4334d42a65ad17c5,reference,22
467b00f1d512d2d12e1de758d0fb59010d4fc963,reference,34
c716c8fdadaa0f23f05447d2e9b798df32d6a632,reference,30
79d7683226993f7de55ea15af010b0adbe95fd9f,reference,12
9e2ea58badb64c7dd2e8ffc6a7171a25dab20048,reference,10
aeea4c7b2bd963a1c80422bc09c41ba2ca0040d2,reference,30
32677c508f6482e1947c2c1a23b001ff595d254c,reference,7
e37922fa83b85fedee5dcd74c65e1e5f8caee24b,reference,19
ce55b13f1006a1f1076e5f6ca0bb99e59dcfc631,reference,7
e32646cc7bca18890ce942e27e1d514e073d4109,reference,10
4ebee7a7e144ff14d1f6643447a81fa02bc7b658,reference,10
9808d59113029d96f48a0376b1578dbab5427bb4,reference,22
209f56eeccf227ef8917e09e7093f168b2679b72,reference,12
c4798919e74411d87f7745840e45b8bcf61128ff,reference,13
9e576b3d5afd79791ead4d2a2a8bf5640b2de513,reference,5
25bec9a4dd90ca682d5155d4977a51e2f6e28917,reference,15
8095bdd5861d1dbe43b77997bc0dbc2fd51acb93,reference,0
1cc7a45f41fd8085929970b0486c378cd63e07b9,reference,5
b29134737a0c81c13d31fc0263b3c4d4f05ccb78,reference,5
8b7a1271768f36a972d273fd43b3e7e7f3518391,reference,5
2c5ec74fb56fbfbceaa4cd5c8312ada4e2e19503,reference,6
9ca329408813d209b1dcb36936f7f9cba82506bd,reference,7
337f93eea5a89f81fcc71800a396490efdcc5afe,reference,4
826383e18568c9c37b5fc5dd7e2913352db22b47,reference,10
cbb655146cefcd2d6d2332841cbb3752a8e2d311,reference,19
ce0c193ea839d3849362b66580b98ebb900c9bed,reference,10
ced1ed8a50cffcf5ed57ce4cf5584c97a8c74d96,reference,0
88a72a9bc844ceb809f0fcf94ae3a0ba69e558de,reference,25
4d1c856275744c0284312a3a50efb6ca9dc4cd4c,reference,16
92b9d8b8c81c4c53ea62000c0924500b2dd11bce,reference,3
1e0049ecb981fa356f984641585b21fd19e4e254,reference,3
1ddd07e7165ccdab42f878b1c02962fe57ebf146,reference,15
a34deff6309f5fd2b1fb94fba8c51d6b371aeabf,reference,27
eb2c2330177f765038a2b17e2ee3498965865797,reference,11
7470a1702c8c86e6f28d32cfa315381150102f5b,reference,23
fd928577d67dd01048d13f284a6256164bbcf2f0,reference,10
9b093787f9be3d480cd11f8ec6ca5b0e44050d6d,reference,5
698d83e2ba10d94c2a0723e907eb297ff4a6249d,reference,3
d610e066e5c3cc7eda13313554e25a340ce18f71,reference,5
da4f4968c05e6c3e9f6fe779701ee3fe3a7fa84c,reference,13
afad10da0a3b83a4f2a94e8c16c84ac64338e9fe,reference,8
0b0debb710366cdff461938c80763eace1651af6,reference,27
551116eae5adaa8e2bd12a1e2d05bbf2adc31110,reference,13
a2ce9963f1f072d578b1a1f1b995fec75e8c2247,reference,16
2582ab7c70c9e7fcb84545944eba8f3a7f253248,reference,23
6e02a7eedad079451b9a8dd358268727cf599c6e,reference,21
2bf2c3598f1ee3a2fa22185cb2aaeb425de004ad,reference,23
69b90bd79bb0fc87d39180161926964ae9dd7cbc,reference,3
f3536716d13d3298b62da4202227f3e885edf160,reference,12
a76bc6cb68622006bbd8a7ff785feace92c40ece,reference,12
5e72346f531c70e30db3a4f3313f579eef74ec23,reference,33
arXiv:2209.07118,reference,23
b81af57078024290188bf9c351b99857de986002,reference,13
1ccd031f28dccfb226f6c0c588c93a97a50bf95f,reference,0
67a2a1c14d795f00ef97026e9bf8320c53537ba0,reference,20
ef37ee71850053e439cf8f822e8c2007dd8720e2,reference,12
5848737f78397f72ceae2ba6f3419a6a8502b8ba,reference,15
e47e5f36a534264366ec9e92f0e0f860d1f07e86,reference,19
85e7d63f75c0916bd350a229e040c5fbb1472e7a,reference,12
2b37cc68c9819cf0f980676935007d4135d8ac8c,reference,13
cde902f11b0870c695428d865a35eb819b1d24b7,reference,17
7b5e31257f01aba987f16e175a3e49e00a5bd3bb,reference,7
c0b52e2eb308d1b823af3582956d246e47899be5,reference,24
4be7d1524edb0137599a5cc95f72844b85a52fe1,reference,11
d08463bd665589d04619f04dbde84183ffcf2e63,reference,8
65d1ebaa9e42e1aaf243eb5c86d717436bcd63df,reference,22
bc626a52664e948a0ffb2b95d0e1e6377a01171a,reference,10
628b131f8f309d583ccf1da268f520c051169ddd,reference,31
2e21c7e5565b92079686fe852047f1310d54fac1,reference,17
1cf944eeebee855df296280d4af1758a52013b9c,reference,6
c7a9c7302a72301ed79a7c0696d5af2e03ad3ac4,reference,10
4c5b4a8e31d3119c1e3b5753693ff283c9717218,reference,25
157ed5647da39a7f5d33a84a90414b2a9e97e301,reference,5
94c4cef497e3f7ff2b7a1e8a677bcec3f8e9ea0a,reference,7
677b103eecc4d34e378502d60147456875e8741b,reference,0
182c6d1d30859f227dca3606c743e178e8ae6780,reference,14
c10f85e85f0595dc63fc39004e29b29399238880,reference,5
c811bedbe8f4c21d0cba9f9175f7c2eb203284a7,reference,31
488bddf398f44373633ba8fa62395c6ed0cd6a4f,reference,9
135ae2ea7a2c966815e85a232469a0a14b4d8d67,reference,24
5a2263092f49540fd0e049050a96882ff29b00c3,reference,24
8bec52a96250e9b548827983822d98c07dc93123,reference,10
26ba5192025b21660f1792c5ab799f4af5350430,reference,32
62394648facd628a87021a7ef803d0e6efeddee5,reference,20
f9c07ed1d2113c858b38861790af6a26310b8465,reference,12
fda4530df9eec0e3f714dba3459ac50dab17d89c,reference,13
864bd7e62e1cb4836872738f3d76b19affe0cb4f,reference,19
44279244407a64431810f982be6d0c7da4429dd7,reference,25
8ecdbfe011b7189fa0ee49ffc4e42a93d728a371,reference,2
659bf9ce7175e1ec266ff54359e2bd76e0b7ff31,reference,15
708f52050bf9dc134124e8b9e4dbc1ecc65f0401,reference,13
63d8426ba1f51a8525dd19fd8ec92934ec71aea5,reference,33
arXiv:2507.03435,reference,12
3aaf6a2cbad5850ad81ab5c163599cb3d523436f,reference,12
338d8f3b199abcebc85f34016b0162ab3a9d5310,reference,11
3eda43078ae1f4741f09be08c4ecab6229046a5c,reference,8
2e9d717a4da7573dd2553851905dc9a1caff8d98,reference,33
40c318400809abf5e50aba5a5a80c8012a7715d5,reference,15
8f4f03cc1ab97cd0474e75cad96c150dfd006b97,reference,5
45ff07f6a3d3cce1a24548c3273067ef7009d88d,reference,19
f59c038dee828e0a8c2fc28130d12e39ee4952d6,reference,13
7aa38b85fa8cba64d6a4010543f6695dbf5f1386,reference,16
4ae6b5ce971c58c1280bc971a1879e6d547c5f8c,reference,12
d660e89055644fa122f2b4b4cdd32c85a5e33648,reference,8
8725d4f3222bcb03690e59129ce7cfe49de3fe59,reference,26
7e03f90aeef01523cc3b20e2e6f81ef1f6c3e0d5,reference,16
be445964370b5ea8c15aa1bf6cf10f951fa90b9a,reference,21
faedb2a7f3563f29779dd057e5da57fef2a1d8aa,reference,8
56b828717f32251a5e0f0be9c0113077f23c8429,reference,11
bdbff9a75074fee3401f17caa8839ddc0801cb31,reference,14
9e9c9e96cb16727fc6cd938ab1035ce08b1c8368,reference,15
20b676b433448818d09febbd5e32ab4668c99417,reference,9
4f5c4ae2026b2bd97e26c6969e54cc634895e477,reference,3
4b27f18bff43d605805c92696a979714ced0b805,reference,27
020e473d8c987dcfb03fcfffeb87b17812447031,reference,6
c7183f67d7765154a09bc0344a0b332c04deb8a7,reference,19
d96b2cfc111c3d7469eb8dde02182a9fc10b01d4,reference,14
d766bffc357127e0dc86dd69561d5aeb520d6f4c,reference,7
7d0684b19ba46e739e28baa1e180c008226f793a,reference,9
2e7d4fe6977f15a63eccf7c70ae6e62aee296bdc,reference,6
031e4e43aaffd7a479738dcea69a2d5be7957aa3,reference,23
4caf4ea09ee6f3d024f84ec86e8dfc51e887c031,reference,19
7c39adb2049e79951dd6b92c970abaa4d81819b1,reference,13
cd46b10bd3cddb87e125343b17cf30bc51624913,reference,19
577a443e10f991101d2e05c77181d44ac8297a52,reference,21
2d6b4e247070db1b9b890705802e4f1e58476baf,reference,10
758c2dc290c037a6f211ec503beee70abe2d1197,reference,10
16c0ef924da1f6b510c9c783ac764156f5a3d631,reference,33
37522c8db9f42055d9ce25b3591670548d631270,reference,10
77500a64b0e6b005b30265dec25f00ac584ab156,reference,2
8b430ae5af9d7991cb3e698b2b30296fdf43dd15,reference,20
52941cadbd340344f3e0a6f50719fe55b3de5088,reference,14
fd23d2d1c10f85bbd9ebc51aafa2cc274bffefc4,reference,27
014f92979c64fc67cc71544bc43d1903a3e359dc,reference,15
48d5e267ab336a0b4caf2e1909d7860b02c6a736,reference,13
789485978d69e248832df358ee0fb062012925b8,reference,14
7715ba5e75f5256e1061c7473afe61bb0dbb9065,reference,5
690f52ca9b882db3fcef7eecc3d3903ac345c15a,reference,21
f323beba35fcbf95e76835e4b81d3cc3ca1b128b,reference,8
fd755dc7b5b206c17fd953db04e1c888d45b6e4e,reference,2
851f27df3a1ec8daa693f6642194562e3fe9769a,reference,17
d6952c2f849fc6599e27a8c52f32bb78dfd15a02,reference,15
eff01a0ae739367bcfd7326ab96eb53c602fa8f9,reference,0
arXiv:2405.19266,reference,25
ca6a2bc279be5a3349a22bfd6866ed633d18734b,reference,13
e4dd95c4341ec7d14317a3d97022773a0822906c,reference,9
176f1d608b918eec8dc4b75e7b6e0acaba84a447,reference,9
ba618ec05a9dbef75310c5e4bcce8a559e0270b5,reference,4
4fa24cc5b17e8ff1eb5a01fd37a9d267a57ac563,reference,18
20b6241fe78e35b2e1877a954a95309ff93eb46c,reference,5
7fa4c034518dc272f4d234faa4eff7e1461d4822,reference,18
055a8d08a35e439de9f029ad60e4a4cd7727b804,reference,19
388601be7ea3f1c4bdb7783bd74d9e3bd4caed65,reference,6
c89257cd21e6c6d70ca1171f8fcedf65796bac3f,reference,5
47cae173d4618b32bf52f8b61b0a1051434d8b1f,reference,30
483927605b43cb9e33f785a11223581c5f8615b8,reference,9
40c0d1f38ab081e21cc3b1e2e5334a9b54b6ff08,reference,5
arXiv:2211.02956,reference,8
cea1f99272121a54772d6fe9fec88e5bff818700,reference,13
5b6fdb2aea424d02c141da81d62b04d739d62b96,reference,20
a9ce00dac14e47a68b4eefcf86b3ea6a64374a76,reference,16
3e2ecfd1934a64582a6d2b5be20f18db78cc787d,reference,24
8654ed76b25e4e211801e9b7599806ed14682db0,reference,6
2f8104fc90f8273c200687616c623c23cae724ee,reference,12
a376e6b118a10a8cb8a2920f6b83a70f087579f5,reference,12
54e4f2ef7410de9f94683cc570cb82257d27c0ff,reference,23
30e0b5cb62be2dc2c14d3ecae7cccceddfeab4c8,reference,9
1cea4b269fb2d6a79c5a28af3ecf11a839663aa6,reference,11
52c7a761677f2acb53aa006f3e9800f9f74c731e,reference,10
ff26a25c0c48666847965f4e9a0691ab6e5a7c75,reference,19
7df0b5bc8981f4813036299b9a9c80e0400cec3b,reference,15
160b6bf8fc4604aac8f0d05c7d9f2cd96b04e26e,reference,14
8e736e11a7096ae33e75da52d4f057a5113e66e2,reference,30
8729c2ffaa24a855acd60b1fbe59f93c1553584f,reference,30
arXiv:2211.11678,reference,20
9882d0a8af0eb6ea0971c6112b3ca5e33db61ad2,reference,15
e88efdfc05d0d8832b2ded7af9c8ececdd03e58d,reference,31
5a08cd9cca3f208283f5e913037df875ca24ef03,reference,15
c151d298c0a5827c1d27219434369fbf67921ba9,reference,19
9258e806499e1dc81c91fa7e1d37ad49d9b2a7bc,reference,17
94d322fc502afe39a970da2ca40c95669225eaf2,reference,30
2313afae52d98e569da2dedbf14daf9efc74e7cf,reference,10
1fcaafeb72142fe3d1a5d698a072d69778d244b0,reference,5
b5d7a19bd0bae10917a8e294960fdacf224d64fe,reference,8
206400aba5f12f734cdd2e4ab48ef6014ea60773,reference,2
b92166c63eba57a5d3d225c2db43d81accd4911b,reference,5
d5295f7ddcf281f3d30a7579d5ce482036a8e27c,reference,21
c66b8e508718f4b7f14829e5c2cde0add31d2693,reference,0
0f8ea32dbb913045b16d8fd6d1d669f548cce015,reference,0
19db2d61f20a6c439cc79f28ef4c9e4bf26cd20e,reference,29
f00f2d4b8ddd55aa2cc202f44053e5f97a254175,reference,7
e2b9dcd4e75379a59bf7e761ac0710f42bde2f14,reference,14
ccf92ec10b578411bb0c4950fc4e747bed31c17d,reference,5
arXiv:2410.20238,reference,7
1e83c20def5c84efa6d4a0d80aa3159f55cb9c3f,reference,31
b8cd2b80fc24f53443157352c1a7acf6fbd30a2d,reference,24
d3640eb3b542eaf36fee2261f037a6bf0d8eac9c,reference,6
7e281e8ab380affd3c5724feae038274df378511,reference,5
1b8d8ad3202572c916cf1bb75a3a348a4ab0a7a2,reference,14
b0623eedc32e76d6a0c592a68a3b150232e404e2,reference,24
e97bd54813da0c70c4d1c90bf026dac21c14d7f7,reference,15
ed38c6b157c11476939c426ec6871c926f2f3524,reference,29
4450493ecb806cb889b341ae8e430886f2549a61,reference,7
4a8085987032e85ac8017d9977a4b76b0d8fa4ac,reference,10
b13a37d0a044b63975a338f5005aca6120bbecf0,reference,17
ebddfdc5d845a788e8062eddbbf7a335737cb99b,reference,10
7d47ee5f84103529f84297c98c21dadb4742e3ff,reference,25
2b5d234efd26e7377698cf16c901601a3d3c4e56,reference,16
bf3519bd9000c7106fe659a54ddefe91891bd519,reference,21
04112b3e6cff833bb7e2fef9c5abb16d65c66fe6,reference,10
20f85256555ad612148e52f9363e52f9d661728b,reference,16
c494b5d73fa8cf79f352c5195a179925e9159f75,reference,14
c230aea29871b44204f3b2b5555ac3d1df7fd300,reference,30
79f42fa703b183a1880f0f9bf6a7df704f9eb9d2,reference,21
arXiv:2403.15062,reference,8
8c384adc81b5cd7a5bbc497b9305f8493b939bf2,reference,10
4190a06408f029ae46d8a9656df20f9e17ce7e03,reference,7
d8adfa796b1666e0332d3715c9708a0d8d85097a,reference,10
dd653f0d5f6335625fb2429216bed33524a71256,reference,14
cee3b9b9cc72d45fdf1e40b29147ffdebd9ac7ac,reference,32
2c3111cbd1327e9b8616082eef39dc0a3a516b2a,reference,1
06858604cc652722ca5092072c50a066000c565e,reference,0
78f85a3a4e9d1b83ac33179c777e6eb2d756be82,reference,5
216b98bb3d9221d5f5d261864975612e4d0faaa6,reference,14
4030a62e75313110dc4a4c78483f4459dc4526bc,reference,32
59094d64844ee21e32560fb08db6d53cc3af0c51,reference,17
025a1a10674d6a1712e59f1fc4800da3b27cdf94,reference,21
b0abfea72ea5a0c13b49bbfc2c06e2efb7273e40,reference,22
81fcd6c1edf23b3398448976ddda814b067e35d2,reference,30
dccd764ec820c13369e91c53890dfc8cd0334355,reference,3
9d698a1e2e5caa7105523cff4442d9ee6e828345,reference,10
2f3efe44083af91cef562c1a3451eee2f8601d22,reference,17
88e5a54e73d5599486c4200fc196741c679304ee,reference,10
a8680b3419f3cbe6650f72b1023aed0ad0becb9e,reference,3
8ca1fdca69d780881f905ef9a4612e62f49a1014,reference,13
c5ab7a66a0a94137427bf5b4fbcac1ab710b9188,reference,10
00f00870c5de7fd0329c4fa562b960e83914ddfb,reference,0
arXiv:2205.15231,reference,12
b555fbe8d4e30fc1312c615ab7dfe6ac030dbcff,reference,7
890749b14aee924d52e2fc04917a58df23c1a51d,reference,19
dce91eb862d19a646b8f5171ec66e61a987f3b3c,reference,9
1ae84940e212e2e3ca132c7aa0878baf0fda06cd,reference,17
efd8e78da04749113fd7c50a499a2cc9fe61992d,reference,24
99ad0533f84c110da2d0713d5798e6e14080b159,reference,7
cea967b59209c6be22829699f05b8b1ac4dc092d,reference,23
026b3396a63ed5772329708b7580d633bb86bec9,reference,5
027cccc533baefde3244fd30c5f212516f584d01,reference,10
6541fe70825023d70d3b59cda772c0a88350522d,reference,13
af9f5838b3c234f984d0f689b39fc93dbe7f7fe4,reference,14
7c72039c8597efab591aef878f6e3d0a96fdbd50,reference,15
6495c355f1c30458fbb074e79003b038c20feedc,reference,0
arXiv:2406.02050,reference,20
7aa70e2c12c8ba2dcc828893adb8bb56e3766726,reference,34
3c5f1ab37f70db503636075e15b3173f86eea00b,reference,4
0aca82aae56e8c86be39f9333c1fe072ec6b9213,reference,5
a76706d350b8c483a3aff73e61b91d15b5687335,reference,16
cf253ba9dfd2fc47ee920728d343604d3deec01f,reference,14
16d6e1ed1cf72212f6154644f3aa59d18bc95fda,reference,5
d59bd979793ede0bc87d181736f26b2f2998e57c,reference,21
a8b5a20e3a983d96f9dea6fc38e77b155e7bd94f,reference,7
bc690f553f329b497307f309738c6671ce25e733,reference,24
00cb69a9f280317d1c59ac5827551ee9b10642b8,reference,3
4c6fe6179c408e1fbb3871af13d1a8e64f766e54,reference,12
12910786da7a34c9ee26798fd81b0ed7b0e38789,reference,31
1c568d65dfa2b22362946baccdde055004b1448d,reference,5
5624718f06334697e2345083b38b00ee65feb4a1,reference,12
faa8fcc1b5343cc85881ff16e818c31596987f02,reference,19
859cbed6555319c3c31b84c1001a1df9a34889e2,reference,12
ed9943d73eb42116fe33564b5065c78b5ca0b16e,reference,29
7d1c803184ee60fae6368ff620141d25be1c184e,reference,7
d8dab5770d347c3e7deaef23a5259d06ba5399fe,reference,12
69a7ae20845c47c5efe3a93c94e6888b852fe532,reference,30
6f4cc536f9ed83d0dbf7e919dc609be12aa0848a,reference,13
4e8ff3b4069a12a00196d62925bab8add7389742,reference,4
4b0b56be0ae9479d2bd5c2f0943db1906343c10f,reference,15
155aec5cff650263a4c71136f97570611d1bba7a,reference,25
24c143f88333bb20bf8b19df97520b21c68829ac,reference,0
bee5db90312bc27ce5a444ffe28c8d167fd39a7d,reference,20
be9aa06811f1438e8c6e2fcbed2f8aed06469f2c,reference,9
d1932021a85b36144f6c355897b5ba55403751c8,reference,5
7c33415ee78eaf12dd082ed305638d0c384a279c,reference,30
7a10b20961c847e2fd40ca845849476910067c67,reference,7
1eeb28e450772ee0ab0adcd60056480faf99d150,reference,6
0b22f92be890b720eaa97fa75a49560f11ff2ab2,reference,0
ae16c93bf3a33c43e8f57293530069e77c89bcaa,reference,5
79fbd2f769f735d0cf2ddf7ddbb89e0364105394,reference,13
6fe1587be4ff23e45169f129cfd4d5575b767da0,reference,8
7ee2c1c0e4b86c80b056799d5249f6c58c3a9d29,reference,18
08b85bce712168998004ee80ce4e475390413c74,reference,27
46fe9ce789408b8a50fb4259e6bf0cc5855f4ed5,reference,12
2b14d9e190022e388476ebb24eb1a84349ca0de4,reference,2
1644a97152d18483e64b1bf644841edeebb35f90,reference,18
c43d9fd66fb29b0596a1dd63d886928dd533cb62,reference,24
8a1384e041cc6ea2735b01c734aeef666dc92884,reference,13
d1aab1c7cc61af26dd7f71bf169bdfec3987844d,reference,12
fbf7c1386a188157cdee15e92a5b193ab17d68a7,reference,7
b82c5f9efdb2ae56baa084ca41aeddd8a665c1d1,reference,23
60730c7baeeabf4ff2fd824effc40bca465b1334,reference,15
f7749635a5fc0492ef4705bee963ffa887bb2865,reference,10
5fa192ca3659eeac5b96d70bebff1767bbe92268,reference,5
339a9ef4187c33e9cc7ee867c7ce98a1f6f43735,reference,14
666ed3c416c652eaee8a83e611bbbe71186bdf85,reference,12
7782055e33ee248ef47b1415624c2efb7a7e8410,reference,7
2a86d281bef364e2ea2d4fc61fde46ca25b955f1,reference,25
1c6971eff7a6ab05d3e08667e9ac2f0ff3012daa,reference,15
d78df936a717f278e89221f74f3f894e90d8c1fe,reference,7
fc7ee1828030a818f52518022a39f6a3ada60222,reference,24
35c639be8599d72834a76b89746eba8fa2544d28,reference,5
26089bdfdbca1e6eaaceca71e3116b715bec6d47,reference,31
5bb74befb93e69bc59683ac572f12e48d9cf9846,reference,1
28c7e583d90ccfc5c3078dfc1d6b80a9ad90248d,reference,26
3841234dd49250c4fcbba79eed6593d3b57932c1,reference,14
91deaf9d324c8feafc189da0da03e60a60287bca,reference,10
23b048f750fab14266dc907340ce3a9e55227898,reference,14
acb53707ebc5ce954d9821fc721382d997befbe7,reference,5
bd0fae435b93819d407f36d9d52565d5dfb5f87c,reference,3
063d9fa4861356500219b7e81d5a654aa921da6f,reference,7
bb4616d5b5049aaade6b1f9a9c477086bb71c0ea,reference,24
04234cd1cad396f76b96042227041abc9e525b0a,reference,4
18e736f814c6d64a27dc9ff088fb288bcac39002,reference,21
f6cc25739cd059abe24e99ef30c3da7636f23e36,reference,10
7afd72dd2706f3b9aa7660d6c9cb6c05af5deecf,reference,5
cccac4f608135832f67eda24b377811d3bbe5416,reference,14
5c0a7a3f4a7928e8d5fe0b05d73d53865f5afb3d,reference,7
0cc3ded5184f413f7718281656d8341ebd3ac238,reference,14
e7fd6848cb29ca221a7e17d823e06fb566f1f135,reference,22
1588694efe9274c586b75449b1f55c7f2263665a,reference,14
9716a2876d08fce9d8e5c5ba4d7b1a9af44806d6,reference,16
80e9ba823910752c5eed2f61d9a4cbccd1c18172,reference,12
71b7178df5d2b112d07e45038cb5637208659ff7,reference,23
56a9aa8825b6c6441b0d22b9bc04852e1af80852,reference,5
302ee27524a717ddc21f332ca634b9211c6ec6aa,reference,25
33422275fbb9958f55419620697faf531482699b,reference,31
e4eee723f12f77ed8b2f6ffc3df0ec4b79473863,reference,18
bdd117d8e09b0a5c5530f4469cabadabe41bb7d1,reference,5
864b530b17373aa4e6f09a00614cf2f6c2be707d,reference,5
5e00596fa946670d894b1bdaeff5a98e3867ef13,reference,23
ae766548699f27e669932de14e1c0f47b2828536,reference,23
f61cc9b5583c6295d5cd756ec0f34e4c003aab29,reference,10
8cc650fbf78e95565b21390a46e31591789f0393,reference,23
980522c51957b0ff155b828646d01dfb96b85b18,reference,18
a5524d085ac586d531021dcb1ec156eaf942b109,reference,5
50c1414fe41d0cb9db6f0933c9319aa124beac5d,reference,10
167ec3a371393d4f54006e6e5e76e0440ed7516b,reference,19
89b139b8b507bdfb8f57b9cc0f09bfcf859bc966,reference,9
13a0d8bb38f739990c8cd65a44061c6534f17221,reference,11
dbdfd6516e58bbb2621ec9facbe1c34c0a7d988b,reference,5
545d04be28639075095bea52b7d57ed067112a76,reference,12
9d0fbb8ddc10e473bb878af1493af7bb7d0c5f66,reference,9
49b5ffebdbcbd683010a2558a19eaa9b21cd8c34,reference,10
be4adc35746c179eb4e660894f7af0ced88b6bdb,reference,20
e7a8e426709967154c00c0529e0e9fd9ffdd0e95,reference,22
ea278d75a7bcb7ea99e23fc720d0bba3553c0b5a,reference,25
03fff40cff6ac531e340f6ffb376e34609770846,reference,15
0681d80cd58b6135534cf279a69f5f999f47ebca,reference,5
725264948d7b6946259af5b8d966e996b9570f99,reference,25
4fffa5245d3972077c83614c2a08a47cb578631e,reference,13
a1066659ec1afee9dce586f6f49b7d44527827e1,reference,7
c9f50639a0ee0ad2afef0d5f263380041604cf09,reference,20
aa59be106ca8b32f5cbf639e852a59aa9717632e,reference,13
b3193d1a48a0c9035c1e562643f44472575bcf44,reference,13
8429c515e1d3913310952adb1a54d1a2f5756c67,reference,6
6a7aa40ad830b043f2600d4b3431468ced008337,reference,26
89feca0d880993c92a60feff565bd3c2b396f407,reference,5
5ee8bb4fc80a291b2e416a2a879e7153a783d7e9,reference,15
ef3a38b9f15e9dcb5652cb3f86f19b845cdaaef7,reference,27
260e75eac231385de5ddb2651d49c8f0f22ad5b8,reference,12
f846c0c59608f0a8ff18f4c52adba87bf49dc229,reference,14
240b0caabb415578bdea4da7d0a32bdff2e8163f,reference,15
61567da465bf0121d5b02fc6894e4cca59f7b5d3,reference,16
18348fd0d9d2dfd24868d4195becdb68e9e3f82c,reference,19
7a7128e9696dfedc24bf432c4b4c3aafa5e95a1a,reference,3
da14a67089fe482741f42a8dcbadc4702d6ac122,reference,13
90f2a86c37db66fcfbd2d2ec8df2ec136caf7df6,reference,5
6995bf023d37a5fc10fe60d3783772801994751d,reference,12
arXiv:2306.06371,reference,27
560cfa01c7e3b22186304b92e92e592e1da8a169,reference,27
bafe023fb072045dc0cd50316382a61c8dcb9fae,reference,4
261a056f8b21918e8616a429b2df6e1d5d33be41,reference,32
ddcd2bcc809bd0c2755a4a9487473d61ac327c50,reference,21
92173d081b15824d22a9ef070e118744ceee8052,reference,23
5f28c7e059f999d8f10510128198154e9930f025,reference,33
6d7d4fca9840504f630e9bea6acaa07322a6e889,reference,17
cb26ef503ee9d525771736a7f9136d3a4649d9ef,reference,7
8868a6d452b06bf4ad33237d0f3952d895ca20e7,reference,5
105dbe631825363ce830c04aac819dae4e9aefd2,reference,30
78958b0e88cb3b2c18e1ac1b34516bc370926599,reference,11
babbf74939612ee2f0203c30a190b4b95881415b,reference,20
319b84be7a843250bc81d7086f79a4126d550277,reference,4
fbd2c8089870814449f9254a711041bbae145a82,reference,29
544ecfd78567dabc8684b79e5cc3fb9c126a494d,reference,13
a3b5e62779ee5839c258d1eca2e99a9bc2c214c0,reference,19
9fc77941297522cc420ce9292193dd04ed2ed1af,reference,12
0e0e706e13f160e74cac9556f28ab9a358c148d2,reference,7
42b2027f68035845f599f43f85ed26b237a8b832,reference,5
3e2e30dead442f92b49873215825f62bfcef2b2f,reference,18
91edf9d897ddfa4c39f013d6acc0f2a0905ef789,reference,10
ba56c0d6989d5218d5c80a3fc6c799ca82445157,reference,21
e4a9a026a40a58cee4d6509d2ef817a86a11a760,reference,13
d37915f3eefcd87529eae6b13d75fa3c27d2e926,reference,5
6f9dbae279fa0c3a90d12f3b0f271dc8e6274817,reference,21
608157ebba31c35a3ae62fe85de4710835e33f29,reference,13
73b54046259f84a0c4e9409714d6a71c41981b57,reference,34
fffbea09f2fa66f68765a9816207b1e3a7b6d454,reference,21
21737406f448844220dde7c711565bd44b0c27f0,reference,25
1975ae6d8693eedfb07d5348798351fe51ab242b,reference,9
4f8c82a5d0c4ba044a5f1b3ce8d8ba23c34057d1,reference,20
5f994dc8cae24ca9d1ed629e517fcc652660ddde,reference,23
arXiv:2204.06745,reference,4
32feca141fce06c6588b4014d27953a3fc25f19b,reference,0
288e64e8adb23d81e291a2cb51e3a56b315023b7,reference,5
7ffdbc358b63378f07311e883dddacc9faeeaf4b,reference,10
7e159c96a3b6d87625fa123f108f336312e99121,reference,5
a072c2a400f62f720b68dc54a662fb1ae115bf06,reference,32
94972e30504017156ef5b5debc419bf6edc67384,reference,2
60a55104b3f86f40baeba9c4fc4481ebd259b762,reference,30
eac12b27f535220a8dd22bf1f199b57cef6fbd67,reference,10
74cea53c1203f920940f281d3abb8314feaba2b2,reference,24
e940e035579a20d84e52d2b56505d4827d3d4eff,reference,15
83ac79bb8e8695fb3c3c024be74790d862adea74,reference,30
17e93ba59356c15e24c3f30fed6e3e73dc4e88d1,reference,13
3aa13d6313d49dc634b28bde15fca4d3d3032694,reference,14
e4f82c0a13cae6739239ae0c25a554b6daff35af,reference,27
6ff5ea40e0d1be8c71e5b675db64fe730018db03,reference,25
79baf8cf6be6510f69be8c515516136138678cf5,reference,23
c3421879409ce6997fb6b016e865d7faac347bfc,reference,32
10e8dc07ea256c6a88d7043cf135417402ed38f4,reference,13
e32e66e504095826dce718a3446cc6508651845f,reference,5
deb8f26509ae320fc975b32922416cb156c61bbd,reference,26
2bd423f7a15f28fdf59065df3c8b623fa7e74477,reference,0
534cf115f2564bf7272a5f39d48163d49063203c,reference,3
c226a4acb42912054d498bcf771023b0ba2da001,reference,5
8973992dfa1d1f48cda483454b655163957ca199,reference,30
968ea1c7f681592ce6b0830eac0b7fda8db71792,reference,5
96873c758c47a555b4e0b4b66b84b04cb251e9ef,reference,7
72fbd9a613d4fad4542c8dda785a74cc36db6d5c,reference,13
d223fa07e86d6486375119b055d8fec77c21a325,reference,11
1386b8a11929cf02da291c56aca353e33bbc22ed,reference,9
2e9d221c206e9503ceb452302d68d10e293f2a10,reference,27
8415274c8fb370cbab84ad82ab2f469786ddee72,reference,7
f4793adffd6f67ffcb93ccfc5672ab301b8a2b96,reference,3
6a3e630eee6b36eb7bf9efeda2a709a953a3e503,reference,13
c0cee431f37402f9cd8edfc446d9319190b1eaf3,reference,14
6f94023d84c03dee94dd60a3aa99848f21617872,reference,13
e04a80263d252a3d8a382ba37a249b9345620570,reference,9
cc536ec2249420a725449c161384a2025e6f0672,reference,22
79282c2c018cc2f0c45f8c6568f2fc98df1a5b96,reference,6
d47524cd5c3c4b57af2e5a29f6f91c420310f236,reference,2
c51d13034b2df47dae8f33bd0efad996de99ed4c,reference,9
a01d7f5c8b3175000e9e2ad5a32af36b27263e6c,reference,19
a050c9b0c321839e4427ab9defa3463be7825ac4,reference,10
68c03788224000794d5491ab459be0b2a2c38677,reference,0
f30444fbb6ad806168e2564db4815cd27faa7fd9,reference,13
3d8e2f913cdfd3d0f88c9d27543264858239a6ea,reference,31
a38b62ec32bfdba887dfd008384cd95def6f75d8,reference,7
3bddda884c5264d2d3ae7087c2d570243dbe1db4,reference,14
1deed1a4a03e07aee3b8b8e4716f35033c715a57,reference,7
b6b7a7fe30623f06a627d3ddbe34f40cb96a982f,reference,5
842104ef0575823498f26cdd57b4b4dba655df9e,reference,1
4aa8b64c51e987d703045023cd72b3ba5e115f99,reference,24
25eeafa6bf11950caadf09d400f081839b00ccb8,reference,5
b01e51321f53bad7a749a6e3b8f97b55888b10a9,reference,23
fdbce1a84d29a43a96308aa4352e78896d91a9e2,reference,30
426235b80b11b9910334c19fad55e0f9be1e6bac,reference,18
b037bb09aa162d8a543e64ec777ca0edc732d2af,reference,3
62a0896de2284427c34ab9d228e0c4eed109ffcb,reference,19
4e24f9eddcc8f6bc12585e45ae098a97a6abe358,reference,24
341bdbcfc3febef7691a97c216ad394653211095,reference,17
d13bb317e87f3f6da10da11059ebf4350b754814,reference,32
55aac0aaf7d312b0c7d5095caaa07e09813529f3,reference,13
7e3fdc1a0ec46cbb621f6c346a490be7b23d402e,reference,15
ec0b78cd2d2ddbe69f0b487049e1754c9350b2ea,reference,5
abdb0f9d1486dbb024c4bc9f8f9dc40464c58715,reference,5
53036b0c70eee0a7e211702b6b2f6c49a4c4f925,reference,3
b6b64145dc6d7c5ab45da8ad8a6f27aa31f381f5,reference,21
00d11d0693a8bf38dc46d6cd8b6ebe8519d77c59,reference,6
3dc7dc1bea9a4f70c02b6759a0bda7aca0005a9e,reference,18
a6fdb277d0a4b09899f802bda3359f5c2021a156,reference,17
bf7405dc35cbf9e04f8ef1998f4898b3ef6d12dd,reference,2
b9672ac98913c43fcb996b3def314789d1cc0cf4,reference,21
a2f38d03fd363e920494ad65a5f0ad8bd18cd60b,reference,6
1a53e7446274016f737236bdd48e3ff05d966384,reference,27
74fcb7f7fbc54b6211c99a0c2c2d74f8ec34cb12,reference,9
62ecbf92281ae1c0f8d31b66e57a01c056f9d641,reference,12
be2ff1cc25e598632839b2971dcdd20e748fb6aa,reference,12
6d12a1d23b21a9b170118a56386552bc5d4727de,reference,15
204fd6c5e247c477d607f507ee01d94a8dbd408f,reference,13
63f2c402f5ddcdc65145b6cde29ad724e1923329,reference,15
44aae5283d29c894e7d2573d99f65be4bb6c1e41,reference,10
9c6ed968e12c6eac614fd423cb342adc274fe960,reference,6
63e39cdf1ad884da6bc69096bb3413b5b1100559,reference,20
b6a6cf6a9faa83e116708df9c31c47f178045e9c,reference,10
5e71d0e85f65a1c0fb2af7bff281209122c58932,reference,22
1301e9d11b728268ed1ff3f1a9adc155308d5250,reference,0
6351ebb4a3287f5f3e1273464b3b91e5df5a16d7,reference,23
9deda73da446cbb21550abaa62b41f5a3acd92fc,reference,5
c522d992fa71ce163bf90db9ca1861e0805f2b5b,reference,22
0d5cb85a6825ce7cd48c9b2ce49f3c1dc0daf8e1,reference,14
ecf54d7e08b2365dc16969ed428c61e471684657,reference,8
02dae5f4d413f4764a240616b0eba0bf124e3b3e,reference,7
499d72d7fea80590a3474462e6811ac48be9a412,reference,14
6e0e40cb5d41fc65f30d7b4fbc869eea297a63e3,reference,30
0e41fd22d483047bd8fdb1757d90c7702493567e,reference,5
d048c9ad2fdf0a5155110271358e30cd24f53bda,reference,10
47d802fbd4e158a7e96425d6c124761e61701861,reference,7
17ef063e81cd0956873bba243d8edc63c09ba3c9,reference,16
0dc6e2476005d1aae30bede8ebbae92bdc831f6a,reference,21
3d68522abfadfc8ee6b7ec9edaaf91f1b2f38e5e,reference,16
7fbc502441d66daf1f53765d5d86a8dfba9ab0ce,reference,3
27257ce47e22553e4b3aefd45afe3d7737f2b8b7,reference,28
85b5589d9417b9f2883e95e504ee684897e8d58e,reference,18
aa64ecc2d1d8a0c3b429da35f5b221a6d7d5dd97,reference,29
1301ed763095097ff424c668e16a265b3ae2f231,reference,31
189b79cda928d58f695cf8323b9ce2196fc22409,reference,27
13504e4477457ab81ba53da04c0f9d8f651e21c2,reference,17
0f2d05007f866f716acdb3136135c39904c6ab19,reference,14
57c9375a484a55ec8b2492aef9c8807425b24291,reference,17
416dab850fda842b13a4f28164514d98f836fff7,reference,7
c668db954a6c9cdcc36f3eb612694ac169a68b15,reference,5
b735550c1dfc35815994ff37a76ba8d23fc811ac,reference,10
arXiv:2310.10159,reference,13
650dfe97ec71e11bad2bfac0a2e8f83df4099bc9,reference,33
f6c035de37e797f7e5167d655b246a2f9426a9eb,reference,18
8ff1b64639cba085e22a16521c55ac19879f22a0,reference,0
arXiv:2409.15188,reference,15
49a02664e552320a43cea541c07ca312e45350b5,reference,31
e37018d3cfab9cfc29a7b78404e6c86ea18a907e,reference,27
e7ad08848d5d7c5c47673ffe0da06af443643bda,reference,15
b8e2e9f3ba008e28257195ec69a00e07f260131d,reference,3
061889a5ae7c0502524ac7aa2f2b1291d92eb7e3,reference,13
1d174f0e3c391368d0f3384a144a6c7487f2a143,reference,8
9b1f4492a663c7f56f2b43ae1ed167d3857aacca,reference,7
225751befabb5935c3c4badbf583f1c5825c140f,reference,10
668b1277fbece28c4841eeab1c97e4ebd0079700,reference,19
4a3a551625365ab93a02b4f388cfd36da563373e,reference,19
7ee0a337faec1d87bbb15d84856a43a4aa64ac65,reference,18
73c85c91abc67aa875ae9aef1e635664041353b4,reference,4
385c74957858e7d6856d48e72b5a902b4c1aa28c,reference,5
e10749763e0e790d3ebffa40e89c5cd723047e73,reference,18
1c58b14d14142acd4efd45aa6fb958f4cc92de0f,reference,6
c17bf1cceeabeaab3302c6adbb9e69501ed33faa,reference,16
98e8750f5aa9c4965ceff9947538af136e663d5e,reference,6
e8679859bf0ad6ca4253603d05462838957733fb,reference,9
2dd81288140521e1ae60356a8d0f953c0b633126,reference,12
cb9cc883bdd08d58feee5c7da01acff6fdb4ad78,reference,18
711e6e9e2fb1f4ab7238cdd556002ae36deeece7,reference,22
arXiv:2312.05434,reference,23
2b1c7d99750d41b531b72f72655c94234e254138,reference,16
d09f8aa653bc6e602f8512561a38308874b0767e,reference,12
5e7274bcda47b704b6797bb14be8b7a61c047a61,reference,10
c4dd9a19d822c965ce8cde55ab23b8a0b628278a,reference,6
92f44bfc47dbe6b377bc5f4981697cb18c50efdf,reference,9
fbb57559ecba097de04ccd070f0ff843730e3ce0,reference,27
c96645997967df130d425932f06f3cfe89962d0f,reference,5
6d7caa11da0ff2dd1f2c1a8740c5b0858da636f1,reference,0
7489817ed33529c2eebd493528c0e431538ee224,reference,19
da872dfc0934f554311d5f91fa7e5ada44fb8155,reference,15
cd471b5ef162906ef3d9a84398b3f98e9ee4bf56,reference,24
37525ac5228387bea899710b97fec196b7f68dfc,reference,2
2f5b0b4885ec68c17f50e4b83b887d138077171f,reference,5
arXiv:2205.12689,reference,6
1d8d75c51c6f3208af8f2308e9621473c8e518a6,reference,7
dfc7b58b67c31932b48586b3e23a43cc94695290,reference,23
18371a99dcfad6313d4ae16dc4ae2c11ec76be4e,reference,19
d48b29889241551e1ee6622fa78c3fa4159255dd,reference,21
731c50b0d6af4c1cb8d95f506541681ea487973b,reference,10
1b6e810ce0afd0dd093f789d2b2742d047e316d5,reference,15
b55a7b32772cdc0d48d32b620c0f3cd72ece831d,reference,8
acc88786e83acc3a7fc0280bbe592706a8034c8f,reference,7
c9b509e6f38decef9696894028fb8e85244bde24,reference,30
2d3bc530d8f1ed36932a70bc362ea94d988adec9,reference,29
a09560239e398fe8aea05856823b46219a7dc539,reference,17
eebdf7303256f081ab1f6a36ff0ea6126e4da484,reference,21
bbe109dbc96dab47a3fd049065b82115922d7a52,reference,20
54c68b8623505dc6bf7a0b08aaa77ca9165f2d7f,reference,13
0e63a3aebf14fc7a68c0df7a922770bde5b77360,reference,5
9e9e4df2996bac794c4f04cb887df3e553bae4fd,reference,5
ddf2c959b4ae8fb0a168a056edd74e8bce9e5bd1,reference,19
a22b23b65cdbc0335b872ed7c7a7206c710f8997,reference,10
0e5346ecb85569995ddd926fe21458f35afc7cf5,reference,9
ec45c3f0f88c8ce1deb5baa71c2c0e14ad64d249,reference,10
49f905eb03958c7cfae52ac759ea8978b8b2a6ea,reference,17
f84fc762a3229f436f2a472bd90ef5070b5d31fb,reference,6
8d8fc878bf4c7005546c866824a72d0c46ca91a3,reference,31
3cac56572497ba51c71da66bd207e7a48b2c758f,reference,27
13644ed54e278caa6e75a4661f73d0e11d494697,reference,14
f593062a175317edc212eaf7517b7078d1bf9770,reference,21
c68a1f45858e180f6de8593557958072dcba129f,reference,5
arXiv:2305.07766,reference,0
6857967fdf76a970beedbdb841d6ac56192b289e,reference,20
d03e3517c5028b2366855bbb29249d0b75e8a0c0,reference,0
6b43fb6ab490159276cf63b10d29dc0117e1e9d6,reference,15
5773dceebb2973de2ffdf686e8e7ff90f9d22623,reference,12
b9203f3844e850ed9096bd935de336405acb905a,reference,10
e45d4aedd10229cbbeef8b2ec009f87ae1a4065e,reference,27
c90f1a24cc7203b3fdf3d101c7d7b84111eef4ea,reference,15
cc1b951b0ace31253f0165c5450b82d0c543e7cf,reference,32
b3ea2d9c8e5ea3b87ace121f0bece71565abc187,reference,4
0244faca33c8b4105daf8617e2b0db20cad511bb,reference,24
17aff1f49a8a6788aae224bb7efb4bea8a1300e4,reference,14
5814bd146b37e13115af4330caf3a751159a156f,reference,25
65448f0133db03582ea61710b8a762e245ad37af,reference,19
c304a962248b62e4efb0f4c6fece676b79dab2d6,reference,7
e35357ac461a669fe7e4b877ee1fad0dfda26303,reference,7
df32bad8a9a9def048cb084b99b7e5dd35f222c7,reference,32
d4992e3f68fce85e16c7a93ab37364307121cb9f,reference,5
5a8bb7b192373d8222a6efd99de4f9042da06f37,reference,3
269fe125120542e8636678e0a82cd7e297f530fb,reference,19
ada81a4de88a6ce474df2e2446ad11fea480616e,reference,3
6e261ff2f07f2dda200c17d06a6e6fa2e3f6cb62,reference,32
21da617a0f79aabf94272107184606cefe90ab75,reference,4
cfce709a65f90312d2bdc1a6cf0380c19becf694,reference,15
580e9ae6b6fa517a7365dbe231b82b30333b95f9,reference,18
c2419a89ec037cc7b3085d1ab8ab6da23ccd5dcb,reference,9
0a94fbb5e1c93513523f00e75d672ef4553861f9,reference,21
d7b321d8d88381a2a84e9d6e8f8f34ee2ed65df2,reference,4
21e53e51ff77a5f34f43cb8ca029909c3ad9f71e,reference,5
649def34f8be52c8b66281af98ae884c09aef38b,reference,6
9c5718032de470df3dec34a629816c178f54d05f,reference,5
8dd6a2c9c88c9b3465484228c93f4dcc11cfeab9,reference,18
c342798bafc1eaaa60c652fc90fd738941542133,reference,7
ca839260a9e13f21fff53b7227d6d363cf3d4735,reference,18
76882f4057cc2c3371fd762d97d1a3f0fc78e71b,reference,21
0fa1c75a452a046e11e775eb6120051c696d9366,reference,17
7f084c4f19568f6399633c54f868e038cc37699b,reference,11
6d5263613c71e8d313743a55fc20f58f8e200d2f,reference,10
0f75e25cef78d7f84d20812d3b617fa1a5bbd471,reference,26
5350a0ee67f10b4e926a25cc4c4e51490e5277e7,reference,8
ed2a06388dd14b052f33bac5e3bfc0fa26243b55,reference,23
643247f1b49d406a81530dfbde29c86a78f51a1f,reference,15
744464cd6fa8341633cd3b5d378faab18a3b543a,reference,31
f90595f99a0c66d2bb6d0f230f17c7cd8c58f44d,reference,13
727c9d3846ebd80a9138d0e6c9e995d9afc1d312,reference,9
3863c181a54465b2fbd7af7fdb6fb165309f5296,reference,32
6052486bc9144dc1730c12bf35323af3792a1fd0,reference,6
arXiv:2204.05717,reference,18
9c70d1cc3e56c1479775873e6c22840d0449313f,reference,7
arXiv:2501.07653,reference,31
d8f647fb2e3500d11289d47ecce9cf7e34552075,reference,0
9b8d9c83f06570e05f3f3fbef9c48c97638900fd,reference,17
9c5c89199114858eafbe50b46d77d38ffd03b28a,reference,9
036b6363d246bb30c5d9cfa9d1d5d359c87464b3,reference,32
697e0add95e880bd42e00bef838181e105f91981,reference,3
b8b8d5655df1c6a71bbb713387863e34cc055332,reference,16
arXiv:2402.14679,reference,34
7ec67649c35f2fa3e6d6c01fe112011ebf031b23,reference,12
aac5ce0dfd22f8d713e74b607ce849f632260023,reference,6
21e38c37fa41ed03b12b863a6ee19a74b4612376,reference,21
cf43b0c55eaea386965ccbaf6e52c7229f951ab2,reference,0
b5246fa284f86b544a7c31f050b3bd0defd053fd,reference,25
266aa67db44336f6b6cfec6f7b5c340cded7154d,reference,7
c3f079f9f59f255e032a1239aea02a2affe93be8,reference,5
70fe1f854bc59092ded4bf2939a6624a80e5e4c3,reference,12
b19683b83c63cc245f78bd5bf095cbd41149be7e,reference,23
0f4197cb978525b300a764e7e62000c89ef0a23a,reference,18
f56fc41eff96afbc64030ce5e97d444706e4997c,reference,5
83bd40afb5c8531fe7edcf827328103c80982c2d,reference,13
82f9637e263251b2387c8e0c87b942bd1b6c3bdd,reference,9
668075792a7ab40457d92e09da28d35c879271c3,reference,5
9fedfd9914e90d6716645f6cdce127878a143f54,reference,9
e770bdf8f00beb180a6b6509dd9a09b1bdbaed68,reference,8
65b20b3e6f81f6567e41e353a47a2380c6cc4b77,reference,13
530a21a54fe2781f6189bdb3028da84b719b1252,reference,19
2a73d128a9595d731f9ffcc978c769164bc795cd,reference,7
210b0a3d76e93079cc51b03c4115fde545eea966,reference,24
eee108b3e51e89d160d1116935e062c4d169b475,reference,5
838fbfd9066dbbac6c10059c5b183046fb1cd9d1,reference,7
8f0c5d90a91850edc5d250e28aa25be55094bdb0,reference,10
c1a4c5380d90dc77064de6003cfb9611ad218600,reference,9
17a6116e5bbd8b87082cbb2e795885567300c483,reference,12
232670e4ddac21ff2d276ad0553debd14ef3ecf9,reference,16
f02c466bdef9bb273f92b41f4c1d31e5d332ab25,reference,5
9e8cb8c91a0acb6e661b58ad724aa758490f2bea,reference,25
1e4cda8be54999ced1324777fa462a85e2c9746c,reference,7
2607dce6dcb9043ca9cae67e25e6a24411f08c0b,reference,7
002242353d500cde7f85f2e860ce6051328e4859,reference,10
arXiv:2311.01825,reference,27
ffd0b74c9760a25806912cdbfb14cebac69a34c6,reference,21
c1284ee1ddf29955a1a02bdc45abdaac63745017,reference,24
21ebc8c6bd7adcdced2f2abb432174b71d0e862d,reference,7
7db7fb25a8753c9efc6b3722d178f94fcc1f82d3,reference,1
6d86a97a7b392baac602a8df7224cb83880b071f,reference,24
89e3017e1ffdf5f7cedd3b5bb08fcc0ab48200ba,reference,5
58d3ba1d82639c9486d070f6c7ea93201fbc935a,reference,20
78b29eba4d6c836483c0aa67d637205e95223ae4,reference,19
f680d47a51a0e470fcb228bf0110c026535ead1b,reference,31
8dbe31f472346eb7c127c56e478fa68cbbb79ce5,reference,5
e75fb417b54a6eae589ff382874de09d7f58a3de,reference,24
9ba7158d20f54a24c24dea101bd9607407eb9ad4,reference,5
0be19fd9896e5d40222c690cc3ff553adc7c0e27,reference,20
ee2a011810b5442c28b66f97422564de02a4e319,reference,8
02534853626c18c9a097c2712f1ddf3613257d35,reference,27
460fc460695bce86e66da0f1e4f7a7a7a3b1481a,reference,14
fe3abc47ea9cff302018ec7840a2463e661987b1,reference,0
d2e1a04836db23105aebc945521743233a63b8c2,reference,32
d5fa9118d56a6e19b4620a9e75c7c4bd031f2e74,reference,5
2012c176d7b003eb57a282bfd8681190704fb965,reference,17
23d28f1dd5358bd5b039119151c4e7bb8bed39cd,reference,15
d82b55c35c8673774a708353838918346f6c006f,reference,9
142dad2d2e8e5060eb9561b7744cbc5b4bb90990,reference,29
3d29ce781f297dc543e44dfb39990baff3a3acca,reference,23
5b139de309dadb501c916b3a9583b5681fe20f0f,reference,8
6566d324f4834c73284049420a2c99c3063a1fef,reference,18
957e820064a1b910dcd2c3e2f078b3f027de6c80,reference,34
73a5605ce482bd639078ebbb19baac7b903017e2,reference,12
f755e38ec5638f87f6d70dad26e388a5b32f4a3c,reference,19
41c1e54f605bea3450810c44b071724ab0270424,reference,5
5977f4c601abf5818901fe8c6ac470428014974f,reference,19
1b9c6022598085dd892f360122c0fa4c630b3f18,reference,16
c7366ca5d0d826df68e6d3bb1e25955f50f006f2,reference,5
4d874a47870dfed68a64acb3dabcc8b113cb1836,reference,18
699ea64f92e05663457e7ae9c4b410e3d30c86d4,reference,5
edd5d458e230bf36c2dddcc634995c454e2b9e93,reference,5
02f033482b8045c687316ef81ba7aaae9f0a2e1c,reference,9
af46b5ee6d0c1aada1c482d53018a50909aa4c90,reference,4
cc1bf7149bf1ec2d4dceb8fea6b9d6401f980fb4,reference,20
b39074c68ac53f258fb340d3d24ef868c514310b,reference,21
2b428c95b40d90f268dda2e12734ad5c154288b8,reference,18
289f088ec2a85147741846b25f65f78918e57519,reference,24
fe0e647ac5bbe9b127caddfcb52b9f723d6f158c,reference,3
8a2782720e479c2ef702875997ad4d91ef8f88d2,reference,27
0050896a62a43aa725addcdd36af4974806d0d76,reference,5
59cb0cc2cab2b2abe6ed3b61452602b30ae1d1a3,reference,13
b1ef91c5541f88297c7551e1adf15fcee7987197,reference,2
1871743c115afc66b7771b790590fc938eef1c83,reference,21
16c844fd4d97f3c6eb38b0d6527c87d184efedc3,reference,14
arXiv:2311.04124,reference,18
1c3112ef8a346b9817382ed34a8c146c53d5bcf5,reference,7
99022190af9280340552e4a80915c89d2f12912d,reference,27
ac879df2cc36f3f824fa24149517622b6bc7bd09,reference,0
e2e52461194bc81351da7caa978ac42e9e9549cc,reference,29
c72b9ec87d0c5a1bb4f2a0d79dd514b0e61069ec,reference,18
78ce0c149860363bbbe34306c75a4454ad23828d,reference,27
22dc1223edbdf2e576b47ce51825f3be3a890a65,reference,18
b21670e8061a06ab97e7d6052c9345a326e84ff8,reference,22
cb5e3f085caefd1f3d5e08637ab55d39e61234fc,reference,12
986839c6cd0f3cbd3dbb68b5376ea4c9c1d58765,reference,5
34c2939d3147946b2ac218e7857e1bc4c8902679,reference,7
arXiv:2310.05189,reference,15
cc5da9bef1cb394ba1d69427b99900892d61ad28,reference,30
16a096e663c5aa661f26bcabe212a53d86ef3eae,reference,5
ae5b587fb5ff55c074a770acf81c27d9d3046748,reference,15
fbfef4723d8c8467d7bd523e1d0b703cce0e0f9c,reference,2
dc0005e3fb9ad04e43dc60b12df8e27f29dd04c3,reference,5
4c16a6fd7b4aad8c1331e4753b30701fdf6d12f4,reference,9
78eaced1b4008b4227831adcccd39da4322e969e,reference,22
1d26c947406173145a4665dd7ab255e03494ea28,reference,25
6c46b7b401be5ada79f00b36cb8e5b41286ae2aa,reference,26
59ce9cdbde13affc05a6c1f48a51ee7b0fcb154b,reference,11
bb1f496771d5ef641c9baf42f16900c09ecadb55,reference,22
b8e57155bbcc1ce8a112482c85b3a3bb25f3fe52,reference,30
780999094f775ec6b8faa94cd496a4c560d31a04,reference,32
52347be1d7fc47815e624cd896b8942beb62c774,reference,6
3af99431571e954664c735e03fdddde695ffb7bf,reference,8
1189abbda1f88753db8e917f159b8c2db9f62cde,reference,7
80527ed02db8fe7574f676ed2aa573eb1ae252a0,reference,7
eb2f4e0791fb4eea2a9d7e293d218e3dfd737051,reference,6
2422cd3a832b91b352bbdc11f8bd760f7ca11b91,reference,5
082cd44d8e9d4b9aa9e171c8703ba80e09346912,reference,27
9c404d02aefd850ac3d5a8bdc5860738e6cd2b04,reference,5
225331d1700a9544545cc7c54a63c1b485269ce7,reference,27
99630834ca8aabb4cb0cf73ab6fcfad2b661ef59,reference,10
e0384ba36555232c587d4a80d527895a095a9001,reference,15
8b245254996160ff3885c15e0bdb6bc2e5dd01bd,reference,17
978338a2fabebf9aa1cf3ac75f7425d16e86509f,reference,17
e6ca75a1717490ff73a21563c497db7237fe54dc,reference,17
7d722ec75cf4cde30156e71fffec6f8f08f91600,reference,11
6b514a763fd5bb0f8b60b74f1c3b1a25405229d6,reference,10
75cce3867943084f128a50efabbfbf7cffd731f6,reference,24
f4faa5a838afb1d6d15b77d2c122818e4b6d642b,reference,9
6ec7287bf714a93a8d5c8d6e137884171e110178,reference,7
9044cfe7bf30b2fe5a39f23ecfbea9da65178782,reference,15
4610ffb1b016acaa82a2065ffd1a3adbae1ce722,reference,28
07fb462c45ab661c4598d13a4bd8278d3ea16104,reference,24
6ae02cc5e82e0d50b577717b402607e3aa69a547,reference,9
f82f49c20c6acc69f884f05e3a9f1ceea91061ce,reference,5
2e17202c82b6f3d6d6d1b72adbf9cd39bf2a118b,reference,27
8666f9f379389a5dff31e72fb0f992a37763ba41,reference,17
435900e97406a90f20e35510829d3ca2ed138353,reference,10
e9a986c8ff6c2f381d026fe014f6aaa865f34da7,reference,26
64f65d86650c1f509508ee2fc845fc41bab7e284,reference,19
61c723e7d91ca308b9eeacab35a2fce7548ef9fc,reference,3
3df2b2a90ed3e3db6abc6c0d36165d1778cdcb37,reference,2
667995308dd238e75770b53affbc0591611a3b09,reference,6
a82c1d1ccaa3a3d1d6ee6677de0eed2e93ddb6e8,reference,3
d3833e446e536f7627ae01c45cf265d6e736e78c,reference,18
455a8838cde44f288d456d01c76ede95b56dc675,reference,21
2f45a4a508e5e917fdfa6396783167c77625d517,reference,9
ad23a0651b0eeb87bb2bb856bea26c6b0c2f15af,reference,7
30a09abea48b4b9e5139438d79039c8ad28bdacd,reference,10
47daf5f81470564f94adcac672405c2cd39dd186,reference,24
7b169cea0815daab069606e4a5f21fedf6ee35cf,reference,16
5aafd2e036b64403a79c2674dce97bdb4e46a7a9,reference,29
5c8cc309444a2d7d49e7ee2e40eeb6d5dc1f7412,reference,0
6c1e1cc1e0e1f8fd026fe517607b2d4535565fa7,reference,28
4f82413cfc46d99897f2dddec7933fca0df83d0c,reference,0
a327111002d3d76510970d1eec3f03fb85314f11,reference,17
63c4adf203e2e0f9895ff82485a0a701cf3cb650,reference,27
6d78d67d4f7f5fe2e66933778ab1faf119d21547,reference,4
9609f4817a7e769f5e3e07084db35e46696e82cd,reference,19
arXiv:2310.00905,reference,7
f91ec946fe60dad720b5f5f4ca0dffd9554569b6,reference,6
ef3a96d8f42e8caa1994caba2e53ca98121b4d1f,reference,9
f13c1e64bf3b82cd8a3124f520393b0507c8c9da,reference,20
e141c4e9ede377bf378f26dbb2c23627d970c389,reference,30
c22bfecc684be370bc22611deb8737d65466a390,reference,24
7cbc2a7843411a1768ab762930707af0a3c33a19,reference,6
00a27ad3a6775a7efb5d4fa3311c35cf85735f31,reference,12
26218bdcc3945c7edae7aa2adbfba4cd820a2df3,reference,13
37ae396e252046da9d62d8bc94790b8333d61e40,reference,8
343d24c4dcfaff2132373d218561a23fbd53e934,reference,11
7941d8d3c460aee21975ebb8e585d103e00f1b75,reference,24
99832586d55f540f603637e458a292406a0ed75d,reference,12
e72e38d9c69b4d0547a36becffb622c8276885c5,reference,5
a02fbaf22237a1aedacb1320b6007cd70c1fe6ec,reference,13
70cb3adf46d64c685ef1a2673183e5c7b3ae2f83,reference,5
d0b59b3e34a79c8c79a31bf3944ded8ab7a803ae,reference,23
162d958ff885f1462aeda91cd72582323fd6a1f4,reference,16
0e1d2fc89a66a380ffe0c640409cfb659a7c8d3c,reference,30
5a2dddce4aaaf6bff6c56d5f0dfdc4db66159369,reference,27
2a957bfcd11761cabb851e8a59fc4d022d92cd73,reference,7
b52ca1e2eb88b3d2ea36b12a5810f570e8704105,reference,10
616c67778ccbf77845883c3a0e6a14aa7140a652,reference,31
353c88c231ce156d604e074af276422422fc73f7,reference,20
d33504263ff0b263a1562075711264228d83b181,reference,5
6bcc6ab9c28805d4067e99b2cdc7524550fe80e1,reference,3
156a66da569b68ea776c5db38e033aadb4755971,reference,8
6e05a94f0e134c03234a46fa77128080b5acb8e5,reference,24
b1a71677a13299755a12375f0c982484088aa9ef,reference,7
8e5acc4b6fd3126c41f74dae3644b7daa3f374ce,reference,24
f639ce400d4def7bed2b75e474613e05a993b594,reference,9
00e4098e8cba9fb2342109ba3028294c8b687c03,reference,5
9927a15ddf5313d97c98f0111fd191caf507ce72,reference,18
3a13f7c43b767b1fb72ef107ef62a4ddd48dd2a7,reference,17
a51b35aa7488a51f516e4e40914333fc0b819e74,reference,21
f34b6b4f75fb4e6f2c5654ee13fb2479c6170b3a,reference,10
5ec64f04500e150188e50187507e9c03d776feb2,reference,30
3f7983818b76a5f1b5daf9b605877ed401c8e73c,reference,14
f848af1a06e612a220ac926986c8c5d441866c23,reference,33
1f33167c7cd315b60822623b00bd1dd0a0b0e306,reference,19
4658662425f71a711024728db90dce0f40c9f0e6,reference,22
50c38435e38c227e9e8917f67aa6e0aca915b544,reference,20
388e2fcdcefbe0834e153ab2a0be127092f9674d,reference,8
39d8486475173357619647061dda377f4c38853e,reference,10
2c00deb3774bcadf8f5e64ab48f483f06be56bc1,reference,10
9ef2e09a9e16e176e19c3fdc3b6ee22c5d3f3c97,reference,12
7c49c4c26fc92957b6d4b22a3bf8ce63e035b2af,reference,22
ea284d2045672daf44deffa3f0b7ce154630424c,reference,31
797597040167622a126c3206bbf94459238e2c19,reference,14
34cd9be00b2c04d19e5feae991d912c85162a09d,reference,19
ad4fd2c149f220a62441576af92a8a669fe81246,reference,27
fdacf2a732f55befdc410ea927091cad3b791f13,reference,11
da9e8b168817b4101fc166a11b2db74d7cafcbd9,reference,16
2870cd6f39126545f0718871ee0f52d7a403a43e,reference,30
945e97dcab001986d233a61a233fc524543182ad,reference,17
f7774f83d0dca26b0403fc76912af3484eb6c4b7,reference,16
88f7ae268140634653ebadabfe8726c1c2041774,reference,7
438a982c06e7490f9cb4e88cac4ae7cc570ef323,reference,9
bb9a44c94a89dbe00f0061d05c70a45064ff6ea6,reference,7
cbaaa1154c491f9da2f050d3c22970e15bb7b52b,reference,18
df6ee94e2cf14c38e9cff4d2446a50db0aedd4ca,reference,14
170667a96f04adf3b3b83526f75fe8d1063e0f7a,reference,25
10d3c1cfb98f4e547f579a30b31f2361297983f1,reference,2
2912b86d93ffa35d0fd665de99768aa313bfcf68,reference,21
bfa035c0e723f8f540500db038ca6e26d599029d,reference,21
d2c733e34d48784a37d717fe43d9e93277a8c53e,reference,16
baea64ef15230387dbcce2f282f4cd526bbf35ce,reference,25
71e434482d5a1439463d9e6d04d2d449fd8084d4,reference,21
a86cb8be0c76760430c2936d8dd262fa4560cfeb,reference,24
d2dc3e70ba23ab2ac537d1d40b61b214680491a9,reference,10
0b6beeaf86ce324d21f6276b470feb3ac7962774,reference,9
023edab4738690444e3924e224c2641017a0d794,reference,8
774d01e152003f342596031c0c0fbf1936dee41a,reference,5
b8973f0dfb29b9bbf32a850df1b015e0ae302765,reference,19
ea2da86fd9d6488a4935b6c135658accc8f64d6c,reference,5
c03fa01fbb9c77fe3d10609ba5f1dee33a723867,reference,12
ae4aa7b0c5a327dae63ad20e00b58bcc6176b3b8,reference,13
ca90f73d94bc48607e60d777f97a7fea7088f437,reference,14
91b5d03050e416df04872361d8d9f35ad7091246,reference,15
5f3bcff2f4ce3130df160719c096bfe942b06f58,reference,8
97a9fb15f65cea266aa3cae7264d04e7ec9f9e8e,reference,15
6981adbfa77502eeeb13be68a31b6ca1fa9d585f,reference,10
f48eed915cbb9c6592cdb9df80c1edaeb46959af,reference,5
0da15253f25c1b3581216a818f1c2709adae1f51,reference,2
b87f2fbb88c7dcf3a4a96dc690f8f4da831112dc,reference,5
beb91c6cfceaaa91f82f85be26c01c99d716aee4,reference,10
df98f3a8f3b28f03961437d017ce57ccc15a8c51,reference,27
1a858b96d2fdfeadf8c0f7126cbd55825223fb9d,reference,11
a95afddf49d4f2fdcfd77308741a7b55f6ac0c6c,reference,15
b00d92a2ebb024dc6c82d2cefbcd0782ce32f74c,reference,22
48362b169a235ca650918c489c8cea4c597da645,reference,5
9345e55a21959948499cee997522aa5eac7ed588,reference,5
81e7e82245c2f230eeb8aaaa1a2b2604c143754a,reference,2
2d7d5b0535c041852af9e32495df1aff241dc8cb,reference,5
a708cd417b8b9b035763d8254eb509939b484714,reference,11
03055978e278960de9fbb5c648b1779ef9f26cd1,reference,16
b368528a18d8f7b377e6fc74c1050df8c0348a1f,reference,5
20e3a9f203bcb07093fd050dcf1cd43b3a04f7dd,reference,12
4f0c7f4df04f07609bdb67944af2a529d5a4517b,reference,16
ae7d635c0a20f739aba3813b9fed114d1f9fce97,reference,18
50ab088fb18c8a3565c5f8c523a2aed741ea51dc,reference,10
f483c00cc45dd387364dc485794c27afae9289bb,reference,24
c56aced0f0c5cfebefadb530cb08d736c3ac5c05,reference,27
ab70c5e1a338cb470ec39c22a4f10e0f19e61edd,reference,10
82e39e2d8d6d7ce84a65f934f378a8d19b8ac0db,reference,9
cf934ddd3c852ba9c67cdfd21bf41e7723fc6d9e,reference,14
c3973bf07cce7e0380beb7901a07d4600b9d8e2a,reference,21
9eb3cb54ffb141317630fc9869a86138c7b3a434,reference,6
165e1d2def3e2f14396f20e046b73ca13935b68d,reference,19
077da6e950135bbb11e3e1f403451f5090d0b9fd,reference,15
69accd35f2ae56aa71ceaa5abeb814fcedc8a58e,reference,20
1a24e45b98ad35fa9d3930d0124e45b628252e56,reference,8
14d48df8d474f8846f1b43525684ddadb1e92ba7,reference,16
83ee82e62f2eae18cc3472120eb9004109895a31,reference,10
c89ff2a0416a6d0870e724953a61a798deee238f,reference,7
35ab93f41115e860bee5e202b71061addfd0fd5d,reference,5
f51f656e5f2372cc1f67fa9c78dd9a4e0225b3b0,reference,19
de413d73899369c8ae5002a5ed0dfd5f6da0402e,reference,25
2145fcceeb69385e108bf1796d52f974854d4c0b,reference,22
9662b48d9b8a8f2118487a7f3be2d76283848627,reference,10
7a63385cfdb5c7ecd6b78e3eadb832c4b92ba62b,reference,20
2b7c9fd2a94deaee3e7e56dc57bab0bd39d3683c,reference,11
4b0ec90dc10e51c1fc983edcd57bb86636d7b3ca,reference,4
9cda05ec89c89e25f8e3082273dccd10a80fdefc,reference,14
157958cb8a4a33f8f051b45c2e0b0da8e26d4ab8,reference,3
6f68e1bb253925d8431588555d3010419f322e04,reference,5
3ba529f732d3c4a31e9ce57f1c78ddf911846bf4,reference,6
7787d3c03ab96337d21f8c9afc223fdcd2489a2f,reference,6
ffeefc6e7cc844bc7689a7420f606e730d32376d,reference,18
b848e7a1eaa52d57b0caf1f60ebaf958f82c7e3e,reference,18
3c9c327203fe28744f6196ae5275ea45cc75470a,reference,32
7ecb773db1f7ce8053710986189d4bdfa38a46ad,reference,5
8a4f2d56491d20fd28fc476c9f17f5d20d26bbce,reference,13
6cd2c56f54dede618a38287de9157019fb5631e5,reference,23
996be611b62c9bb9ef7d02e364f62660425d49a1,reference,15
9246a72d4267a6887f8225e73b9b58a0435d3c4e,reference,20
arXiv:2407.01505,reference,24
1d9430bae9b3ac93ad8e0955e2a5d57745a91ccf,reference,10
8db921900955a447d389582143912eee3046fd3e,reference,14
3938fe72ccfe4fe92387258874cb1cbe66194d4f,reference,12
7177be81b6be82112a26e0633bb7aa899d6233f5,reference,19
6eddc19efa13f7e70301908d98e85a19d6f32a02,reference,14
071a1d2898aa3a5628438f9f68a21a6cac4f7148,reference,9
eaa518ad767dae7875f7f8fbc9eca6e05f9d11d0,reference,14
c9074d9719c5ce0dd3a7369dd0749cd08d7f67ed,reference,23
66021a920001bc3e6258bffe7076d647614147b7,reference,9
d65e47d3cfce21ff1e2b51f0b18efae61570ccd5,reference,5
c7fa68b000db6bca4ba10ec42565497f7df91f02,reference,5
71a32535bf1dd2411940a25d0cfdb066ca852b84,reference,5
b724c3f7ff395235b62537203ddeb710f0eb27bb,reference,10
dcebd9de6fb8ffd5e5fff7734e277abd6f3858ce,reference,5
fa7e728c4c612025b9fb7601af65c4a8f5a2b33e,reference,6
a5b1bf6584f24fe3ccc8d67e5bba369783f817f0,reference,0
e63b95ff7f1bbaf7c3ac95d69df33d008bdec910,reference,5
8f93fac48ca941449f53207913cbb1e80f5fbb0f,reference,10
31f32b26e6b997f9d5691a8edc6ea86e434865d8,reference,8
5e307e074f5a54185834aaf83c5fb4a9bac6f7e6,reference,21
431a4e7e89863b038069335baa80c3e489538214,reference,10
70ca38ad480c0be0eca89ccc4972d6cc9a5824da,reference,8
0d29233339b12d7dfa65df54bf04773df197e688,reference,33
2f066326c0d5e5ecd7dc646224272f1e13948579,reference,5
f5bc718d8198c9cfd7b01a6580029d8c0fd1e60e,reference,10
117a50fbdfd473e43e550c6103733e6cb4aecb4c,reference,17
68e0e789b5147b1e7d028c7a825650075f4e26bf,reference,10
c4922aa7f90d164e37cc38db6a3c3c3fa71cdcee,reference,15
7d7567340337b89c995c3525d89a6c713d1481e6,reference,14
dfc9bb24627d1dd61c8d495cd86a874a2a1130ad,reference,20
6c2b28f9354f667cd5bd07afc0471d8334430da7,reference,9
bc6b616d571b09756de76c1711f6435790aa5678,reference,22
2b91a2cbcd9cce902cbc8da78fec5f18f4bffc98,reference,7
0995fc83865e03a592c21bd5f21ef15f9b3012d1,reference,8
4789355a00650afa29682d331d7d9a49a301b43b,reference,25
19be53b21a022f7578e073709836c35ff52bec43,reference,8
81f5c258beca404a70880f89d1f803f4c8063e73,reference,30
6d162a143c0b01883e9d54fa433acbf4c812619c,reference,24
a6cb366736791bcccc5c8639de5a8f9636bf87e8,reference,13
f0246cf8b98251ae219d4e536a554fd0237b19a9,reference,9
15919637566348de8ca1e054151c24cc864b0f0e,reference,9
57e849d0de13ed5f91d086936296721d4ff75a75,reference,7
3a1a2cff2b70fb84a7ca7d97f8adcc5855851795,reference,32
f7f73185e3975bb62a3c42b2ba6bd4db57fee8ed,reference,16
36f652172792f8aab1cf3c4441a72a1bf79d17c8,reference,15
47ebc7bbeed3f951ad78d2eeed9dada17a826b88,reference,30
07363dd18fed7feb8de6cbf2e5be164c19655723,reference,4
9c6e54df22c07f4ef50ab87b2351cd897b76f739,reference,30
6bd3ee1ca608bc66a490f63f2fb107d79b44f3e2,reference,11
ed458b5d6442aa700131ae4574a143ec1b4cea42,reference,10
766f677f4a42dcd43a856fad554c6678f642355b,reference,19
821b7c57cde9b641bcb450039fc0e220afcf00b2,reference,23
e1bbd52a6de0b0d7b4f513a88c617d47f52d2095,reference,16
5292c4596b5f10a0acf6682b15eb566cd981ae77,reference,2
ebb9f90d7b9e63c7e85bc0b4a8e6fba7a5c57017,reference,7
d8e81e80490113434f7ac338c5f8d5a23f05a3de,reference,13
e61c6213bd7e4d3ca3156723c2146294ea1b4414,reference,14
786294f4008732a5dac9895a8507bc4c80450075,reference,13
534c58762e69d7afbcb0f6a7e53c07484f6d4891,reference,17
1e43c7084bdcb6b3102afaf301cce10faead2702,reference,6
5ba2218b708ca64ab556e39d5997202e012717d5,reference,13
4a31e26d9c65e05bde25ae033f1b519fd8d7495f,reference,19
e089aebd470ddacdbd42ccf542b71801612b16fb,reference,30
24d836bbc35413d76c3c69cb30bfc0f1449f5207,reference,0
88695b5bb6462872ce1dd946cff00dd6ebabf2d9,reference,5
e468ed6b824e60f45ba9a20b034e4090c6630751,reference,5
arXiv:2204.14146,reference,17
3581306549a4506c2b1976ebd131cda70ffb2acc,reference,3
48c94ddaecbb102ed200e0f08044aa271f9fb199,reference,31
a3dd7d33dfaa9e02e43d92e900cba01f52d8c4b9,reference,29
2bdbb07bc12b8d8c332b7a84aa05e76218c07cd9,reference,12
bedf34474970f22b87605659f939732cbf1b2b4b,reference,18
13925d7d5952b1ba5960dfe2c44d977be109b636,reference,10
299cbb16654bdfb842f48b8d1452b2bb940c7c21,reference,10
a361b203fb2485bfbc092d65625e25a1df22c4c1,reference,7
1c259361caa85c2d95a7d04e5e42fa98693da85b,reference,14
984e762b35a564daecfba84ed52d91f9aa289f7f,reference,7
c871377b208814713c18e25633866323a2982136,reference,26
3b6179c293df29e31d31cea46476f104ab6950f2,reference,3
cfdd423c8672a7b178ea85d56079328df4eea647,reference,32
016280bde184897e47f23afcf00d35c25b594a0b,reference,15
412fe1f135cb20c952962133ca1e534a71bfd27f,reference,29
a486e2839291111bb44fa1f07731ada123539f75,reference,25
4dc8cca917765a48b4942009dc04da68bb2370f3,reference,10
2c871df72c52b58f05447fcb3afc838168d94505,reference,31
a3b42a83669998f65df60d7c065a70d07ca95e99,reference,31
9caa6845777854c0a134bd8162ef77234cc02234,reference,12
e9d59dd33698adcdafabeb0f9ea873b2ed36f20b,reference,7
9ada8fa11b1cdece31f253acae50b62df8d5f823,reference,4
5bb3bd2ec1e99b11a84ccd0e4dce4bdb2a776a5e,reference,21
2db77485736cf29778a4464fe500a289bd46e7ac,reference,7
6bec5d1417d5c03f9060c3c0e48e0e15d066f5e7,reference,10
arXiv:2201.07207,reference,0
b32a6f6ef7dd775e0f876b4713ceccebc56e651e,reference,27
7ca300c16abbd38382dec5b7ea6809fee570be54,reference,5
arXiv:2403.14702,reference,36
bd5deadc58ee45b5e004378ba1d54a96bc947b4a,reference,15
e5c8960eb2ec034ffbd353ef39fd1cb541d3c7c9,reference,10
8a95e6e7bf6347ba8d3b614d7bbd6f307aea570c,reference,19
d39023d4935f766d382bfbb6f87d87026737b8f7,reference,28
6a630ac89d7c0a57eb7bf4cb30dd5946bcf3ccce,reference,8
ba6e3b28090d935205ed0e1d398206906b5b8905,reference,5
d154833ad5b4b1853cfa3681a291e201b82a0c2e,reference,13
025ca4c125d6ecabc816a56f160e5c992abc76d9,reference,16
31d2ccff82e313eb5c1620c44bb8322da4a38513,reference,30
6d3f29545fa059f7d24e27aaa9351750636d12ce,reference,14
96d6bb5d6abdeda9b2db9af6296527200ba7aa32,reference,21
109e5bf2be3108e0b1ce90e5d677656e65fac3f4,reference,7
2c1890864c1c2b750f48316dc8b650ba4772adc5,reference,23
69625c4aa0ade91a4b8758e720fb27926835e25a,reference,0
b7d12aec8a0152ec4921dfa43ab525a63b334385,reference,5
34c6cf6dcd23cd448a11165dbde28671e995ce8d,reference,31
67156902beca9bc90b728c8d5dd4ac9d8b27d3a3,reference,32
db35948de0973f57a8e79ef822b767b6ab852afc,reference,19
979905a2073f74bc3a303b8e599115c50795cec7,reference,5
ebac6a3f021091ab7a3976344969308e665073e8,reference,7
cec54a745e4a6b21a8779a20d20746188c003364,reference,18
68c834c19cd126bbd6d25a3572d7205cfed76271,reference,12
95ad6a6b1be1823f157462294022c9aafac75f1f,reference,9
b798969c3e78215a87e8f3da510232b40893bd9c,reference,15
766912db878d4ca14680600e982faff44e508a8d,reference,17
4558b33d64ddfd58a9ab16e3633d05c55a7eca6f,reference,30
868b7ea007786ec07af2d8ae96f89e04508dd167,reference,5
63ce2e127e363be53f69e1c5eda622ea921f9180,reference,5
8a6580a0d894c05075fde1dbe3e1aede23d236f9,reference,10
3f5b31c4f7350dc88002c121aecbdc82f86eb5bb,reference,13
f6205f8b476dbe21015603c50933e5b00a041f95,reference,18
e58d2ea9b382265717fcb6c5459ed000fd58fdc9,reference,20
57eec0efd84f95943c744bacb1315746b1287f16,reference,10
e0e106fc72458cd46b42d6341f809b4474b6226b,reference,17
dc6cf839bb2a0a700c2de463ef038d2d671f6ee2,reference,13
arXiv:2507.12472,reference,30
1a3f7e23ef8f0bf06d0efa0dc174e4e361226ead,reference,26
e19b54ad4c1c8af045069e9cac350ffc2ce60e1a,reference,7
5aa2474efae299af6550a23bb71793ab0d1ac97b,reference,6
c2cbb952e896cce72193326051c1400d82bc23a8,reference,21
a4b92b34d052fc98259f2ca07cf5c50fa44067bd,reference,18
1a0912bb76777469295bb2c059faee907e7f3258,reference,10
8515d9349add2f471d75637f0a26ed3f3511a2bc,reference,18
e41482f4ee984f17382f6cdd900df094d928be06,reference,12
45127e6458715b1350aa3138714c3f24b2b38432,reference,22
4fbd174e80502f8f3c4b9f48054872b028e2445a,reference,14
c0883f5930a232a9c1ad601c978caede29155979,reference,18
caa0fd34e50bb417fae3ee32f667e78fe5b198bc,reference,10
523b8635597d6c0bf05fd0e3f35f3a18d2748a24,reference,16
5d879530c443dd06d3686f31d32cfe34c7ade9bc,reference,15
561ed7e47524fb3218e6a38f41cd877a9c33d3b9,reference,3
35cdc00a4e2bc1f6c253a34a5e3a6f697050d1e9,reference,15
b2688b3a0ddf190cd99b11b6bf589a6e071c5369,reference,5
d9212b207e49a3aa6806fb2ddadb303b7b1d47a8,reference,12
arXiv:2305.05658,reference,0
7ab881283270e427b05c6e9469562ff39dd6282a,reference,13
9fc8ea29aa813acce4e26f8bdcc4090ac98271e1,reference,5
1738bfdda961ddc9d31b39f3dd38b1f425199e94,reference,5
566892d844b6c474aed5c27672a788f2ed1bd741,reference,20
2cd94b619034ae0226f4391e3ff628fe9ce780a1,reference,5
d53fe76bd2795a19ddf52d012917782f6f6f2c1e,reference,24
3936fd3c6187f606c6e4e2e20b196dbc41cc4654,reference,17
f03f39f735186c4359b719724be6e1c2eb912fef,reference,27
5bbb6f9a8204eb13070b6f033e61c84ef8ee68dd,reference,21
8292083dd8f6ae898ea0ee54a6b97997d1a51c9d,reference,5
arXiv:2212.06094,reference,28
b10c9dda1e100b20e4ae4b1ed454221b75ddf43b,reference,31
57133ef4c4de4d54a57686b8a914b06e4ff4aab5,reference,7
52fb239ea5cea1e9a2636f8f7922c8ede3e50ba7,reference,12
57daffd65a5d73a439903f3e50950c21c9eba687,reference,9
7aad17634aa3a04c15c50c368498361ba619def1,reference,5
8220cdb2037b084f89b8122bb8d6096a045ecd5b,reference,10
arXiv:2312.00249,reference,13
5fe2b2e9f9b1731f60ff4a46ded9f4e265f3e96f,reference,0
2c5460afa19ad6fc2568b7e210115acacc14a40c,reference,21
3d08627c8bf06a1ab1e2f97cc2090ab099747d68,reference,15
d00e7779c39dc7b06d7d43cf6de6d734c8edc4b8,reference,21
97ffad903208c7bea48e4c8be0a68e27fc33a478,reference,10
3f6243097a58e386aea1215fed4f372dee07a100,reference,11
84f4ed2029085d2e009e6f262537c4201738737e,reference,5
1bc3afa6f78f3f1891fd34e8f07d39d1c8f7fdf8,reference,5
4d77e3192d1246d6247dc62d418a5d17b95a1f73,reference,13
69ef8689a552108ab4dea2d50361a0522472a7a6,reference,30
f22d71c7ce9720ba1f717a4f1181488200e78198,reference,31
e0fe9b2f77288bc5e6f778611a49e62e98231f8c,reference,4
32d21dc13f8770958b196a96f99a6f3959c7dc0f,reference,13
274ecd94ae86d5bec5cae22a7770681a4f3ba85e,reference,21
d9f6ada77448664b71128bb19df15765336974a6,reference,21
2407fd206cb6ec594801b69cfa5cade67bfbfcd2,reference,19
78c488e2d84bd193a40006b1fceb03e3845b81d4,reference,15
f37e1b62a767a307c046404ca96bc140b3e68cb5,reference,18
1229b685477438382f8ad0370319c38d4a9b38ee,reference,12
10b005f48cf23cb66a82d016300f6960e4f035c6,reference,20
ddb09c513f4e0a55bcf3971c1da5aa1184718319,reference,7
a262a3d81f72e4b07558e636489e85ca88045156,reference,11
df6bc0a43723f5f3df85ceeb50703d2db185084f,reference,32
36d7998ec3e462e3907c6d3c1d13984234f7e8cc,reference,20
b60375cba8f2458205ce2bbe9a8cc91d0b033ac2,reference,7
bc949bfb1fb1c52439c09ccbd47d5bf7b96ed1ec,reference,7
cc897f8dc5fd301c85fe387896975c9491e5089e,reference,20
c37f1baac3c8ba30250084f067167ac3837cf6fd,reference,5
d891dc72cbd40ffaeefdc79f2e7afe1e530a23ad,reference,16
5332966dc0e2c50def336eebee24702e386f2ff8,reference,10
6a54280613ba031ac112dadde6d20551f9fe9c04,reference,18
03fa0740512a47758940415a6b3c1a635d9aca98,reference,5
922e6e3bafe38a712597c05d3a907bd10763b427,reference,18
c9580b625e8d30a1f9e9f48b5785469c1d8eaa8b,reference,30
3f0f6c19c6f5d4e4d5066984c5f3e922a2c2ff85,reference,0
3abfa0d372bca716f57ca7871e7e3694dacdfae8,reference,10
3800e40b254746c8d3e3c1e9083d183c88a1f437,reference,22
6ca16c1c2c60ceda87242c8f8e522d12cc4a13bc,reference,14
d10bc23b66d2b1e12e1b176dc75dc462134a6cc5,reference,13
3436ff7a1dd4c6547ba78968d3eec2545a6dccb9,reference,1
2fb44f1317bc51a1e011a5a44d817ad9104e29e8,reference,8
0c4442693f2403d5f4c44c06663200f0b82324d5,reference,18
fc5eb6a11987bcd0bf0460ff65b46f15cee3a911,reference,5
9d6a18dc2da88f6eecbafe28123a5e96c3163239,reference,6
fb39923f6a4cdb486da5b579c5f8e2c500f36a35,reference,9
7d46a13a1edd02dd6ae2b9f713e6f91ea001dfb4,reference,14
3a8192a2cea57217b15ec80c2dea66db56eb5238,reference,5
de32da8f5c6a50a6c311e9357ba16aa7d05a1bc9,reference,24
422ee2573eb979478b18879a6bbc1e6b6953a28b,reference,15
ee53c9480132fc0d09b1192226cb2c460462fd6d,reference,11
7eda139d737eea10fc1d95364327a41ec0cee4a4,reference,23
5efadc9019ce3378a0eb6c8f939cdde6c8918b1e,reference,9
19d68db5346c837bb428160619356e36045b351c,reference,24
bc9f3c466c6f6b386f4ef1195853d498cf3c182e,reference,17
1015e77ecc84237515cccf9fc583796c38584c28,reference,31
a5af3507ca363f3c84f16388502970ffb3188aef,reference,7
995ec006ac98a697ea38bd4eea8c1f3170a8adb4,reference,7
80e551177985c17c310c8c2167c62a4b6bfbf563,reference,24
de5e7320729f5d3cbb6709eb6329ec41ace8c95d,reference,24
a4a41319d5805a29316f24ed9519f09db77d4c29,reference,15
f16eaaca6120e1c2de2683111d70fdebcd066d06,reference,14
bf7025a2e5dbb3c09deae02a1aa98a256ca559e2,reference,3
b4d207a2096aee4a3764933373eef6edb574c952,reference,11
e51d38bbabca719cd9c845d1e004c724e9cbdfa4,reference,21
734ce969c35feabd4e7d781657ffd48304819dc3,reference,20
83b90f4a0ae4cc214eb3cc140ccfef9cd99fac05,reference,13
5a5143ef339c01689c5ed0c8fd054799fb25bc2a,reference,32
71b19f0317a1f0a152a5b68fa5cc8f5b80c0ec93,reference,18
1441844ecd0e0dc33a4edf3eb48f0b06de9293ec,reference,19
15b3ccf3daa45be191de5b0b75cc78baa510490c,reference,14
dc52b09089704ebd6f471177474bc29741c50023,reference,22
e98392f4906cf8fc912697b8fdb808e5cef0aa71,reference,24
c11810fa8887b678facea62da4607c4898360308,reference,17
31f45214129b624fdb61c829855f7712eacc4a61,reference,14
62e39c6dbcead1fe4d29017914591d929aa6ac4c,reference,31
eef66d8fdc50ca94570193d1bbd994334ea7cc14,reference,15
6fbf4e4c7872efdc03f7003d2d89b15ad8c4c552,reference,7
fef7e9eeed1ec5f0ba28ff88699f2965cf4d8c40,reference,8
fb01415a0decfa3f3d6339930e95028ae1ff4170,reference,4
29c9ca4b0b9341151867d323b164a5fabbb99cd3,reference,10
462be028b7522f4537d060e7ad6e0f4d6d627769,reference,20
2dbcc86ea36580b17dac939252029b85cddec34c,reference,5
01b5412f3d17e90e09226d7c40ad4d4468a1414d,reference,3
9e8b7b0d4c628c12b6a65ab56ac5f33a35eff2e6,reference,14
c2c8482c713b94073f3d59895b373db4398ddfbb,reference,0
1172fcecf5e6d555f23a12a548a365934000dcf7,reference,9
c26bb68806a992bf4fc85b5639e1657a445c4781,reference,11
90d5e6f8d3b9f2617b3a3cf00fb02e730eb011cb,reference,11
61c0b6a5e7aea48a1376b61a4a737137d602b242,reference,25
b3b37ee568015ec5eb85369d1d3ccb1647bdc962,reference,13
02668ef164ae5c693cabc848300eb648262b2d85,reference,5
d2b4b4804479714ad0e406e8ab73fa3e72069216,reference,25
2722b9e5ab8da95f03e578bb65879c452c105385,reference,7
82e420494bdca7fa0d2f662965e775432d600cad,reference,24
1518039b5001f1836565215eb047526b3ac7f462,reference,21
2a441a46e228ed0ea2251a4e61be6c7025b45766,reference,12
5cdab51aeaee08a9a4af8d719c83770d95701461,reference,13
ff0b2681d7b05e16c46dfb71d980cc2f605907cd,reference,25
ebbffe5db352a10fde868843b8d5787b87843f09,reference,7
10ed243c62c7c613195dc8c414c1de1848f78c4c,reference,24
d7e92d03dfa5427c0c5ef2b59de54733e0589606,reference,18
0f19e94f30b99d6c4b349900057cdae9262034f9,reference,23
fe44d87cd328c2be24ba8b9c494f0af0ac958e68,reference,19
05aeaa675d36a1ead5e53bbc209b6be8bc9e31ad,reference,18
f392f8c05692b49d3294be28f50c3fede9820f46,reference,22
5ba130279094e4766d0bbac5b4915d595cc84ed7,reference,20
08a80cb34d785258c770acecd302ab41ead46eed,reference,14
cfb0a89ce5295ddc6ea568295611f8baf17d8c25,reference,5
2fe4d4af4af051fe90a472efad66a2dc692e1c21,reference,20
e2a58fd18961c3941102989e3a3d0d27c615e015,reference,3
c1e450284e7d6cac1855330a1197df8537df653f,reference,10
50aa2fb1a359d2ad618ccbdee943d6f90742a2b5,reference,7
65f2861fe61cb8cc386d392ce5e7292eb41f6003,reference,21
ffdad9a5493e8d4c6c529b7b6f85eee91ca0bb79,reference,3
3b1a50be22b2c5f62ea5c848241e0a313662ad84,reference,21
a5b66ee341cb990f7f70a124b5fab3316d3b7e27,reference,7
996445d847f06e99b0bd259345408a0cf1bce87e,reference,31
8a7fbd4f309e07f3264919b182109e3eb94e9121,reference,19
843f89ce925cfedff681bf22cdf3d1b2cd8a2678,reference,10
f2885c6a25756cf81aa23b41bc62696a5be5c94d,reference,12
d92c797f587ce7f1b001920ab9e6b7d31960bd77,reference,10
cab58a0263d454604896dce6b8fbf4df1dd99ff0,reference,5
ed72eb96323aa6375b074c8282e8d22664ede064,reference,12
b79dcc5304e557ce200b161d2a884c0ff77f34ec,reference,22
a3a8f179b8589ea51aa553722daf82f87210abc4,reference,9
e84a87c9026e5d35c95a007df9ab1aeb57d0c6d5,reference,8
3f88a1a0b873d0122edcfd4fc8d7e2ae52782b3a,reference,16
31ac7cb4be50bd1fa524f585b64ae07b73a8cfeb,reference,1
f0b866593d28e8ee977ec2f5f15f61545ec71d15,reference,34
6aaa46fa70d9d3808c600236a5dd9599997c8982,reference,20
97c94355e69724d6183370bbb42add3cdb17d620,reference,19
a334442b493501bb60a53dc3e689fc569965ad81,reference,17
0023582fde36430c7e3ae81611a14e558c8f4bae,reference,8
28dca13befd068dfa1cf498bba45020cf22ec16f,reference,0
377ed8b0d21e4593744c963a14631c99262a72e3,reference,30
3eda2b6dca596d52b3db4d259524ecb050a511fa,reference,5
a6a7724763d8adba466519489b0b9d209e7f2d15,reference,9
29765e751b2e40a6ee510486100682450ffb6de9,reference,33
2730f394c334f31bc37dfc6261983c31ebe142e7,reference,5
5aec474c31a2f4b74703c6f786c0a8ff85c450da,reference,23
7c8a43b48db962a9bf01800663cc81857679905c,reference,5
4c88a3f34f1d268dc1bf5c12ea3b18e03e4da50a,reference,7
b3c73de96640ee858f83c3f0eda2a3d15d59b847,reference,8
84c149537dee8ef3a7ff54b6bb01e9a4c8eaa17c,reference,5
18318b10e7c2dd4ad292208f4399eb1d4dca5768,reference,25
00beaaa3cc933ecafd815727eb082c28f1338a2e,reference,4
bf85a0cd645ad68919c0706741ab568a60a58af2,reference,27
a5d10341717c0519cf63151b496a6d2ed67aa05f,reference,23
c3172ea74996bc7d390a1bebdc53e373db903b1d,reference,9
3484b65eeb59ff528e45bade53e5b7b28a00811d,reference,16
a8982acc37fbf69bd303b4f0a8693101107f2794,reference,33
14c532418723f576d5d3eeb593f5ac62c9ea501f,reference,21
33655c00769627f9b533f3f6a0d9c2fa651dfea3,reference,6
d32ba88571141ed0ebe7aeefbaa4ccaf8cda7be3,reference,14
f9a7175198a2c9f3ab0134a12a7e9e5369428e42,reference,29
0c0300f53c01ae609c97395c98de4c9d85d92876,reference,3
4baac6b8fa7731352004bc45d2ba2b6bbd04a4e7,reference,14
e9c1f510bcf5933d3cf8ec8108a04a9ba601a843,reference,27
0adec918885dff698acf359988ed79a543157f80,reference,22
0917b810b05630975e04b0f4ab9e48f9865ee465,reference,19
6675bcf6dc97c87da7afda223938ec7e51ecc3b2,reference,3
0abadcfb62ae4cc4ad00f36c8cfb379ea4146590,reference,32
c3b597011f64e7c5459bbe4502163e463fb13f5a,reference,8
ddf9a64f822244e8fa42e88142a28d8fa8e9ec0a,reference,7
511901aa2aeba02c555045f8841275a74964400a,reference,1
ab8e6df5001dbb9b48445220099425aff536b3e8,reference,5
3e565c544a8639cc9c7568833e484d7610f5e5d4,reference,5
2aad627cbac4c634efccc04e5a0aa4f21e4edca5,reference,12
b159dffadb69940e14693e812bdaa32e3957717f,reference,6
96edfa3441bb3624ea2b8bdfc5eec2c87efa9637,reference,31
1e077413b25c4d34945cc2707e17e46ed4fe784a,reference,8
e23379a9752f57732d311f7a97af2c69af6fae7b,reference,5
6c4b76232bb72897685d19b3d264c6ee3005bc2b,reference,11
ea1a0db4173bc3ef4b45dd0b478cdcddd80f6e83,reference,0
138fa5f64fe54376022998fe553b6156a93ff19e,reference,1
5bf6ca86a4f21d07014ce60f3cd09345ad3414e2,reference,12
ffb949d3493c3b2f3c9acf9c75cb03938933ddf0,reference,16
d6a083dad7114f3a39adc65c09bfbb6cf3fee9ea,reference,4
5d49c7401c5f2337c4cc88d243ae39ed659afe64,reference,7
c3d877b29594bc6f244e638f576be3dca5551f11,reference,6
b123a0d46ad917b79c43c5ae981e03ed2458ed11,reference,29
74907c562f9e55b44836bc1aebea87c617c29ad8,reference,24
b23a8493f384a52adf22d3c70c5827fd1a6ca42d,reference,12
eb42cf88027de515750f230b23b1a057dc782108,reference,23
c7330852a07170cd0e6990f5fbde5fca12b6ccd6,reference,20
cf336d272a30d6ad6141db67faa64deb8791cd61,reference,13
4e87d26d6035d8f279e2296b72470259532d50dc,reference,10
e6b9c2fcff6dcfef2a9cb5019ae6040949616c62,reference,7
1e7e504df48c8d0223a91748734c32925d9a8fd6,reference,18
ec74eaf722b5fb9c49e3fe38fe30ddf3dda61d72,reference,5
39c024d264a2c7b7f56c7bef3dfe3b475ebbe38a,reference,15
a022bda79947d1f656a1164003c1b3ae9a843df9,reference,6
19df7682c762e21beece939ba18d00033f6c8753,reference,23
a6cada3417aae1488138e96e876c6afc331349e6,reference,9
5d20138316bf852bd1c33fdf3a3569d0fa2600db,reference,32
1ca5bb12c0d46f9e074e74bd7e08845ebfebf3d5,reference,10
921da70f380e9f9082e5594b128369cfd0fdf120,reference,9
3b2538f84812f434c740115c185be3e5e216c526,reference,18
66ce53965634b435016867ff6d9b24a9937666f5,reference,27
94a65279140b3b1702a63e549152454078399e5a,reference,14
c20c68c45127439139a08adb0b1f2b8354a94d6c,reference,7
57abdeae2c79b86384c4fb05aa9801bf28d1bacf,reference,10
346081161bdc8f18e2a4c4af7f51d35452b5cb01,reference,12
1b4c19168410fb2690d285b205ab2281793db81a,reference,4
5e0cffc51e8b64a8f11326f955fa4b4f1803e3be,reference,0
1c8c1a410a2e2191fd42f8b88a3bafe3d34172c3,reference,12
f30ec0882223008d898136f31774ac08c2950b92,reference,15
bee044c8e8903fb67523c1f8c105ab4718600cdb,reference,16
f72413a441737e1f944a4346221db0ab9baec32d,reference,7
1562390dd212516cd857009cbd4f857a902d1f3d,reference,24
arXiv:2402.07841,reference,26
d801ea85c8d0c80aaf2499a040b22173b3b7ce26,reference,4
3eeedb6651a629a105c1185ada862e2cad7a0522,reference,21
9405cc0d6169988371b2755e573cc28650d14dfe,reference,8
23625186f3b7a24f64c2902ee51874842a0e7143,reference,15
a3afb3795f7054fc5b334d2d6feb92f0999942c7,reference,12
5b8ac131f95a672bb1bd4a28390a1e4f358c0136,reference,24
cf4aa38ae31b43fd07abe13b4ffdb265babb7be1,reference,9
d9dd96e4e110479da2c6bd945aa79c1a5f81f96b,reference,24
89074cbac806dc4abef6ce836045f15ed551f03c,reference,6
832fff14d2ed50eb7969c4c4b976c35776548f56,reference,15
db9507cdd3e2d7d9c90ed185bd831e55c62dcec9,reference,11
fe7c66d256313498b447d1d67e76693e16a43cd1,reference,24
5d630daf7b29741b4023f0e1b0641dec35b1182c,reference,19
09c407921da247939ab555bf27de8a6d23fc9758,reference,22
8b4beb630fa500b2fb1c92cdaed857ad72bdc9b8,reference,9
5d4de0fa45aeddc31142e6a24666d06ed7923f1e,reference,8
0d604aae99779dc6f78a2155471a1ec4390c42f8,reference,20
aa853d6ddf598266a4c48647dae7b0a8e8a8ff49,reference,26
e01ab53663e5df5961a021506a9cb09f4efc3788,reference,29
6b93cedfe768eb8b5ece92612aac9cc8e986d12a,reference,4
698fe1da46e077cb3a0050ab986bcfdd82af114a,reference,14
c9d65eee1b5df8ccda87c024b88e1b620099b316,reference,17
7e43a5f104d45260d3812be291ced8cc069f6351,reference,6
53c8b98eb9180ed9f46820627715c7ae2803cee7,reference,24
7b486a6eac4b46cf39e41c97b25ea22c5d27a883,reference,25
267f1de5ff863ab03f8c48c7ac3df1d422de7c3b,reference,20
9f405d2a43d4c62764b5a9a1630a20afbeb52450,reference,5
a7976c2bacfbb194ddbe7fd10c2e50a545cf4081,reference,9
df7d26339adf4eb0c07160947b9d2973c24911ba,reference,26
a5649b1d7bc482d664a4a6530f784f99e72ec0e3,reference,12
53d8b356551a2361020a948f64454a6d599af69f,reference,13
8a26431833b0ea8659ef1d24bff3ac9e56dcfcd0,reference,13
f302e136c41db5de1d624412f68c9174cf7ae8be,reference,31
29b30ccea4cfe517a1b9facd5c95b2a1071399cf,reference,23
b1c9c455acb1393f1bf60ec4095ee343531e404e,reference,24
arXiv:2311.05741,reference,7
a54b2009fd01fc4d5fed4a44ad1244d60daefaad,reference,6
f148b3a0106cbaba356b9f099f1a10c072c0b3c5,reference,24
81b10e64133e775dab53153cc82277d276efe1f7,reference,12
964bd39b546f0f6625ff3b9ef1083f797807ef2e,reference,7
87778991ffea60f1d4e80d726335338270ecc2f6,reference,33
c22323a784c3408185076841b341dc9b83a943a9,reference,5
3d0bcd30f4e569dde73522d574c2a1adda90c451,reference,34
4ff4abc3b165894533c3d1aee4b920bca3998d2c,reference,13
e99de66608a3b060d54548b9e9a7c39961872cd7,reference,5
8da6a8f972d76be956295287a132c3bed5709f3a,reference,19
104b0bb1da562d53cbda87aec79ef6a2827d191a,reference,7
0c5c842529ec2f1ad6213f1827456ae77761d523,reference,10
123acfbccca0460171b6b06a4012dbb991cde55b,reference,30
080df61ee1c15ff3c8e5d0d82d60bfd80e372e38,reference,20
cd6652fe413d57d05b44e0f3aa036c54f0eef464,reference,17
6a2a756c60dbc99f666ae6e32b0dd1a58e1e2de8,reference,29
2972ad9cd2f5a8efaffce15fc527e1a8644b081a,reference,20
82cf69e48ede65b9d1f419da786c0349342d449d,reference,7
6f5fcdceec0f86b54ace93e30cdc497b5568b714,reference,13
a1a8a4c5705f6d71ef4bfeaadc47aa3e8b045326,reference,12
5b08060d9efee18b235b4d49bb1f58898f3fc24f,reference,5
0d80869892bd9d2f3d377a0d3c491effa68de6ad,reference,26
arXiv:2401.10034,reference,14
708f8c0eb5032edd6f31663a27febbb0529cbcf3,reference,21
8dd9fd6a45afd266d48255c398429e01ea4fd6db,reference,27
5ecff61d9e20a09c644b5a9a97c94bac5dae5d92,reference,19
e10ca043fae02972f19292efacddd8e0f216b70c,reference,10
arXiv:2403.13369,reference,6
344ea934835aec1b883210eeea3855c279549927,reference,5
f8b5ee53c3410f20049e7def47bd52403fa388e3,reference,5
748698bd4387afd08594e0dc8150c2afa210d9ae,reference,29
2296629527ebbd6f8c897df7cf5cdbac3f0cc15b,reference,1
38f23fe236b152cd4983c8f30d305a568afd0d3e,reference,6
b2dc2f1e870c04dbbd0bdd4605b2843aa171d01d,reference,6
e50893c5a3ad950a1e0adbb59086948043b5c517,reference,22
2a6da67a4fa92b0925cfce8888b080b55923d5bd,reference,0
64fc00dd379c1cd176c001794308459b92bb2490,reference,6
arXiv:2310.14025,reference,23
cd1e2ded67cefc8811bd2bed6b39182e11aae5a7,reference,12
bcdc102c04fb0e7d4652e8bcc7edd2983bb9576d,reference,20
7b1ce3e66e47fcfad22f8d59504b656762b1bc32,reference,30
36789799e464aa7465125ff8e778939843a0e89b,reference,27
793e976e1c35182ea4c970fd4f262e530ef6f2f8,reference,10
aade40af0d85b0b4fe15c97f6222d5c2e4d6d9b3,reference,5
ac8bc36c253c8593492afc2db620c01b152dc778,reference,5
b14088a744640a5bfc39dd136a02eea65f4092f6,reference,0
0c25bdcaa64997f466fff5afcb530bc19b0d9fa1,reference,8
3febb2bed8865945e7fddc99efd791887bb7e14f,reference,8
d6572f2250337975fc4a54abfcdf08b4829b2cfc,reference,13
c7a7104df3db13737a865ede2be8146990fa4026,reference,3
8943625f88f49ba563900a21915f40476206dba9,reference,9
5f6ffd39e74a66492cfb34b62a21e91d08332e35,reference,19
3122a2d7799ba585b993e432b3deb47659b3f3c1,reference,22
967e51b71304a8a7e27e56f73f5bc781d2864e72,reference,5
abe4e92d6e4868115aef57a4eba97ec4d48ac124,reference,19
687dce9ac01f5996601655035c34b449c27c3b6a,reference,27
c68fbc1f4aa72d30974f8a3071054e3b227137fd,reference,16
7365f887c938ca21a6adbef08b5a520ebbd4638f,reference,7
dc74965459c102c01852fe1288c55f9268010dc8,reference,30
53f1779c4169b128072e6f50dc3f31bb2c530a70,reference,15
60b1cb425dce9522c34e403e5bbf7a795d4c21e3,reference,31
f2001dbd83c92be784b67744161d66e2f25a9d2c,reference,0
4d76d602d913852327d576b0af92ae4ed0ca1d2f,reference,5
248198e2fc080cdebbc0c88508ebaa5c604655d2,reference,14
46d4452eb041e33f1e58eab64ec8cf5af534b6ff,reference,4
6171ef8ac845e6589712cd2054e4c372cb6bb6ef,reference,10
b7e03e82d597571f00aa8802699a9d7e7164ae92,reference,7
f2b0017ddd77fa38760a18145e63553105a1a236,reference,7
c0605c96870e59b4caf2247a98c6bd3aad25882f,reference,13
d21ee832e173affb43b31e536dd05036daee2641,reference,32
488fe2687a3c737510308f3a37c1ade57dc86938,reference,5
a765d5e0f48368eddf9c604975fef5aa04925372,reference,15
3b6f5200de63ae5c96c2711e1a0bf1cd4464447f,reference,5
13167f9cd8c7906ca808b01d28dca6dd951da8a5,reference,12
39e40821b7207125e54e6ed7112e55cd38c6f0c3,reference,0
3e85d208b1b927fdb69ecf8336c70995818aaebd,reference,0
00c957711b12468cb38424caccdf5291bb354033,reference,25
9d125f45b1d2dea01f05281470bc08e12b6c7cba,reference,31
4d271f0129de69cb1c57b06260b40a6d6f59dacf,reference,18
6597d61bdb531051678c773526758a6dc113b9ce,reference,21
5749008cda6469b8c51ead7f2c0b70f024584b88,reference,18
efdb16370a812a77c5bf9712080ecf94454c0d8d,reference,27
78281482c1fdad8e167bab39cc9955c73d58ae8f,reference,3
82d97edc8c9f3f9423fdf9aceb27be92a3817b1a,reference,13
929305892d4ddae575a0fc23227a8139f7681632,reference,16
4f76d26369ee573cb03db4b9f6e4ab5d61806095,reference,20
d1120d67b700e4dfe8b39eb1e48fbdea4e1a0c43,reference,2
e00867c7108395d56b823bc5c75d2f4591e2878d,reference,0
094b6847434be00e41686529f45d895bd632f68a,reference,5
7da0f2501034522e3d50af7e9b8fa7ec9d7b65b6,reference,11
6bd8f3d617fa0c6e38eb0f042d20bc571dbcea96,reference,5
f8909e8b359c72bc0e3257dadcc48a8787bca74b,reference,12
5d127eac20332dfa5bfa62d67447e681b7c38469,reference,33
9709e93a540dbaefa3f6d9b60be8841d6e2e5369,reference,12
e77a1ce12f7ffdd03b88f0c9e877f4d8ba7f6472,reference,30
38333f6e8f0388968edc4b2ea7a683ce69677e69,reference,5
63c74d15940af1af9b386b5762e4445e54c73719,reference,23
8ce67552b8c895ffe6a5c08f17df0d76af26b848,reference,30
f8359e7d74b2be343379472be3d2b452fcfa4801,reference,5
3b451fa663704f927e1ec602d7c0845a9826922d,reference,7
0d11a9674b68216b92e08cf7617a93fbd3fb91f4,reference,9
cc2f46ae72fde28b1b7ec0dcba4fb435e652606c,reference,16
34038d9424ce602d7ac917a4e582d977725d4393,reference,13
3158b015ddd3bcbf710e4c4acd24737f6441e1d1,reference,9
09ef867e603215372d394dadac2b8c93cbf4359f,reference,13
fe0825f9ddb1cccb545f4249da55b6b55e577bbd,reference,6
ce37a3c0a233019da9b97a6f607aff5c1997ec91,reference,14
c16c05ca0a3d24519405849fd24604fc1ce47751,reference,31
faa5f1130ff9d05a8ae5b9ba79d675bd4d917c5d,reference,7
f0dcc9aa31dc9b31b836bcac1b140c8c94a2982d,reference,26
efa6c8c11a59284f584fbc8caa49f1bcc68deb01,reference,9
51197d4c0a0afe05ee6ead4e74ceb6b772d9a050,reference,12
3b47d62856c313bbc1f81fe4e73881c3291ec9c8,reference,10
d78dc3f6f35df1922f6fb170fa9f6e26e218d424,reference,5
5e9c85235210b59a16bdd84b444a904ae271f7e7,reference,20
039b1c1210c437f3b3ce6e0275ee2137bf5b951c,reference,20
c8c4ab59ac29973a00df4e5c8df3773a3c59995a,reference,7
800366078f063a637e6a4880c0c49c217c7905ea,reference,7
0a78873e41615798d09391d9f40d41666b8c9beb,reference,6
a3f4cdddf99ada7fa3517077df09593583cc778b,reference,25
1923c58fc31626256f923673035247a45fc9ef84,reference,18
2c994fadbb84fb960d8306ee138dbeef41a5b323,reference,11
fb2307f7ce7c6868429ee3ee15d6eaf311ecba5c,reference,11
4921243268c81d0d6db99053a9d004852225a622,reference,3
fcd65e4387fe8a49a11fb818e5cb8994b87da757,reference,5
ca31b8584b6c022ef15ddfe994fe361e002b7729,reference,0
af27f9ada598a86435b778f136bec07d1294a69e,reference,7
12f73463e4ad2b70da3aadd01bacd04c4e49f475,reference,34
e012d3260b58015167b98db0a248aa1a1360edde,reference,13
e8d84c7c098f087eb935ff5eee87e0e585d6c758,reference,8
001a94d5ba6a6cb39eb8a1f074c1ab1e4bbe73ce,reference,19
1a6fc05a37ae1b2fc7c6193cb6dc8282767c2cb6,reference,16
29b77089a0a40f46372ce2dca9c3bb2dd5d46b1d,reference,22
f7e41afdd7b54af3ddb2bff8005efbce4de87d38,reference,7
e692ab8e6d1b1efb11b24ca31bd9ac53caa021a6,reference,24
68850153b0210615c86f9a72624f34e2913bcddf,reference,25
7536bce1007a765fd097a7cc8ea62208a8c89b85,reference,10
ef5fa2e95fc853defb902b58d8e4e4fe95a01c75,reference,20
cfdc21f9a6695aa4fe7aff3312c57d2496606202,reference,5
9967cb4fd949039c6f04dd9f2f4c3331dbebe6f7,reference,20
fc97c3f375c7228a1df7caa5c0ce5d2a6a171bd7,reference,6
4af237dfdd94d9c4e725e0816e4188e560b2e751,reference,14
8eced091ab3e3fd0b1747896cff082711c510d4a,reference,18
17c2bb358169541f2d0a769f80779f46d1cd3d37,reference,23
1c09abcd1b443729f949114cd544775f67299884,reference,30
0bdb616e15d3d6f17b90e2e5c588bfecac13768a,reference,12
0a7620afb12870a5df0e178dd175d37a5cbc8c0c,reference,23
5b537435ec84b3371640c79ad802c16e8ee2e348,reference,0
afcf4dbd2ef300e5c4b35043d4fbe516807cdf7d,reference,3
28f14bf449f63d57664d5572d20a6bf3da9f09c6,reference,10
4ff46d1291fa06b9d5dde4c7347c90648813e028,reference,7
f588a173cb6bae00a3d4f04440afb86a561b0406,reference,14
arXiv:2304.12244,reference,1
58af2d4fcca54c14334d1efd975554b4eb78cd4d,reference,29
495da6f19baa09c6db3697d839e10432cdc25934,reference,7
6fd1f59a0e8ad74fdd1fa0afb6cbb9dcc0ce22da,reference,18
c3033708bba45a64916732506afbeb51d602425b,reference,10
3f77a630fde20d75963fb7f91fe1de42e78ec1aa,reference,10
570079bbdd8758dfe865097e05719313c9c1301a,reference,2
c304745c22b4cc70578eb1b86714d358565ca102,reference,11
468c1d2d8e384472f313ff0487839839727b8934,reference,20
f6807eb4c17135f21485bfbcdfdbabf1f8f4f0e0,reference,27
07955e96cbd778d0ae2a68f09d073b866dd84c2a,reference,5
bae21c43d41b3d2adb619ed7b92ccb252082cebf,reference,19
b000c4f2bdb2cdfd8a740e161717d57687b49d71,reference,18
631a193f976c15be5914777a3dfef1e00ddbe664,reference,15
76ecdc5441e5e6c07e250c8f45b6d8367acec56f,reference,18
0803b17c8110c90eb660f97979ab1d01e67a9bcb,reference,20
a79c75e65ddbd9a652b6ee8b364f2880d35cabb7,reference,13
c8ed4a46e6aa565ea757e0ff5b7c160419699026,reference,13
f95e21fade86c3e9d6d420bfe89eb9c169e9a15e,reference,0
895b531b576625fb32c8102e16dda98f74ad3997,reference,7
a9161bb1bf727532e1a4aacb7ba1d7cf175edde0,reference,5
61aa225f9ac05650e7d9d878722e18c0704b6063,reference,13
25db56fc85fe15625c3375064a35e908ba6dfd2a,reference,9
66c8ab0b3b7698cf5333c3f7350a6eaa5302294b,reference,7
971c56413d65e88cd378586666de16cc49e2dd1d,reference,19
451539c0d0f5f5785ff58d09ca5e67a5f129f9de,reference,14
ab90806c8e575f16197a227feb73fd843a6b52a8,reference,29
3079b6d6b6655b0e8be6336339a8284325ad23f8,reference,8
eafd6d3898a12fe34b99a1df9b55d1a4ee891a81,reference,10
186c7e80de21eda4272687c2ee1542af0e66f20a,reference,30
ecd9168526d1a82ac2348c8de52bff6323322da9,reference,7
e4ce10063cd25447dcde75c2d9ce327446ced952,reference,26
b0a4c6ad8b6988d2c23fc66cbe2c5a0dc3fc104d,reference,14
2d490eba09df407118cdcf4d77c3e5fe2a909bed,reference,24
c3e37d91f76bffde82db6ae7765017e942e2e5f4,reference,9
93d63ec754f29fa22572615320afe0521f7ec66d,reference,23
89d1abc058beb59d0635538483be69b988835e50,reference,15
b3848d32f7294ec708627897833c4097eb4d8778,reference,27
4d7c68ec1a86ef5d187e7edb2f0ad63adddc8ea2,reference,10
0af51c6a6041a439796a334f65327a992c8a3e63,reference,0
868349fe969bc7c6b14b5f35e118a26075b7b1f2,reference,20
40e9dc5809a606d91b9ff30e3e67a7d440dd8987,reference,14
13c4e5a6122f3fa2663f63e49537091da6532f35,reference,12
bcdaf6c98ddbd6809cf6241aa77200d7394db163,reference,15
572b6fe8d75032c159896c644319dacdf594e9c6,reference,26
f7bcd0279f7f65112f1bcd13e539e26803b86bfc,reference,16
1a632fb89b6b05dc16fbc026d86e390e22ca6ac3,reference,14
bb6c2a64ecb6e4c9f3f5720d53cca76a2c37505d,reference,21
a2d5c3d4e14e5163cb653a54fbd174e94d8abc18,reference,9
a30f912f8c5e2a2bfb06351d4578e1ba3fa37896,reference,27
6cf50fd00c52e15c4f7bcd3afa0e48a1489e5264,reference,32
5459cab5dcf3c65c6b4f63b3d9f1e376f722bbcb,reference,25
ffdbd7f0b03b85747b001b4734d5ee31b5229aa4,reference,13
077f8329a7b6fa3b7c877a57b81eb6c18b5f87de,reference,7
d2c9ecd067e6503c8abb0aaf64679befd3e86e24,reference,15
13d156f37ecea807706fd117547ac1b805d5c5aa,reference,17
ccca3fe638773f3dbfc64ec87a33169df4638d7b,reference,21
7dc928f41e15f65f1267bd87b0fcfcc7e715cb56,reference,20
641a9749fe546a02bbab9a86bfc91492db1c3bc5,reference,6
403ad5d6e78fcf29f1ac526fbc9ff6cbfea555eb,reference,10
305b2cf37e5dece81e95c92883d5a6e28ac93b22,reference,9
5260c6b7b402ffae46bc53b337c71e7b80239432,reference,13
85cd8f7b708bdb2a4d7bb5ae868b402c34d792d6,reference,20
a4ab1bd1501668e932c986725b33d065e4f0a233,reference,7
c0644fc5b1af9aad48b1805b0264cd58d5965d35,reference,10
726320cdbd04804ffa8f3a78c095bd1b55a2a695,reference,24
f1cba8a5a73c8151c2f5cb6edd5bc6a7c03e80fa,reference,9
arXiv:2305.14257,reference,12
4ef3d9e492479e28fa57d107e52acc6a0c803de2,reference,23
83ae44d08ee5c1348b0fd5fa3ed9b4236f98ca95,reference,13
c4c9f7a2e76a1edfb4ab39eb78b99ff72763111c,reference,5
df40ce107a71b770c9d0354b78fdd8989da80d2f,reference,16
5e0daaeceb75ffbbe23be13d34ffae830cb4e8c4,reference,15
731eca85fa51e95d04af5121b0c95d531f4e238d,reference,30
dddd33f1e83220f5c4736644490e483f9de32ed1,reference,5
7d40189f3fa56728b8d210628e98fc204961778f,reference,22
498c525afce5be80951babc666d865b86a38bdcc,reference,21
d83f326e5c0aed1d0cb82a6e9a9e09d3b72394aa,reference,5
92131dcf0d2311a63274c15d52658a76a7de089c,reference,16
4eb48417f74a6c0cf156841a7375b8634fe27ac7,reference,11
e88bbf62d3ce30e5a4c8ba7919f9d0ce37573d92,reference,10
25b8211adafb5a1863558992adc2a693fb082eb4,reference,14
b6d553cfdaa31456cb17259c3190dd0cf68e0b30,reference,25
5d94e85859426b88365ad51f0ed1de65afc89d63,reference,14
4383a975c09b72ba2f1a77cd779bb6965dbfb2fb,reference,27
d79ac7a7bafdc9a782fb8c53285ca11c7f2e3f18,reference,20
8c90e1465917674076f860b707f396c1ad6d56b9,reference,31
a23fa96e7217ba0e9405d9e1fe3cdedd57b6e096,reference,7
0fa56e9ad5cc3da874ce5d1d9a1e868f6528db1b,reference,27
d6917f134dc56738736afb7258762519dfbd710c,reference,24
a0895e9555527e30b82a8c66b6993683c6cabe14,reference,18
2132eac5628bc200de226b51f1dfb82423ff1d24,reference,9
2e70bc1746833bb46853de7f47407509d54fc42e,reference,5
33998aff64ce51df8dee45989cdca4b6b1329ec4,reference,23
ee0cc4e2d29faa669ec9999de177b084c6469181,reference,19
a09cbcaac305884f043810afc4fa4053099b5970,reference,10
dbffa240cbc08d42994f06cfc074d125fff746ff,reference,7
cf01d7c40cbf815de0f62fa78c2352ba546ad680,reference,20
4ba6a6b02f8ae850b2d187277a204104b70574bb,reference,18
arXiv:2407.20046,reference,9
b36a5bb1707bb9c70025294b3a310138aae8327a,reference,32
f1ca7a5c7fcea6e9c7e4207d39e9c0be9515ad19,reference,30
1d5c07e7415a7e9be078717197ddf9f3c70a2875,reference,26
9b0847d1c1706c116bf030eb1780be94c34e137c,reference,30
4a7855ec905faedfa68235b6f3966d8269f03d18,reference,13
978ccef3159742ff1a3dd33c0ebf9ab2f2ccd8dd,reference,0
94ff111c4d81bd03f159321728ceec8b4711c89d,reference,23
a32887af7eb1fcfd3b3d892ad41f3516a37f11c1,reference,13
a1999b7fe0bcdd1594e86f9906d68d636201636b,reference,9
0af4359948693c7aa60caf5e13aaab9d32fced92,reference,5
265a92d2958a06c88207c3adffe088769cb5b65a,reference,10
1838d008ff2b8ac53c0b196cbdb6e4c637fed748,reference,6
177a491b9517d186d7e182369f2e0c5118d5a152,reference,30
b81fcb25cc5c4b0a850411fc6181eb96dd78b2b9,reference,17
cb596bffc5c5042c254058b62317a57fa156fea4,reference,3
06a6be404587092b558d97a2e697049a850f3c37,reference,26
56ddd0b86ca0bc5fcd3ef66c6b33e2c72163eadf,reference,19
2f112209675710d3ec2d6f1d06bbdc74e9bc60af,reference,13
3f2690d8d55ec7562e5779f5ee30aea8355f7473,reference,15
8b55402ffee2734bfc7d5d7595500916e1ef04e8,reference,3
f840eb1c5ab5cd76b52f4935094161cb0784ca4f,reference,31
31c3743e9fd4fa501a3e9e883b54b8777af2c4de,reference,15
501f8a0200a12a6f3906c1e4f3f40715e0e7d23a,reference,5
8691706ad0cf5e83969658b2e6bfffdc379440c9,reference,9
1cde7f89893e54891936762ecf80f23f39387aed,reference,6
e0c7da7c849f6daa94055081d5209275c227c207,reference,5
62f0db3a5ad5c795ec18fc7a6e7b01836809df57,reference,7
0f9a3c5c6a54fca6be2afa0fd5fd34eed96a31e8,reference,5
9dfe937f405b95bfc5e8e3679329a1f16b37e276,reference,28
2d489546cd62964fbc724ece272e6500d1f31cc5,reference,18
75d824dbd7000c49a8eba401d16c92b236d39efa,reference,21
4d437771c317eebad04e8d2f27e26d9475cc2952,reference,12
6f0aba8102d63938ce0b48ec23ff5ddd8110f2e8,reference,13
559e0d074fe517d71acb593961824fa0717e73e8,reference,15
9190dbc582c9871dc771fc87afd85ea4c2455fb9,reference,10
43982aa7065a13bc1c58029926827d1907c8c525,reference,5
14347af6ab135fae319dcbff9fe573fbe757d99f,reference,8
209135c85dde308489e54b8be005e5e7885ee7ad,reference,25
3a29aa4eff48624752c07059a44d3288a678c8ab,reference,27
bcaaa81648c1a6b733a0d142a573a2a855ee1cc8,reference,21
fbe25e4f069a19dc63daca27b7c98cff338663b9,reference,27
e1b62c7ee4e22ab63e3b0c9968563e6675833e36,reference,5
23fab22d8616f031756221cdfb818f80a4f8bbd5,reference,10
96c90a0c76f361fc45af33569d9f58aa3ea7350b,reference,5
dd01291bcb89b3332e6fae969f9a15256325f004,reference,11
0f7254bb124913ca58f814dd0c6ab2585dc05c77,reference,12
67ebf843a58bf20eba8baa3513235bccce88333a,reference,27
6fec3e579c7cd4f13bdabbee2b6ac2e8ff5941c6,reference,18
1fa4469e5bc5d096572902fe14b0d66078a24c47,reference,21
f6d60ef6317a9f6de13e03b38c5c9bb8e6717d49,reference,15
aa2eac44e9725b6201c272a1a1bb75adee837058,reference,27
742b501ce3cee83ef610aec9e51a889f8fd2418a,reference,20
f9dd0674e17e63e8891d603d1454f2e6a254626d,reference,18
d8e9f8c8a37cb4cd26b92ad0d942d641cd512644,reference,5
arXiv:2309.04041,reference,2
0244aeb7c6927e2fb0c2e668687e160a00737dbe,reference,29
6dd8c37397bf7f4b3c14af479855015852fe389e,reference,21
fa29555514cffca87bea5ae68160c0d95050a973,reference,18
6027c53392601e56901a07e7bb69a57de55c1087,reference,18
c1126fbffd6b8547a44c58b192b36b08b18299de,reference,27
703685e969fed715e13937c11d7ecc5cc7c4dfd0,reference,4
446411c05aee6221ab811345c6a754f9b701b986,reference,21
624ffc3675964e156e21e79e6b223b808cf3752f,reference,18
4d7a9197433acbfb24ef0e9d0f33ed1699e4a5b0,reference,10
fc41fe02b7a66f6243e58e038614afb1475f1718,reference,7
d84cf745c534c010b8e55e5a4a04878906848dc3,reference,30
5eca865325ecb37e37f3e19b6d435415571cc1ac,reference,27
640ae2b5551e30653609ed66c04c39d403462d0b,reference,19
3b4e8ffaa99bd3884d64680841756a1926ac7c69,reference,8
c95b6d5b5a767f032226cc28ab35f17221f3fa8a,reference,14
b68440e6b70e5e9875e261dbd835c982a5541a83,reference,10
f6d9b2dcde4cc646d2b5eb2ad0642cdfa0c0b4bf,reference,5
9806cac2d36feda043dcdfe0f4de2608127da27c,reference,31
129cbad01be98ee88a930e31898cb76be79c41c1,reference,9
424cf0cdf8015640ab36d80cd15f92476aac46b8,reference,0
97fb4e3d45bb098e27e0071448b6152217bd35a5,reference,27
03092a3f26ed774af11cf05082a3d48e6ae1429d,reference,5
9fe9af7cf3d54b707a7be3c53ce94b77dcc3bae5,reference,8
2cd72e71299c5d62d5cdb1164df5236172d418c4,reference,17
680bfa179c33d56f524c6adf9b7f7f5a62e5ef46,reference,9
f7d08c4fdf359f5cf0946a4a86db52d273a59ba4,reference,32
d97d91466c547afef5d063107491fa87dad6eb68,reference,7
204e3073870fae3d05bcbc2f6a8e263d9b72e776,reference,8
b4d0f1237431cbc73db16685771790541c8c246a,reference,5
3d42ddf7c5ce59ae04d1d27085be9f736d1be04b,reference,20
4466d5badea508744716e64fb8e807e0ae4fdcc8,reference,7
3544650f12a05cf4ed3bf2f7e22fc5c02fcabf50,reference,0
b50fff2325c542e399a3b9012b28edea55651560,reference,26
b5503967d39557a77c70076c308183e92d6d775a,reference,3
78fc3b741828124d8a79667466516a544143bf68,reference,12
dba0d1b4a411e518dd0a72f1ccc949d9cb7a6365,reference,5
3962a66e72775ddb496b2425c7451394d02b17b1,reference,17
arXiv:2309.02144,reference,29
89a1dbbfd4c96d90b769f5d3427bd970b082898e,reference,13
47c293fb67dfd99a106d88ea3df0d5f6f4fd8251,reference,10
8b191d96db9248c8284d6146976ca3b5c4858f00,reference,5
e70af9ee02523dc62c2096c09c1a638210f9dcde,reference,10
5ed791f810da580c78df6a052c6b9f2e258f6b0a,reference,7
6704ead9baeff735cb33c203df4458c525eb9cf9,reference,0
38115e80d805fb0fb8f090dc88ced4b24be07878,reference,27
6e5fcea2575584409c18848b46b2ccdbf200a1f3,reference,24
cf3cfb90a6d8c431dc8a7f115b011d5ffbb439ee,reference,17
1d738fa77de08592d9b77754e48cc63e276e5c0d,reference,2
fde1b0aa9d347d638944e09080e1cb8cd8538d98,reference,22
8f740bd65d1ce38b0ce6e5063ccc390de88af0ce,reference,30
1b560f892432fb853d233c92f9294640bc91de3c,reference,7
2ca11541c0ed6793e5da067a67b6746db3d2b8dd,reference,23
c1e49d830e67269d4d2053a5f124ea773c79b740,reference,8
98c0919b734377ed936c7fb213669039bb2c66df,reference,13
4f0ea476d0aa1315c940988a593a1d4055695c79,reference,19
46d79f9a1b3524e48d33baeb2c4d1e108a94b25a,reference,5
8e080b98efbe65c02a116439205ca2344b9f7cd4,reference,3
6fca260e9a3c37e246cc15e7639d1a5fa2aed465,reference,27
32e2171f7f981f438ab24a474bb9da791e369d2b,reference,14
arXiv:2212.03812,reference,19
24f9efbd9e229a085d4db2f477282f8ad80f1ffe,reference,5
54aaf902fcd112d91783bf35861cd9137b342e4e,reference,0
78bd4518950e3f0bcd6aa9f7f8e09cbbf13eb11f,reference,4
4096c5fe5c816f66a2840dca9faa43658072f08f,reference,30
cb5f63d43dfb35607104f35a789cff190b66ea64,reference,19
d6d0fd994f37b630f35945736b5e1bb198148404,reference,15
9df13529b64a85cc28f8befc4ea097fa9aaa9251,reference,20
00ed15190582da13fe9e7d4edaf1be07097ab5fc,reference,34
e5e3a4a13e719ce770e036b4eeb82c95527c3296,reference,24
e937c933aeb396c442366a6bd6566705120b9f14,reference,9
b8d5b853f2212cbb48a43f1edec9b96d76d388ec,reference,23
dd7a74a09fc29cadcd47fafc4f7812bb8d2d7208,reference,17
8a4fc5f00cd4aca61e148e46a2125c3a406719f1,reference,4
1a2063aa3c29aabca3e264a4fb04b31f3e33c6a5,reference,5
72c034e53213cc2f4913d73dd838b64d7b641585,reference,0
d0d2a2f3b4f60ac9fc938bb6266b7a817c99edeb,reference,7
807f336176070bd3f95b82a16f125ee99b7d2c80,reference,2
44088885e451744849acddde9ad3ca9c1973c6fe,reference,21
952fb6413499bc377faa51bf71e4d558ac6f6387,reference,5
ab120b86afcf7a2441929bc083d523eb473ac5df,reference,30
12fc53fe5d94ce80125d33258b5bff84115fbe47,reference,8
5ddb51ae85deca14dc7fc8adc07305c22a1ebe0a,reference,2
3d864a8bc5a55ccab9993aa66203d8e70b88148c,reference,20
29260b18158c7207c10155024e05a7348da9e241,reference,9
32378b6239f90c6a25d25c8d630e525d7336c42a,reference,21
a98862ffe4c18634a67a3df8a965a35e5e0d7ec8,reference,5
02e46711fc86877bdd279c736abe5415a2415e48,reference,15
ee8c1a46c90f1261c23479e15c6bed7f67ad8943,reference,5
edcc6f55b8d05946590b8629273b327acea8e8ee,reference,21
a1a197449aeca81a39cb2213b41cef4831d6983e,reference,18
c47f0a5feb18b036004b5404ef78ac94a65fa489,reference,26
62aea76d71538b1103263193d5814a9c97af0b49,reference,10
82e440220e29d6c2c5866f9cb40e522ca0c8a22d,reference,7
ac2618b2ce5cdcf86f9371bcca98bc5e37e46f51,reference,5
2c2396e96e88f8ff0b7f37ad243675913761d58d,reference,5
2c6ac935c826002976722ca8d3319f691975687e,reference,9
c1207d129ef00134ed28c08540489541ef06db52,reference,12
bbf272d92b76cc5f1e6f793dcfeb5edd4abed7ef,reference,30
0732df185bdfcb9c908ec30bb441252593f58875,reference,2
3b7ef6f9f27e33e6a4e3bfac90dcb01ab09718bc,reference,11
163ec8d4f0e2f5bbdda188c29d1896c436a65885,reference,19
02552a8b40f3a82a5353f596264db71d899a9b4a,reference,5
f3a6115e5fb2237df938976e005468f0b18da797,reference,29
62ebe8559a0a735712dd261744f9e071ec68d6d0,reference,18
9a3799afe5b8ad041be8f5b71d0f8342d04be6d1,reference,5
c23d9d44e8bc68408cea9f305d1f24d915bc0d0d,reference,14
053c5aa2e42c63863948464e245f94f7fccba483,reference,10
0eb4c850b0a8dba44b80b62d10ecd20fb201ebe0,reference,7
9e4e3132dd293b12b18fb1d7a82b28509d1cd0e6,reference,5
db9715d147baf3fdd04830cfb7c88e30c07658eb,reference,9
705f147fe96bf40d50ac46d8a69b5856022cc3c8,reference,19
55635aac4cd439a00356f83dad52bd8d7b0ea87e,reference,5
288142d4fb08f6b881b5164d0712268430173ff7,reference,12
44b17e06fc7fbc87dd30e4a08f41507764f97e3e,reference,22
7139a5f730652abbeabf9e140009907d2c7da3e5,reference,0
4698fc4712f0212c8a3810fd67b41ee8b8896aba,reference,0
a440bcf181c7f7b072ef178a067497c55805685a,reference,2
cc90910b6e31fe44cddc1e341f21eec0aaa5db44,reference,27
d97e7561fa7710213ccd4f8128044ea6849be377,reference,7
0c908739fbff75f03469d13d4a1a07de3414ee19,reference,22
b68b2e81ae2de647394ec05ee62ecf108bf2b50a,reference,16
7cd4f79243c11ea79e52a2488c9202a342967447,reference,10
650424fc670cf2c8b1535d518c5e760d07ac88f5,reference,18
1ab1d9ca27f31fab7c00e80ba1bf9b28ce75ca6e,reference,7
e38a41c92e8cd83b2ea4254691e2f303bda636ec,reference,14
67c5932e303a63adb37e71e4fb3698a9529b0a5c,reference,10
ce31151064003530fd21ad5395bb48eff50dd63e,reference,5
30cc95639cffca4ffa8c0eafbc502636c0c88fa5,reference,3
5001630bcc65e8e0e621b19625629a2689724743,reference,20
531819f267c1b7fa6dc37e29c8fa4ba0dcf4a6e6,reference,6
1b70be8369a4dc713958ece3d685e8095794ec04,reference,19
b4438df23f883e5c65af33a9e0e6be3573728ea3,reference,18
544f2bb75294ced19fc0f80d50c3f4f7bc7b327a,reference,24
52e47212cf498953d428225386a0c1a695ae5c4a,reference,25
ecb2b0859bab2761be397804516b8de3983366e8,reference,6
e50583008fe4ec049e42fdc01727ce98f6d86a35,reference,3
a2a53a3d328b8b72672626a4c4d50f721418e6d7,reference,22
23e0b92df3a877b5141c066e69db483370169176,reference,2
8ea76748188ab2b4de078eadeda6dd1cb35a0a6a,reference,15
970d9ffcff27e1e1ce3f45734d59e9f99bef23cc,reference,12
10eda4521c032adabaa8e70d6569e17370b29dcd,reference,27
9bd85c5c961c46068860b9db2f0b2fac71503adc,reference,21
fc0763a2da79777ad9174b9eac3767f16a86cbc9,reference,19
ed5020eeda1fbe8c29b1282d654b34abee22d90f,reference,5
e2304da24866d52a8cb7bfe4a49d971bffc39397,reference,19
1fb1bfa7710bea404921563c27de87d4ff196244,reference,13
2d6c0f7774d9d30d4972f5dba1d6e5389b3ddd2f,reference,9
f64b05541089ef72baea0db056a7bc6e8becf597,reference,5
8f1899e4f45c2eacb3b0992bc0bcc482c3b44ebe,reference,13
8e431ca2fdb96320e8ea10cf7cfa0730fcae9ceb,reference,13
34f721457b92155a5f5ccaf5201c1a9f0f6f99be,reference,30
7b221cce8fdbc1105956b27c938730fce8c1fc10,reference,9
6013502525070b5d925310e4c6b1fe3b24699729,reference,17
c667b9f19457afcffcc51860fc4df3f984a7716b,reference,24
13261129251c9e8891cff02c3aee15c4df6a5630,reference,11
e23c34414e66118ecd9b08cf0cd4d016f59b0b85,reference,8
ceb48eb6087da49e21e6e9dca33c37a39ffcab9c,reference,10
0c8ceccdb1267d1d2a5e6ec50cd4360dfb512d33,reference,14
86c7cb73e3a42a130c8d43ae3e26cb9c8df381a1,reference,21
4248b1c782d1e3e3b53a5126ea269518af92c68a,reference,17
f7c293b2f71a73a8b0d538276029365bc298af50,reference,18
5e07cb357ea8078af34c6e9154a0c746af3a4d9e,reference,7
5af5ff5d7ca26625456e37634beec6adfbfd7b2e,reference,15
ca7363451d032c0ffc229b4e5efc390d52ddeebb,reference,23
c5ab539ab10d85a784487324360029fd5cf96539,reference,23
55c15f6db20c63e43f73516ccb059d7a8518a788,reference,33
80376bdec5f534be78ba82821f540590ebce5559,reference,24
7dc156eb9d84ae8fd521ecac5ccc5b5426a42b50,reference,17
a7aa150b55d64d339b1c154d6d88455fc3cbc44f,reference,23
b23c72917922454a27b67902ecec4c3191021073,reference,18
arXiv:2402.04477,reference,8
bdbf780dfd6b3eb0c9e980887feae5f23af15bc4,reference,7
e0328f17e5626bc4e370a2ecd1104b61408070e5,reference,14
815c84ab906e43f3e6322f2ca3fd5e1360c64285,reference,6
4bb0b12803791764d641a4cef1e0ce39cf049542,reference,13
7fc2db7b63c658d4df3c8d5e32a5b8f59c6a4205,reference,18
47bbae4cae59943139710272eb99915e2abae5e3,reference,21
3a2692cf3836445bb2543a110efcbbbac37ebec1,reference,0
2232808cf3161ca4c434126e35f47ee33c0c8219,reference,17
b44e79fac0e7d389b09cfbeb6d5f2ded8bc11bbe,reference,14
6a58b96d6a91bf636cada92bd39478946f369dd6,reference,30
ad5970584754cc7a1d91c95ab84a1e210258183a,reference,20
460986c12b9fdedc3bf9a710c429c5a84608055a,reference,7
c36f638781953f995eb3079f882174846b9ac16a,reference,5
9e67b9758520e49016ab66bafb974d2e1ed762d1,reference,7
2039018e618ccc34744addf94c2ab8ad141d7f24,reference,5
165499ff6ad4440643f5d70b7609aa5a88a68f95,reference,18
6d801505d744dff6bb787b284ded9c2ef901ebbc,reference,5
6e1f1333b36d2ccb562b7a8d981b952e152548f6,reference,5
8697802ce7c1b9f6e15996c4726f55a306884f7b,reference,30
6f6e2e0311589a9af045f6acd00b7dee6d19fce4,reference,5
5d55b3ad5426547b002a8998818fee9cab0b1160,reference,30
db96f3bfe9b32eea74e89eba6e45f6fe0b5694ca,reference,5
bf8491bef353df126e2306ad2fe4b898697b906a,reference,7
ae4614f758dfa344a04b33377c96abc10d5eeda7,reference,32
9109389eab4c63fa18b7cf13feee96dfb2f11387,reference,17
8d7ed6580a26d2ecb8282e81c8649e193e67d81f,reference,22
adff39f3972d349afec4bc7bcbc580b670a99097,reference,5
3ae65bb64fcf6a7d114f5df8888c9cede8d6b57f,reference,12
c5120b546f1bd99df5bd2e2bf44db5c7c46d1545,reference,17
469ecdbfd2603558ca6caf9d3521824cec7d0b09,reference,15
615f70728d7176acf83e310cdbcd763bbf6d5633,reference,17
5fbcfccd3736969d95ed660d8e6962c86b7a9113,reference,28
dccd3899dd16beec8adcc97b65f6e24e7927d19b,reference,5
eb606d9ce65139754232cee62f6ab77f3e0c665f,reference,7
e510bae5437936c24c18dfb81e5659f9f08a9531,reference,27
3779c1d2059e0daa9b511bb354172a9726cce54b,reference,7
b59d91e0699d4e1896a15bae13fd180bdaf77ea5,reference,27
f8b8f926bbfa327c86c40796131fe2695db81126,reference,3
ccd079b5d5fa300e5bcb1aa635d19405adbe821b,reference,8
a3e3a9d878999c7038c275e75f5cd8a232aa4999,reference,13
3586076dde156fdc97c66649b2cde7776cb205c4,reference,24
1ad9a295ea841599383e5ae3e88381438d4a7db3,reference,6
64a3fd2b73720467ffb29b2da85f5e9073842bfc,reference,20
651e5bcc14f14605a879303e97572a27ea8c7956,reference,9
49f79fdd8c3700cba48e28387c773673d64fbe0b,reference,30
42bfe1fd848644059061ec4ee47f96af14ec6184,reference,0
ae736662f64d56f3ab1894fbd9c45f8f37251843,reference,7
cc3b41c4d2ededb94b481089633ecb43d6b2162f,reference,26
3803d1f291e162bdaa4678a2c5a2bbcf63c050f4,reference,29
ef018d9fad6167cfddb7d6654c5422df1e953730,reference,5
a37a5fdf33fab84f5b4188417f6e6528d4bd4c80,reference,18
8f2d4758e6d525509ae36bb30224dc9259027e6b,reference,0
7de6f86076f2c6da70d09e1d3f3d1834552fdd9c,reference,7
64a1dbdd7653eaca25c78e87335ee156b6f6959e,reference,28
2d9b1d530fa2d3d26889508bbeab97d8fae57a5b,reference,18
4425405af8fbf0fd74b2193ce1fae9191a9b6b87,reference,21
fe21fd2fdd417f9004c1824a8511bfaca359da09,reference,10
16de2006e2960ba410772c6b6d460b83c0a5cc4b,reference,3
4651e2cff4e4f20bf6039c4719dbbe8cbe05b278,reference,14
09cedd18546c334891df025aa3a4e21658affa23,reference,5
652a78f354e0815c5524ab104fec18f60aecfad7,reference,25
26738278bfee3cc9e5b9b82d199ef3bf83e7e56e,reference,2
4fe4f0f9d39d708a6c3d7b8dfbfa2616cd376e1e,reference,29
126a4776ff8315fd506766cb8f3c722cf746ad9e,reference,23
d39f44fd94ab4e73a826aa1e4c0fcbc49377838d,reference,34
a7c31b6203949bd8ee6db0ebd4e075b980e9569f,reference,16
4b17662f21c6313907a022af20f88616d11620eb,reference,17
a38e0f993e4805ba8a9beae4c275c91ffcec01df,reference,17
13ff28f98474858d84c339e5301cb3bf468ac68b,reference,18
c3adb024751773fed2f9b7f6ac79e71434d2ef58,reference,14
758311575a6385bb15d4f9af8c0e671cb98184b4,reference,17
0b44fcbeea9415d400c5f5789d6b892b6f98daff,reference,21
458111ac5a0f73bb35a2acf55298268be25ccfa2,reference,10
88789ee88311acef28475ad33dbcd6b3c4be8358,reference,7
04ef54bd467d5e03dee7b0be601cf06d420bffa0,reference,21
b4a35e548de27b6924e5f2ee41d37238a5c4a1d5,reference,0
fcbfd0636b0555de70254f5adcbf01236a3d37b3,reference,6
bc1f4c4e4839bf64158d599dce7d2bc95df58c55,reference,9
afed6dc6900d3b37e528b9086661bba583d60bf6,reference,7
d07284a6811f1b2745d91bdb06b040b57f226882,reference,27
290add10c9f3423a5f55d087228e416c70996475,reference,11
c082ccfcfe1afc696e371374146ba9380b84061e,reference,27
69cfdc8df16ae63b7acba4ac6f727f78b86893c3,reference,3
044e13d7dd4e0655eb76f0bd00b2c1bdb44e2be3,reference,8
99c970348b8f70ce23d6641e201904ea49266b6e,reference,24
d461aef562bd9c13dc0f972f147df8be1fcca63c,reference,21
c37c23b12e00168833eccff8025a830ce27c5abc,reference,17
125456ddcd8bc9a8a5d8c98679d87cf39508a557,reference,5
a5036f31f0e629dc661f120b8c3b1f374d479ab8,reference,13
133b97e40017a9bbbadd10bcd7f13088a97ca3cc,reference,24
ee756e53b6a68cb2e7a2e5d537a3eff43d793d70,reference,0
fc0b46a0f3720e6c29c1a913aaa3de4a0699f713,reference,25
47814f791c6a379c7f53cfcccfad599463876e69,reference,13
arXiv:2311.08890,reference,8
44040913380206991b1991daf1192942e038fe31,reference,23
b290f29d7cf4c77b23a460d935ac98930ad8cd55,reference,14
2f2961362355e45fa014ca0bb8ce4495aedf8824,reference,5
10632e0a667cbc3c52cc8f11a46d8e8e9c7739e3,reference,21
916437f03195d740ba3ebc20d283869ce11f17a4,reference,5
554d59aa0f61edb9fa896fbf5cd574058dd0500a,reference,8
c957c50ead898bd76944a554f0bf02bdf59c67e5,reference,30
fa3549d5e44a052b522f9220f709f5d33c0dc6f9,reference,34
58f614941629541c8c04acdb8acb9e3fb350ac5a,reference,29
8e9ad6f8b2bc97f0412fa0cc243ac6975864534a,reference,23
c1c98ef93fb6474837961ef300cf3d8e7d3a0cd0,reference,7
arXiv:2207.10245,reference,20
547a136e7fc26dc9feeae12886ddd9247679d7a3,reference,32
6e76e29188ae8f5ff86f85945d4784b8c598b01e,reference,12
c3d3889cdf086e3104824c4cd05c5d09b1396b1f,reference,15
f23a0e443fe931aa2fed932421bf47c1a4fcf619,reference,27
19088a582f2eb657ac1803f1ea1b79058d5c3dc7,reference,6
5dbffedcabe3fa43060ebbe2b1789500edfd871f,reference,5
a286c7592d3ffe24065dfd82fa6e5bfdca833fae,reference,30
42be98fcec61d6b9efb4b0c62305526a95ed86a7,reference,19
0c7fac156fdcf0b82e1a827a390c9db58ffa9845,reference,27
0a1d3edb53e429e890b68ebcab26f36dbbf11b29,reference,22
513cd3699a0518ba2119f36691d23ccd6de67c0f,reference,15
874e9318c09c711ecd48a903b3824a3a03e2cd62,reference,31
6f85637af7d1c859387d727ddc57195be43d4af3,reference,12
efe7ae42bd2d234989f95cc3824822e13f21b3dd,reference,5
6ae3e52ae55578c10722db3c2f898442f20e336c,reference,21
399e7d8129c60818ee208f236c8dda17e876d21f,reference,20
3a436adae0013bc53aada5b41f35fb6217b824b7,reference,30
bcd5fb0e17235a1a81eae3c72387cb8f37af0f03,reference,13
2a83a92b08e0f3873d07162c73c67e533321112e,reference,17
63cdc70c4930eb469c7ecf64f251ccce76ab2333,reference,8
da2a88ecf2e1d17f2b2c33061127a74bdfc0a78a,reference,9
69ee9b3a915951cc84b74599a3a2699a66d4004f,reference,0
9c3a4973299038c66dfe7df6ee028018a55ace5e,reference,20
7030cc233f6ba06d1f9ae0079197da7860e5ba23,reference,30
6485be47d22b7c2b07886af397c460e81f4d29a5,reference,20
6efb753c7e66471cb835ca188dc99e1279a5886d,reference,7
99ed338dbc24e1691fd53e9799438066f2a25671,reference,17
84fda45cc43549c435bbd128daf182f2270b27b0,reference,13
8e88cd6a52fb51a46ca5d80b75cc22ad959f0321,reference,2
e5174aeda1baa67c17f4ac630ae2e44453954cc3,reference,17
ab2ed5b660d1f2ea1d94f3d067154774456d285a,reference,19
24e8029197b5f99126f0ef4e577d55a275405b36,reference,5
04bdb8c7516fc1f8be5ea14f8ce9174e3f328239,reference,32
53d128ea815bcc0526856eb5a9c42cc977cb36a7,reference,28
4a79290952f82c1980eae51056ae8eee545dbdfb,reference,33
8822e9f20502d4e15c838a44e39e0386969b03ec,reference,9
ec94157ecd55482ea4b7d66016593e3072e671f6,reference,24
86ec35bd79502bdabf65c083ca1721916af60c2b,reference,10
5cfbbf3cdff0f905874589bcd21b2646340a5447,reference,21
24992c4b3cfd6f3dc0d4428846b36082ee781d96,reference,23
40e0b9361d88b1879891eb6d16de110b30bf6c62,reference,1
8a1744da011375d711ed75fc2d160c6fdca2cf89,reference,3
8b5c83da4790e926e0136cc51a9505affc3f0510,reference,13
1d803f07e4591bd67c358eef715bcd443e821894,reference,0
5e7a795d89910634f001cc3a631023f1dd4e2e23,reference,5
6a5c5ff07682951d957f48c092c2edda77a4c819,reference,19
arXiv:2407.08029,reference,21
e65142010431ffc089b272a1174214e00693e503,reference,3
7a064df1aeada7e69e5173f7d4c8606f4470365b,reference,12
9a1bd3986a8a832d4b4c8e01b1f63598a54d8532,reference,10
04ee9597be4d6d2457214334e495e591000b5542,reference,25
17dd3555fd1ccf1141cf984347fa1b3fd6b009ca,reference,6
b9164335be5808ddd59786869a9f992331af5218,reference,24
93b6b79b4ef6c345f31722ce7c829385c6dce0d6,reference,23
3487c12512fa41d3a4d64f00cb842525a8590ad3,reference,1
a378e5e4cb035dd63268c0cb626577edec82f2a9,reference,14
ef18db2a18ac61e72783a613328842ce86ef00bf,reference,14
e6706ee5febe122843a49922f1be828a9713b87a,reference,30
655d8c5ea0287f1cf703b1582a0c7dd81e33f367,reference,15
babeda48b10a4d638252118f2238d05a06f4ec55,reference,20
a3ce3004a0eade48a3ae652dbf5c04a60c2416aa,reference,9
30834ae1497c35d362eea14857d93c28d2d12b57,reference,0
af997821231898a5f8d0fd78dad4eec526acabe5,reference,12
2d13958943c8d7cf809b62b8b10e0643164e80fe,reference,19
849895e7e7802a60a9de3af868d630a4429070e9,reference,18
f4061bd225b3be5b3f5b18eb1a229ce991efefeb,reference,27
99382f7ac870469335b2e5e3a1c5ff8d48871712,reference,19
arXiv:2408.13040,reference,13
bc3706d600729f1b9007c91052258c7c22864f69,reference,11
cd87853737a4e89ed737018d889e4f5867c661e6,reference,5
a2d2a482ccd62a705c8fafeb5f93bca33a4d796d,reference,6
fa0b17014e5c1b4c38ae5feb20f2047853728813,reference,14
59641c10ed7431a3cf841f308367dc2dc0281b74,reference,22
078b1e3336e1b1dff62fd174185af67d3e3ef053,reference,7
19c222d1f18317d58cc85491f37479bc0dc49f41,reference,8
bd27f44e0b158f732395830dfb39e24de6e20e46,reference,0
7123941fc1c51f6479d5a9f7030e6218ff38b020,reference,12
a9e155fda1d97baa2b8712f580cc61887cc64e9b,reference,14
18a35fee99c95593eca07fc18e8ee1fc68227d82,reference,10
80f15048f9774191c3ae2ab8950b6d49f2d05295,reference,17
5f20da406e874ee0aca065ab4bf6024e8f1d0d4c,reference,13
edab0bc17c155ab38a42c3624166daecd66d8945,reference,23
5f19ae1135a9500940978104ec15a5b8751bc7d2,reference,15
ccac3e4b2781a06e087c2c019afa333f9ac8acdd,reference,7
4d0221d305c0ad4843c9431fbf7e799005d51a96,reference,23
fb41403da0f364e099cd4ab6242b8eacd10e5975,reference,19
45cf873fa2e75201594099a4ded4d7d8156a0659,reference,31
548278897d46a54958909bb23bcaecf63e24fadf,reference,21
3eff9e60cb12777f30747698e63294722348e43d,reference,6
96021c3cab6dc997c970e158e666c74a34e7d757,reference,14
3b4a5214237b30e9ac2dfe6839a3118590241116,reference,18
2c5bf29079cd958a2bef150077a02a1deb300652,reference,9
983c01d00102075dae128b8ef9f01abef98720b5,reference,5
f4df78183261538e718066331898ee5cad7cad05,reference,13
891ce1687e2befddd19f54e4eef1d3f39c8dbaf7,reference,21
02eaaf87f9cae34cca398fed146079e6eeb1f868,reference,21
6be08083902942f9f142920fdbabe747996b304d,reference,11
2a38daf98d506477f8180806f503409d5036eaf4,reference,5
4c1a51f5c2798efc125abc30da8bcd5166d3c0ed,reference,15
298a55ddc9777e39c5bad92a750827e1cae98ac1,reference,12
7e232313a59d735ef7c8a9f4cc7bc980a29deb5e,reference,31
d173495d30116505acbcbb7a30c865ceede9d19e,reference,6
55be7ebc150e23c0a374c044713074624c521269,reference,8
dbcced1c0f3b01f66f1dc1b820f084d440b28d1e,reference,5
889feabe31ba0d24c093ac94d54a06eecb87e3f4,reference,15
1c5bc4f10b95a90d0283d0aacc94332aae508169,reference,25
18940a4ccd955c72930ee0f8771ff710a9afeef3,reference,3
95a019d605e85a15bcd102ae5f95338cea1f5046,reference,13
dbeeca8466e0c177ec67c60d529899232415ca87,reference,4
6354f2639d07bf8d5b08a4dcaef4c5db5fe19fdb,reference,7
c6c734e16f66fbfcefac7625cc64599e83292c1e,reference,8
678fd7c48efe21434148b4b3482c2b8b3ee618fc,reference,12
9b19ad46902af968445320b72f0f92db621b9149,reference,27
e63684b7e30dedaa2d2296a96274823b9b7c6e9a,reference,12
6c943670dca38bfc7c8b477ae7c2d1fba1ad3691,reference,28
0bfee412a7d9c4b8107623341695be7e62442d87,reference,7
4aa88c1406414cda3ce9cf76c8af0abaa8391760,reference,0
07d639b011f48615c1154cb6cdbc067bfe331348,reference,2
4a4b71ff918ca8eeffa5dfe66be2db7fcc1291da,reference,17
5bdfe26d0d51996d1d5052338b0ca48438959545,reference,30
311fd5f6f114ae51f8cbd95a0da69d7b556d25f1,reference,24
5c577988ccebfea96de86678d04fd94fad367d2e,reference,7
16ce6b71a0fbb548634cdc11965b511c5c3d5b14,reference,13
b7cd8110e753d87f90242cebeb36787a4e83c6eb,reference,10
89774f17d4ae199ea6950b747bf21e390a6e023a,reference,24
e0b207e96351671453aa8bf05b7225c8a340a0b2,reference,32
ce0cbb754f5d172b05bedad959c7e759b3e73dcd,reference,20
2e7be2911be7c6c8b8016aa30953d479649f1ffe,reference,31
f19f3869dabb6e4019b91b65b82a442373cd40aa,reference,5
886e0962479ec6dac563666399ca4c96a468fcaa,reference,1
b9b220b485d2add79118ffdc2aaa148b67fa53ef,reference,0
f8cf6c42d48326ff7ae172c5e555178d440bf7cb,reference,13
0019760281232ace55891edf40e5c7f40b6216b9,reference,21
266cc7ff4856b6a2ce9cc0a3e5f6c155ecc448a2,reference,0
4566c0d22ebf3c31180066ab23b6c445aeec78d5,reference,26
1190475124f300d53612d427cd5d243337b2a11c,reference,5
1be90ac9c1860999e6f6484aecdba5bf33e631ed,reference,7
07fab9a1a5d8e65ce50965f514f2d0e6022a6b94,reference,7
f9886e992260cf2bd0ec8195d0e804f851fb8e98,reference,7
fdc0d45e08319a3078775f92048543d16f4f6e8a,reference,7
afb67e3c8f595a959ef4a299d57ae50b18e3012a,reference,32
ad22af138fa1d1490cda0301abf8159a7c30c5a2,reference,13
5e4597eb21a393b23e473cf66cb5ae8b27cab03e,reference,0
d5264eb05df3dd108ce96fa932368eefe9b25fee,reference,18
94359a10120024b3b2dada5d3b4257edf4e083b3,reference,5
4390e93dccfb1ba98bd3d2a4392091f71defb877,reference,21
ec4fec0dead4dcfc449aab513ffbf959f6fffda0,reference,10
e2dba792360873aef125572812f3673b1a85d850,reference,18
a7158076ef5a9b74ae31a5dc211cf0a84c5231d9,reference,14
0763d6c644b80aba0ee66706c4de88aed2d1d126,reference,5
0f9a5480a685e1bc239e11dface61782209652a8,reference,8
1125f2f2f88363b96dab8ddddd70a1ccf1ba900e,reference,8
5daf6e4b51387d2a57ca0b4cefdf459aa57893ac,reference,8
df2ed9f2d994cc91a710261398ff04b01d1a9f7c,reference,8
arXiv:2312.06056,reference,16
94a5f96308729e31c1ffbc0f0618db87795092fe,reference,5
901f8cb2d8070a7fbf44ef55ef49a6c9c62ec935,reference,23
fd1b829261ba04bb92e0ab60c4f6e7cea0d99fbf,reference,7
ee043cf44556e22f5e75933026d54f383f60a4d5,reference,27
5a5a1d666e4b7b933bc5aafbbadf179bc447ee67,reference,17
d16b75ab2c4c5560212cea1eb9633abedfeaf4c5,reference,22
e28a5d2dc2847f8bc5a40ee062a8fe101aefa28b,reference,8
746b6108a72b2b1bd78f70d4b1a211cdebfd8f49,reference,14
ed5b5f1eeaa8e2a4a1c394f744ca71916d6d3a99,reference,10
b0b96270a9bbeb9f3ec040e70114d565fbcaaed9,reference,17
a0d16f0e99f7ce5e6fb70b1a68c685e9ad610657,reference,15
3d48f1b4f69f7d22a47fa1599a1fc76277ba0c65,reference,24
5966d7c7f60898d610812e24c64d4d57855ad86a,reference,20
30accde19fb3066fd8856ad6a262a9a51269f623,reference,16
f72983cef733670d6915e37383257f548b5a3365,reference,20
f3bb383872813ce532d6dd68c6eaf9af43ed1e91,reference,3
7c93c88260829ea01429a6944f4525440817896c,reference,30
8e3b613f8a6d775a5bf97aa73328a2f4795dd407,reference,7
df704cca917666dace4e42b4d3a50f65597b8f06,reference,18
7d7faae13b994f6d1f470b5fcd68a85f357cd6ed,reference,0
41c67d04be2d1632c0d3b0880c21c9fe797cdab8,reference,10
07bcda1dff9bb696ea9cbc69303eee8bd3d85bd6,reference,9
f2ec0182c6646d3128afa5100f37d9de7b533463,reference,10
5ba77a5bdeffb62aa0902ae68997bbc38db8a722,reference,23
c5db6c2726911b72d534f97bd4d1ed63f6431340,reference,3
d1f75f36327e0cbb6b1093b2edf744b6b96c0daf,reference,10
90357a6dc817e2f7cec477a51156675fbf545cf1,reference,0
b4df354db88a70183a64dbc9e56cf14e7669a6c0,reference,23
7a12fe8bb115dfbf6c9ee889ecf005be5d6f555c,reference,14
b25e5bca74d74abb1687315fa3c637bb9911554d,reference,17
67dfe996a10810c129379bd6faeea2d8884a0112,reference,24
2e1ff157f030af8a2b7a232a9b5e748625ce08f1,reference,32
f72be31de9f9a09d4410fd38bc717efe43444827,reference,13
1c83f3f9789df43bf937ae2618721e2da83dcc06,reference,5
eb07fd99dbe15e7db8a61a40157e598e5ae24b0c,reference,18
34b9635d7779e219e9d60e0d3d33919ca9bc123c,reference,0
3bf29791bd995d17ef0b1e1b876260fa93f2a51b,reference,5
ddf5ead09b8bdc3e1944acf69a5c40bd54f8a183,reference,7
8323c591e119eb09b28b29fd6c7bc76bd889df7a,reference,7
57b064db445c8c1e6b08bc7a8499e6f2c8b67dbc,reference,31
d333f9b429016c6c9b210852e21b37197d00bb61,reference,30
826b2efc9e3f563e9aa1845e5f88ea725bcefd9e,reference,0
64902a5077ee68011cd467398dbb66511e8e891a,reference,7
b5bffe41155052a43010ec7197f832e81c546268,reference,5
97d8823ca3c9bd932cec8ad6f3b194168e7cec92,reference,23
1671d70a135b1e28b3a9cbc830feaa9b0c57df32,reference,5
ff3e4f7c2481fb6df539f02be5945235101cbc19,reference,5
54a5ddc8bde3f8948c1d78758629bc57c9a6dd76,reference,22
ed32242d76f0f52e3eace19b0314868f1d868b89,reference,9
46c7a470f96d331af25314c104ac987cd136138d,reference,12
4a761322413c40d482bce9f3477137ca08956861,reference,10
635cb6fb865e86c108c5d1d895aeac0e759eb199,reference,15
b6c4a96e09b9f11e7c70e7f1fbe3f3971b92762d,reference,9
3967189742efab8859da542ce3953d4c72957aca,reference,10
5759d7c7038bfb7b5f1d47539c8348b04f5e0ee7,reference,14
f5dfed82b0c8747e41a1206f52a6d0ea3dce4a5c,reference,18
c845494445f3bfa01d8245a4759b144e27aa3788,reference,15
657771ac5125b19583fd9d460673b8f3f2f82164,reference,5
804aedfa1d732617cf5b9f59726b7f2e28fbbfb0,reference,10
e508a771fd189161d85573f57b3bcf310dec3bc3,reference,19
e21ea6a240fad32d9ddd03d70e2f40dae78bcd1e,reference,5
9468634b94fbded8b3362bdf230ab2becba0c0ef,reference,24
ea0d41514a41f8273f13b3b277e7fcbbc65a8549,reference,15
adac25c0aebd013f1225ec02636edfcc0bf4cf7c,reference,13
d952d45eb6e7c0c564974e2caf1d86db36750b20,reference,23
98ccb4cb22684ca25c8cf483c18ed5553b2a61c1,reference,7
87c4eca6aceb29557f693fdc4efc1fbff003e02a,reference,24
80f06ce2be5dd43211045627aed587baac109007,reference,5
bdc8c92a44714b468b40ef3d77e96d966f93141b,reference,5
09900b36ca35af12301507cf992675808a709838,reference,12
3219a12d2c4fa87dcb364f83bc37a368c0bf9081,reference,32
34f25a8704614163c4095b3ee2fc969b60de4698,reference,5
708f74456dbb21861497431b07affaca179df17c,reference,19
f9de0d4a5adefc59bfb033f162d8a4a5212882cf,reference,9
9efb7fa3a46619cd21dd69c29cc7f45b2e5dcb50,reference,31
17b88fdba24e494134e5b33dc8aa8eb56bd2294e,reference,2
3e65f572322e192fe36ae52a8a7f025b0685dfc6,reference,20
f15a1a87c345a0b0b2b989064ede053d1411bb03,reference,5
17d01d94092942d99625e2df0614a03977f64960,reference,27
239cf603f8b9f7a8ef958fb7a6653e0118cd316d,reference,7
f1200a733652f744ba0d86ed38aafbdcbd9c2723,reference,9
e5f5a058c26b87dc94b8b0c35e9395bac578969c,reference,6
d7d712e507c1c6273b05c773c825a668c5cf1504,reference,3
b7aee9dfb027d6061c6a653684c0fa9a9bba750d,reference,21
4bfb6070f6a80de6a85b9edab1fb332fd0a56e69,reference,5
d8574a62874312b81347438b1566cdb1c6d5abe5,reference,31
614dd2ae6db71cd5b2a6069407d3e0705ab2c19c,reference,28
6007bd2a34385132a7885b934d90b519a1f65bba,reference,23
14191e9f12913ad8c7ac6e1188682afac04aad09,reference,3
5cf0d213f3253cd46673d955209f8463db73cc51,reference,13
8cb52a0424992807dceeaf2af740364b2e80c438,reference,0
5b4399090577d1fe2ba580b81ce72aabd3a9297e,reference,15
660732e9f04063c4e7f15dc83670033d261e8aaa,reference,18
b31a5884a8ebe96b6300839b28608b97f8f8ef76,reference,11
2fe1ac0b09cc0f50eb83eef6c7c6b45ac8b12413,reference,15
0a893657e00fe8ecfadcc65c63bf293e70cb1564,reference,12
34b5c7fab417bfc27191fad2f02ad58e2a57892c,reference,19
f303af3b8fa8f6a50fe5b19afa605b8908acd3b0,reference,18
d8a1d44d93da18a57f4582dcc2f388777d76b2fb,reference,18
b02997014581ce44ef777b4770a73d0b54ead3df,reference,7
1ed66e048bb025e75aa5ea660545285212e5341f,reference,4
62aa2c64f3f4a1d357f1f1e6f5ce8cb0bbe9bb6d,reference,10
c9bdc9ad2c3cf3230ba9aac7b5783ab411f0d204,reference,0
116cfeb7a765446c1d11dc77c6aa315be46aaebd,reference,24
b40bfcf339de3f0dba08fabb2b58b9368ff4c51a,reference,31
01bc5281e65273718750619f23483974c3f98868,reference,14
78e5c597920d49ac005728fba904a2af4630793e,reference,19
0c8a0e0000cd7b7ed49f3db6470e0710ae786b9e,reference,12
e103616347767067000420b78bf0d1adeb770f3b,reference,27
d72a4c789b904af8a5a19f8b73813c95d21c1f05,reference,16
ee4647bf7b0f82a7c0b985e42dc60f34c8340612,reference,7
0a4953f980813d6eda3061a5929febb9d7501f44,reference,16
bc031724d5323b294e22a895977928b79fbe8a29,reference,4
9f411fda2ad5b141a3115f707bcf5ee865b3fb94,reference,2
a1bd323f1b2b76fcf2c093678adb6393ab01504e,reference,5
35f3300a7e6ecfc425dfeb05a50751ce03839d6e,reference,7
9c071ee502da5117a4991a6d98e45a09c1da64f7,reference,30
c453d9f58d046fbe017eaa6417b0e3a1f407b9ee,reference,32
9dc481ec44178e797466bbad968071917842156b,reference,3
828f98e0feba2baa55a5486f354fd074cca0880c,reference,14
9001eb3c3d5a96ad3d804410c2437e6f60feade9,reference,11
f2f85ec20bcae8d67035fd446b855a75b9a0aa8d,reference,18
337246dba91397405613cb18fd41acc165f6411d,reference,32
441bada9aa6dfd1f94d45d20e0f7eb060d59dd30,reference,10
de1c7ae2818aa26fc86a0ea8ed70014cffc8b20a,reference,17
0ffd57884d7957f6b5634b9fa24843dc3759668f,reference,15
438a0221379aacd53f4d8af3b44dfdb2cc3ddab0,reference,21
860ba78f9789bbfc99c299b18558ca19430d8fea,reference,14
334da45ee9a6325cd8ca0142586b820f88de6a77,reference,13
635858c4f5cc3b0fbccbae818462efffcd6b449b,reference,27
bfeb827d06c1a3583b5cc6d25241203a81f6af09,reference,23
033c08ca48aaed2d5ab0a17d668d410538678ed8,reference,16
bd1263d2f524bcb235834f73c8ee1dcc61d7532d,reference,19
696d6b667926a559e63989d45eec53c3a15986be,reference,3
f23797cf0474166c49f86a1a2617316944f5c8e3,reference,10
06d7cb8c8816360feb33c3367073e0ef66d7d0b0,reference,21
dc7de606ecf7c65abc26396629b633e18d8704d5,reference,22
d410f37fcb58d4b2712aeffc02a876a0e1d04aaa,reference,5
987eb8ff8467625d1a9f2c824999967fefae967f,reference,19
c522bd549085563f17109836cb4b5fc68cce2518,reference,5
2445e2d2a1c182ceccef62935c5fc230def10319,reference,10
b12998ee8a2d2feba5e17eec7c437b4243b4aeee,reference,5
bbaf6719a76bbe363bc4ad782e891606d725c4b2,reference,10
92343cecdc990380de362b969eec60081959f507,reference,6
ca535fd261b464750f218c823b93c39450691720,reference,15
7a1e71cb1310c4a873e7a4e54d1a6dab0553adce,reference,21
bb9a6231611a8efd678f30334c294052e5062142,reference,15
a8af626ea0b3a4e0f56986e736e0ab24dbe9ede8,reference,8
44c548044026726ddb15a09eb3fbd0773a665f8e,reference,24
72b1a78ce2aed514d3eb38631582ee49474e5095,reference,14
cffd8f947ba03644f62baea31c64c8920b06288e,reference,18
c85845796afd368853cb9ac51c308f2f9356bab1,reference,3
ec8afc75ec219f2a5f9ed9d7c9dde0720f69b5a2,reference,3
4b03386aac0e5fe27d7de42ea00cbf2030e94cd0,reference,32
7bf29cfa50b4be72f5f026c9bd2ab25f4215fa28,reference,27
c542aaafcf80a87b37ffa350344e65fe19b9c0ce,reference,5
acf90b4d165690fe27c62c4af1a28d540c784000,reference,1
016c0da42e7fac7b3a05760b7cfbbf72062248a0,reference,22
b5ef0f91663f0cbd6910dec9a890c138f7ec10e0,reference,23
bab5d963ba2d59fd74cc22f36bf14924025f1b5a,reference,5
7533d30329cfdbf04ee8ee82bfef792d08015ee5,reference,9
55b74ba220a782b255960b7cc67a6aa9513710e0,reference,20
090fa5656a64e0f0b8ccf1e8844f64eaaeea4af2,reference,13
f4cf4246f3882aa6337e9c05d5675a3b8463a32e,reference,0
107cbddb1cd5588a8f57f1f57dfda54d22e66c8e,reference,13
cddf40e579a596d0110b260313adf43470617c4c,reference,18
f3cf71c51b882fe3111d71c4bf104297d38197f8,reference,12
086fa2fe3ee2a5b805aeaf9fbfe59ee8157dad5c,reference,9
380b0cca3c6d155f4149f7c445a5b359bf449205,reference,30
1d650f1afd45c59ff907396fe8b678595dcb85ea,reference,15
bea1187a1f8a68f1a93f0c2fa10d31f93a30f84e,reference,8
932a5de79d8a8ebb75ea0c43493450fd9922e738,reference,6
a48e37b396d8358456566d0d3e1b35d75688ea90,reference,13
5e8d7311bcd43b10feed2f5eb69764da0373d541,reference,10
f21775fa102f50a03b23a2b6f617c167f489414d,reference,13
c8e32cc48b3d2aeda73014c5b95ab18d6e33a418,reference,19
ce9280163da1b7a646b5b1ca9a2bca40c5b522d5,reference,5
510e26733aaff585d65701b9f1be7ca9d5afc586,reference,11
2a215755d7548ffc82079ce734c4ac60b62f6f56,reference,9
f8d26d43de63c541043936c116abde8d8d717e59,reference,13
d6045d2ccc9c09ca1671348de86d07da6bc28eea,reference,12
53d53ed3b3134912602ad293d8cfb4c33688e7e6,reference,13
c6ac708b65b24c20f80831d518c1795ce8133ad5,reference,2
7ab0d76a2a0ba7491f06a6cd2d264b8f50037305,reference,14
9695824d7a01fad57ba9c01d7d76a519d78d65e7,reference,9
5d2ffdc8a0970642372f6742e191c892e41a6a9b,reference,5
1ae151a7f82ebb1873a74f9984e3faa39d0f69b9,reference,5
85ff214ac614b5163279431941b79927fb72433c,reference,9
47b71f6687f1b29febb9421588452283c980aa3f,reference,30
6b39ac1661186db89bd956274d91a9f704849fd8,reference,9
f12a6168ed8de1aee69fee51b469b1aecd5f903e,reference,15
690fa501a0e34af77b68a73a5e936264f8efcea4,reference,19
e3052ebca5eeae6a8a73e44517903d39746f5f3a,reference,13
ec2ce4e38af8bc82f1b8928ba51a84911bad0cc6,reference,20
f9b301daed4205af692a1b1389d86238610de270,reference,14
f16841e022038e94a59f7e0a82002102b78d79a4,reference,18
2f3822eb380b5e753a6d579f31dfc3ec4c4a0820,reference,15
33d0c4dd77288625923192e7c533def3c8b14edb,reference,0
d1ac487f21829ef56c8ffdcd37ea414bce68c809,reference,0
9619cb4055ad8777cf5323b27de7a197beabb858,reference,5
07fd366a8ebdefe54cdb57d87c81dcd22de25a91,reference,9
c14db8b4c1bd65a18a604236cdbc3549ee75f3bd,reference,13
d6c73f758b05f38529c1a96cab7e908a2047dabd,reference,10
be7b764fe1c9c32cbe349bde1fbb19321fd1d71c,reference,3
54814744b42b06c855c97b23de1366e0bcbe775a,reference,10
7c950f94f8b209a4260ac34a7df36495cb7ef1b6,reference,11
8733fe2371b615609b04e2e910b1ecfa8e77cbc2,reference,16
3e13884edc074fb21d8e6056331f081c3249c37a,reference,19
a54b56af24bb4873ed0163b77df63b92bd018ddc,reference,26
14e5d984af4ac965579644bd0ea4ae42587b6a00,reference,23
26afab5607f4bfaf2fb9f786e4ed4f2d93c88e84,reference,14
37c112454a236ab91c9c6b5cc165a6c3251e9206,reference,10
37c9f2f1dc2b32590502c5fd0702ee45f94b041d,reference,7
50ea0336eba4bc6d0274ffa8e0f94306e82ecd29,reference,19
37b1035fdf9b9e4672bf0b01f880fbe10ecb10a3,reference,17
aca584d4e5f4e80ef471cceefa8600b4daeddb2b,reference,14
764fc56883bf83392cac99a7b5a264ac9fe2cdc5,reference,7
arXiv:2405.13828,reference,21
7ea0e91c5d5dc73f2133bc46d7ebb6cb83034dae,reference,20
aa7c5d2ff7ac71cca78987fd1bb1d963cd53c407,reference,7
5c0148e2ee4efc33731335fac26780a3fb79e16c,reference,15
arXiv:2406.13718,reference,7
5cc1d5a7d8597c0443c2362b5b2f8b762ed30629,reference,0
9d210d043c5e7fea6ecc1a14850b77c99dc4692d,reference,0
b0fce43e4744f07977c8dab98738afd8e2231fed,reference,0
b4a89b1f3d2d88f978043b3ff15ec7d9ff772c5f,reference,0
ba96ec48311340c996c1d49905549737ceec0a07,reference,0
13b83398bbe64954d8e49e1102118870753c161f,reference,0
36d038ad0b4fb8353529b50cc493bcd97297979c,reference,0
35d19834787c9d636ad9d940eace744a1c375e0c,reference,0
c8beab3412410c75a656a411c1cda9ae5fc52bbc,reference,0
e7aa79811754e5882e7c3a30bbb4201406b8e361,reference,0
345cf81cbd74b444012f567f05ffcbe360401983,reference,0
d71df2fc608646cd135b3ce74cf059c58ca0598f,reference,0
050b760129316821802ff1f02a043a9d4faf3747,reference,0
cbe13f3a186f21d3a7b3c3fc18041491ca260234,reference,0
adfb2a3dd1d4913fb68f057a0b92c4aa224adcea,reference,0
2f5762ba317f80ec66741fee241c4d1ddd4a2fe4,reference,0
3201b7dcb0ba9266905d07226a747b2fddbed8cf,reference,0
929d7ee38bba5c9ef272e41a145ed21050400fba,reference,0
80a819e8da4b2f080cc20d21fce14d8cf4630197,reference,0
fc404a7ddde0f8f87037dfb445cd3cf13c1e9a03,reference,0
d2e97d118989a9e7d1be0f6e8c24b00fe194b1ff,reference,0
2935da2ae176b86f10cdd5014bd831495e11d839,reference,0
a96dc7c1778b7e33a7e1bd15d2084e5789cfb888,reference,0
c60999920586ebb918bc7f4d13fd17a2825efd7a,reference,0
e77cda2104dd5a7c1fa348c2c88e3af3972915da,reference,0
a0e9eda18a7cc95e6ea0f2dbcf1e948b7cb053c5,reference,0
023e07ee5f202a76c5865792c2b9509e3547cbfb,reference,0
b62bc980422c3ffab0012a8d7122ad7c5915fc33,reference,0
ec15df72e35546f96a54f56c616f76d7b6697294,reference,0
b36b0d1e30c78eacfe691ec3260a5a68ea53a9d4,reference,0
f9d4e8e785e2cceb26e78ec31086b0f91d17da95,reference,0
6f240dd006d212a0a9f448438cbfed05f33a7764,reference,0
6c4945c8ee9155f4e1fa9e2dd2cbc801380253d9,reference,0
7844b6f58228eca8499b13ee963e40bc844bce94,reference,0
93643d461b4a14e99638e60ee5fd3d7d87c3fd38,reference,0
24c6bd2e11e24c6576b93b936e5d50997815258f,reference,3
d71e44e1ad7fd68a52cac0afb6bc671814c86901,reference,0
7b3fc9cc77d7ca4d702c6941696cd959c04f97aa,reference,12
f4b08454fbd7df1b9ebc3af391405aeb78f97d8e,reference,0
283cc03b2613f6561c262a84da60d5e46908cb09,reference,0
a1da850e4dde4c65489ef55443c24fb17c32716e,reference,0
ad69ce3e128faae9dd3588a9ed81c0ae1e61c45c,reference,0
53cf0b696caccde506c2d7bf4c46d0901e47e72f,reference,0
25f27ea6f523ca8d85a71dcec2e93aca424cf8c1,reference,0
31f75201d4de637e629305c164d3c5e5eac94341,reference,0
0149c9297317ab8c3efa743670c21d67e207fbe4,reference,0
3efc0a7914f36340fd438b3819531899e016418b,reference,0
85c6a85f6574a4cbd80e63f99faf4d586d18605f,reference,0
b76621111442136449fed6c7b5d6f7bce7c10bbb,reference,0
8b00296348d3ab46dc4ac4fbe3580a38bc1b0f8d,reference,0
6c390f6e2c678569f2be80e5c5cb286d34aed235,reference,0
62d932e380f9ec7de5d43c17bc933a05887b0007,reference,0
666ecf9773bd0977f72147f90b7f2ef7ea7d04cf,reference,0
604dd9e40bf0121989efb318a526c15a03381f9b,reference,0
2336ce3b09ad161def6c869c2a4ebbe84bf679dd,reference,0
e132299c142efae5c0b2b89cb9bcdfcece99f81c,reference,0
e43b71e7e21ff490a9fcedd50f816197aa3916cd,reference,0
9cfe1aa7ef0a5854486a0c5cf55d95ed467b0ea9,reference,0
0685db379c603bf69e6c13938de821a3262ecb34,reference,0
c364197fa0c6ce0c0b0bfdafab9cedc076b987b1,reference,0
2f65f7a0f2e2db32799a9b9e0f48dbebcfcc7f4c,reference,0
63abedb4a078ad6479ae6a92d9b98776d934cce4,reference,0
363a3c445e37cfa657e315cc4f82d5c06c2630b4,reference,0
cc02a15d620ba510d8c8f5d98864ef992df9733b,reference,0
b39e7490bccf708763cb66a599acdf1c4c3a60ed,reference,0
fdbc77e7f4369833da8a31e304c0e92b06c74bcd,reference,0
3baced115a0ebcd3c7ad2a5e30f361681441cb43,reference,0
14a54eb8a801576c88f3bfac70053ace8dd4d839,reference,0
183b11db2d98081745d22cc141d7949cde837f26,reference,0
bec688797441fa64d4f0717b0f952fdf8bbcb9da,reference,0
60dbecd36d7822cde94d35936b09ce74334e2ef4,reference,0
9b6c48439b9ec98e2ef5b7f9ec195abba2024348,reference,0
fc3d07fcfcbfef4258382a705eb2c5acfe13b372,reference,0
278c9b0256a510b797ebf5a23a3fcbd09cdb8fef,reference,0
362fce54afeeba4ed5e589ab53afa7ce2b27e900,reference,0
e21351d9f3d4098867c38bbc3a983dbc93627d34,reference,0
d716af2ed999e27a5bbe5ddda6aae88ac339fcb2,reference,0
3b249e5d4af6ad2f2aebcf3ec33ca3d3d2c82e3d,reference,0
58b30fe15c8fe3603f3f032ed28de6df606aabe8,reference,4
f2810ab997dfd656b744e334fc85697c374a459b,reference,0
52c7ca5d600b8d49852219408a5325f7d468c221,reference,0
687ffb3842518bc1a8a6790e70758ae36aef4a0c,reference,0
5b78acfdc2cbf1ed09a76fdb2d769cedd06ca40f,reference,0
1e22d325112c980febbb15fcedd51bf25142a9d5,reference,0
26052eaec786a6519954422c46a7a83f64328bcd,reference,0
af2d4fec7861da27a07787e6373b4330af2e7d2e,reference,0
53449b9e905065e2f812eff7dd1339b05a8b4ae2,reference,2
bf675da72e7f157aef6f88fa753fc15e5497cba7,reference,0
70abd56ef1ccdc4d97f8166ff7c96281443068eb,reference,0
6947608698f2c35052d7e15e045f6342ccd82a66,reference,0
c17c942e71448ed2feb28545b98d147abde34e14,reference,0
660ac383bff57e217333056cdec159488d3e16a5,reference,0
88d88137618f46ba802d3acae43f5e92bc200120,reference,0
d68d1d4855380ac7d76dc4e6d5c562551606b8bc,reference,0
46f7f477cd5fa0ef7b0484033c6ec2367570d91d,reference,0
5dcec13e5f66b986eb724fff0873bc3befe1f711,reference,0
52b3ee384a241062792910814bc9f8c593f14f97,reference,0
317e44334f966711eb22827063264fab9862a34f,reference,0
fa164701e7bcc84345003e781aa8bc68080d0689,reference,0
773624e23970f5c3821c109bd7716805875d5f33,reference,0
e2bc83cefa5f64c7991f44c3f2c4ac77f600a29f,reference,0
b23d0ac759f3e3703d1cc577a6998eaaf876757e,reference,0
e5308293f110bbe7fd98b5e47affcea26291c68b,reference,0
030b4ddb0e5ffabb6df7878095764c7633e26dc1,reference,0
d0665959f21cccb8f2f25a9bf96463fb7e1e3ffc,reference,0
d1d7196cff10414488c875a379e5d3317735cc06,reference,0
ef2beba112c17dd464fcb19d4be416557efb0e97,reference,0
30255f6a3541a6240d7b5d2b25923247c879c649,reference,0
cb0c7d9535edf24f08523db3f0f3af7250b92517,reference,0
16b860e62f6d08c65bfbbbb867735f17f881f657,reference,0
ac5f441632ea581c8f9f14053181009fc923ca5b,reference,0
24a4ed1fc0c51ddc7de5aca56060b311bb8ee2f1,reference,0
835326fa838c99ef9fef27140fca924fb6e19933,reference,0
d98964523e5f3f13a860fe61cc2f5fa5791339f1,reference,0
a3b5ec16f0a4ebd3f30f021ee371ef05061a4ae7,reference,0
dc1a1b8c03e312e8976a9cd7f052d712bcd9ed31,reference,0
1419c6b30c3d50ecbdaadec99346d103d6b46784,reference,0
1814ed5ad8bba72a383b42d2b7a3fea441bfd035,reference,0
447007317e05e51e0e75f83e07842390ae4a525b,reference,0
cc39d791873511fcbf3df27fb68afeea61660751,reference,0
a8ecc82fda078322b512ac92a66cb97e06b2333e,reference,0
6b712d7134329bf0eb50363ce73d73c0becad7c7,reference,0
f1f73ffd70d75cebd195a70d55b62c90197a41f6,reference,3
6bfdea9dee98a85122073bba21895ad8c0c0ff99,reference,0
4604a7680164ca9a713cd980d47e7593b513857f,reference,0
2387a8c16d81119b7d0ec4386bc8fb76c2890506,reference,0
c2cd55c94e329be95b834cb5f1ef89b450e3bb7e,reference,0
8ee238fecd12b2fb6704105ff59eee949964a937,reference,0
20adc1984c3bd2c9ff6da666d450b22e3ac5668b,reference,0
28d2e4bb489710e0556cb25dbc10c5903ac0b834,reference,0
cf946cf34282fa640346c6daf2c70a651d7daeda,reference,0
5db2addd83729151ec69734f1ecb679e660f5afd,reference,0
ab9e29b7b4a05cbcc9f03cab569de41e5aa538dd,reference,0
c4e92e4130b5b5c37027ed10f6ac2066aebf5e09,reference,0
543f87b15b888cb0a2381c5b36141256ad5ec84e,reference,0
ee5602d7d0c976f1b505a82a830afcc9f0653216,reference,0
6b16e1fdf843e53c516908bf1cd427b46fe7bbc4,reference,0
51923f915f9bc24554d042c6f81d3604f1460f38,reference,0
26ebc6b1842abd119d25132c259649cac64a2128,reference,0
49b62a8e9381df62925b1a72ec181a7e7af457e2,reference,0
dc353b6124a75d60985a74ff532a20c75de34ffa,reference,0
164f7e0ed6f49218f39f9de86e1d4e231c65aae3,reference,0
3fe727fa69216722b8409097be2b36842c4ff9e8,reference,0
797df8ea2b1578f282a1a5bb05752139cc36a113,reference,0
4df05893c5576a155c5de83e593a171e7ae2b100,reference,0
1482a14c5e091176b7dcc372373006bd6e44ebd0,reference,0
2d5b097d5d35bf4e2c41e79a573ff742bcade25a,reference,0
4a3aefb1244f95916383c55f03f7e2d6b70e2040,reference,0
17493fad649a7965b24b1e4033ffbd14b68bb8c6,reference,0
ea733fce95c4b94f99956d11acf63c49633a6059,reference,0
def0655b1d0d434442b3bbcb8475d4cc6e750718,reference,0
dd57f082b5490be95b20a1be78da8e286ce42edd,reference,0
6f11a0885f8713cff10217715715b9fbd186a91e,reference,0
da475b77874b38cb563190ebb2fbb70e7f646df8,reference,0
ba81a339757245077df7f87eede3c3e5d0e61968,reference,0
63ee980397ea56bf54f45290b9244943e9ae93f3,reference,0
88f1e0502fb42579ab6505bcd0a8057833e473a8,reference,0
2df219dcea61227fb83c0bf7341d7a7f700be560,reference,0
c071d85cc57ea567504b28a688093693e5db0052,reference,0
c75a0975bdec912ae8cd9921b61f00b907073ed0,reference,0
676a2c0574f492a1ce00f0bbdc55679fcd250e90,reference,0
241b4c9a5ca29bca45c987f72dcb7c22ae5f9887,reference,0
2eeb03d3b2cc83b6d955c0921f1b935d74bc705e,reference,0
9167792b50185667554c83066082095272206a73,reference,0
b108dbb7b28a0cb189c507c1885c05ce42cb9cca,reference,0
d012770866b46856d24fba0e930bc87a069522c8,reference,0
3c3690a173c8de053f4338da52a5cd2250bf22e2,reference,0
45555a4a4ec425ad66c9aa091b06b8422d69110b,reference,0
0c9405aa6d4c6a920a4504fd786d91b48bcc6b48,reference,0
c08c0757ac2e44e9975c6adbd8819abd16ec4a4f,reference,0
4d7f9394e584f301e67b4ad282d30c1f0189f29d,reference,0
8784c5dc46d470b7fefb3a729adc7fe89db38e5a,reference,0
ab358214679c14831189c4a8b00a09bd82161414,reference,0
5febb2c1bac91904b3d5ea0f67cbf8c35f32e395,reference,0
b78df349f9e6a0f86ba7f9ffb437010bb245eb3f,reference,0
a47819c5aae84a2f766ca9d8b1d1be7c159caf2d,reference,0
98437947b17cdd0433bce0f57d56858c124f5201,reference,0
f6da39ef0dfc0df48c64ee96943a37d07cea1990,reference,0
9422cc3b9b2cc547174778f3292dc65f8cd8a1e9,reference,0
390a4bc96990092779e75d3da78c13c8066d7218,reference,0
00da991976a98d0934bc6b6cdabb5c6992f82724,reference,0
f08d650460e7e49714bee48632c4df8376774648,reference,0
f0ead24103ecb76f9be1bda46d17c05fbaf5280d,reference,0
1b7409787da4134cf6f3a946f956cc4386010006,reference,0
ddafc7dc2fc592d566944371274679db27ec0118,reference,0
6a5cb8d2e43dff39c253a66165beadd6d6df815c,reference,0
35e35f58261502aafc1b664436110314f7161b16,reference,0
33ce500a840aa65aaf84157683fb9750094a69ed,reference,0
de7193100f548b97f52e2fcd68c02f584381ed5f,reference,0
c46b81d63ccbc30acb7f940b8926e93d18f8d031,reference,0
ed6c1222f435cdab5f953b3249d1a4082976c356,reference,0
8f7a4a22b9373681285e9f508827187691f466ca,reference,0
d6e672e15c33753667d7962e4f9a3013dc291471,reference,0
c1dc988ccac7e5a86607ff0f22f241abbe85ac7e,reference,0
af2b6dd81d76c58775f06587ceb60d12a9421113,reference,0
ef86adf8758bcb30836e56c12a05a668a701b56d,reference,0
1d68c0c5e0262776ca8bf3593f0d8e4948521c61,reference,0
861755702d03887c7f4a6a540d7d4ba8df5945dd,reference,0
9286db3933c1115fe012c1341379482da398e4c8,reference,0
e081e5292d0e3bcc510833a6c444a9a99755e542,reference,0
96c977faebc7fb6b6bc5592c615c67de32650063,reference,0
83dadecb4090306032e8500fa75bbefc0438543d,reference,0
f12ed536fe876d5e661bf275d358a72b9201edc6,reference,0
d03b8607ba3cbf91075793af08be8d73ab1b8169,reference,0
4b4c87ad540a51f55c4f62173e30892c53bbf0b2,reference,0
db0f1d63f8fc50f056d2742fb0210277697208cb,reference,0
03bf2ac9be967451ca140d8650285828e3cd574c,reference,0
d561c3aed2c94c159a1e2f4a0fa45fad75899121,reference,0
9ded60b409052eaa7f7a553376e1f14c380ffdd3,reference,0
8d081761fb29083017a4b4a70137cdf5bd0198d1,reference,0
d6a896b7b3acfa5edfe75cf4586e1079425598d0,reference,5
4650d8f503d7078988ffa9eaec691f0d2e20698b,reference,0
598aa9eddd147faac455a5a26b941664fef028c2,reference,0
d2c400c28d7f38f9b46f60795844ca15421f473f,reference,0
113e743ace167f4a41234595a5bbb2eeeab72682,reference,0
98e6ff1f807c084a2f81ce82b75ca65615d7571b,reference,0
f900d4485cbaa95d740aef06ad50c4bc04943a94,reference,0
a25ae7d9b089cb32a7bc2ecfc8694d6d77333d49,reference,0
87b95eab1d2713bd2e925c0197c4cbf1cc2ceb44,reference,0
86abe4d4ffb239fc73e8eedadf197a6e2576a210,reference,0
1dd63a1c77b654d9b6b034107f5b0f938d11bb26,reference,0
28a230efc8347c5432da1912ed5b84ec7d266dd9,reference,0
47fd10613d78e12a1ac630e85ca492b921d6ec37,reference,0
54f2eb8589a7dd868a24bb7ae997da78527d2fdc,reference,0
68c7f780938879536dbf74d2f700f62e0a94ba42,reference,0
3a0cc9b2b0ff064ed471b8dc32f67ce1116d2754,reference,0
04d685f18a3932ad47cd7fb4db537980a0eee33e,reference,0
12d4e00d470d50701dceae24eacf616608c22ecd,reference,0
f695bbbe1abd4f4d81d87c89d0652b0223c0a643,reference,0
e7ef85e0da47ca07975c39f7444b8159ab1d1451,reference,0
f571b998a35c0d2d04a41d4fb62feb77ca94fbd5,reference,0
67d977d8a2c42d6e25162137fd332e329618a54b,reference,0
f0ffc6f1d50b9232e3e90d1ab0edd156c1fc1e45,reference,0
cc446fc0a6c6f4f331f7e914f33f2cc42f1d991e,reference,0
547bf9c2a0a976090a69183ed59ba62819f18ff1,reference,0
812af07a48960178f52a36e683e2466af0f38ffd,reference,0
f291e3e921a0a18b9b374bc8fb978cb7451d4750,reference,0
96672e9631049538b5133fd196176a3b73cbc294,reference,0
81c16aaa6485fc684e0760d474584aabe0f14200,reference,0
825df34808a5d848b178d4fc0a527d3d82a748fc,reference,0
788a85f88b5a8abf0b2adb89e2f60fae64863d4f,reference,0
2c26f5223f75eaac6a0b939bf402a6f36a54001d,reference,0
b3c7ce9ad9bbda1aef40f11081dedf6b09f87020,reference,0
c09f2c047271c0cd576cf6ad814966af53203bae,reference,0
50fc2d333cdb60f7c52591b93ecb6763ee50c445,reference,0
120b93daa1a5a7d8324f9d6eb6374177db0402ee,reference,0
759707c038ad88264b0636fce2afe7e7b7a60c50,reference,0
1cc1bf854919ce1ff393cf5f701a0bd9bb2f7691,reference,0
48ec41beafe978efa62802e43a6dbe6944fc400a,reference,0
6624f314e5f3311b88379df893780ec87e5d2a85,reference,0
31feae9cc3d888b85e1cba366c79b2c50f29c2b3,reference,0
1f484bf253363a48340af3f476e59d1cd0ec944b,reference,0
b13ca9944c6deeae92419b64fcf9d0af431c32b2,reference,0
2ad5abd30d82f22caeeae27729b03ecdff8dca8c,reference,0
78a42831a7a88b88cee1ee2a6e81b5671f4ecebe,reference,0
575ae13834ba97dbd216154aa37d0b88f1960d7d,reference,0
b854224dab0564161664265188a152a51bcf583c,reference,0
f07ffcb86ee2a6c1f466b4a0a859469054382922,reference,0
cc54a5b0c6220162916c7c03ec9ef2784a0562ee,reference,0
08da976e99f633fa980db8b48941c940309b8448,reference,0
da567d8edf81a5cddcf1485a5446027051c354a5,reference,0
201c9472f4f2ed4c10124494f55be2dc30a40e76,reference,0
7b029ee31a511461c9d9e27e12aa068e0fc63aa4,reference,0
5157d2a42823e24c53437ea9f09bd6e147746d72,reference,0
090f7a90906b23d7ecfa990122a97b5c2f5122be,reference,0
0692b2da8d022d6faf348754f63bdfd7fb9724e2,reference,0
c268df1d21dc5173c7706e80d5f279897aa7d9d8,reference,0
f1dc152cad4217bcab4490826d564a3a6592aba8,reference,0
0b2334ddd17bfcf81f2924d829fe73858a6035ee,reference,0
4600f921a6b024b2f60ac669fc33109e3065bf10,reference,0
a96dfe1642801b68e3e8311fdeda4f6aabb8decb,reference,0
6d9b0fbfaeed74c0be25def0895912a8ecb28960,reference,0
b5f576a8eb9a3646705169496ae832051adda92c,reference,0
b7b0d2411723fec46715f129b13fe39e34d0e686,reference,0
d7953149ac17ede48ecc8d7ffef61c9f572a0b9a,reference,0
408b378c45328398c2d438f1d87691d2f40fe2ae,reference,0
38ebdd35a7c84a9f8e8c3f1e2bc266a7d0a8efd2,reference,0
5a30882d729f12e45bddccf50a52308a0986df24,reference,0
81e7b9d43653f22a3325cf7cc4039593ff44ffb2,reference,0
14e74c9ba1c13c49ff2f9deb3b75141ed4f6061f,reference,0
4ee126781444df9661a25b14e0049318a4bd7462,reference,0
e3f91aa0688a0e9bfed7958399e191e225a984d5,reference,0
cc9b2f22a3356a7262a50b15ee022bbeb9c19422,reference,0
630ac252878b34cff962c925365d810beb249f02,reference,0
089c8812486cd381bbc44502ee904900f4706fd6,reference,0
f2e897e30cdbc798dc359d0794b3c4671bf445d0,reference,0
25caf432faf629085f4db9c9614086a57ddd233b,reference,0
8efafc0b62d602a45eb368ac98b7a6dfad019300,reference,0
47328239a046e933a0784945874b48ddf6bfa530,reference,0
75bbd05310d8268a875d9daecb935abd99db5eb6,reference,0
f374c4d9407566e349ab861c5d51720b211e37f9,reference,0
c4654d1dcfbb42ecfa1ae8e4ed8241c75929966a,reference,0
602ac3629baf3fc04e4abb669b9b977144108905,reference,0
2878185fe99e722ede42637e7f967756546b275f,reference,0
3c5f8234fca18fcf76cc9658c7228b5e99e9f3ca,reference,0
c25d625eca1d3155b44e294c56e783281c9d9c6f,reference,0
26ba62c31feb4c9079ffb02054d3142dcfb782d5,reference,0
0789407baf84a63165d881b8564dfaee3cd559d0,reference,0
2eba57f1cac99bf0268da079b484353b5e4261ba,reference,0
26b48dc3ed591ec38e4cba31b53fcbb69bb7221e,reference,0
ffccb1b3247f4e63d1b0c8b8c31c70cb0db16e3d,reference,0
dd46216afa9057ab7decb13f7a006c6f075bf7ba,reference,0
74e5e6ea692c73f96c78df3b211c2e419ab2dfc3,reference,0
117643f52329da1f796623006622dd347676dc68,reference,0
7975471e0bdde3760ff1b5064a18e35ea5361b4a,reference,0
121d34fe66a35ef11e408de4119477971ee6e2cc,reference,0
59646f517577203fec7ed0365c8b46e949bad51a,reference,0
8cdf89b7c79b56e990ac71092fa01f646e2df1d3,reference,0
cd49fc2975eba2abc4c5302ec4f43020d0e13e54,reference,0
6984bf7c0a7c0ca292f01b8a7386ac989d8f77ba,reference,0
a548abe7e89739d2df027b0f8f0690651b363fff,reference,0
3f7b94fe92b95a63eba2c2bf2695a8fa2121bd0b,reference,0
d370245430bbe9ca85d9624c58d3b9bf148cb12a,reference,0
92a73f2d8e86d4e071796c4b651b4875dac370ce,reference,0
d1d648bcad86ae6e7cd1e780d4a750a14d1a67da,reference,0
dc4f5cf5c1df5645ce29b1c00026301fbfd487ee,reference,0
2704333f86b6657cceccb4246e70d2655527154a,reference,0
67338035de60a5d5244e0c699722c51ac0cc02dc,reference,0
ed9198acc9fe7483dd56a0fb06f2c06e860a5e06,reference,0
5a6047eb606a07ae564fe30f9af70ebc05f6cea1,reference,0
1a28214089b1d48416292dc07043f16634694b2a,reference,0
bd4fe2bad049ede7f7d2ad7324f364097bbb2797,reference,0
4450c2f28ee423cff59fc86083e8e204ad3ba0db,reference,0
dfc9bed038c8cb19cff9cc304c677de8a27bc18f,reference,0
c42ee9357401037071b672e47d837639d6f03912,reference,0
6532cd798defb8592ef793adefa80aa7bd570491,reference,0
79cd825b5e49c02727886ed3b8960175863792e3,reference,0
d3f33abbf46353989aa3c04e1918ad0148274f07,reference,0
73b025b05b432407c39b791ac6034c3296307df1,reference,0
882acbb20a0e748434df1fed3a32b6f006f5b7c4,reference,0
caf05506b00388d100eda3175a08fb1e9421f74a,reference,0
a233f3c034f6203a5a2853cf87c8538037e8eb6e,reference,0
b8646191cdec6fc65a195de62a6f8824a5234870,reference,0
5059b570d9241c54887676b93e63f569c9d373c7,reference,0
316436598b10da37255dfca075e1bef03576ffc7,reference,0
97ce2ffd02e596df8c79c85a21c1e59ebb62ce26,reference,0
bba5163dbc56b9cea548ef0cd370897049766c51,reference,0
669122c533fbae1722ca57b7e1c5d557c544a241,reference,0
3922e0510367a242ce14b926163fda3597eaa8a4,reference,0
104b7dac47c4145f7b2eaeee9f8a7f8cc9b68393,reference,0
b89a86a094593c0ce341a7742b75f3f665db8039,reference,0
12853f57b936d832123dd6f4bd9baa45b282718e,reference,0
8577257105588a84298bc719d68f0a8e82e8e4c5,reference,0
f052b0bae05863022ea10c32440d14761e82492a,reference,0
b5c6a567d177b6607d690acf7e696229de6cc3c8,reference,0
ed5fc04a496681d40888df52d3303bab9a8607a9,reference,0
307c943137a5e50aa2f8f20ba3823ed3fd46857a,reference,0
f29d086f5bf1c611e42dc2fcdd42e3bf0019211b,reference,0
db2e346c439575b972599e91434ffc1929e2ccd1,reference,0
051317c2007bbb0f18c82afa82c5ebbcc6c81267,reference,0
70cba7a78d74dc48448dea317b958f6c057f7679,reference,0
db1b73c9e81864eafbed22817f1444b19a07b22d,reference,0
1b2ca8cbc61f66cb29253c6966c2e985f1b69500,reference,0
24c70ec56dfbbd0ebb05a1618787c2dd934ecf31,reference,0
e751cc8dc409383d411c6438c0b71ced88292021,reference,0
6c5cdcffa00ef8cd99e1bc86a78a558ea205e702,reference,0
8dbf3207099b249e0aa577d451e4a2e796f68e3c,reference,0
f4e71a39a6e1895bd2c57dc2aa1ea8a9f075c20e,reference,0
6b9866773bb50e6893bc31cddb4ada73f0820c17,reference,0
bfa064f4c3b797a63bdad3f4f02d79ca12f252ab,reference,0
0247c4451a9be3d7862cb4e8387e19c712dac34c,reference,0
11ac79746884f98a4425bc2ff6878d0bf5b2c1b6,reference,0
8e2349027d9c0fa338d8f7fdf2406d5e0f3c1042,reference,0
776d0ffdb420f744e9816d45b49bb9436a1e83d5,reference,0
27ef41b1a69202ee6562c90aaec175cc47ec534e,reference,0
656d237c30a42d515bf5d34ee3eeecdcf8c25259,reference,0
c8779507ec5e8c5c6812da756005eee4b920d65d,reference,0
b61a254a8b246d9e351455589e8af3f5c159d33d,reference,0
2ca9ec016cbea7264bfa6453858e471a9e23544a,reference,0
c696d905e70197ce4d1d7bbaee25db680a0d62e3,reference,0
9423579dfc77ea66e63bd8d712060acedafff19e,reference,0
aab03b3b8f16712a685cee35eb6874eac735a0ff,reference,0
33c9d335353a3f0f2d23a1cad5b9b7edddd880c6,reference,0
809f780f432782aabd0802793a5ff2cb2382ac2f,reference,0
1160e5e675ca99ef015f92980c011ce771079e3d,reference,0
f2f56afdd2c8c6dd00ec028eba1f792dd99504d9,reference,0
667456ed644b3c4594b18ec4c5078fdf587b493d,reference,0
f0b6bc90852841ca50bf3169da7a773bf7ab0800,reference,0
476bf5fc045abe8f35bbfc435a3bcbc15bdd6f5c,reference,0
9312393fd4246f5d983a27edbc24a25bc5154e04,reference,0
4d0a48445c810c630fb8a6c582979b45768ffbc1,reference,0
fe7c13261a5ffe5909e803b8f34991ea48fc9884,reference,0
0a1fecb2c22d4da3e99d7dbafad98be6bdbc755f,reference,2
8667e8a59b88586a7e2513334dae9ff84a15c731,reference,0
cad526a6310d6ce660daa9b110dc9ed56bb42095,reference,0
e99e26191222ef38d43ec2984949f747473b6ceb,reference,0
6236e62938f31432227341695ab06c271f283194,reference,0
759560e56dae1003fd87ca62931873472395e45d,reference,0
5ab955677b415272a2a63578d4f29f832b00d20f,reference,0
cfe99165e00c47dce3f1350b7987595cb831d8cd,reference,0
252bf5be465279295aa6e97b49f1bb4fe5bed8e7,reference,0
3e22f52d5ee4e486bac02cef93be81b7a40b9abb,reference,0
0b8300b6b5aaeacc535e82ac3ba088a1d4dd6755,reference,0
3651946d92fd072af965d070072870448fd611f9,reference,0
146226cd6e3d924b95097baf5197169a33466e30,reference,0
9e8e6d8a128a293ae3be4691ebaf2b3b35c2a025,reference,0
169bb5be20564987f9c9afdddc489566c77feeb3,reference,0
709c1d7590dde03f75ddeb9d121e0765ff59b89b,reference,0
1c81bb341892f03e06aa7cfa6701f0d58b3d748b,reference,0
a50f7c2ec127f870198f34c2bca3a5ef187cf07e,reference,0
1caf958fca380677f549c7b9dae16b697fc5b368,reference,0
db7d821e9727cbfc84ac76522199a8ed3816fc69,reference,0
e1938a3fbd505d9666ed252b191aaf96ffd5f0d7,reference,0
a2046b77adfc5c57551e0e62b702389496b6223c,reference,0
65e9d868acf9b571fab904cd4a97841b2661a84e,reference,0
aca3814e519363e2747cd3defe9b17f58358dec1,reference,0
c4338e33be435a862cb5f21159f3669224603b6e,reference,0
41c76e0d3d449687ba7d1e7c6affb4784587efb7,reference,0
f045f5b56bad5344e15097d86e707fe482f906a7,reference,0
6a1e7c7a9d92f769ebb1ef5421addbf5900f8297,reference,0
d867069f8d26441226f3377eaa5cd4f2ba109216,reference,0
b61f4f4eb4b3c630fc1008162c76485d7f505dee,reference,0
cb81690942535bf74a6adc5861b131ea74e87e7d,reference,0
8f2e8c783f0338dac22224fe05030d744eda3b00,reference,0
ada560d9a6d0eec4ead89f9282b19b91e2b012e0,reference,0
78214b5dcc1007e91a78ae361cf2cd6220801427,reference,0
a52f7e75fc79411fc71405b2c5c18a0446d5427d,reference,0
e04da8977794a348f685d40ca49c61efcd115125,reference,0
c2158c5ad0a04ef1835f96ca8c308e893a49a38f,reference,0
0fd3aece5c7e54b7c540ae7ebe07d5acc7eab485,reference,0
4be750b67884b81393f547cc63e5ce03df6ebbf4,reference,0
1f7999677cef3a896a09635bf251f45764a487ef,reference,0
a7992218b0f8c8663e8ac144fcf58017a2a3c335,reference,0
895a55cfac289b2d17326db7d185307b161b469c,reference,0
65c0713c14b707d0d254ac000a65b4a1e80ff486,reference,0
58bc2a3427b42bc4f6b5401b29eefac8cb0f1e47,reference,0
455c730ac1c4cf9ed0ad3beff20afb215f642e1a,reference,0
b429bb26268722f9d9984350e2b401cbc73ac032,reference,0
c8b1c313da7f654d58e626e4d32eda5b4c7f300b,reference,0
324dc37492ccf0cc25a1bb598f1d03eee5af3e95,reference,3
f8000d3efb777cd53b19430ead5bcb71df475f7d,reference,0
1d530f8aa0c93c68997e70b3066c49bf59f218ae,reference,0
030f9cc8b8d6d46d6239ef6ae29d9e20867194de,reference,0
fd503e192309c0f69b3fe10daac775cb3d16ad7d,reference,0
c4f51e5101e4fff10694dc1797fd2f5e5210123a,reference,0
28c62e4b9b511fd1c8055b5b544c52ee7a9992ba,reference,0
4046e8f4ac46a533f67aa9432609c150aba5faff,reference,0
3b733b7737f0e9b7051c9e037a36b20aa0a196b2,reference,0
962eedb6cf3bd41f6481eb35030f7a2046521e4e,reference,0
a94ad4474cd0d695d00f4561fac9884896dc6f70,reference,0
7b1739aa37297f617146c943abef32a6b1174246,reference,0
148346981b4ddfcb4af2d852465e435db121f071,reference,0
a9b379a64fd2f9fb9982e55cce1134e57de49db5,reference,1
791c57631617aaffaf368ac0ab5e6ebbdfaa43e8,reference,0
5b20bb872fdb8175d495885d203e81f3c4c2849c,reference,0
7f660ec77b3fbf158e717dfd958a6e57cee465cc,reference,0
257ede13da1f0d8660af40fc7c6e234f0e87ebfb,reference,0
483073177ff5fb54c4db2202eeaf997af9027443,reference,0
14df5d341e85cf1f31ff506feadf3eab050f9ce8,reference,0
b5751c587aac51702e33f9b453eea2381f48c6a2,reference,0
f4efa7928f4bfd0bcea6e422ac682f2d5994842b,reference,0
71ce2e1866792866d70be4220a338357a3c0687f,reference,0
5c0ed9f9a51eead755a96a896e8ec78521d2341e,reference,0
33ef686c36a1d1d994de170005020f8a2d10c3f8,reference,0
881cf08facdbd027022559e8cb1086eef8b28bd7,reference,0
0b01f6cb6b3d2893ff092c0b42e55a8ecb462da8,reference,0
47fccd1b5e3faa0e9184c8b401c3b3486717e697,reference,0
04b4fdd7f8e8a23390afc8ff64fbb0f68a3d6c54,reference,0
9f0b14674eb31430cdf1487a6fe7ed4596d5a1db,reference,0
b565273208fd6bb197db695115e8a74356b246af,reference,0
d653af97a808ce0b6594a543d5dc80cabdf6d562,reference,0
3abf5845a7aea6ac895d7e97ebfe533a83642edf,reference,0
28981263f2d6d0d510e400c2dbbea0797afb16ab,reference,0
f9567b4501210408aa4b7033c230f671207103ff,reference,0
58d06bb21c22192f03fa28c3261122e23e426461,reference,0
1f6d0df3dceb6f696dc0e0bd693b711c45c6f1c5,reference,0
0edf0d6f921cf853408c5c8c23d04fc81b5b8610,reference,0
e6dc8fb324d4af5543123961692801d3ab1ba914,reference,0
e894edb3ad9378c560979f37b8750cf3cd83a81a,reference,0
10b876cd1de07836b5aca8a54d446fe3f1af0233,reference,0
2174f1e6274bbe417ce5c5a2526699b0bcd8ec13,reference,0
f2150de8436a2117c4893a044b55adda7aaf3677,reference,0
76da2c5bfcedcedadf5815e00cff25904c3c42df,reference,0
dcf5e5001c8344a653108a5b33f96d684be50df6,reference,0
ad9eed80bca2b208e60d9648c30f712285498151,reference,0
99079bf0bb1ec840558c8124dafb3ba5ea871bb9,reference,0
ae46f67be9f0a5b300866096373366f3435ebcd0,reference,0
f4ecdaebd24583e0fede6b1c5648008c659d1486,reference,0
42a9ce9908c7555ce11efc48f7c10a638c4fab28,reference,0
d754e3df3da552c87aa9f0ced53bdb2b16c72832,reference,0
e96e412cb43d126cca504f54d32cdce5e3f4607c,reference,0
c8cbd0dd3cf7598abe8abcb1671b25d30ca5abe3,reference,0
e7923d133bb3d426ae50ed32d4eb12627892c8a6,reference,2
cbc4ea69c9b7e52439b96bcb96b360ac339107b6,reference,0
f4e49f0cc301260e800575c87ad1b10c903b4c9d,reference,0
49242c91c017eaa36858759c547fe048f2e50673,reference,0
e921a9fabe39ee501291b6ddda389a21f8cd001c,reference,0
e990d96c27a10c7d299ad0894a1bed74bef5e542,reference,0
2ad1fa0bb7a34c13481584492f69e2199949d848,reference,0
2898e90c707ca3524a36850ec03a5fe7eae95716,reference,0
0eda06234199a3e836d9a7bb8ba7e4ed25987e72,reference,0
5532dfa3c099e923653910918cd4afd4cf2960a0,reference,0
1e2a82ef5e0325a26ca0344c4f8c256c52fae7ec,reference,0
3b075710aecc4e8e8a035215d70004a0ea93be1f,reference,0
a8c82eedf37d6c8f3884245c5c9f7253fb6a4654,reference,0
cb49aa50bbdcd62c4ee86cf89641b35b08479248,reference,0
8913f68977f6e320c24b2dd6f10beb9fea365cdc,reference,0
0ba9f4c73c95f480c81b66971276a849da9fd78c,reference,0
5cf2a702840982b7a6c4d3a00ab5796ce31a7dbb,reference,0
7874c6e5d7313a98b832918d5cb7f1b10ffea4fb,reference,0
caae2e287e1d4e49a8179d721c6b0e7200cf537c,reference,0
641e145e785977480ba0d33f4d22c17958650760,reference,0
5ccdd4f0efe9fae60e4d757c2f623a6e8b4453e1,reference,0
86c98c381bab96bac507ec5c05103e144f743044,reference,0
a7b7461f3f3c225f68cd380806d81f15aef2ad55,reference,0
00f25dcdf3e98064007bcfabfb3b639b51084b26,reference,0
a57d9e1bbe510c7dd8411e30252b02e87b903570,reference,8
08e4b9c179a6c377e8dba33c0ea1909f5c0fa99e,reference,0
48a01cc8023eae500a9d9567fe62483bfe0d9c9e,reference,0
822f284ad0c05d9acf88fdf8cf3013c502f00ca3,reference,0
7f80c4a811d18063274fa13fe085d94fd0dc5cb2,reference,0
09863cfb10bbe29de574e14af03436d8f0b3b713,reference,0
7f319badb2d7e38ad14596d832ad18de34f7cb7e,reference,0
00f922a769f9b34d0a5ba201e24f8be4936008d3,reference,0
3672b17ffda16e14bf034675eaffa904e4e71844,reference,0
eb5ded56d04c0b92f7acb45153bc1f79feae12a1,reference,0
d0cc7d9e96cead3da34b0c226eb7be9b1f190f1e,reference,0
c9e615c867f7741332a0239368df988f619a7496,reference,0
00b743788b0c169591ca8ba2fded73be58a0e1eb,reference,0
1407966036a1d70124f822b16bd961526de88295,reference,0
d084377392d2bcb91dd543402e40a33dd2ad1cf9,reference,0
a5901faf43af3d430e136c1e8b2157db0609f0da,reference,0
223a3b9b39c6358fcb84e47c599e9ed9c2faf985,reference,0
8e51cf726308232369db364477c776f66c9f91e8,reference,0
e569a65350ebef308d33ddc38e73a1c5b00cae76,reference,0
d41f5865416da6455170b31b9cf82459eb4497cd,reference,0
e13103b0c2e068a9eb7336d8f48572c178e8dd7e,reference,0
effe604a80373c6606c4cd1e12793a3eb6f446a5,reference,0
bb38ab0012afec86750d0f6f7976465e9544a54d,reference,0
1595da87d5bab53aa4a360dcb9058ccebeb701b3,reference,0
3990f2211e16fff86af9ad9f0c967b0fe37d3658,reference,0
3c978cdddc7fddfe516d8def8021f1cfc80f63aa,reference,0
3618658f7e2a1ec6551f2cff126b7413dbae4b55,reference,0
d80f83e0b9140e6f619c1d3ae2923131103c4d4e,reference,0
2d44a216d056c9a6fea1240833610da19484e523,reference,0
86337313cb5ea7a3cdd55144caa4f599b02ee55b,reference,0
0692b401d6ccd3a6bd4d2ebd87326a52d493d6da,reference,0
045f15e5b5cd6938bc8ead3ec09268161c6ba7b0,reference,0
7b04ad06498a615f5ddefb56d208c45714c33528,reference,0
1487ff63c991f8a76029471ab902dc5931d71eb8,reference,0
5b517c7baefc9c5282c25438e658a5b271a32c7d,reference,0
535aa2488a33b5796275eef217da7c089dd11db9,reference,0
062a3d1b45e4832ea3cbe9f7db3dba6157c982a3,reference,0
49f2b5dd3ef0e04078128f55755469efc4431fda,reference,0
9f29da2f887a3cb35eed974d908d30568eb5b678,reference,0
e90f31290cb2cba80abdaec108ebe764b2440a61,reference,0
e621b04645d5f0ff5aedf68f707b94e2ae5cb0d4,reference,0
d1eac3dcf2ad37e1a75422f164cc1c5e8c474c5f,reference,0
a091c920e8980444cbc501ff24c6d2f7af857b7a,reference,0
dd95b789a49ee9a9eeb60b1a6ec0271cec8200dc,reference,0
f7bd65f4bf7e2b7233a6cb4bb2567dfa69645585,reference,0
5d844a3d1c09dbf400aafd78e7dbd8d3e8f084ac,reference,0
9f250037e21791bf4807bbacd7ac6854aaddd83a,reference,0
c9478a5a43b0e65ac4d03b25ba52114c442eeda6,reference,0
e7ca0e4d4e4501e46262431e3914731ce8a9b2ce,reference,0
c5a98f1504410ec4e2c4f001ccb06cb2b58eda4e,reference,0
fb48d1326f632da1613a238439f9cf108a483f8b,reference,0
675778f00c92b30c62dd6d83d25b5a912b0d9938,reference,0
5313c01dfff564c30926899fbea39447b17e91a0,reference,0
db8c4c08bd4413e9e7f9d71eff90f97ca2f4e66c,reference,0
310203353c7764affdbf102583e1f6f7db1a12a7,reference,0
65a35edd64c82e051db2ee471111a2bdbdfccfda,reference,0
6a8382ca206560ab17930b3ceb4a77016f6c74d6,reference,0
107f98abb272053dd1d5f1f92e3131536433f77c,reference,0
85bce103ea247ca2f68fa1245b8e44ac323606b2,reference,0
c763e59f1ed0a62657b4cbfb21cd1e4fafbe353a,reference,0
1e7a09af9ec3b3654a63d03e5068baa1c24edb41,reference,0
1d72f5f6695bb270c3c12d06938228f53e24704f,reference,0
ec6e2d1cb140e565713aa24238f21feb3c339cc3,reference,0
9bdddf4d82f0b6002b17ea2fd09ab13b1cda73c4,reference,0
a540513d0dcfffa0583b4f35be0f08267cbd2bc1,reference,0
0842ac641f54b5ef63751a83b96e4619b8d6296a,reference,0
a31f9e8da89e74d1a85f14bdc973c8d75cafdd52,reference,0
2ec6caff88519e06a3148fe2890f1741b30ce623,reference,0
ded7eb22dee8ba63f2422f79371c0fae6321873f,reference,0
065eb76c846c76c7f1bfe94324563def704c18e2,reference,0
1e934631aeb726b5cd2a68d02a88f98c9e60ce71,reference,0
69d4f8347f906d00dac06c3fe244a86029cf39e4,reference,0
314fb474798301cefceb089a10f1ae78b3ced097,reference,0
ca198bdf5498cfb1b0faceacee433c4808460199,reference,0
96f9a89c1dbb0713cbfa6a8304cd5142dbdb369c,reference,0
308c330ae4e3d6637339a7ae9565e613e6062fd8,reference,0
1eebdd34ff8d5d936df973728483ff48c00877ac,reference,0
c8a33ab8b95841b7c6a210ba3389291375397fc5,reference,0
58a4c3f8015865da42ba260676e193c93b3e8eb3,reference,0
05bc7ebd71eacacf36c8fcd8f03e558269cf8f2f,reference,0
4af45db0bccd203ddfc4399215846394a18f4a44,reference,0
6f745b5a3e67871a94d5bfb8b916cca7fb1bac8c,reference,0
3a3e31bffc23ab7a589842c4412a3e814ac9ddd8,reference,0
146429f3cc8e881462ba612340d2b07aa984286b,reference,0
2a06620936c10219dbef1122435033ce1476b117,reference,0
10c8c21589962c5757f97ef23fd2480ade7d219d,reference,0
ada8e7e5b8adddb2914f4e88ba92d20f82be1e7e,reference,0
717a57ed620152adf823801802eeb421b9931b79,reference,0
04bc434e5812ef17341049928f4d8834e4ca46a8,reference,0
fa64e81ad6ff1676007d1c8c1d8087575f8d79cc,reference,0
267e9d3c156c42303ba5b2696949cb81b7f67a4f,reference,0
626306aabdde546d33627790338a8ca03c2428c4,reference,0
974aeb60ce25e4fc001236510276f8b77ee3fea2,reference,0
ffc7591e5374fb003ec8617974a93063cca688e4,reference,0
5406ab3a490ade1a141eccedf7f1f69582ab2f5d,reference,0
e12e43beff1e712a6f6d453ecebdf1491bf29b7a,reference,0
07e24dc2ab1b82d65bc36c930e1c4514c64bb383,reference,0
251fad87fe4f627535ba32a29eae343803fa5605,reference,0
1951e288ade1a453c3f1bb544f3e5690a6d177c1,reference,0
be24b701b1404254d46a7d8d17e057bfc69bfe71,reference,0
e5c5ca9216d76dafca279e326c328692bcfd88ae,reference,0
e58f919e7a15419605065a848261eac8384ae745,reference,0
b49cbccd88cacf9a7514c80d33cf5c42b80edc1a,reference,0
91af851f674aaa6064827527a3f40c733e51f742,reference,0
8073322e2b1c9cac6816c3a1ef5e705dc04c77aa,reference,0
edf6e8b460a3ab7d532e5263dca0ea74a5cd1a91,reference,0
649a9b7d1ba78da0f42e89898858fcfaab0736b6,reference,0
f05d2941cd4425ea4e450cfacf08c5c978376a8e,reference,0
b58c2f6a0d7134c208fcad8534dd189baed8af0c,reference,0
16a0a32da2d1fc152f22d1d8bff220a23d3b4972,reference,0
f7acc860803b201c28d9f0c00962df66d2c0130d,reference,0
8d1d786bbf532c6385ccf34f9beb49beae202853,reference,0
81a24412a768b5571e4c49d821db7d24d0341ebb,reference,0
cffe40274d352e28de43854676a2ad203442ec9e,reference,0
49cda517fb1e3700d1852af7e35ab0fe3438a568,reference,0
f9c603bddd99a6768201111ef4176782698c6483,reference,0
2c850c70b52e3cd972b67c006f190de3ee963d4c,reference,0
78c5608259bc7d2469cd3d53aa03fc18d51c5b20,reference,0
c1fa31734bf75df4cdd1a6a04f63307d9817ed9a,reference,2
db0f446a03c7cda8bb812a8ccf53ddee53055e85,reference,0
7fb7dc542eebce34205d2ab8e6e96e059ac932c9,reference,0
6160e0eb0822e5723c2b251eafb5a41f1cd69562,reference,0
0260a39a231db6d7e84591ab9b187c93caa2f77b,reference,0
5088b84507462bf725bb4898623d1dead4c6a206,reference,0
f9dd1d4714c5043834b697b2adbc8d8487e7abb1,reference,0
d97c62086861fa25a1734c7c0611d8bf95c51cdd,reference,0
69afd10d387423a03617d461c3f47a5f3033cc54,reference,0
ff23001689d08812a25ce03844f476e31ed15d75,reference,0
5d7be84388244d2626ee8d7fd0a462f4c2002ebc,reference,0
d968db43bf21f1db5d9581634bb8cfa9f5920820,reference,0
15394c7810deca4b075f6f59337d8284b1e1569e,reference,0
40d1e0a1e8a861305f9354be747620782fc203ce,reference,0
11e2d39c2f5eabeb12933f4fc7f50bd2b452e1fe,reference,0
fdfe4671d4c2cee9ffd1b30b59beb40a7efda51d,reference,0
20ddca71e0cf3df0d41c850d0b9e3ea4b4c3f536,reference,0
78787fb53720e820600c0d98cc2eb581facd1bbd,reference,0
f6075ce4db8dcc359c3ac97b85f2644dc5cadda6,reference,0
ad9de5aaff60eb19b1d9264a5fafc71356e2ffd9,reference,0
cb1397fd91e6dea191f9db0314d6b390e5e36b1f,reference,0
8dc08e171422fdaa302893c41eb2d3301ebcf24b,reference,0
49dac81bbac4f3604a79a9308d484b1cdbd0aaa6,reference,0
3564562b1fd9ed8abf9aaeef0afd1d759c5e0d55,reference,0
f2951a3016d3d3492de2b0812344f2d2cd3fe017,reference,0
0846688b77c8a9f691a9feb4917ba9f6fe4c6360,reference,2
e07d8f14d954a7664b0150675b90a0b9578def79,reference,0
7ea4e8e12bcf44a0df256986d6a109b29463007d,reference,0
f8e9cbb77a3fd538cf079d8156d82f763e803418,reference,0
2a2d8ef3a738d1f8b09593e6681483de98f6fa29,reference,0
8a9d9b23cb2c9c5f0a295ad80e4299a63ef1a2b7,reference,0
1746ebed071c8c47673a373697043f4b11148622,reference,0
9b6fb3e799ca059dc17ab499176e90098cd22ade,reference,0
5aa01bf10e69b714df58628ffb8a19d83abb1b10,reference,0
0d9690495769d474f91a4e2a7b231c710f7c99a0,reference,0
3d2e1bccea595081350c578e7d03095a4ba670a7,reference,0
35d8c49634309e9af3197b1d107488d372f1960e,reference,0
bd79f32356ff313139fe08c7335b8155fb4a67b2,reference,0
442b8903a2e8808ec9956c0b17dc9d974d8156c4,reference,0
f7fda04c653b44b043735cb4a3c108c84131e067,reference,0
31abdd493806253c5de6e0881d71b0b2066d35e4,reference,0
5dff03b5abecbc6fdbc9518f17ff7171a7c36095,reference,0
8fede60010c6883c14a8d97c1f677181c2c82cc6,reference,0
cd467136e3dc283defd70d17197049b8e792e60e,reference,0
ce756c11e4e161778ee18123897542725d7cd612,reference,0
020ce0b77f5d1ef6cea39fca302b132a14cab1a3,reference,0
fd68cc30656415b9d100ef4a6a4a07e7dfe4690e,reference,0
dc8f6fc7f3e328dc91d8ca2fa62a1235e7c97cfa,reference,0
6bad752dbe01735f85b8046f783647ef8895da2c,reference,0
ef32819c179eb32fe2061b4078c385d8e1ab0582,reference,0
7a643dd28dc1773964d9aa86c3ca064414a0a543,reference,0
25fda350e6d16f7ea1e2181cba7dd92e282d50e1,reference,0
0208a485b702e571968354ab43535e5bd42a23e1,reference,0
8df8bc5577b33c82518878fe7d5d4cab4215ec72,reference,0
25c6acbd1ec655c877d1683bcd8eb8e31b262864,reference,0
7bdd5630dc195cb849f862fd9655a8265853c0b8,reference,0
548abbd15fe082f07d1c08146719857c27dd5921,reference,0
a748717cab6774a54464c7056623b409f4666a52,reference,0
93b08946893d111933cd90b4a476d8da26e1f229,reference,0
85a68a519c7d421a6e1f868c6d0b32eb85185860,reference,0
ffc09c7971df578929ea3764d06e4ab62886421f,reference,0
6fd55a747a57b28ebd4007585f5b8c785b34039d,reference,0
f5a42495c56657a724b1c0fc6e5fffaa9aa349f2,reference,0
63a43ae83c0bf62ba1b559511bc9dc72314fa9c8,reference,0
0cb27c8c827e28ec09d6d386107bcde0ec6c34d6,reference,0
6fccd056e256049ceadbc2300fb68b5446a07370,reference,0
4b1e12c4e1fce382afe16bc4a67fd05347ef6901,reference,0
b0e5ce5d3b30478f1c0fb2fb3f65b83534c3747e,reference,0
e953662e0cf24c9ae407c37f71cca7fc8a7888c5,reference,0
8955752c12946fc6f46c9db9870f39ed200162f2,reference,0
3d6b70eee7f12d383a6b2bdc98bacd20525f8862,reference,0
b0d0a6f9f9ec33ab7fe271b57b6d9b1678295eb7,reference,0
555254f52c2eea90a46870b866b3d609e4ddfff0,reference,0
7fa2d1632262f30921aa0415f1b4c0f15f50e865,reference,0
1801573190814440f436be7f8dec7c4ddede6445,reference,0
20748b741a9aa3dc7c06db2b5e3103ec2dad5f4e,reference,0
16e73533e7f00d5b49f8d5731475bea7130b711b,reference,0
407ddf4a9e89d8acb926edba5d10cacff0aefbea,reference,0
625f758f2f5bd2a1142a232b3b5dc41bc73f84ba,reference,0
ce358cccbc9b84a67d4eb91a650e398c35e9fd28,reference,0
3267c7120cb67167d0fd3d65faac0ac6e5a24abd,reference,0
e4b2dacac4f865fd569368c85060cbf1fc412620,reference,0
e2a1c5b2c857eed7f8bc43a63310ccf50e87911f,reference,0
2b4f666bc082d80b17ab493504d45f79c2532e42,reference,0
018edf31aa67689f8e0465fc5556ea6e5dc1bc91,reference,0
fa1f81b8221be38e4f30bd85828e39674620f5d7,reference,0
b158f84e8f8798a5981275b5ba37059eaa366321,reference,0
2f274db9aa447a13c019114e327057d4b161b6d5,reference,0
a9719e68b0ade710816aacd20b07f54313e79c71,reference,0
16e8797aa6957b8b76e68db60770e592ab1f542e,reference,0
402741bb2c3c781b487ea428591e39d4c821b24d,reference,0
2a596a68ec87f4e955a5e59b17b29314fb17d5d5,reference,0
deb4844900c0b70e0852a3f96d15ff406f781f85,reference,0
972e47cecf41104c8ef8bad2c0b96955c52298cd,reference,0
115c0c8278b90fb798866692a28f32283f3763ee,reference,0
a4af09dfbb5a302d22408628ea4ac1ca5dc7993c,reference,0
d6279090078ecc31d63094a9ef162833a60c2d9b,reference,0
466b7a6e2b12330b6bb23f4af64732b4e77ca794,reference,0
3894da3aefa51f94fdf6f8cb92ea878ecf69ddd6,reference,0
bc5e31e0d0e1f26809a55997b09f0c21c5f5dd07,reference,0
89435c392b611b1e804c12d0176661e91ea54ea1,reference,0
c41b872dd1a138d53528921790f3ad13471ae52e,reference,0
1549659c6a8560ca4943b4b091bd2ac1cd356eb9,reference,0
ee0fb97abf3ade9a7ea62e4507a58b3c1b6fbaa4,reference,0
dd5702e89842963a2431235215a64c6bf36d5955,reference,0
2c5f4e7494924d07775345c5cac7b5e84852fc0c,reference,0
98cb0404653461332986721c2089a73f90459295,reference,0
b87f49a32471a2c33b3fd0240d5ef2fb72aab43d,reference,0
d172afa9ef45231ba2d5bb6a99ce7d3d16fdb2f2,reference,0
7411eb184a85e328e509c3a7b3e43e70c9b1ef55,reference,0
e7bab196b83348c8c6d9900d8168d28499ec9796,reference,0
0deba8482fdfe3498543fb5a6677e4f0a291a15f,reference,0
de977d2761a2147e020496cae71f27230a0024f1,reference,0
6d3c98798fdf0cc311c51d083fae893a8dd78e5a,reference,0
a99454c3faabb52c7b9ffcf47a92d1a1cf831642,reference,0
c1b06213167804e673859d719708fd54f54a5e0f,reference,0
cf460ec4e43099d384b748ceaf8e75282beb8bd4,reference,0
b5e2ee878e757f1e7e557b89e7d3460edacb50ed,reference,0
eac37c416c89a8eafd655dee639344379e2df33e,reference,0
0bcd0fc6d5ce6946f9a4d14ea440b37ce0c28b61,reference,0
55ccc99da7fe93c14879a812e70c9ffbe42f5b6b,reference,0
96dcd1e3fdbdfe207bc0600f081c1e1f67e432fb,reference,0
639fe43da43d1e20c64f87a75013361dca300e87,reference,0
4cf9bbd49f413705dd12fb130b96c050e98852d3,reference,0
02e54abd02c64525c5a9c555d0b3bcff09b9bca5,reference,0
8ce9302cf87ca20aba04bc33ca8f37e59bbd5554,reference,0
b7366586ec4f3e3f31f3fac7df46fad758587566,reference,0
d53d954f7bdbe77c9602952a052f04addffacd57,reference,0
090127d34f08fe92e90712ddbee0b2420953fe84,reference,0
3fbf40b6d2125b0593f34d8e5e597abc00c976eb,reference,0
2b23ab043e466d7e85600f4e7096df2b279a1f72,reference,0
37e1c757eca7903729b14f58e31910cb163deefc,reference,0
ba8f1e36ca5f16a61d679f1ddf7b2cb3e298b354,reference,0
cf19e2dd3a6b0fe3d3e4a62cc04d572d0548b12e,reference,0
5167871d6b35ec6c41a6937dc681c9b4fc2dda15,reference,0
1c1d9ce7028a2784f90a9d0418906e57b9a491c9,reference,0
98d4656ca35f794fe182300b32bb06ad2c7a9218,reference,0
097a7927238a52291856588afd66dd4de1a7276d,reference,0
15891c0bfc4c4e5e345acef4b6fa4ab003a473f6,reference,0
86dca627550956a58cb2e1229d448ae97a6fc214,reference,0
1502270bc1674bcc49dacfcf74b998bfbcfc73ef,reference,0
9969fd03fa53d126124edc00fad3a23dd6a77ee3,reference,0
b57b2d98a872ed729ec8abc199cd0f73f92b4ed0,reference,0
403db2d7070e72153f759cfb8ee0a1691f21201a,reference,0
37a760b847c409ff246ac4b1df1fe5de2fe7de38,reference,0
dee404382e5e8f0c2dc30df3c7537150fce1e70a,reference,0
da584b5157105e679e5542969d43cb30e9dc24d4,reference,0
13db7d610fea1d590774841d9f09d157f85ea6d7,reference,0
2db3c8db6072c7fc14bbdda66327c3491aff1243,reference,0
8e69c81246a6a043fd1de364318968b16717ab67,reference,0
4dd9e7343ccf50e859d1829d62535d19b820b2d3,reference,0
613d27da65907acdade3bb7b1b1b6b69e85ed470,reference,0
c1db3534566a6c6b71f0df8d76565ba2c8e6165e,reference,0
0280be49fbac5280ca1f60e5bad3cca0114b5eed,reference,0
7712b0e640848cd67d34d10f0b8637ba89f39f0c,reference,0
9d06557ea983efd27deead53325c90332ae14edb,reference,0
a44f654accc0de6ab5a5c5a8851329fe81bb6b82,reference,0
a1a54b4235b6c0dd369d00de673a23ae069ceeab,reference,0
433fa1a238ca6061fe16ac28ea7f350fa4c65052,reference,0
1200d9a841fa261a211069da33c29f684c7da311,reference,0
f2abed2c4021c04f5f34ba612b097f02c3b97036,reference,0
453559d74f73dd09de27dddd3c0015332f5e4fa7,reference,0
eb2d16f0671d0b7891788cd223a04fade75c1963,reference,0
62bf0a3d3e5e20ecfd67dc9fe8991c63f151608e,reference,0
d863513d15252797d6bafa03ecf377e183dbf1ed,reference,0
f76d0f6302886220331dd149a01e4f3522980682,reference,0
72499637780f4de2adc9b500596eec8a91238aa8,reference,0
4e94b064f731dcfad6c2b173743e3982fa6ed9de,reference,0
762c34d5cc561b7ad09a2157e5f4969dfd0c7aca,reference,0
cb35cb70240d68b022460c4952e46929546bf664,reference,0
0590ddf6a7030cc583fbca08c2ce88d397d25d6e,reference,0
ca24fe0214eaa56802824eaadbbd5954b2921b2b,reference,0
480dd850710a752583d389da5c4ae9300df30c7b,reference,0
e94307da6262b44d07a471a9153f1ffa13e01edd,reference,0
11df4e9a47a5bdc98377fe955109e4c7e6bbea1f,reference,0
0713b44a6232651671fd2fe572f892c25808332b,reference,0
8e1dbe0e5cecd2be38020cf821ffa5d65f1c5900,reference,0
a459431f37f57044c00796d02f7673de5e798b23,reference,0
06b8e37e8f43b7ad636b58688ac0e19c05e97883,reference,0
ef0c2a66b7bc82a2f90ac298310c064a49da8213,reference,0
7bc7aafef5197a8235309d955eb4daad6679c90d,reference,0
e47211fe976e1000804022c59cb6830ca8bc72b6,reference,0
74abb1a62b70e7f9019c7209ea4e65b72867a574,reference,0
faeb447b7fc8e580699724bbb5ece994c724e3fb,reference,0
9e16f6793b798b111f1de86ed295ef03baa82c95,reference,0
0c9c3e2fdb62dc3a2c93f4818b1402cf785a8302,reference,0
e7cc0ee0d5e88dc0bec72d7f2f43fba374c51a95,reference,0
9a18562347cd01b466c031ed4c425d455479959e,reference,0
bdd135ba75b11b28735fe9d68fdb14fbfadba360,reference,0
92c82a51ad13c361d052987694cf93d6a72d5789,reference,0
cc8796db323d8acd5c11b8c59979ad84a4711ab8,reference,0
ec98b763c19d063664f43b95a8296aed5a074cc0,reference,0
8f00a60abc00d913b1cb4149a0fbf9a2c91b1c08,reference,0
48b44bd68fe8ca3e738eb871735d70722513263b,reference,0
e9ae8e12ba18430ab501c8b1f70ec5c66a92ba98,reference,0
0f37dbe47152bba67690c09255ab2f33ceb6e3f9,reference,0
e3591b256f5792d6ba3912325471f31b06d801cc,reference,0
e338327a7772574c0f97760681dfa98a0c0cf032,reference,0
d89ddb912b9680df66ba6a2ff2f8eb3716dc44b5,reference,0
80b4025d866b165bcb023c79a1964b594afd5598,reference,0
a18fac91f2c55b8373526df19b990fa50b45f0cf,reference,0
ae972bceff8c51d8c1744b0cdb24a007665cee9e,reference,0
4afb57c63679c759cbd8cd8298b015062c88adc6,reference,0
3cb46194e74bde184f9829ca12e33a7357f08fca,reference,0
3717bfa1720994ce19efb145b46d698ca5e1cbd2,reference,0
fb4a7c641b18ae6191719a9dd9b0bd5ff157b3d8,reference,0
251f5cc029ee9648a8cda5e7386a61dda686d40a,reference,0
f0b605a912f724b0396d660e9f30b2525354e343,reference,0
648d9bd5275be9b106af6b3823867511618cb224,reference,0
7fee08a188afca97792bfb9be8d5cb970bfc80fc,reference,0
a2355278b030c4ed13cba1106ced2d4c980fcd30,reference,0
dd23b432fa7372d807e9707b0a330524f8ce4b3e,reference,0
5cde475c3b572cf81d9b14c4fd1163c1c2c19568,reference,0
02d0a08555405e9afef977d17db67e841b499343,reference,0
10efca368b696136714fda841d0848f2c231516d,reference,0
d941fa629c35d80f957e3ebb0db165fc00faf713,reference,0
23b69e9096d9b7ec74315154ed09b5bf0133ca58,reference,0
18c9afb0d6ed37c0933c786afce8641a998a4c9c,reference,0
f39319cf3b1154ecd3dcfbb9f9f590cbc0f2791a,reference,0
920ba705e985210217786ed769c234ed3717da2c,reference,0
508adefca0adaf2b836de00c741d17f9fe831175,reference,0
78b1eb841b584f74ba09b2374c9d528b2c96d539,reference,0
a5ad8dd7cddd7210026645a4df49294cc15c6112,reference,0
19aebde07599ee47cd54382eb0a077a2ccbfbb60,reference,0
3a36de53eabf437bd629a3c0f47e517016b886eb,reference,0
7eac6ced497b966d77a2b104026d50a4f49b533d,reference,0
577c2a287ce87c3669e5afb3ad6abb042a87587c,reference,0
d9557db0eab624a7251e7aed053fe5de56c92415,reference,0
99030063cd23ad00bf10e4a2bbfab87b1663f17e,reference,0
af4072cada1c9e081965ffea4a26407d2477b479,reference,0
8130fd36e651cf4bfc4618a00ee6e14c825f7cff,reference,0
564970e409a15ef0a4699dd70902078c8b32bb4e,reference,0
d8606fa9018392b8eefec8675ac0fe79b66817f4,reference,0
14ab8bec94be4f435feccbc6ab872fa87b286163,reference,0
5a7ad2bf5f26326a0b9fb75532f538045a99c540,reference,0
d43dd59e85b9567b995c1a88ded89a9d69ecf71c,reference,0
42dc6e2bb9d79efac89f3a15245655acbf1d86ac,reference,0
83fe6b75ee908d9bf858f443cb12dc0b709a6311,reference,0
4a91feebd6a76ffcbe6ab5314fd5d2d664311f45,reference,0
d0f1f53dd18091b2002e4e339478fb739bc4091d,reference,0
1ed6f9c35bc23965d5451ba39f197fefbe20710f,reference,0
dbaeaa45765ddeb4a6dd238fc5506d73dec20b9a,reference,0
344a289365081eafd66afb3c2757f736a087e7a6,reference,0
abc377522b96b6f05c4ca0b063f9150a8e1d7198,reference,0
22e51729cb40d843ccbc687d4a2c0d1c996bad1e,reference,0
a497b668dce81d6850af1371fdaf6a4a03eafb06,reference,0
04d9b838f79adc720ff568236c2a62fef34d8467,reference,0
3b35f58ee4d0ecb1edc95be882076f267b263536,reference,28
340b5bbb430e8fbf1e3b7d9fa57bf874912f3714,reference,0
e3a637764a3bccece5e1b20d29006040c5856e2a,reference,0
c0a8342d5a87c96a37ccf2bf6f2188a6b1ab8625,reference,0
c94512390c31942a73cbc152dfc7ab0db4ec1e6b,reference,0
344acd1d480f3c679e2ce12007af75b42e574929,reference,0
f9da7cfe8d403f66ab844b08577deeff6d1b1170,reference,0
69ca57ea13337b64a47ecd72f9623dcbe9ebad6f,reference,0
373f0e25836979acdb6f8791627cf919d26e5769,reference,0
5014ed8097639654124ecd79b79ef20eca5b055b,reference,0
fc8ce12d6186ddaa797e2b36d5e8eb7921425308,reference,0
d55089f2882b37fac1a617dc6d08fb00645e96f5,reference,0
f08e6657e93226e67c6cf19a1d76cb46e1535ede,reference,0
a56870071535a7d4b77eeaec4c7edf7823522f5d,reference,0
2df11afb0b0662a8a4c229a148b5664e20491c27,reference,0
49ccd30c63eedc35ba3c460a0042eff8fc5d5e92,reference,0
6c85916729218999b0efcc96f8c6cb9431f40c94,reference,0
79173dc1fea859a5eb12ec53187f6790f976266d,reference,0
a549f6fcec90bb5522d0a5a49bcb4f937a735d17,reference,0
2c2d505f10e3b460b087a4de00d374ebe09f1be6,reference,0
94e04d0e1ad8d9a6b82e8068df71df9036123d19,reference,0
f0c64291b16e7d724bcdc93155e7c5eff02c4c22,reference,0
67d19b3e36d430140c755ff8fc4bb4d240ac97be,reference,0
aa28e62a1bb93154a3623e8cdfa049d7b5882f1c,reference,0
1f077b7578cd2b399f4d83b9c12de1275cf95420,reference,0
ea03e6469bf50eda150c7091022a8b03730a15be,reference,0
cb480cb9e25bbdad971b56669be29bc46532d555,reference,0
8ce4b9851f2f4d7c055767ac3f3af9294442b077,reference,0
6b59f7365081988ef0b84c378a43a0bac3b9e71f,reference,0
a4782b94efb14f18e3a02bf7cd71b56a26414597,reference,0
69471ffec37e37c2e73a022c946f93698c88f431,reference,0
f45a9bf5a93598b9fc8717208a6a8ed1cf222d8f,reference,0
948b8f65aa4703c38c978de1145cb3b072eb7df6,reference,0
a1e7eec013c8a6898d3fd5ad540722c9fe5ed5e9,reference,0
74ecb95811c816f2d59d9ffb7da112063beafd6d,reference,0
fad70318f51bd280980d592d1f0638f21b52a8d1,reference,0
8bcf2e1d6ba76a437419aa06065c2ac86b495af8,reference,0
67e621e2869b3ace4cff7e94c08d903304d3f70c,reference,0
4ebf422d76c31a5c681ec24f6424a09005984207,reference,0
d6c2b8662601b52ad32821b8a8e93414143f7221,reference,0
d906a8e4d623dc6064f131eb064b1160d2f2bc5e,reference,0
2c88fec45f8974c28b57fad0840ca8321ca6c61a,reference,0
6080c15c7d7c8ddcd652012cff7fa2c4e26bd12f,reference,0
3227444169081eb108fa640474077e1a0e4ae9ea,reference,0
51c390a481ad5fb046658369ad99fc58c6065984,reference,0
10a49b1807be1cab5ee1173ec1aaab3919cf6712,reference,0
b761282fe766830fb75a406ca557e773a4ac9d32,reference,0
c7ffef6eef0ad7a88c8a5f87eaea4e2df465f234,reference,0
cf2de4ba64f8ea698b782e38e9f5f9fddce0ec99,reference,0
6ce6fbccd0e7c5bc96eb6d7a48d8936b2f27e8a4,reference,0
88eba58b440aab89cde79216551f490237bc53bc,reference,0
6421798ee517975e16cc5eaf3135a18b3d600a25,reference,0
63b0a41a342c3d96becfb738204913efebbf11bc,reference,0
9bf108758d87ce26f7b9258a79772dbe9dfa4e50,reference,0
081ddcabe10b522c2e80f3b53ab271f00b362693,reference,0
dd35664df802511a9246bd5bdec808a53c9164b0,reference,0
77ef2ab8184302e6487facdb080431bd68e482df,reference,0
3dc95c974f19fc305c56ec8a39382308612a37b5,reference,0
993159b86a19ad1310423f35918adfab30b6c10e,reference,0
28b49fcceaf951bfe5f08876540bc12e3d9ff352,reference,0
1c5f16eb7a565b1516b758ee816d1404a2fe654c,reference,0
82688a471b71fd05645228695208b2a6fd5a47d7,reference,3
f3d54ad2c2177444240c8c1ebeb61675bc931506,reference,0
66dd3f0b9810c204aa98c3f3ef1016369b76a18c,reference,0
4d5873949633ea21b007ad64a4da134ac86c64d5,reference,0
2058a5f0e4ade9cfc5383c3aade29f9c5efbdd48,reference,0
3b205ebb4a80dfb8914a01a27eb3397bb20fba59,reference,0
e92cafb610027bbfebf23b0390214586cd893c26,reference,0
20a3887fc92bd087093dfe708faa2370b5559a3f,reference,0
dc62bc6536e9e3ad80242f10f44c046e4c7bd3d1,reference,0
21bebc2544ce5752e727d6f2010db4550828513e,reference,0
aa64075f0c7a0977508a5dcb6a3c319952afcc20,reference,0
f3a4314870ad7e7cbc050056bd87f04daa4d4fa8,reference,3
6a19dd8a0b2d2ce7910e318d6e40404d86f898d9,reference,0
be1952265f19b0be0aa07851e4ddc3bbdbe6727f,reference,0
e06dda96ce8beac38be7d503faf18bb07051d340,reference,0
fc409c663357758248eea787afd1c7809f30c6f3,reference,0
d43bfbe6fa818a0e5646c5de3ce2dac7001ccf07,reference,0
d182a68584c80ab58ff4ed325152be7dd041e046,reference,0
1db3f8c64df4e64a690534714af3acdabec6f89f,reference,0
7c03cbd425bf4e80fccda67658a43c6f57f8e22a,reference,0
b67725e11f099c1640f933015486b4ec22f123d7,reference,0
a09f5ca165d4789b4f49ea7afefee1ee1b5d5f60,reference,0
c0353775cb33326edc94779dd41ac10804ae7baa,reference,0
1c7ddaed3dc08e58a40bd020cf6048742751d224,reference,0
9eedafc8508fb98ff27c87bb734a1ec7ebcf660c,reference,0
6d704fc8e304abd7f7717d6ef99c41543d677cc2,reference,0
7754741f80cbc7e26fe395404ff307b3d09a8c80,reference,0
45f50779e3d62a8df3096b608a1891f922390970,reference,0
edf26210534555302c4fc19722207bb4bd7739a8,reference,0
17d08bd1f807bde1c12c941fd2780e4acb08a61e,reference,0
fd0f1c57312019ab09f04915b70602daaa54df1a,reference,0
9f57006c90100ad8d3c5e754aeda2aec74cc701a,reference,0
57c1631cb443e7aca82bd77ed5871074d28937c4,reference,0
081cd3daaadfdd5cba79416cbe07cab2aaab1f4f,reference,0
5d9a413d0cf2f226308ad266b2b9642358a57071,reference,0
5b55ad35502b4ad1521bc93d3c273134f17f9497,reference,0
9705d4a44ad67836db2ee3d88ecf0362d597d1d9,reference,0
67cd332df0202173e7648f7751a17f149b743a49,reference,0
f87532739647d93b79689f8024550f3eecbe2fdf,reference,0
a3d177f1ac6984d305b0a0af89f6bab4c17cf817,reference,0
5dff399974bbc6d8db481dbb82732d5307577d8c,reference,0
687e42c4d01a37c835d4ef1bb89a4757e775d5b6,reference,0
6225ef54b2440fe05314c1e800b2628b0d2b7e82,reference,0
131d5516ac09ded99f6b9551efe0c9b35e6d64be,reference,0
b8d405189f4b5556d2882c879454b65bfa66f443,reference,0
750fd7b23d1009c360cdbce19dbf1cf6b3461f59,reference,0
9bcfc6c5ddc14bf5c26914f8a3d47eaca4d991c4,reference,0
3a509c7309e1b7698f3988b3a2b475b74b6c7748,reference,0
23e52fc3fbc3fa95b51e42dd6f5aa39f66b43856,reference,0
0992b7976a3fb87d784959725772565fa56141f8,reference,0
bdbe5f50fd835154203977bb586e1c68fd136437,reference,0
d447edc0fa7a421e833c5e62de56a35f05de6aa4,reference,0
7cb56921c9813943375d641f1c0a7aeeaa3e8bfd,reference,0
929d4c79b5e2bbb3779e35b754d261cfbc9a740e,reference,0
8f4afa3fcb2661480b31db8eeff972dac9066cf1,reference,0
577f75d63c04696c7096a78c81f82803439f1a25,reference,0
9d6d06ce836780c7e9821aa5386e39322a12f5d2,reference,0
1e4600aad89059b254c5d0a89a0cbd219f99c39b,reference,0
aaf890fce4795ece9aa33bd12c4f9da62863dcf9,reference,0
a7fb4245b412f0e54ec26d5973f041d52c83c0ad,reference,0
b12747548702099b17f4953e65137b912df99b44,reference,0
4698d13ac47a92db952a73655117fffd7f52b049,reference,0
7a4969b40e3ba26dcf426e5e68e3287e52eff8d0,reference,0
d9e75f5a4aa3a77e20fe3746e6c7698ca1046a93,reference,0
aab18fd6f490097c9ddee7fab2df955e0c166796,reference,0
3ee863007862f23f41b27254b21a622569b437a3,reference,0
587a234a33a2df7a6156e398be99d7568123d23b,reference,0
c02efceefcd8940bfae6e783161e015fa135c9c6,reference,0
f7fb1240e03ed058a203ad03df59446d685da7f0,reference,0
136ec4b210d37a011a4bf5a7d45bcb50e7cc5936,reference,0
47142548c8caf5e60e8e78a6d4f93511e00f3d96,reference,0
4b0caa2a554c97f9782ed656233218868df1988b,reference,0
480179eba122c4f896efc8cf4039f2f756e19e04,reference,0
e7b070d968d1d396e1c480207bd0013aff288fc9,reference,0
a49396691008693fee368e7b7d1dfa15ce864b90,reference,0
ac3967e50c764f0f1dd791f511ce5afdb9ac8ade,reference,0
6ca29e9438224626cafa50f121c22244f35575c0,reference,0
751e179505d1fb9be5fa19a0eb3e8074d6320587,reference,0
360127cf5fcbb677be029e83e58807b3c814a617,reference,0
542c2948037ba8548dd336133ecb62137ebb8a4d,reference,0
14dd5e503633e3a7c42c0158912fd5f30cb0d62e,reference,0
09cc6ebb868b0d958cc971a12b63982d5584be12,reference,0
6da5617ac3c524bb376d49bb17c3caa703639a2f,reference,0
15406a81820e157ebeb49ff8f92523b46220528a,reference,0
69133f7e0d69b07a20dd01366ad59d5f82c267ab,reference,0
df9d56616ee050ce370150adc7316612617d3709,reference,0
2d060a99823d824fa218bd1544e87813954b7530,reference,0
615f1a22cd632792cdbbb410897a77dddf6f52a6,reference,0
db79c598476dd10e04926391ef53397a32256334,reference,0
abf03d59a76ce15934c0beea918af4007efc5de0,reference,0
11efb64ff8eb5f0f011b0bedcf5f39c07d163d14,reference,0
f8e7615c7c6d95ecf1737d845ee3eb713e297b5f,reference,0
28ef6c02820b95e3f44602ed9dfa38bd8b94f971,reference,0
ce9c1c4125664ba96b9b0b7e9d5bd9f05f520815,reference,0
ca38d3dbf0ca25d4eeeb43becdc50aa45052e22d,reference,0
48674264e38087905644ff003e7ec7f0831e8c2e,reference,0
288006fa6a4d4e54737111702c57115f2492ac4b,reference,0
c2b809fede0938599f16a1397ae3dc686f4590ca,reference,0
67f9203203c6ac528ccf90291805ef8ff0c197f2,reference,0
1979ed8750fe982db278dffdecebd8dd0e1e96cb,reference,0
42825570e294c1dc5928983edd3925700466f89c,reference,0
4c21f660843d4ce4041ffb4af073a2d7b1e0b61d,reference,0
7e286c0702a0972d92ccc9cfb23753a65ed5d499,reference,0
8dcf1023e5a23b1cc8019725ed3252796a4c7af7,reference,0
b051ffd687052c32d0a6fa9c1ee759ed893ac344,reference,0
b665f0e30d3d1799de1f38b002e51ac9357dc05a,reference,0
c631bd18fd644636efac88b8e2d68b48e3eb4e46,reference,0
6f91678f2d5b4007a3b093d6ff9c61480dc2576c,reference,0
09718b55d6b2ce0adf277e82ba471248b58ca39a,reference,0
367f97f18200450cbdbbd0e423b872d6bd5e1f7c,reference,0
d46dd8e5ba18311029de27290089582bfdfedb9d,reference,0
cde3198d5a47bf6db2c331e347ff1d2647d71197,reference,0
3d81ecc1bfb565000ac17f3dd281f835c8541857,reference,0
d777eb56150e03d615e338db35b0ec11521d915b,reference,0
2beca8278ed8e036a158994ca255def0c42492cb,reference,0
f14b60456e8b2e53496717e05eaf860bde3abe2a,reference,0
3a1025afce60f190eeefac4cd28177c4a307d572,reference,0
a24bbc43c67525835720ad2e6708c879962262f8,reference,0
bb8b72f0b0301a98c01442d827bce82a76a15e65,reference,0
39a4293a91bb43d0b9ed712766d2f5ac7a50af1e,reference,0
1d14146f52c7e0d30f220222cd3900dac4b0b723,reference,0
d6344982860a744bc4cdac0a891450640a466ab0,reference,0
ec058ce991737f8f911c1bd83e9e5d5637a21164,reference,0
da436f4b38a2cc9c3c84026459f75f72462003ac,reference,0
6cd8eaab70b0eb3da600651c4141b76e824dea77,reference,0
5e93dbd203dc8997cfd604937ec0fe9d78528049,reference,17
46ad22c87872abdcb871986921c80052837169be,reference,0
e9e6c8b70e1e22473f868ea3454b55f31836801d,reference,0
badfed277b0b65b5411f7ffcdb785bf7998a1edd,reference,0
d6c6c79656bbf9722fbe8c64db7f5fbe291b4599,reference,0
3dcb228d6652105a97adb3347f402fcff37e78fd,reference,0
ca88a4d1d1352334ef9081e61b8ef402f49ab77d,reference,0
72aa001ed3ae119b78e6e7298716ba11c35b71c9,reference,0
de628be92adefe0953840d13308d06ce3f74928b,reference,0
d1354ebf51f728d15f5404330f535dd484ec3b49,reference,0
00af56a4596a35b5a319b7a16d3d63f67c717876,reference,0
b244ae0452792b4b44ef82487a65d9156d308021,reference,0
0458899327d1fb8b8b3fc5a141cca832aa66288b,reference,0
8b8555d4b109395d937f8b20deaee76ebaa83d73,reference,0
07f67a1187ad0bcd3dfa0f1e414b99ab9ca2ca17,reference,0
89182745c00e8a88400266a0cb6c822d6c80ae9d,reference,0
c93b0b7347e1ab9f1d8529cc360882e265238972,reference,0
f04229adec1cf2cd780d680f8f97e57be08d28b0,reference,0
17d7115c01f13e95314bdcd61e0b61e686dbf844,reference,0
7051590b471833922899078adf16feb2e36a6cdb,reference,0
c06e79e09da5fba48c5736f948fe758382796741,reference,0
63bc7ab1e0039269fc607fdfbe2a1de5b366920c,reference,0
b4d1d0a865f6f18f192a88b2caea73541aceb9ae,reference,0
b989217ceb614025343b9921ff87c1f29901925e,reference,0
4eefc576cfdca84976d1bae17ae0516c709d3b3c,reference,0
a343a24a0d47e0acf4d71bfd0215924bc76d0256,reference,0
49c9cb98191a875b86fe993c0fa79acbf776bfa5,reference,5
d12f653de99f3f6a21a624e15915876a0de9e06a,reference,0
09cc262000fb90477bbfb784480e4f8098206db9,reference,0
ce6d3e53f4bececa374e47209c11b342ac43d830,reference,0
79ae70ae4eb42d9a6d80502f0ced08759d07f2ad,reference,0
8958623a674c56ee194612ada68ea0df9bf2606e,reference,0
0411cf3442d733bf76a321c71b69a5455e7cc51a,reference,0
5d3e29495fb66b35861c7ac4f2931bc294f2baa9,reference,0
78d4dd82a3175a31a560c5a0830a5841234eb7b4,reference,0
c15d0d9c3581e4bb4fa71d4d97a3d7e8be1d6619,reference,0
511cf8a5ade8766df9c3ce93ca1d34a919284e35,reference,0
3061f308844469b034d901699e7f6bb564b91898,reference,0
f18494ab61c6fc470506af9ca851cc93d646a3f6,reference,0
199654c8413bcf722c77862d802b9a3a16f32936,reference,0
984adb3206db3dadf68bd13c4c93b7f049e28bff,reference,0
a5378efef0f3942fd2639e2e6e9996bf9edc59b2,reference,0
a32688780cc763b1d0b2d59f9677521779ee6612,reference,0
abf495840db5406c0cc2384d64cbd30e1fa6bf9a,reference,0
4590a916d28d9c94438c7fc1e88c38143f69dcdc,reference,0
b5563fdbb1b7ced8b164e827e3c7bea0086ab65f,reference,5
ab8e812d05c0faa7f13cfe00587355e9cd186269,reference,12
43b67bb18673cf2784554eb99331b015069e584f,reference,0
13098501f3ea01387d36740960ad47f1844694ed,reference,0
a171718e6ff547e4650950021a9459b78ce4002d,reference,0
e8d3556db19c55b543c268334da56976e84e9e7d,reference,0
a54bfaad943b427d382893b358c8a9b85a595ece,reference,0
552cc693ff14e0c481ee16d7bf7110ed3d2010a4,reference,0
1a258888bbb682bb84775a816275341ddaabb135,reference,0
517ae624b59df997c9f98b2d13697c02cccd1d13,reference,0
210bf5938e040458709402ed38f3483becf92b41,reference,0
fef3845f9150899416f107d91bf5bdbec2b8c496,reference,0
497b41ae5d70334c519c06ce06791bc44935b247,reference,2
a31ad2669a0b5b4d86dfbe645195cc1401914abf,reference,0
51f8202c358f69b5c9353d59bd9a91ece8f5ebd0,reference,0
4a3b03035efb23722c1c6bb825ec734af7096bca,reference,0
097a862522c54680b1d3a71729cd78160113ea24,reference,0
9476c8203fcbc4dd768299396b6bb459f426478d,reference,0
b635dd85b8edb9bf2daaf7dc62840c78c1fe4c94,reference,0
35ef7184a35e2225849ec9414d51360564596b4a,reference,0
fcfd281145d72d4571fc58b6e670ebc00141d486,reference,0
f8a7da4404b403df55ddfe30ec809aa50ef543e2,reference,1
962d24583b2da43c7537d4c9dd4f9cfae6a14533,reference,0
badb84ec2d95d3fe51807914bbd2f56a8d0e6c3c,reference,0
a35428170e40b493bbd604deee6e3593805542ab,reference,0
f6e48c6e2c3723aff7fe27cc7d34c7da1a4d1ab7,reference,0
b62d9b5e513926f6eb5c88c30f74be20cc8f3b94,reference,0
0423f727d85b5d5591b69af41a61ecb7a7e94088,reference,0
4e91f09e1e2c69745ba237c6b71bc638c09c90e9,reference,0
75083c25e61adb871b440c42152f4033e255d253,reference,0
be25e23712f104156f598cce2310293f3ede92bf,reference,0
6e15f76e13756478975bb20adfa1e0b9351d6758,reference,0
20e12d24ac13c3213bf2b9a92398d1cd5f371927,reference,0
0f9f7e780c24db0dcc0b528a2377c1e8c379f07a,reference,0
57b5f7d388ea4d7553c6d2cf63606a4d4f7d029e,reference,3
5652faf4b49361d59954f6f24e7985a7464d52cf,reference,0
055a073ec1399aaba42dcf1b880e4cc57ccaf923,reference,0
2db92245e328f6507258fe0cffda0d90c8588cc8,reference,0
6c5d701979dbbd9c066c28787467dd4ea94bf83c,reference,0
78ff1ae907177b9cc70e61270ed1814c7997ce6d,reference,0
0cd9df3a4a36c503db5ad9db8a47910fb10b156e,reference,0
2c0b8042723d5b7454be1bcfe12053801c9b1bf8,reference,0
dc620bbfbbaa0446ffcb62a9961bc9e00865f395,reference,0
06552667bd28b30a314de7caefda0e2b8226fab9,reference,0
b7b9b119b956442b98ef4989588d2e9b341bd9f5,reference,0
81f5b3ef32b9bb09d7048999ba6ed11eb5a061d9,reference,0
ace33eec6b610d7ec8ba6562dad75bb82d632b96,reference,0
b2bccc03f0476228e3fb9f2c0f3b2d4cebb82d25,reference,0
52d39e54f491bc87c2fdf0c3232817fc0548c893,reference,0
e713c2d7fed016aad3affc3d9c985a55c9715250,reference,0
c9ff1e9cdd46d2c78a5bec9d4c30150d761b4436,reference,0
96073c37cc32c0efc143762346286325f9cb7c5b,reference,0
f9cef96bc0e4e282cbff93d35a7fc68e643504cc,reference,0
c7f68e81f19a554849c0e71b22fd2e16e23e5dd2,reference,0
65b5fcfcdf9f59c435d44e79d190fde731fa1b41,reference,0
930c64992e2bfdee65d692dfb60dae8b1fa6408c,reference,0
aadcaa2d209744e86709c843b512d0c938e17d3b,reference,0
1f305bc1e04766553a2f993eed0a645af47ed772,reference,0
0a42291d9543eabe33f6c14278333484071a707c,reference,0
4ad89a9cb25d7ff019ab6712009ac05b33129257,reference,0
6bbf24e501ee48e4e1831fdc5e8d2be54350bad2,reference,0
376461a2c049f6fa51a4303853fdc672e4d07a0d,reference,0
fbcc06f1112861585bdc7f0a41b9865831022623,reference,0
07234ac99315d465ea63534268d1649fcfce1c57,reference,0
672f7645fb192c7457d49d20fec84b5fc2e3163e,reference,0
ec1f781e72e031ba44bbd5c42718e57b404c3967,reference,0
d41c76390c494287a30f1ffba133ffdc8805b1b8,reference,0
24e7d6c6f201bbe1403d83673b37a4c5ba5e65f6,reference,0
2fef87c86ea8b318a81031befe5e09fe3706bccd,reference,0
572a4e3e4645a14e7c70b004e624ef474d719425,reference,0
18fa0bc650ecafe8e1a199daf9a38a3352763eb3,reference,0
eefc6fa78ca394fa14217f9f20b1f235c3eae3fd,reference,0
98c9a5cc0d1bd3fa1fba75297f7602740741a9a0,reference,0
02747bc59ddf832b0b7d04a1f491d9fa519066fe,reference,0
f743464f22136d5b845483c5fd1597cb5809ddad,reference,0
8567eafcf47808793b012cd14d56a22a6566c0b6,reference,0
8b79110660063b6d3e8cb04bcfa74a09257c9b29,reference,0
fe472d15e2fd294c5d871a5b316d6a74908f409f,reference,29
fee99505eddb66b815320a48314875265ed6230a,reference,0
8f6fcaf8d771a4eb3fca8576e0e0a475a8d7cfbc,reference,0
866d8d693e941a02f06014a814a0d99f50516a41,reference,0
323385dfa4ce2279efd0c2a4a71bf8474d37553c,reference,0
faffd56c4024f552335a76639526d5d60e7a278b,reference,0
f63853c34905b7cb83241d17112bc0376f180a39,reference,0
a016a87652118930dc64bd8a59da9b1abfb1738d,reference,0
7d00f891789ed7ead693f8efff89d3935da12aec,reference,0
4da81eca6660866b78a8a3671006bfa750c11c16,reference,0
1e1421eb90682938d78695b9ac42f8501db613c1,reference,0
2efae9851606b5f8b16edbbf357b30de5846876e,reference,0
26960a59fafa8d7f015128c666bf22881f17a7a3,reference,0
f68af8362c7977c32c81889c5504e8e2782f0e61,reference,0
fb67ee030579553f5e58e162010b770ee74cdb25,reference,0
e7d5f13c250a40ecb6d58a3119a19acd74e86933,reference,0
3c10d04623d991dcf6c53d2b31ca76fbb174295d,reference,0
5eb113b55526fd73249c47bfb544b9db959bdc22,reference,1
08baf4452963cfd067407c5799a0b9c0cc34d173,reference,0
7613e3b52b5a66f0e229320d1b632a22883a3583,reference,0
9d79b6d2381535521d499d89cdb5b0b4190cc251,reference,1
31f4e4092fcd2a50d81eda10a300bd3efb648b84,reference,0
cfac22d6f340a862c23e7eb398471c8cd51d0bde,reference,0
aba6f3d0c334d6ff7ee7691a974ac1d95064e64c,reference,0
1c53ce6c7291134272a8125e13056e9bbade95a4,reference,2
9ed390a25c0734dd1af57d0cc401bdd95aba3e4d,reference,0
5f4efbe3aae1d8f44ceab1da257ae685d6beb00b,reference,0
6e38c0f982570d3fffe67a636d2ab5f21ae076cd,reference,0
c6e273017799813fa7920781f29e8ea49829e13b,reference,0
7f0b1e6042d77f57b816ca2e5f5e7200833304c3,reference,0
d71701ba70859598abe6f354ed2a512e93c3cb19,reference,0
799f12d084a11932ab26a7ce2b2913d68924b748,reference,0
fc5a66656f5695ae196eeaf15fd5e400f8f83666,reference,0
85a3bad02c8c87445a66c053d1be86e93cda229d,reference,0
21b0e9cf7966f3641f0fed59bae6e11e3cc85930,reference,0
dba82ffea08d400555541cc7ebb2387ecee97f77,reference,0
9a27e3ce02e935e611f89fb7465759f82c13705e,reference,0
123b90489def0113d85b8387e91449b192c794bd,reference,0
f4a6fac2807fbbb40f0d6e081c57c62e7934d994,reference,0
c8401ca54ccf4ee7237daadf0322ed186d587c47,reference,0
f34511cdbe840cc073201f3932a021234ea3db72,reference,0
e5b077152faf4b57ad94bbe1a57ef00dceaf6cea,reference,22
8d587b7647409a8e74f994552dee224a16971770,reference,0
6710349bfaac1929cdea990ba4710b12b795b43d,reference,0
9d243b955f2253a563c438d8449e1c468944a545,reference,0
b393f619a87c5b6aa63c7abc7118263205b6aa62,reference,0
f1f63620e87facef02234e82864c4b8adee081ec,reference,0
63f05ba4d7ec1af82c756348e7fb6c90c8ab4c4e,reference,0
99779dd44f1555de8717acefae05698e572254e3,reference,0
8d7f27aefecab5cf000fc076fb80d56fd5d80398,reference,0
0fa17b5f7b9485f744158f5665f828b54a45944f,reference,0
987c5ab507b2fce644a9b73a8f8338c80cba944d,reference,0
d625c0c24246df86885b09e960147c384d0a4e9e,reference,0
59757d4b4ecff238ada3277455e61903549979f7,reference,0
a392c7ff653068c3ce2daec638a657d047debe45,reference,1
936233026bf1de9646cad1bd0ae3e8349da1d259,reference,0
c89999fa9fd796136a421d26623a54a05ee8eddc,reference,0
b73f66e19be7859f01478f49e1c031bc9a9f02ca,reference,0
32ef08a51d2a79334d4d088947768ae15af00db2,reference,0
a8f5ecc4a3a5d1ed287d57f759d94d13f04b41c8,reference,0
ce16bfdf70e4316940d9303b320ec428234fb73f,reference,0
2026c795a2c0ea07d860bc01843c01f02ed16faf,reference,0
619ea816e8ef3fbf6fbb715753bf83cc2c2df7a5,reference,0
2ad5dcb7f427cbaeb23639ee643fe042a8c0f2d7,reference,0
5f146b8945fac10b1ed6c06f60c3541d8bf5449f,reference,0
df9b2b471b9b2550a29b2fd2df6b9d5967f9133f,reference,0
e87dc5cbdd7e350c5be5fad22d13c97c0ceafb51,reference,0
092fc465d80015c677167f213de77c0114ede76b,reference,0
2c7233368ac3d06427ad4a8a02a8039295a26f80,reference,0
7b3b59103e16338755624df5ef46639c4778e99e,reference,0
8a28ed496937f0103c4d8bdca750e2245ec79913,reference,0
75051304b1d4518536bfcf67bc06cc8145cda03e,reference,0
143ff789f500307bab6725c466da97492cb5c771,reference,0
03c0a606b8f9bdbc4832cb061ad524fb5d16287b,reference,0
8bb23188a1bdd777d5f1d2ae204c67056733cd97,reference,0
bd72b578c02b542333132f2fe26517b462663ef2,reference,0
ee376d2aaa7347a8dfd880092efbe67770ca3f43,reference,0
a5ff668294a0eb7216edda6c42e76ba6b18ebcb3,reference,0
7e2cad1c2f774ab108d35b317c237d9311bed830,reference,0
f28d952e3427270b3f6d3c18d6fb8b614c5fae06,reference,0
0fd5fb95058d42a7566d6cf69f6112b23e3adcc1,reference,0
af654dd94f72bb087fd2e75f8b2390a513d906af,reference,0
da7cf58776fbb1a4aacd0e9c6a7fe77f2ea904ab,reference,0
ec1a50c33d599e9b3522c0972913e47d17fddb6c,reference,0
02b5acd94cbbbf7b3c4b6c4d56d590104f4a4fc6,reference,0
491e129c10bca2f9e50c9c4859b3cb825d217d37,reference,0
57da517dec2fd80ee86aa7c3fe6f4c356e139cd7,reference,0
e36e5a2c5d324ebf026ebe79f01036597fbef0df,reference,0
41f84f296558fb4e4ab5b577066c5e1fcc67d007,reference,0
d113972f8ea7dab1a5b2d0cd5c7fd7a3dba12406,reference,0
d5d00bb98736c934bb277edadfb2149852b2e99b,reference,0
c1a71387908ec16de970f250f7bce4b9e4306ac7,reference,0
e2b57df28c8edf25bf8adb86ca5a9e7fe61eea0b,reference,0
4720e99e0af0c055e075e8e8699e6e4a0cf61fe2,reference,0
783397edf4f6966acd3a24ee6718ce6d0c9aaab3,reference,0
532ea3c35087ae2d7a45bddcf8ce8b1917f32f6a,reference,0
cfbdf67fc11977637d4cb13ed7e1abce75623796,reference,0
b49707c75c9f29ea020111e7a6f3af28c7061729,reference,0
86642b3c6af6230614255ce95f33ed7324ec276d,reference,0
cf95279b1da9de1aad9e7c651f5048f69af295ed,reference,0
c6045936879d7e31d36ca715a175d6547801d133,reference,0
72d25ac40c980bb79b9497c5058d3a0028b9fec6,reference,0
8913acd46056751a8a9073350aa629473bfb9101,reference,0
df5f55482f25e64533afb3d7613a4c78ad7c89b8,reference,0
c0b6149a7ff72817d5cdb008566dc4f0ca9b9379,reference,0
7eea609fed1e520b9af26dafde71fdc3d2e4ebb5,reference,0
8481576cc8bc6de4abd09fef5f0f8b8cfee56db3,reference,0
3dc1d321296f0f831863e5eb6f9a2ef93f70bf09,reference,12
2f91ae9e841953814c188a213f362de3d33d3a5e,reference,0
cbc70b2959d104be97fa78b1ec35ed381d25560b,reference,0
c959735cb6c545747ed85b3feb9514405e79d148,reference,0
eb87604ee57fee65ad354961ca8212ba1bb55fe2,reference,0
13fc4de85168e8a52f780ddf08c93d793ed737c1,reference,0
b4aa7899aaf1df44712ed115a2bba63dad506abf,reference,0
cb61ebdcbb36a799b7460ae33aaad8c08e98bb9f,reference,0
6a17ca694171aac647db88813e44b3c6d6ed12da,reference,0
7b56f03e742352c9aeca6714fdac30092ca7ddb5,reference,0
a10512fed043320bb924c644933eff93a9a56eca,reference,0
fdfe5d147b43560003c345485dcd6afb59cd648e,reference,0
441c9227a852eeca93c794c7c24d5cbcbd6076ad,reference,0
31b99032f20373a19043c85492bf717fc17c06f1,reference,0
76804a75be77959394307a80f3a33065b0a5ec9d,reference,0
a55d5b7d80152ad9a976dffe17b106e9665f4201,reference,0
09a6e95e87e569dca187f86ce3b155c8be145a9e,reference,0
81ce10ec4d91ebbd12ed0d0beab77387302632bb,reference,0
502b2919c7406ad1f74d4aaeb997ec63ad659e14,reference,0
66c90d03c00c128435825561f4095069eff0d746,reference,0
6e0c98f0e7a992102e682dbe2a598d21936e2a11,reference,0
f696ffb1f0408e06ab4d91985f3e3f837c370c77,reference,0
834e81b07b22cb7dd31c0b93763ceabb552466bd,reference,0
a2dd101a706cf7ccbfa2efd39fec84510aaf8022,reference,0
6f4ebb65cb904f703c152c9703a8300af6ac714d,reference,0
4906654ecb2d42cfee13f46bebe2ec02bb6442b1,reference,6
bae5e043025a6856637bdf6ebda2a6ac6c2ece30,reference,0
761509e64bf8eb462b615e5fbcea866289ccc8af,reference,0
893fc269a46c2552cec5e076db99eb724362e9c0,reference,0
2a2dda2c2cf49e4457c1c2973071064fde09f1c2,reference,0
cd9348ed9f4d81ac533529f5559652f25bc01b24,reference,0
4f0acfbef71769acaa2faced3faa7c6d2af1a0d3,reference,0
d0317495dc03c22501618db88e15acc714044298,reference,0
b81bc9208c088dfa925375368f249c5e76fddd9e,reference,0
cf5fb966719eec6e75ad5f75f4ecf8d7e8723bec,reference,22
59bebcf322e2714f8f6c84e602ffc44493d6f39d,reference,0
572935d7137521dc19649f354f39721f78696104,reference,0
d7a505964defe667f9c7aa8cb7b79f1caef89614,reference,0
85fe670df8b056520eb747277d70769f9a532816,reference,0
ea4f6a6dbe31729b90836221ba131f080937ae5f,reference,0
9ca54942f9c99c528aeaae7f220e3e970d2744e8,reference,0
8fd7cec26c8d1c74e1031d43567fe811476625a7,reference,0
b34c93096b2b3c5f6f5ac7aa52bf85757d74f7fa,reference,0
6c376b088ebb10c7a0d35c0b9fbbb9ddbec44255,reference,0
99e00f5073246b35f6be3ffb4193f59d43bce766,reference,0
653b1e942ff9230bc692f7b3bc97ea5eb834d553,reference,0
1a182bba3afc9f65cd86eab33f15a6dd09650c1b,reference,0
844ce36b30b50a3f611e4b670eeec60aae5b1878,reference,12
ae9a2bcd460354c706aaea8797b1c2c15841a6b6,reference,4
aa39f2ab6cfe1540b0887234682523e9ad6707ab,reference,0
ba1ef829f09c37aae1d69b9275b3ec3a43a95ee1,reference,0
61216632442f58815a29d45efc5a3a0385cc4839,reference,0
391369c2dad3010938a8cd4b643e3fac46700839,reference,0
39484c454bde6b96d013873f7300481473e993b4,reference,0
2d02347eaaa0f7ca79be45502439b0608f091a49,reference,0
dd38755291d108ab86c68d1aac7485921bb8e647,reference,0
68505397a2ec40a241e7b23eb06b26038ae4e0c0,reference,0
3273d832fe00050b6cf0a14b23e55894b814cb9e,reference,0
efe28dccb9d6acbae0d47418551a319145669538,reference,0
584b0f65551936feec39f0110d665091dd885391,reference,0
931d1a4e3f28829225cc1bc83897f97bc38a156b,reference,0
8a4498bdc31ca56803db14c72a562542b79b2bc0,reference,0
40e99f11f715a464308bd17276f1fda6d273c100,reference,0
8a2fba8ef1e8ed302425b0d442efe2ef70900439,reference,0
095414a066f40becc223a03b91218e4b40887203,reference,0
83331243fcaeab4d5c02145d62f3d42df2c2d651,reference,0
93269b3eef6e487dc69d9dbfe259ec901ac74e83,reference,0
436535512e62251dec7c94e5ab8dbcd6835b5eaa,reference,0
11659f2acd8439529c9f48af4bdfe4590a1e1e04,reference,0
d3500bc1d4b0a8bf2038c5fdce25b1d76775ade0,reference,0
6580da9e71a5f8d89eb94600def5cc85f4db8f7d,reference,0
675afcc87fd6e89d319165f8bdc3f9089a9a3c14,reference,0
b2ee0f84af3c1aff059bf67b9b41c836d67db137,reference,0
f0aff5a84c804edb8442f197c339bb418eca188b,reference,0
1a6d55fc6525eee6734b029cc4a3a07f240d75f1,reference,0
e3116a5d5784392d9190ca35997f65a252291032,reference,0
d01a0dd3ca1433574d496f9e6acdf36a79b9036b,reference,0
3c6c3c4eeaf0b6b33cd982b57a46713b6d669ddd,reference,0
f85842ac60ab2613d8de7d4881cbdf605b3efb72,reference,0
c7b7892ecd34b184e0673d043ea9fd5b98cd0b1a,reference,0
3ae618cf5c264dcbf6c4d30ce40c4315502fe6de,reference,0
f94bb63b34c6a84a55d10472c6b07e4f25febbaa,reference,0
765e5ec6b7c934afee1b0fa5bb1e6870aac46ff7,reference,0
7dff7b71640148c9509b4a53105a69aaf263c1c1,reference,0
a15fb6c8ab8d10f243de9511173ba130c243ee53,reference,0
666ae5eb1b9f753ea43a7c5d5a4d3ec68ebc7706,reference,0
2ead41f69963db84b763637400019ec9ab7a56a5,reference,0
6682841765fcb9b608be2533142fbc55b40df54a,reference,0
cb4ce9d960c0c91aa72b23fdf4b4de27dc0bd1db,reference,0
5c7a5bbcac94eb4ee97782a8708d8c2d85fc5984,reference,28
33f421e1c921f10e608ae6249be4b79633909d28,reference,0
1773be628c1ac76eb0e2d024a96627a98f27b62c,reference,0
22711187b1b7d22e41ece0cdc15998b8ec53a297,reference,0
ed71c22e1190748e6af4fe4f786032987898e6fc,reference,0
946fed1fa7699690779e0f0352e092f188373438,reference,28
1fe69e3fea28bc4468d8947c6df66ba37ba332ec,reference,0
fabc9b1079970e7b7cdc30d72673cf963a20e8f1,reference,0
9868f6f8d686b8e50c2099f9cd72d5bc61dbd5da,reference,0
6da2b478ea9b6a4c193c2830cf9e99beb5d826a5,reference,0
09b74fefe44e809e14cdd04085cb740d73be76de,reference,0
7d1bc2b4d2267f48d784750c4bd57dc94a093645,reference,0
0aa28e531fc701fe95c1a5a4f9d02541c0e4fd2f,reference,0
5f5613630ad62a8db6374ad2ab4a15fb51152a2d,reference,0
9c4ea9b95934761c79e9601f12c51840941d3ccf,reference,0
e922f89b83f6668cf3bd9504038edfb61825130a,reference,0
df04fdcd6cd01e451ba96dba0fae7ae52668ebee,reference,0
e3c7262cb541bf6e72e4e932e9369424dc6a0551,reference,0
8cedeb11139eab187e43414fd7097c5d578dad7c,reference,0
c35b8dad08e11a77c249c0aed2b2f7f9ba853acd,reference,0
314f1d3e28d5cb35aac456c692e6f69360090c28,reference,0
845972f85dd156302538a559e92d41f9721197fd,reference,0
68bd733e6c024044fc5b970cdf7597fdee873f59,reference,0
dcb22b5924fb0ff6ef2b310eabfbea66682cca0b,reference,0
e9b40e2cf481ebe5bf40b6958eebaf5ab1274481,reference,0
2a6dba98bfa00381173a76d3e0317fd81c00ee4b,reference,0
be4fce2c9d6e1833cd92c6f1ba9872ea3142876f,reference,0
7b50f70ac5aa391f3c6f2dabd8157eb4b8628332,reference,0
9ad90fb50754c11e60c208f1f698eed617d75d1f,reference,0
3fee0ed72b618a8a319423fc8308a367dd5e778a,reference,0
f89e85059a55b647c93822aefa7e985376e0ef20,reference,0
e3772a4f880c6cc4ea6087b9f6ec4d3a6f33c4ec,reference,0
ece2e04102b54c0796c65c84cf216f427ac7866f,reference,0
8132eef60d50765c61e8f0451a4958d4534601c5,reference,0
ecd3e41e5a50a66b303d706010b660193cec6d9c,reference,0
6f3f1f6f90e74ba5936569a11fcc0cb29cdfee87,reference,0
245a6572b6aa65277f72c01cf8ccebce9e6055c0,reference,0
a94143d4553c6d378c67827234fd3ab3eed85e9b,reference,0
d5f1391a226895faea2ef70dbd69bcf2d78547ab,reference,0
e42e4c6f3834ae8c8caa91baef3c5b67cb011053,reference,0
e3c2c4104ca8923fd58508ab6cb52f5c579a77c9,reference,0
d020fbea1d99d48e5b9d1b00cf61f58626fba18d,reference,0
d7655b20c9f88df1089edd78980dad5a257eac51,reference,0
c44366b834fbe7fe295ce220825d4744152ec692,reference,0
aedd5c4bc11d8faf01e8456c91a183f2f76e5778,reference,0
b95aea8ee39d6f985c15ccd39311072dd6eca889,reference,0
b9531d4364be4ee8a7dfbef3a0b323740220e54b,reference,0
7c0cc7f7efba81ba78b4d9ff21282def690514e8,reference,0
788a8c36f2638091905f50090f9191da908bd08a,reference,0
fd50db0489828d0da2557a6da8d931d523479957,reference,0
4cbf53465e2af3aa4f0079167a0474fc713f3ce0,reference,0
3d6300263adb1a1e8000fd0eda55518a3642afa9,reference,0
6a1d85d1a73d2b80f8a61db62e9b64299eb2dd7e,reference,0
dc256e179d4e8eff48879a40ddc414b15b0b2300,reference,0
a2dc1867fde2b2fdbf829c0e70f3491101221b88,reference,0
4c9ea71ebca90fa902c718a40c19dcef5d6cdfbe,reference,0
58114fba5d0db0d3815148f4c16af7f973030069,reference,0
72c54b43a6ed039ea140b753fa7c59b594dbc1a4,reference,0
4e0c7732e8e68a1285359e41ab3dc1d02c408865,reference,0
3f573716cadfe0bf5c548e2dd384ef2012beb4eb,reference,0
dcf0acac5b5fc572d0ac15a2f8722f1bf45adbb8,reference,0
fa8fa745f58d362925dd44f02750bab1b30a1189,reference,0
bbbbb6517d6b1d17b5d5ab7170103d2c8540ed30,reference,0
b3dae5011b9b44b861f884b2b788f2fc9bf59a4e,reference,0
6a2895f994832459a3fb0e691dc90b9838fdcd93,reference,0
1473e0d6ae0790fb0834729577a42b37d68d829c,reference,0
fa2d16678b65017f8883cc73c0c1b085bad8b57e,reference,0
a9a588421e2a14868c2a719271f12d2bd6100981,reference,0
d065dbe07e15593606d471a370f4f9ceaa6143ce,reference,0
bb67e739b5056931e51eecfe2100a53031c04c19,reference,2
b42713664a72410307839fe44ec51aef8d69c943,reference,0
99988640d3926f85c589a0bf96fa5487c218af3b,reference,0
b9c2beb83024832724f06a777dee888b6b0e1e10,reference,0
9eaa62a2a45634c6e922ed1a3f2e44b4424398fb,reference,0
f9a3f275c1d36f7a99e2617b3e4ca18315519077,reference,0
ca9b337bc7a7e62c63efd902d338dbb6b0fba8ed,reference,0
991c2164c85a80034afeeeee88b3208da766e76f,reference,0
94db8a625418800c8ae7b48157a9cad1c8129051,reference,1
fa971b9918725a47acfddaa67831565129be81b0,reference,0
da59acaf11b3e351866d595afc5dbba177743bbd,reference,0
567982eb9199414a81bb1d614e6d2a5789b268c4,reference,0
d635dd61a584274919a0a5f5a0933855a4557f7c,reference,0
44018ce0fa39d40fafaff99669f68868423b3153,reference,0
289e80eafb185b855cb8aef89362ec9e3579ead2,reference,0
34d52d34e06122e30c207a8e38d4d911e6a2f012,reference,0
6ee3c97933f21b95dfda33e991b9aa44ac690cba,reference,0
2f398e6a3962d42a5789015e7cd1e8b822e1ed10,reference,0
072d387ad3436f97bce984066c53c1b2e77b1ad9,reference,0
ec783473ce69f5a92104587aec23189206096e6c,reference,0
f4e4f2090b639372daf32d4b466752b0fb32b261,reference,0
4bc26792b53cee28bee9653ebc226390cb56dd91,reference,0
0ebad08c67e9bb775bd0bd7a0c5acf7555679c2d,reference,0
55f64d78fd7a2913b40f9708952ddad604650be1,reference,4
11ab270eedc47ec3e4bf3ca7de84cd769b53f66d,reference,0
8f48f5b22fe0e71227d002fac0bff1ee937c45bc,reference,0
3f8d2977a7753f9a3b0b5d18e6bee6afb0028ed8,reference,0
958e7731730b2de5db5fe3bcc4b9c5e0c305f61e,reference,0
4382b564fe5fda196d9cc4df6ab6253d3166b51a,reference,0
cba37115c06c4b1b9e589398adcba978c776e30b,reference,0
59f3cf13401b9cc45d0e5ad7ea525e1eec84cce1,reference,0
4b1278b2266ce5009e70f2efe85ccff87350de9c,reference,0
8679575a82d9a2ba5970a96fcc5ac461aecbc90e,reference,0
b25eff5b54a1145de6138f36da0cf1a961900ea3,reference,0
4b7ad761c08a7ffb191577b3d4fd4ff2d66a8a38,reference,0
d622d8b2d5adc4b638a73b105686840e264dfb8f,reference,0
fccc3cbe91ef873b6cf5929c3971c2218972826b,reference,0
b6b6e59f3bfdda9d4a4dfe56c46b30706fd18cf3,reference,3
a3570e82001666955d319647ba832df4f60a2044,reference,0
42d8143a2c803a2cf328f0b568a57dcd5b1dedf5,reference,0
11155af5ccd1889277f4269f6bb349a7633554f4,reference,0
daed41785efecb393898af61b27934ffa5421230,reference,0
d6274dd321da90648a573d202ffef96b5f9d25b0,reference,0
adbdddcfc97ce2aa15e1c1ce126a14d51ab5b7d3,reference,0
28825be66b50fcc1ea23900afab3389ed077275c,reference,0
94701d9c6cfc1aecc174ff62ccda939f790c1710,reference,0
5b6622e03e20ae1acbcd9390f98d7739c7fc6517,reference,0
361a0d14e000a04e39884e5e32eb99dcedff18b9,reference,0
28cbd1f2a472ba9a0330c97e7e6820b29883a69e,reference,0
56bae809f4717f2235c16ebb36f2fc0144979ec1,reference,0
35c2f6f40d54d578bcdcf9797c7f153088554572,reference,0
0e3c90f70019f7c736e3abd762c652e3e2561fec,reference,0
72d3bf6f696d3f67e17e5211f64b7c6fb0316883,reference,0
1eac02f299c171d17190fb257fc1f4c20f0d08ac,reference,0
18155f3818e12f33d926f180b92a5c1f68e22f93,reference,2
6514abaf6bdd1c31ac5dc4ad40760ff8422c6a4e,reference,1
4a48d628e53f554eb6ef09a457ca855188b96171,reference,0
3721eb984e7e00a94dd9fc84e0183b2ab5991033,reference,0
fb46cc7e1c079f970ff7d997ecf3e52b13bdfb73,reference,0
d9d4f6f8955dc3d861d2de0882ae4e444719c5a1,reference,17
b8e475c06603dd99ec82301437fe38f7a3bafb83,reference,0
38b417da54f173cf2852bf75dbf5f507a53b4f91,reference,0
460ad9ab0ccf5c97583235d313f1b1cd9c4e247a,reference,0
24ec095f35bc76e2557a63baf5bcc6dd735aabce,reference,0
516dafd778d6dcce0ef04ef0539257976b897d24,reference,0
1cff5549753a518ed9d6a3517b5050968d710b27,reference,0
a06d3e9e90008c64c45a0029d580541d5f646771,reference,12
062eb69864bcf63517bbf1ee215cddf79517b85d,reference,0
e63fca764a07f991a62361bf98e9cd109ab4a40b,reference,0
4599d5af850da482f591a02a3b17d56e0d358771,reference,0
b854589889608edcc45409c27f528c91c8c9e7b2,reference,0
7f6cdece764b56262e910a801f8c133e6c27b7ab,reference,0
dfc0aafbcdbb9fe991dd27821fe11a4131af315b,reference,0
7785760e4fb60dc03e56014ecb60aa53c2d1d2cd,reference,0
3fd9059e4489098ed402721e5f83be24a690a053,reference,0
6140211405f9917ded519da50f00eee989eabd7f,reference,0
5f0b826ffe17faa2cdec21752e7d1863bd909f2c,reference,0
4c4350cc1c28209b5eb37a999f06f72f643983a2,reference,0
475a396daeb1972b078ef175f51f44231e7f6b21,reference,0
2d62cc03397ec7389ae42979420e0280073affa3,reference,0
de4c362339afc7e070bd4250de3dcb06b32a46fc,reference,0
fbfdc403d6a9422eeec926aa4fbf16f6113efc3e,reference,0
a2cf4648aaba7165ec3c8511465577235b11eb98,reference,0
dd40511ffd92fd377f029e6d4c79c90bb2b10376,reference,0
c4c1c1d7312c7be6ad000f84201a72494dea33d3,reference,0
18ccf45e9ddecc03dfd7487e03adc80ac9c42b30,reference,0
e7c4c6e1087727341f2300bcb2d3485a289103cd,reference,0
564ff0ece1aee93b90ff6c45fc3f73c4f28299bb,reference,0
5e21755c1645e657ccd0f25b79f85711e6338e01,reference,0
f69e3495ead0e655c171d5ce9ee05955c5f8ab2c,reference,0
0c7f24e0a48569c4dabbf1439e00c2f9448980f5,reference,0
152e0185bbae8a58e7e03aa4a630c0e7e6e19513,reference,0
7492ef863cd376420de462dd1f041abb91172530,reference,12
3427401d213a5ccf6a597ba7f60af39db1093c5a,reference,0
f8692d290c8620726da282b327753a25c39302d2,reference,0
498decc50ccea9293f63a98c30d7c3439be074b7,reference,0
a2f1b49c7d909e5a40d0f9ff773a4e9ffe018fee,reference,0
b4e6f30ab07666dc7d485b24f072f2533609545c,reference,0
425f1edd88fe3539c40ddd93c3e07c95de67ba00,reference,0
6c6d3884f0a8d8ce0e7d3da60d5bff5c115aadd3,reference,0
e2e9ed7d80fb07dd82788dfd629b7df83b886bf3,reference,0
7b0a186b0140ee91fb13991c9c7187f3dc3b0670,reference,0
337f421a364a6fa8ca423afd627bee2426f69395,reference,0
9e0da24b96eb4f3f77ccdfc485a4d7d7d21a4585,reference,0
30d5a29a35eb7268ff9fe0779f1303a640c9159b,reference,0
33eed6ea6805b59617fed7c41ef5825b5e4d1621,reference,0
7d884f1ff991eb9fff7bf31fa006196e58934b8a,reference,0
99e52537a642dc05c152b68a774cdb7c20ed4693,reference,0
a7f801222c4d053c1ac49fb91ce3a4f750e8343b,reference,3
e278df6b2b93e9650cdb6b658592c6c606442f97,reference,0
0cb30be84a534399bebc6f4f53a3585b1eb48231,reference,0
b3dde42b38e30665340ff1a7fcbeaaadaff26b50,reference,0
fde266447d68b2728752a7835e8c97e1af316ac4,reference,0
d84c43779a2feabb0070a3affd25db0d71d7711d,reference,0
9926fb56a7a3a68ae66dd18f8955c1b096bdb474,reference,0
bc5c73c101da795cfa44e4ac7751cdedca9b6d93,reference,28
54a65fb8c740f96c83efb4181c4311474a7835c2,reference,0
d989a874275c238abb8a903de03903ff8f149e41,reference,17
92428562d77e74584b38ec2e6323c933022987a5,reference,0
01d9bdf230442f6460127def244fb0ef06b47b8b,reference,0
cc25dc73b0a479094744b2cbf24e84d0b109e4f4,reference,0
d416ebeee27c2cb6c25acd35fc65f7453398aee9,reference,0
0b47356f17aea1de66e39e5f182a105c96af8dd3,reference,0
1672b010fe8abc50744b92a08bc9148c36aebe35,reference,0
fd206a301c7cd73cb0c829385c37acff005d9ae8,reference,0
a70ffa44b8b97f3a05d394e4769bf8cd6fab8106,reference,0
99da2f941c0a606278463f1e5e60a2bdbaf8eb99,reference,0
a2f44031dfa55f6da176955bcc37aac726de3a00,reference,0
20e034573ef44c5bd3dd77dbee9718aeb6c0bb19,reference,0
32be385a1cf9971ffce0a3e6c60e7522c8449eac,reference,0
696ec1f8d25de41a082ff6c059e296c8fc6d9af2,reference,0
56c2569fa7ff9e7fa7983342e95851ca0b313dbd,reference,0
f26f82ae8c8be9b886654adcbbc2d2ed71a7f1f5,reference,0
ac258100ebe178287ae4ae3dc7ac78f8c27e017d,reference,0
a9c4efebbeda0c38601eee232a07c5c307582140,reference,0
5fd124c12d7ff50e0afb43890d90eeca161f5c0c,reference,0
8e3d701b767213062edda831e7deef010e48c9fd,reference,0
4238d87f27a861ef636a3791ef64ca85d4701382,reference,0
8e3e7deb95d2a984cba615ec847e64f354626cdf,reference,0
2218ab2653ed2ab651a03d98056e2d6ae1d99132,reference,0
02a00ce9e7bce14937f46af0423eea40b7b63303,reference,0
79e7ead8f59b17431de2b86af10dc0c30a1f5a2b,reference,0
588930cdd801f335b5e524d13f99aa94136a20a0,reference,0
b4eefd84c64e5caff20fc817fbcfa8975b5bc289,reference,0
2b787cd20fbd226746220f0e6e7cf9c4d4e4079b,reference,0
7b33d345eb0a645049c2b33717e3bedc717048dd,reference,0
50b59143bf3469f082b2308fa394bb6d55091a41,reference,0
d6bd400073090b88ea535a6166ca9c164b8015b7,reference,0
b24a191abe87ac6cb159711a56d658c75c22ecec,reference,0
90df9c970aa98aa49bcf79e252ab26b1bb6889c5,reference,0
767a7e949ba4520888e7442ee01e6a37c254fc53,reference,0
e7f2818d27829232f71628b70849826910b1fe16,reference,0
e17c58d7a48b6b811df023484161a3b9c03e0d6b,reference,0
1efb48995732f58dbf2e251bfdf8571545033db9,reference,0
bcb197654f39bb9312d8d0333646b71254d29239,reference,0
a3c1f6809dd1455da73eec407bcb3be92e680112,reference,0
01a5d0ed2300ec86aa82d0e56222932f200ad692,reference,0
bd206d206e78b90c9d4b7ccc0d3b57e051075e9a,reference,0
1e98a9532d4e1fcf947d5b215e2cfabbf6cc41e0,reference,0
a8282d1378cf872817d3291f5e7edb6fbdf0121a,reference,0
33aeefefc159f3ac887fa05bdec05e6c181134b7,reference,0
60b9ffd8935d46e0d43e143186124cecfa6e5118,reference,0
40df8b43583aceaa48e7e4bd789071e2c7cc0b1b,reference,0
53daed7461dde3e321ca7fa59860810905e657b5,reference,0
50aaac5fdc2b5a33bfd3ba93cdf4e5e302f34297,reference,4
a217e8097ec7061f7136d3a1ddfb38dd9ba3bd41,reference,0
8147cec9245d34d13732a08e915c920a1a499bb5,reference,1
45afc0765fee381a279b4f3c8879b1b68aa7d6c8,reference,0
461fc74ecead523fa9b131b3e3d5df36ce5ec4fd,reference,0
bf6517f7ae91bc738de42a1aae632084189e69c2,reference,0
e8a897a12ce666a898582c3454a3e49acae40422,reference,0
268e28f8d5235031dcd7bfae0f857439e27e8564,reference,0
e45d0221d00cd5b29a0a287d6037428bd53dc5aa,reference,0
82a3228dcda7fd2a8e5d1fc9bb2bf43bfb6ac531,reference,0
bee68767debbdc96d6f75947e544a8be98b869e3,reference,29
87688fc9f2a1f542bd87da27242d9d82472c33fe,reference,0
092245d86b77181c36f972b1b7a17a59cd989c4a,reference,0
e86a0320e4e22b5a4dc673fed10268cdce520526,reference,0
c3e2bec83b9105b7925aa76c0f38b88d2e337b31,reference,0
3496c072397fe185c48b83f9b91aa8d5a52bcb87,reference,0
d3ca116177369bf6fbe27de64506a2f401aca996,reference,0
1c89d8672a3742672850fa46f1e8ec51f3261019,reference,0
1ad735714ad2e4ee5b94ce26c976e5ee5c7cde3b,reference,0
aa5a4d1e014f1900a907ecd464218a272f883ecb,reference,0
993143b7cf13e8e6fa9243996c60aa9a29c721cc,reference,0
749d59f887c8ac83fd4f5178465e8b03e463358c,reference,1
3d0e7ba0ac33ed6d07915fa09cc66302aede57cd,reference,0
2c3a4099a62b4bfc2cc69692df8f0d8f98aed7c1,reference,0
695b9fb4d56cb281146b288c30cd06d50f0857f9,reference,0
ecb6a8003d4726cc1e9e9f3c2d8ff6c0627e4e95,reference,0
b1e36c125d0b0ef48bc55ae7b8a92c8afc40e300,reference,0
b435bd3fd2c855a755061a5ace42fb444d4f81a7,reference,0
ee2e0077ec46704f2cb930958c9bf3739a904227,reference,0
b70075b496c1f519093884945be5670c32cbceed,reference,0
755853c6b30f5a186131e23a63c68a3f2737068e,reference,0
45452caffcd65896f993816e5624afef12842a1f,reference,0
024575aec54fb329eb6224684592d85b6672930d,reference,0
6414281e2efb42601aa7bb5eac8759a774896968,reference,0
807abb9c185ce233e2c8a2fcee49be851a1c968f,reference,0
67c09c9f93aa91f2419f2b348e1545bc2c115e71,reference,0
e4bb1b1f97711a7634bf4bff72c56891be2222e6,reference,0
316f980cfd2e217234386166a46eb080bf027cdd,reference,0
791e40e5c14355c303f674664c5e645e0511f7c9,reference,0
841991dc5378b5916074866eef2a1abd807bd3f4,reference,0
bf0008d1b521be0c96bb34e8de78dd404ad37099,reference,0
33864bf364ab17b231054f5d8a199bc5d2225918,reference,0
58f9efc8dfb084738b07ecb3599186dd753f4f33,reference,0
ddc8e42be6e35f4ff413d34b2c9e0403540b38a7,reference,0
dcf87f11e245b76437c2f551c1ff6a7842585811,reference,0
7569d62c7651625456a2cbd4922d9d65351593ac,reference,0
28c6ac721f54544162865f41c5692e70d61bccab,reference,0
0458c2ec6b3b3fc17a60dd09ae4904dd1eefb171,reference,0
c3925ef53f864e5c30189272f63801248ff1406f,reference,0
451a657dabf80ebc43f6a3be518250b2cd5dfe1a,reference,0
9466f846352cb9df46b932cb848239c5f76b878f,reference,0
8e1b062df7eca0177106a2309a291583dae5c485,reference,0
9546c08bc00ab2dc7d296823de7125611c8ced46,reference,0
ce212cb873a54e5716da53a66b10298ac013008a,reference,0
2fef874531ed090c99c0230378698a2beca8b317,reference,0
f5ec0b22930faf15c3a7912bda367e8a9f4c8bd4,reference,0
0e1ada6dac9337fb32355c9db4682b8102a8a856,reference,0
64a80a33018a0fdc182b06111e32b2e08e186f6a,reference,0
5dbf93a68b7fda600521f046dea35ea8ba9e884f,reference,1
360a4ffdcf3a79a2cbede43b1313de6e5e0e47e0,reference,0
ca4d1d9c61e6496bbb0f361b55413f265d81de6e,reference,0
0665eece2f00b570fca893b0d6f8960ddd4c09ae,reference,0
b4115b608b934627bcdfb0750f0e5305ea7351f9,reference,0
446fb5dead075a1a08862662738f462e9a0e91c8,reference,0
0bfc804e31eecfd77f45e4ee7f4d629fffdcd628,reference,1
a5cddee937d7d2f005e781e453833cd64d3cf343,reference,0
38939304bb760473141c2aca0305e44fbe04e6e8,reference,0
af6d0ba799213cbbcbfceb1fb9b78d2858486308,reference,0
5a52c09e88febafeb7e0e8485b06924443d97ab6,reference,0
e4b5e56be41e28e16fbad807087b87496f25e9ec,reference,0
a53c8ba374d430d6c3786d13c04edb200d547750,reference,0
5da8d559955f0501ad6b2a97fe8a106f067cb5dd,reference,0
a836ea129e926e32ed7340148cbeefff91832203,reference,0
67188a50e1d8a601896f1217451b99f646af4ac8,reference,0
30659c5811e90e0615bd5732bc84723ab44c0382,reference,0
8ba93052c60a266b31e121fd06e8ce9cbd9b1bc0,reference,0
1cd8373490efc2d74c2796f4b2aa27c7d4415ec9,reference,0
e418bddc14666671c4df6a9747f39f0f522a1bad,reference,0
aec546a0a4b32593c3338d9e2626c1c886105576,reference,0
587352c3b95c90de6d37f061c8e117f42be0b575,reference,0
d1500f1dbd62e26ef0753f31e845078f58479968,reference,0
df710c46594c04fb59ef9a93d3b4e1cb387a1b2b,reference,0
42b920abd44e76d73708859bfe13034555f1f8cb,reference,0
03251361c1d67c6b5badffc7059fdd7fbfea1fed,reference,0
ba0ba7a67d169345c7cf0143e9047d9c2b0448bc,reference,0
d9823ffa34f865fb1d0adef95d64a0c352ae125f,reference,0
5c828011a508611df4d58cced9cc48d049dc4eb9,reference,0
4e0fbb5babf75e5d45efdaac6e9504cf7479ff3f,reference,0
8c88c693d5dc2802d3b76b85740e1f04fdaaf801,reference,0
ef5c3052dcff67abd9bbb699e637847d1bf2120c,reference,0
5d35d6cbc406a379e8b043eb135b6752df5c45f1,reference,0
66b7272b9ae1fd3f7cd66b2a5c69e43a29b2660f,reference,0
9dd3455df251d11e8d1461f3ed0c104615de37d2,reference,0
c50348d3491567b2cdad5ea981620c31f876dad9,reference,0
c03313fe8a59a2b8a9871b5226fc971fccbc2ba9,reference,0
94bcf0390d5acb1b92323bd15cc1dc311314122c,reference,17
eaa7853facb9b49444b48a96192cb4be66b62671,reference,0
ed30969f0e4811473144ffe83c1baa6d54f02202,reference,0
dc135dabef805c7271f53ec4b212bdf8996cfd9d,reference,0
fd231b76eccbc44d8c5d4e3fee5fc7277ad4c62f,reference,0
82da02137bae421a3f7a89c3bf2ab662037f4dfa,reference,0
60e6e3767c36bf9e16b58b7221c5712b4d3d5293,reference,0
eebb4a3162c1251b51e50ccd83797babc5b776c0,reference,0
615962d8969c8e0ffe43319689dce6c50cbf1f29,reference,0
45f1dbf9ccc10fd0a46268967582c835866d788d,reference,0
29d9c516cee64ec4a5d8ea94129e6f8da2d60488,reference,0
44d74b0d77b4056ddd4c6611a76711c8bab2e0a7,reference,0
265139833c30e46eef26881f211c201185f74cfe,reference,0
af705d648b5b16daa3dcc593bc593f2574d76c07,reference,0
e45036dddb5f27d3e87d2f14a2d9e6a402e7b5b7,reference,0
a79c7062809548fdfb593d68c106034012a401d9,reference,0
d671d62a1eb4d57343e4a0928297266dffc0c118,reference,0
8e37dc1215681aa153a51c07078ba8befd6a6e01,reference,0
9dee1aceb09f7d4c22fdbaf49d238e1502effd1b,reference,0
41640c2acbdf158f8a538a5441caab80514c7bfe,reference,17
d61ca71f64133f12d0534f1be5d2b7a0af3d2803,reference,0
f0888b9c0ef63e68c7758e6aec2370961c0eede9,reference,4
c695c4e68561347564ea0daa50dc339dff73d8c5,reference,0
dedfe929d182cc3537a9ed765d589b4735ce062a,reference,0
b8ca7dfe49501c0dbeeeadbdc94737a5b4fea313,reference,0
c33258c3e2f25d4297522c23f05152acdeb58b79,reference,1
dade1de9860ca2c183e28cdb43afd5d4843b7d27,reference,1
4f9b04f26f5687c57948bd4f48ea8c8302238805,reference,1
f2ad87f006c2c92228cd8b537622c1d0d9bdc94b,reference,1
2f3efbf3e77ff11bb9cd95ca5ed18d372c6af4d7,reference,1
c8ed18daaed3eb43c2f01fd35a33c9522284835e,reference,1
54e7c5c8cf29d143057316acba6c9ded5e38661b,reference,1
f1ac439f8a963dc391493dc241cb41c49598a761,reference,1
0fa9fbc48c04fb3f477b07fdc22061060280c64e,reference,1
f7781a78146a77aff823fe1a09b293a9e6e1bdff,reference,1
8d1ce8db6f4b0a5b5ce199bc45e06f377b93ff44,reference,2
52adfcdf7264a707385a0a641dcaa8655bf8c5f9,reference,1
bb33f9e07e661b52a6fade948f71d5a0e0bbc773,reference,1
60544b1d0eb47a3fcd6669745785d514702752fe,reference,1
d882170a1d5812086cd821e82ccb7163a996beac,reference,1
937154c2b26d9468af7e9903ae4bf4344df4558c,reference,1
5293f9baf0b34b53617d8c3b5c579a2106f150b4,reference,1
c7cda3b723c8fde80eedfc64d70fb9395302204d,reference,1
861ff345351bad6a40421fd3f454a6de1d67efb4,reference,1
292c64dbc88a049db39ae548c50fe76939d8577a,reference,1
c26c09b52444de9480a33760d7cfe09c021410c1,reference,1
7781f08e9539fa62fe2fd1ad70cd1471eaac96d7,reference,1
f7fb82d4a79c4692078aab0a64252c3eaa761e30,reference,1
579370203d88fe8e36d4861b090362c0c34c3ecd,reference,1
42516e61567cdc719008efcd6fabb344d95c0634,reference,1
94db68629d38d65ce4cd46e2b9c14f2de823d600,reference,5
a6275f881dc26014974ab6ab9c581a06085b11ee,reference,1
b3b37ddeac7e5c7bb6ea20f52722d4d1f6c63fad,reference,1
9fabaa4bc84991bbdc2cde5c5a3cbefa8f5e7967,reference,1
a25607a857e89e8d5611768b80ef23b8c963a07b,reference,1
a81c481189ec4719b80ceec31f7c0277ba782d4a,reference,1
0fd6ee50e28fa55277fcc3b176bc366279bc2b34,reference,1
212072d3466f1add14734cd7f9586a71c62b989b,reference,1
6766ed9472af54b9b3f849913c95f587bf5a2545,reference,1
a6525258b11348e78eb136f7219006bdec261f3f,reference,1
4f14d2b419e064fc424cf8ab34eb55bbaa09f6f8,reference,1
4fa7eb4fc2df99e000ab973c9ab6459c82fb852c,reference,1
c7537df0f1740aeb6037d5d6ebe796ab73d0caea,reference,1
89f8ae8ef9bc1db8c5b0ee6c0dfa6824c5132cda,reference,1
4deccc959504ffd34cdd3afd04f067578b9b3a4e,reference,1
ec9ee072f79613d56cd6902fd524b1747ac6f1d1,reference,1
64ca2fd333966bfc7603331a32eada2dc286d8b9,reference,1
06651d370772b9f3f6a6f6671af235592bfa3e74,reference,1
545bc8e1209beeba293ebe9c5dfea7cc8e4c8d3f,reference,1
4c49cad5b1cbb8ae987d7795c899b678134b9a57,reference,1
d6e7cec15b34786debf4cb2bddf96ff107ef62c5,reference,1
7bdda23a6e293ff03db8be0a19fa51855e7de51c,reference,1
f63c28ab8082ff1df5af4c63d28b978214040197,reference,1
da30931a1d7bfaddc0a47d00bd5a8600c4ad3e96,reference,1
e549950da3f9645bc016fd61431aaa95ab8a168d,reference,25
cc35548ca7f8b797402e9a95ff901b642af0b2b3,reference,1
130d872488a20bafd6e270a939486d876cadcaee,reference,1
98db1a0f88f6b9ce125d1058a8d6071614176404,reference,1
8343f9745b8450f179a150a0af4eaae94dbbb6e1,reference,1
1082c43d67be0c09720217abd943649c3bb0d5af,reference,1
fd01eb8621f9a3c5a657ce5c9f0b60d18de82c57,reference,1
ba9c64d4e82895d1687d7794f2254d22f8641808,reference,1
231d4842edd8128ed8515b635930241af984ad65,reference,1
e7ca4f5f00b1e05f98c105638cade67bca452d27,reference,1
4e466c83e953cab90477e94f83e345c846228caf,reference,1
7a097ebe594b1007491c390367669961bebc02e7,reference,1
a26f44e9deda0113f2d93992e92d004ecb92426a,reference,1
0a68c72f5ce11b39d21312c3e77e4742962018cf,reference,1
d0b26fc297c2779b4c59ae019dc8750f614c3f47,reference,1
bcd1e8568bbbca1dc9c785191fabd79a682beac7,reference,1
776a9df830e6433d13e1b9428f4ca429bbf09b47,reference,1
ed9d0bc05f1dd92c18fe29a45d14592661c4b553,reference,1
aaffcc433bb4f28663369b64487222b5f10ad7cb,reference,1
14c72b137533e1dafd83fff4ecfade3c3436046c,reference,1
bbac8add2506c1beaa3719f459e2aa271b0f1113,reference,1
b17c7aa2aac0cb03d60f85cbb582ba52384a15cc,reference,1
1d9c1d192e2b6d17fb19a85c1ee68c9138c95ac3,reference,1
b122e0b3964205066f1fca192785bf292c26c793,reference,1
23bfbea19913fa022b757f67851a98c9d97564da,reference,1
908b9a63a6cac1319e983fe8d4b4fd871b2517d3,reference,1
179d3928ceda469af35f95d9b366989ced3d3476,reference,1
4558092d99ecf5b80b9c9340fe61142873f0c243,reference,1
0ee70ee752c6f200a4ebceaabca1a9b94b95c2a5,reference,1
206685eb3ad285d89ec9047890f5facde15db8c2,reference,1
f29108866934dc766abee82cda44ec7b5a9393ed,reference,1
f11168f682dfaf3256dc9c31d1393d25ab2501aa,reference,17
821f745e7ec0813775d17242177fd057ef11c85b,reference,1
489c4b46d488472c8ee56281daa99b4228ed0ce6,reference,3
e0f85a1fd80d22295ec23ff190f2165c1adb35bb,reference,1
6fdc192ed7b3ca502c0d0f3deae8e2dbbe43f234,reference,1
91d7e3e1cadd9d92c65ba6d028230e493b3185f2,reference,1
11e559be0a6bf3dba27b2642b97d4553dee7b23e,reference,1
8f145ed4ecdc9ac8885d3e743fbd287b0ecd7d59,reference,1
e5cdf9f00cfbc8e68ae57b51e040d16276d7115a,reference,1
ac529f215dbb892fea27077626fce93a0a1e5572,reference,1
20a0f57c7041bdfc27fad058a8189687d53e423a,reference,14
082764721f692624420edffc45b073a0bca14bf7,reference,1
791abfa7ff6fc1033113b2c62d9340466d588cb1,reference,1
b4c285c57aedefd512f2ca5b490470345a77b556,reference,1
f6ce4c3ed205fa176dbea545b1972c423e1ad86d,reference,5
299fe51fac7cc0f345c9c3dc46a7d17e69690a91,reference,1
a82d24d2b1eaae8c051c9bdb2752e19bf1907e6c,reference,1
fde9295102d562e7647727488af390916bd6809f,reference,28
fb70bcedfe620d0a218b3012e5049c03a4a3639a,reference,1
0f4d22916b9bc851f77c8b03410ffe1df6a0c817,reference,1
308e63094fbe6d14837c91d807845cc6c56d0c1e,reference,1
2ad1d0e5fd9b0a71fa3d09f9048daafe22697b39,reference,1
4330294cc7fba74f415efa9ada0ce1200f1ac2e5,reference,1
91697fabeebba80fada56b43b64529f79fb29334,reference,1
e5f56092cbe315ef0177c3e24332f3d2a07fac18,reference,1
58f8766d995dbfa71dcbb543a9811c94c91cf89b,reference,1
6605e2c06e6f7e24fc46fb04e67534cd09dc9eba,reference,1
3d3a2628996d859235fce41c5f23f5123c181cb8,reference,1
1832dba0a034ec033f2c2be07bbf36041a748544,reference,1
d052ad722f454de0537454a8581c00b8a9aafda6,reference,1
da51d8c8d2c8c5d767836335990f086e5df0aac0,reference,1
fd0338267ede80bc6d840e699a86543829e85d13,reference,1
9c2718387edbf9f12b07ad00aa3273a03b3f054f,reference,1
2bee1cc0031961dc0a470f476276282b07df9057,reference,1
1a569d44f944069432ce73e3d6266a24b78a98e3,reference,1
ee416e13e8adac0b7c9411181328cb495670f1a0,reference,1
6d2ee1d934c0016c3ccec3ca07f62869dc1d06b6,reference,1
e90526e869bbdfa20e025182f477021e6ebc8126,reference,1
00949326441eb6feffb1bf0f6d378a998a632b0b,reference,1
c4487f8bd307187d2bf27a015b11b54adc770bf0,reference,1
c69a8148b4c8584c4665031837023f2e4987ae07,reference,1
d2c9893210a9e07bd06ae62f50fd2b331810e1aa,reference,1
2fcc2a4fa9ac9ca02d626f52d69795299fb6a5bf,reference,1
c60769a5a1c260df5123d9ace5607dc40ac356f0,reference,1
0f0157b3e679d3dacdfa56277831fed9b2b8e0a2,reference,1
3a89dc7a79f24aefd23065840444c0dba1206a1a,reference,1
0467ea5c1751f55693840be65a46573fe1c9d5eb,reference,1
2e882c144a25770a90aaff6b5826e5bead8ce278,reference,1
5d6ea8c124549450394d016a1e95f603b74fc198,reference,1
bc4b173d49b4dcac8ebd6329fa5b48db954e50f1,reference,1
f321cef5c3d8d602cc85a759ae3a9526c0582b1c,reference,1
6c286ab65716525861406addd7c877e7c5670473,reference,1
71aa4578fb712bfa22afaf36ad658c6d69652cbe,reference,1
cc062e2681751d0f09b2a9f18d6997deed32941a,reference,1
4bd34bb29e25696305f3dcf773600ee5f6dfff4a,reference,1
a2cb3425c98f33d8dcb992c23b9e08773f20f2a7,reference,1
9c381e4cd9234546c5c95fdd9fe328ff78d42d42,reference,1
e75a008b93ae19ca64993385093032b2b92f5631,reference,1
905c9e7afc4ac89ef164ca4c7171331c6719c4fa,reference,1
1bf2a864b5b46c7c93ff273d49f0f5020f73ae20,reference,1
69741f622962bfd17818d51bc7fa96b57392a351,reference,1
29bfc39b9eb357fb7d18b2029d1570844f2c9b9b,reference,1
60dc1f62217fc222c23d374d7d2342b057b83665,reference,1
1c2b518a345102344e9b7fd1a530338cd23390b1,reference,1
ff6f8ef8f24f5352c0fa73e2058921e8f34d8f60,reference,1
f264e7f6e398e4a2f6c4b84f073a9de1467b6cf7,reference,1
128df79fecfde288abadf8740ffca93f6dcd6b6e,reference,1
c47703fdeb3569f4d14f2e9c87c93729fcf0a261,reference,1
4672b31e40ca2e5f792b20f23a4d89ea498b384e,reference,1
115f5f5dd7e5f33da07037335698a6e89fa4a4a7,reference,1
7470b30284d055337ada62136c8f6e80a32c179b,reference,1
f982585c0442539800cd4c9a7cfb2a64d58a167a,reference,1
4d588fbbc7100ad967d43be9ea214da9c04651b2,reference,1
709bda5ae9fac001e4ac84ff178e22f9903d95b7,reference,1
ebcc683e5494bd8fbe596dfc4b3eaf6fb641fc74,reference,1
ab49f4037b38690501565bf5e0b2b079ed76df0b,reference,1
95b42a49ac1c061846b500d02022edd96da95971,reference,1
9dee20169ebb3e0dbb8a4d24e1d7ebf50d340144,reference,1
29764cce1641000c290144a0f6ea1377caff17d9,reference,1
cb65e35b48c692e1fa8f676270e152b6e12037ac,reference,1
e84ea7de17d55d11c63e3956644e2b0c34902622,reference,1
0069f94278ca17cc9c6ae65c6740fc976f698a22,reference,1
47e124da3072b16e9428fe4b8cd11e6e24b2d03a,reference,1
cc66970b020e40867ad259d9b450433366e77048,reference,1
c84cad456ad539fa2765cf39f41090d15f582a8c,reference,1
ac2a21b5b6a1e869623d7bded559ea91d4800460,reference,2
307af802abeac7134784cae4eed46f50495fecf7,reference,1
9c74b3bdede5e51ce24a9fd857c3fb0d4e4fee03,reference,1
4142deeb6fe31bede2d96d890a3622496a2b4699,reference,1
d673950816e7b8ed4fae6d562b5ef5a8b55133f2,reference,5
3997d41786918a150e15af8f22a4dec57f538fe6,reference,1
73df3e273452aacfe90f0c4bf22ff24249de0e07,reference,1
ed745c14d8d2632b25ee69967e225da32f6cafa7,reference,1
25e8f017d558da4ba658b221398e10d5f7904758,reference,1
f569c8756d2f9272c03ca717933bf80f23743768,reference,1
7318374463349cfb1ab31627e5c04bf963449d11,reference,1
bacb7e4d55a5b757d1b1a5fef613457c300d713f,reference,1
029c144203a8b190e6118f6b630b9f5d737410be,reference,1
f1ebeadf2cfac33d126589d74f39041198a00be2,reference,2
e5fd00515021e7e7dbd6a4692142f58943ccb750,reference,1
e28a8cac2967d4665b005d3ae930508f83441f15,reference,1
749208f13dbdd93183d80f0313b5f0aa9c835688,reference,1
8738cf80088f2868d35e3bd5366e873e1adcd73a,reference,1
3b6350a7a53911767f50ca3f17f99619470bf997,reference,2
45e2c831525ab988d5db077943f329e1312fddc4,reference,1
cb667e807c670706be918f6eef29084a7db9d34a,reference,1
f8f12a3cd35d775097d75df99b19bb4c89de065d,reference,1
123df211ca36cf7c85ba0b392168f048549db683,reference,1
d8816300bc395f0fbffc31f56a839b1846598202,reference,1
d00e454b745efeffd6aa495f3e9f5380a0b94e4b,reference,1
01e212799de4d512942db93e380ade2e5c4e893b,reference,1
ad07189387af46e5d5636c0e8d3a7bf81124cc7e,reference,1
4c2e4cc031bf166b3b9fa188eeb98b8abeef041f,reference,1
61ef2facaa6111b2cd689ad8f758fe9a2dc2c594,reference,1
efb8ecfbe788111e9fb6f282aa867817b091377d,reference,1
4fb1b0623b17ecbb9b21af36af3a297e358a980a,reference,1
b36e6ebba7c84aac09d272fa2dd5fdf42ed77651,reference,1
817c76e0a2ba805723d0497a74f0fb829f0f6260,reference,14
aa1a27238b78608a000a0f6005c72fb1fc619b36,reference,1
8f2db783ac3481d9fddea610009b555c888d3dd1,reference,1
92b367e88c21f1430251889c54856cfb3e5ce996,reference,1
86e3be7505f7102db96688da6896f793e5bcca9e,reference,1
c35002ee2707617558d8c89e6c9a2e19cfb30e13,reference,1
0158406f856d7fd7fa7067edc4ba712350927ffd,reference,1
3404f2051763368df1613e3d9b7b787cb4a8b833,reference,1
f79012b6f7cf43de4126f6d5faf95be3a536fb79,reference,1
371b6c17ee55a204117493195f364daf38caff61,reference,1
3dd6e3dc2d7a8fa6aaa4671557e6a94e62aa1106,reference,1
05cb2ca6041b016bab19d73d05c8a8a75d2d748c,reference,1
23c595cf09da5560ef20dc08e5cccfc438b35b2f,reference,1
c503d6948bafb16d9da83516746dcc9ceb52dd39,reference,1
7e0347176f2fd6b5132ab57100e8893e1b77620a,reference,1
c7e0d42b977aa9282a49d4f2ae0ec2b00e8bc7b3,reference,1
c46b458cd78897eadabcac6e082974711bd53085,reference,1
7174cf188e9d7b5e1842c0d0517ba5df22bc6a8a,reference,1
29e11383388a28daf18ea90826c752a2186a5a17,reference,1
b3d798cf89ee9366a4bcf591eface07858522d54,reference,1
f59d5b07fda1ec98ab97a23cd22043d20a174ed3,reference,1
12590628f00da825cb537284592d88cb848c5b11,reference,1
d19bd6f8d925130cc068d0b9b202a944037afc67,reference,1
07e24e9ce013b2caa083e535023894fd7c103051,reference,1
a0665134364bd90bdf99a858b5c3341b1e864e57,reference,1
25c7534bd4d6f4f15143ce4e2528de494d4195b0,reference,1
8e2640fa514a758a9512488daa2fc7315204d766,reference,1
06f1915f80a680967274f6d715a6ac238311308f,reference,1
5997e69e637ba532b287124af85e48e02b98f432,reference,1
f139eb6451a2e064d08e66547228fe0a7a796ec3,reference,1
ed72d7f8f42d7013762d1222c416477ab73ff60b,reference,1
b7864b0e76f402ab668247ed20438374b6be8e3b,reference,1
2c8d1dd82cbf82cf3b68d2e6cff1a14aff40898c,reference,1
9a0cd90d265af436605216cf4e1a41c8cfff0ef0,reference,1
20de6c444f3df9674a7f6f8115dfa14c2b10197a,reference,1
41f0a04d08245b9dfa021a0c5c5a2f3a4326194f,reference,1
fe5023da5940dbcff7fc52b4c99c8f5d2196d73b,reference,1
def249fad2fc1852ab48a4f4d18463107abd6401,reference,1
f279eab3a298eafd4fc48f0a7ca1f8e0e80e7e70,reference,1
e1e5604dacffc30dc93bb7bc7080758e1b70d8e1,reference,1
405ef1bdef49b959aac958374f33d40e44e309d6,reference,1
7d282da198488f862db63e5b0f8b469e4f4a44eb,reference,1
6f560c72a36ecd6a4faeb345efdff1fc856e60a9,reference,1
ab79c408d679cbef7eaf4007655377f1c081e454,reference,28
50c5a7f081b7ad54ecd3db0e90230b8d77caeb8e,reference,1
49e68e804d63df12fce620f9e12f7351d02fa95e,reference,1
97dfe3145fc4cfd4ca87381299beea48a6c2a3fd,reference,1
1057783fe18f9213673df638d04c2fb81fb78071,reference,1
d238f25614f15d329399843c2e94ee85aa057ff6,reference,1
e3b033f839d0db90e98884c89347194ad109fbc9,reference,1
96ee2efbd4eb1a6e35f5c6be8b9d7f01f7b765e3,reference,1
755d79556085d841398de808d3c84e5c4f59eb4a,reference,1
f2d95572cde472fedeaaae78c27b51304fe19ef2,reference,1
ad346966b7863a8bb783e0c41f6d4f98ad971698,reference,1
994a08fd88f8e90affe78e7e518a4fe74f024ca6,reference,1
7ae48cdb8a044ccd22d279a01d135ecfd304d025,reference,1
60a75a440967713a1fbcc85506a3d085f46fb8c8,reference,1
b118857dc1b4441e32cfec2f0000ad79de4ca1fd,reference,1
9312ef53cdfd65c796e48141b341f4b3c2cea7ef,reference,1
4b2e5a6f64fd88a2f97266acbacad309a7a9ea4a,reference,1
64570f4cc8a55a4bac3bbb956414dbf5072c2987,reference,1
6946078dc0fa801139f23168b4e3d62b5848c46b,reference,1
dcd7e42e655713402207acecb842e0b6424bfb8c,reference,1
e40f31240c5bae29bd0bc000046b6788af9bbb66,reference,1
6cb37add3ca69c91325054d11395f52baffdc361,reference,1
8147c5503cb8ea33ed25540c854fdfadaabc1032,reference,1
f98e66439962390990eec532b8bf1315979068d8,reference,1
548837aeeafed6cfa5a44f474a2740f1b99142bd,reference,1
b98029d2a2dac2953533d8ef2724b1b4b85ef3d3,reference,1
a28dafcdbba4d1be04716a3d1d2007349be0d0eb,reference,1
1de9d28dd335b188130ceb251a744026e82ab634,reference,1
da6b8e0afb632fc47023d010c36ae7a2553f4e13,reference,1
0fcb93b3115d0c5f618c4b455d87f6a7d82a30e5,reference,1
7cc026d930b582a23a249986e7521c07c1a67932,reference,1
9efe4d229b0f894cfe62282cc40d1deeca6d0b0f,reference,1
013fc904ac01513d0c1a3109bcdbd9318711889b,reference,1
792edc33d347464cd62dc1a856e47b78902aeab9,reference,1
0a44db2f1035eedaba16b4d362437b3e6fe7ef26,reference,1
d5620c0557b57c1c791e0155b37ffffc9fd3e218,reference,1
f72f7f20b0f7e0ab403e88c77a80ab0dea2007ac,reference,1
6db25af3b87e1fa821d3fefc47185a7ff08739ca,reference,1
2f3a9ff8b9af246098c43e3e826a72979d0d4d4e,reference,1
7f5120db8f2ed7665bbfbff6f04e3e46fb7e0be9,reference,1
119f041150074143405d361698501b43e4f99a24,reference,1
a8f12be2ae515eb24353812ed0a8aec23cb2de61,reference,1
4925492709034cfb614e89c15174669efc54d169,reference,2
5f49ec9560ca9e03eff32a607f6caabc08f98926,reference,1
4394013f66489d308665aca0aaceedeb35bbeff8,reference,1
2d906cda427cb2c4a71069423312e57ba4cd5445,reference,1
ba6d7ca4ee60dedeae7b34b792f5c5523c3f5093,reference,1
008dd5b22d6ad251492a86bdd0ae4598e610dae0,reference,1
bd4cc23a7cccb0d1ca17fb15fe1324a794dedab3,reference,1
fb7594942ca400058cbc0d770a785435bcfc7431,reference,1
ff7a9e6d7af50872c34913386873dfcfcd0045eb,reference,1
775f4b4d0447c6dc930c92c40de3208faa3e5c2f,reference,1
3112ca0f901124d5337997e54a599d7937edb3cb,reference,1
785c8105605b0b5f7692010ee69eb813514f5b4f,reference,1
51850aee7a16f497bcee2e3be097e4e3837c1159,reference,1
7b0a7008e7a8806678b1f446bdfac0cde827840e,reference,1
db426acfb1f36c71337b2b617a6c95379be5fb26,reference,1
d18495151dd305ddb0dabf3eb76e5e07f6b82400,reference,1
8cef5342ed9ddd79b1e360fd328ad6461112d982,reference,1
6a7c29829227bfd65ae0ffec294a874bb9ea0871,reference,1
6544cd41e3d2d67da99b184e7c5186ab071ce916,reference,1
f2e8e3eec1ed436f741b910d87ec9346c35700ce,reference,1
ac7ba803f7b690b76fd4208b9fee630cef127ff5,reference,1
7c1fc0a5cd0d655f8a77139f3dc053998dbf7165,reference,1
78cca0da033edae72951940f9dd18eecc23ae36f,reference,1
f5a73707d1cddb8142029671a1ff1c8778df6f50,reference,1
e1fe3cd95544222e368232f78524924a5aa07834,reference,1
85c9ddaae4fcfd74d9b2127b01f31e9713413a01,reference,1
1efe2baede90ef6558c995ef83c2ce1c4777683d,reference,1
0445711f119fe20d0a2f8837cd6184c79d331f97,reference,1
bde841b0dbbf7a15ee69966a828c7fe2cf532ad9,reference,1
d6819eebb479ee6e9955227c2d87ee9228b63cb0,reference,1
38a6e850d598e4283559c6a2511eb7459c91af20,reference,1
5287f309de1e55c193b19d91980bab1a88563f9c,reference,1
0e1a3c83fa7184211ee331a5fece022424bbe65d,reference,1
4742fb4ab612054679595fbd80e14bbed3ee8199,reference,1
af47fadf6adaa81c949c82c8479734d4ea727795,reference,1
edb2cc0f2d7ae50717b708292a543b319bae026e,reference,1
ef6ba066fe4b3de1ce847a96dc7798558bd99b64,reference,1
8a943b18c20ef1b2bb26dfd4f36100bf059fb195,reference,1
1d818d70b50d9ac6bfba9484c9d20ddd9735e49c,reference,1
c7eb85a0d7e70aac6cc547e73602e9afc9f570e9,reference,1
10f278d20b235a4ce3c552da9c4642de3a98b483,reference,2
0485537cf0119c578907c3e9d6e743bfeb4157f5,reference,1
e040c2983929b87740dff903056e1e4df71d325c,reference,1
84d04da0f2aca59dda369223c0b68ff82283dc1f,reference,1
3d48d1f9dde07b92e303851d787ee863e1433249,reference,1
1db93f8ce312fac041f9271a9b8068b9cb4b9fb2,reference,1
bbc5cc1559b03997ee087e86e42dfb5afdd4a792,reference,1
d62cd2c02309400756528ac55bbb18e2b51f3f42,reference,1
ca0c191b51a3e559ccbe44e83cf368c371f1847f,reference,1
e94ceaa23305a1a72c4649e3bd3f69a1927056a8,reference,1
378d5aa66f1a6623fca515b81279399768c296a4,reference,1
e0ea2443e8af4acc4c8e1729363fc6730d1a29ac,reference,1
35eefc57d05a0b73ec1a848b32f56e2cf2651f01,reference,1
cba0576de64899f369f559202812d2cc19798bdf,reference,1
e0843ec146ac83770a32f7bd638718a65686d89f,reference,1
0d157c187b075e890d86b3fac26604c5dd6e845e,reference,1
0fe6935d5d7280fbf4ef83b0130c5f4d02d3b9ea,reference,1
1b50041bc6cc3b517b1de0b9d5c76a67f8ae2fe7,reference,1
ed89c6a4290aa0ca1952c019c4d63eb93b614556,reference,1
5d4513c5321cac93ec26e6ebc5d82e1f9b7c7b51,reference,1
6fb186be5403449f74be2294d52de0160d0d1d40,reference,1
680eedfe1f66c1a58105d2ee8ee071ae962a0fb6,reference,1
efab0199b447384941e1d3c73d9378af33b8845f,reference,29
92c0c44d89287de52e150dc985f0e40e26a0583f,reference,1
9393b0c00d509d58f9e8bb782fb9ec2c3bbf1b3c,reference,1
68d88c8e8318d441ad3e00cef5ff59d966c06de6,reference,1
1c36ff1318995ab8af98a3fed44bcfed93e0ecf6,reference,1
bdb55e27a2594c99a6b2002f8fa3ac64060c9297,reference,1
c53ec4f663c494d193b7aa11a6ed7207015e332b,reference,1
6ab12c4dacbd88733b96c6019037c64c6702b0fe,reference,1
c896ab9fd8d829a80c2abcfe98d3f6d1b3c7f502,reference,1
4411966278b0ed2f50fce16f131d73cee067d74f,reference,1
ed8ff544a41ddb64f7cceaf924f479f6bd9c0855,reference,1
3c81187fe776dab26834b8f833f54fdf127a6a43,reference,1
8f2da3a0775ec12983308c56a84cee38f02e799c,reference,1
4fc70ad78f8b7661912dde8174e3f019980f749f,reference,1
c06d80dbce7b8dc34e34f938aca0de0d5cb54fcf,reference,1
897580ae25ef697a0c2ec6548a19844f8f480aab,reference,1
79ccd8b2fdc8ee7a2cbf60a2b0eb7e6e962c3edf,reference,1
0bce2795374e0070138e89c84917bcba9ce9dee3,reference,1
9a5efb6f69019688cf3ffe27264c9a3d55f3f452,reference,1
bbcc159658595879f2fdfc019220bcac35776020,reference,1
626cc655ca05c368c26591217b12db63324fb7fe,reference,1
3777748543f1ff1f3ed8b16f063435217173b865,reference,1
efde8940a0b924e93d35184c4a1e8f9670b94fe7,reference,1
4d710532fff7aec8187f68fb2ca90079c40e7004,reference,1
5e5be5fb051c1b542fce450b50092b3f2c92b5a7,reference,1
48d2324d4b936d4ebfbd07c2aaa5f0684c63fff0,reference,1
087da36d123799f63245a34ff43e2f03dbf42e62,reference,1
947e39b1e28e6ac948cf8abe7db2a0aeeb50537f,reference,1
89ff880b0d126458da236d1c46b2d71db603d12c,reference,1
afebe22663bb64197604dcfcf517761fc9c8035a,reference,1
f9a0b2be896dc0d12f2c5532ab6ecf8fcd983489,reference,1
0ebbd9526f6b382c34b5a8dd97323de37ad07805,reference,1
12361097de16eea65e89356a50aa0f13b633440f,reference,1
50ee11e0d057defe6c449099e01b12cf3cb74446,reference,1
339d2a56f0e5176b691c358a86891e2923045c8c,reference,1
a23f691774c794d53720bcb87a66092f53b556cf,reference,1
c50dd17e19ad6520a4f5111ecd9754f06ce858e1,reference,1
5435d05882f189a1359e3395225959169a7888c4,reference,1
6f3de19dbcc03a92f22c713a617e1269f5868cf2,reference,1
21cf7504bd8d9086af220939c2526c1e65b65135,reference,1
f4821946e851dfc6320139c559c45ed6375d7648,reference,1
d9d7b3aaf4cf403439e587d30b66e9f61449c056,reference,1
f94d498fdd5b841622e3e4d733f6d8e92ac3a69c,reference,1
37ff4e49b6894da5d933e88ec4dab559bc3c0272,reference,1
f4b021d6aa7a00c64e7cf88c4f9096c8c42e1540,reference,1
84bb47ae6e528ce1dc0e9e3353bf92a45fa120d2,reference,1
ab83eae00db6a19de1ebdb23f7ceed29b5832675,reference,1
3427fbb743845b8f6108e2b464cf0d455b85736b,reference,1
9cbe3061ad19f2a955c239a7ccb74d7b12c5f9b6,reference,1
e0a2bc27c87c4e7851a45002ca47e3a9301bf7a9,reference,1
6579e4f48d15a55bc1d5c133c8bd26663a3f2317,reference,1
e4d4dfbe64702485682dfb7d0af29b95f62638b0,reference,1
4827ecf2d6604cee08fdf1570bfd92a8a16cf9b7,reference,1
bb93f6381d06ca29f3114e825cbca18d8ab41063,reference,1
3a620ccaa0e770258245319b0839b4d00dc6d169,reference,1
635577dd7434946f04f0913b093e223c29e4d9b9,reference,1
711774dbe2d14045c4df37b57b324d18e0fe5572,reference,1
2105e036a0e49dc9868a8b9ace12ecb7c001ac38,reference,1
a2f36bbef278ffd53212b7e3c4cb7bb9c92e7f3d,reference,1
41a4234a11c2000f84fe5e0d6f9d60ec3d66a447,reference,1
898dd545628758bf622954ee43450bcf8c58f22c,reference,1
3456b268a84d2cc5f4d569aee2e737a8fbc1b8c8,reference,1
3c6c150b40394b01b1a91ed9e4b848478824a849,reference,1
d56bbba1911156e1468b91a8ac83eb65fd78e88e,reference,1
f2182f156aaaa6986b9ab208d872b934b1f0d8ec,reference,1
282058c7b1f07b878c154f3b4245992fd2bbb15e,reference,1
46148dfc97d763a5be6d3049aa76840a201bb99c,reference,1
b6a3555a960a448ba6d9b4aa9c02038982e3d3e1,reference,1
428d9462fa6431186812bc9535f6bac83c5bc844,reference,1
7229fde03d19a585bd2694f8103b807fadf635d4,reference,1
5a5f74204ed577bd52e0b1158ee5ab1153958c24,reference,1
eebf5c6a5102ea7a782dc57aea5539da603e1f2f,reference,1
f0c5af8d484a38195cd333d3e11e26e93178d46c,reference,1
6887a2513182a1b7376a8aece2e38cae23c26970,reference,1
526eb6b44a1c85866eb56c696952b4ec39ee408e,reference,1
acedc44bc1172da6e20b33296078a212a2df6d82,reference,1
ab4a170aa096756a0db3ae035bc05dd969d3c829,reference,1
30e33e9ec257a60d8f095a285f31c702511db04a,reference,1
3300f5ba1da9fd64d6a09909005d53ce02c52642,reference,1
13065291b871cade87cd3a0a793729cbc57e69ec,reference,1
ff6c450f2ddb60778ea36975560ad956f63caf24,reference,1
a77ae51a2a90828b9c14a53023bc6556c2093c7b,reference,1
706df56fae88f3a6e6d3220b62c7ee621c861a03,reference,1
008092c741dd2c78a62940373038e1e5c5a6089e,reference,1
22386388e46a1ddd5ed4dff5255055e5a0ef49c8,reference,6
8fdee21732bb55f36ef12bd4e92bbc17bea22255,reference,6
78b502c3f6f404d623ead6cd12759b839d80c320,reference,1
1ebb73f0a763fcc407d793a62513bbcdab84e9a6,reference,1
b59182a6bd936424b02ca8dd548f058dac9af9b2,reference,1
cd4b6fbbec2395a2d1b04d84c13282c2772b15aa,reference,1
8c471d5d265c14a8712d3621903aed5ca2f48442,reference,1
7e05833d34eb3dd9a3a4d8eff8a83dfcef2f1804,reference,1
dd49f09ec1d263a4be1587af9f717c167b123018,reference,1
51f0c3b06861c79fbb283022df109818ce4ebe51,reference,1
99b34dcd5f8a577bf69b1f1e75eb3cf0c529a287,reference,1
2d7776390b61ef860cd51136e41380bcce017825,reference,1
e768b0f708d53f25ea6872c0ecc369afb62ae544,reference,1
e473884a5192194a192aeda660ac7a35f01d19e8,reference,1
f1ebf631f9f71afe936a7f1e9da1d0b2556fbc6b,reference,1
bb58d09f0913ecf52d422a21b1d0e4a282a9ee68,reference,1
53af27d243e2d2f83b6a203ca3ab6f6ddf96a60e,reference,1
ed265d8ee817ad7631ab1157429ec16399e6a855,reference,1
c6f21c64c08295e595c82602c37f0bcac96d3907,reference,1
f5648f90f08e9a3beccd5f7efc6ebfd0f72f6bd1,reference,1
fcc406dcbf883770e22b78ac8ebfa4a24c1536bd,reference,1
1be8539eb935e70a8b7195af545a44367f162905,reference,1
c8c9002af1d90e9dafa3d07e9edf0d883ec45472,reference,1
e728752799ade4cdcc05338b6b84541385eee470,reference,1
6049081b1422e160c82b1e255c4315aaec94a740,reference,1
58c20e2549d4f645f511902bb8d0a7366a43a160,reference,1
427a8b983c3b2e9a9111a1d88173eba5c5bfd7b6,reference,1
242c76a916f83a6e7ec368c76c0c546d69cefc00,reference,7
20be3ba3f361d9630cc0c17442a0d0132873e63d,reference,1
c8e1dc10f302fb5cd748672d5d10d95a27c3bd0b,reference,1
0291e9bf06c80904c26ebb3d4d8e2d981483b715,reference,11
ad1986615effd5bf14ff23864974ceb021bbc41f,reference,1
ba6c8d0179c8979436981716846cb2c8da3c8f68,reference,1
46c3dfaf6f665162c44a31b5a4217028c83af737,reference,1
3f37462afde6c573d78abfc5da73c93ec0998713,reference,1
2057869daa0b3f88b2b4ee3e7b5413d880357f35,reference,1
dc47abf03e644afa0bdc834bab11018d3804e3c8,reference,1
330fd503ef6924c6972813ca8dbc75d48973ec11,reference,1
507c4ae9196d68e18ec448c80403801581d63447,reference,3
1f6e4293a2ff7c1badd0d037fe142551d28cd996,reference,4
4359793ae51594fbf18b7a84fe491d57fe9d576c,reference,1
ac5d0faa5b07c884e21f423b8c4f22b3c1c3a01a,reference,1
2cb79606ca33afc127b975009f5214276964cc17,reference,1
eaa8e175c0234f4fa33f12e2d1fca05ef817d5cb,reference,1
7ff72d93d36e96c35a2b13485450216f8585b861,reference,1
abaaa617151b99f2febf94d1aa2ec9fc6aa65f5b,reference,9
809911e5238a84a8f8a9d96d6be2879c198edfde,reference,1
49f6ccf5e21cca944b1741154705f186adc9e12b,reference,1
2c4f702a4bbb733e1abfb722c5c74fa15aa85ee5,reference,1
034884ecdb9c55d2fc2e441c4a96b2b73a5b4757,reference,1
6f8d26bef8ac26f747a8bd9919109798f61eb0ed,reference,1
0cdb58143dde0d4ad34226c5f384d2cd98df9ec7,reference,1
70b3ae0480e795608ce0b2a4b555d002c5d6f4d7,reference,1
9379d8b1df9c9a486e20f619ab4041593d983928,reference,1
26944f7cc9c05dd99df5c7e86ee10c286824bc14,reference,1
22b45a6e2e9f9ddc1c6458596e78d4085fe44342,reference,1
1a2548ae8e8b47951d4da56488980e4ee90f7b08,reference,1
f03035398844d112f8689c9e1aebc882faa418a4,reference,1
4dd076464992f012580fc83fd89dcf2bd83c9490,reference,1
11e3007bb19dbf331b5e44f1b5e1f7ab95056c07,reference,1
535afc8aa44f9b8686610c8a664168f9b2d58fb5,reference,1
9ee9d8ca43fe003e6fecc2af9829747ec6d00c2f,reference,1
a06237d612ae0d53c0c591620c238bd8c2a46158,reference,1
8444b6982b5fa799e016e20f833594bb2f9ab12e,reference,1
40f2b2fcefd912369d3d4f6a67f2bee6ad5c5b92,reference,1
9a9253e1a8e5b22800d8a17b5b10c25306dd009c,reference,1
2f5ed86600054c40ca7eb9709b80664d92de4784,reference,1
acb8ef3ddf25a1240c43d50ae0c5ddd0db802329,reference,1
163f887737189dc60640b2a57aa56c1c4d2fe75f,reference,1
202f3a1341a9e614c2611de4809dd12fe7850f36,reference,1
2a88c2b6a7d838f5635e707070440353b8980b33,reference,1
15617761321cc2507636f830f3ad5948b0fedae5,reference,1
18963eb0956c3491cf282a72d9159161bd215156,reference,1
5b7cc3c440147f13f032570213eab40eca8d70c1,reference,1
384f91e20bd3516b35e564c7f9b43ddd46656b86,reference,1
8ac4090cc9f95d5c6c858bcd46ca2dc322311ac7,reference,1
5ba7f682630a004835bb3e4d868f522a9adf83d1,reference,1
ee52a820e35cf5095e681ccf8ca8eea978d336ad,reference,1
3d5462cb9ce4654bd2b33e567401893ce0c1316e,reference,1
a8489211b2fc9065b8e1ce62b6ec3815a32493e0,reference,1
98c703db23d27376f9987f7e8f0fd41baf25f5c4,reference,1
11159e03ed50d72cd84f7949b09bf87b6d717c1a,reference,2
c5aa6a57dd59543edacb785905b79e0481c27c24,reference,1
965277f2896600d543ae1209c6f1c83f5d3f3043,reference,1
ddd7a0eb870049521787394ac4f3498bb794b2c3,reference,1
1dc914b7dcc157944018cdbd953ba1fbdd0fc52d,reference,1
a649db6921c327b75df38d4b81e9c8b4173fb175,reference,1
0907d616383b18ff4a9973ce012b97ea51c9e7ab,reference,1
583eb562bd5f210b305154b2235d668d3949a195,reference,2
dc3b69ed88f62d1a95c25f8cbd01d144b00312f2,reference,1
af3648fdec8b22f69f35714811f20a4c34997892,reference,1
ffeb4c933b81f06724379603e69e1b8f9cfbdb64,reference,1
d981b07ea7cc09cfef20cb28dc2d2639fff9604f,reference,1
cab3d65b3f4d0a4169d0fdaaed15af6be1d6bb84,reference,1
5119a96013a10d5308f966dabe67304c703698c6,reference,1
f77ee02d220bd045bc83732ce6c10a9d1a54fb62,reference,1
c6dd31c40836d616b50feab17aff569591c4262e,reference,1
7297e52a26eb3fe93cf2be62d55f6026a5006121,reference,1
1e56e3956a86b57d351c305d391cdb65a10c67bb,reference,1
71303f1c03a56694d983b1c0230b432714243ba2,reference,1
49349271983686f6b43a6b963f0d8191ae062896,reference,1
235e891e6bbf510c8c470cd91aaba5fb16dc742e,reference,1
c00c67bb564f8f4e9912439f2283da691a16541e,reference,1
2b3ad2fdd9d2013119232ee49e6d21eb08474b74,reference,1
46c780bd4b4349359c7b4b3aeeeaee9d2f9c7128,reference,1
b2145d032360697b95631bfdb8bd694607fab2b5,reference,1
0a843b9c0536bb94479949cf802c06b5a382c316,reference,1
a5258c6939a412daa381144442e7ab019da18a27,reference,1
83cd74cb7d525cf387bba7b02ebdf9ab30093c68,reference,1
be9033d9b03e230e016d17c2e15754d27af2c436,reference,1
4a05e9e32bfcb911e2fe0cbf5d5e61cece3e6163,reference,1
1c941518f9eb023aae102f83c3e3d9fed2d238f1,reference,1
f17945bb329439dc01e4aeacc6864fd1596698cc,reference,1
42fd7750403a2802a981d8da3ac27f7bb31f1592,reference,1
04503eb8c96d1978171803cf3bb54273f6ad9a19,reference,1
268713f2e2c208319b997a083aaa2ef0015ba6bf,reference,1
f8ff20a083234ae5e8b560babb97a0bb771bec25,reference,1
7b5ad79c9339e5b823277d403d648948c0cc23cd,reference,1
108ba828c42b22de5ee1a10eb6e44cc58a5cfb6c,reference,1
1371a9170f802d56c60940693ddeab60b71d08bb,reference,1
fd59c78825ae11c117b57e08e8003250343362a3,reference,1
e20bb8741b6c9ef2119056ea05df389b2d173ab4,reference,1
537a571ec39a4b8739816e88fb9b1b5f8ef4aed4,reference,1
5795319850a8a4bf469dbfe432d56e3a02b2b5b0,reference,1
9f5b8d5310a2bafad2838dcf91c88a02b0aca106,reference,1
8055de58a5b58ac180576756a7703a930dac92c9,reference,1
a3cf86e7603e374f8488e841973d4f0ddc2223f5,reference,1
2bbc0f8ff058227d693f680d64f9736ae7a19f23,reference,1
a0a463a43771abdc99471e1f0d823293ae89d59e,reference,1
4aca2c5186e9a97a8ac917e9e4a159c2a3a0a0da,reference,1
08b790aa8ec96ab5b57a865ec9d7f2e7a599069e,reference,1
1b3c238870c810b6f2301cba1c702318776c4f69,reference,1
3c9cb3004ea53d74b85bbb40bb2c4148979880ad,reference,1
efc50d7ee5bcd8039ba5d686d7d943be3ff199b0,reference,1
2dab06fc6e65d0333aa1bd07de0301c2ea3738e9,reference,1
097f407d01be7ecaf166f43008be1af003e47eff,reference,1
6e9736a35020a91c3639269a1b281257cdbce9cb,reference,1
d92a423e09804595c8a2e241f890f5a24d326bb5,reference,1
512a5c307fdab29112a0f4af5c94a3436632eda1,reference,1
1e53e98e8709748a6385137d8f240787c12fcfd4,reference,1
a9a67aa9fdbd037889dc8aff1cc992625d7e6990,reference,1
2295507e7d2a101196396f7c1ef245a7ef4072b1,reference,1
5c118e57b5398224ca4401c902cda33da7d29ec3,reference,29
69f6de04d1dc37634dadfc5147d9b43cee3c7ee3,reference,1
779c031fc347bb278a610673e8dc41406d3f7fa0,reference,1
f7ab7dce6d60b6495dac2680e1ff8b484e38800b,reference,1
a40f6cda4b576ed01d4f631ba9cd3c8ffe427965,reference,1
1885369d494c0d51aa785665ae266d9380804bc4,reference,1
7d09c6c8ef1e1c0c447cb8910c27a7acf1dd96af,reference,1
47cda129fc742647739591351fb3f40676018cf6,reference,1
ad5c359094dbfb68b1e09b22e2be3ce6dac33e3d,reference,1
4915538917afdfebbdc97132b6a430497db4fc54,reference,1
1479933ac1c165a1be48d466844a0b7d7215598c,reference,1
e67a84e7301d91155989e4f3bef004f424eceb5d,reference,1
00d4fea24baae6ac9a77ca2b0744f466b268e780,reference,1
c8a93db7e0d56adbc18217de5138fe0bde570c01,reference,1
ce9c85b3103619669cc7220e5a081f2393e0318a,reference,1
6c17de3e719c0f4d1df6a16f770c2a9a5f18206f,reference,1
82067a6f837033d1a9064d482a62b842f6b41ea1,reference,1
1544f956492b613b47efd9ac79c3987df373fb81,reference,1
043aa8e8b4768e2b36c5097141b88a6ad2b591b7,reference,1
4111767ade19b94f5811b535cc66a0a55f9d8901,reference,1
f9fc7b5ebd5fe30257abb03ad87d8138eeeb28d9,reference,1
47c447d9f350eef8d51bc13460ccd241a4c13c79,reference,1
49873ee415619efd9e1e4c16f73ee066ff008c1f,reference,1
d862aae89c364eb97442372979a0d185e95ae3bb,reference,1
8ec57d7830c55261a18851471cb60d09f393a12d,reference,1
1e631d2570228d5a0b5d5929e15fc588e1db09cd,reference,1
0dfd1770d51e1f34e3c7423290d14da47c049641,reference,1
6c00f661c46391642208a5292f38b5a9e0e09cae,reference,1
a5ed7a04640b11374871ccd6f6498bbc25aa8239,reference,1
ee4014497ccf2f65d6e05d3956b0e6b0c7369bae,reference,1
c00c3fd40e4ab89faa14c0d2d34e0ea5de8e3608,reference,1
a6b624ada5db7bfc7e074eff35e246c08a940576,reference,1
f6dcdc1ec9f0103bf28cb84fd9b704cc1d042fe9,reference,1
b30e8ef07654aa5f52ad26f6fbb1fa5ba7f9573f,reference,1
746b96ee17e329f1085a047116c05e12eaa3925a,reference,1
f034495786aa96980b4b3eca0b877cf6e3ffcb83,reference,1
345b973239dc12c1c3cffa9a5fb0d39f7e736d30,reference,1
300536a2464da34d7527d7f7ba299b2cf7111f26,reference,1
8e6124739e03c9d7ea4903de00c3370d2f1a8387,reference,1
c113d96c532c11eca026f50e80541eafb112e35f,reference,1
a2c59567ceff5debe2cea463162d7beb5a4abfec,reference,1
ffc6c18e9c89e9a20a31d6c351499bc408c9b85a,reference,1
3f9a4f5c1a462bbf113282b35ed3791f48606fac,reference,1
7c8851cce662351c49da94fa4512e2a6d2c1ace0,reference,1
c9e4af8b55db19f9bc9359806ca9283053366fe5,reference,1
2f97fe9ce214394151536118b6e1f0bdd3b190ee,reference,1
86f2f055218b9a8b1ab867bf3889f87b16da73f4,reference,1
f1ac5ef8fda205f6014034fe62c13145fe7cd692,reference,1
4e2f99a2ad6660825a8b3cac03eb47dec2c06a1b,reference,1
2d1adda7a9b0596d8b470c065da5a6528b364a7f,reference,1
76b65c248677314865a110424542c220886dbb67,reference,1
a2ca6f085007d0dceafbc09c2df24e70e771eac5,reference,1
0a7aad85e06dd46ce96bf0e0d20979678b5d4cd3,reference,2
e35e304fd28db3c74295fbc905e7f28f845da91a,reference,1
fa6618681476b6bec51b4233ab83658f1f9a6db7,reference,1
d06e65f74715e071678bf8ccdcf9d52004a10280,reference,1
c108a2fa4bd74178e72d2dff135fecb815dad299,reference,1
92feca3498d2a048ffed1b018e083d6cdf1cf80f,reference,1
9f6ef7c2731658d1eb3eee2b26c2886c8dc632b7,reference,1
68e4b134021dff43b168f556711e7573636e994d,reference,1
363064388aeef51f916131e87916a48054435cb5,reference,1
23b608d50413862fe82ca371d919da18c77ec0ef,reference,1
7d35cf27e99c3df9ecad8d7c177b67d38a367cd3,reference,1
a0b07f40de7b307dfc40e5c569af0d14d4160e8e,reference,1
c0b454e0a6aa51ff3ba56778787d0c43932ef6ba,reference,1
8f59a500678a4c282956b0affaa2afee1cc9b2f0,reference,1
f0a41714b6dbd6cbb26eaf04b92f8c9b704f57fd,reference,1
2f7361894305c1959549311d4475e94a124f4a1f,reference,1
a915b3b2d0fdfefbf038a8746ceaf001859f3431,reference,1
5678a1ee9d5542785115555b856e51a1dd9eb0e9,reference,1
c8eee9766f0968e8f1b1be0731bc70b85be0ac97,reference,1
6c5e9961b6c7139ed33a9bc6775f72e497129534,reference,1
3f75c088b44be491fa1060a0eb3064f61dfe70c3,reference,1
3c476acabd21dae0ae154cb77c6cdb96c6b6496b,reference,1
59a48bf399484a2e5b28c1f1168639acc8cf3412,reference,1
46a41357eadac1459c81588136c5c053abfeefe4,reference,1
ca757b42595d40dd0683d508e2485e030bc4eb54,reference,1
56a4fb8bf5bac348e2efd5f8628d52a409102100,reference,1
554b5514ebb83efe98e0c32a3d9fd661be9bc613,reference,1
6fe7e6ce3cc0ebd038caa456d73fd7472e7d6c38,reference,1
dd334c161aad0e459e8980b362f9a3c7fd6ae51f,reference,1
030b888709dc14ccd6f6b8151757066e9c33dc7f,reference,1
db5516b3fa82ed1f63cc951a5f99578332ad37b9,reference,1
5ec2aa6c84e4b7ee51c6cc3e4cd74ed3b21c2df1,reference,1
2403ca4ff39727bb1c922891d0320c07004bc17e,reference,1
12ecb85d1a201ec5cda64024f22e91d6853ad212,reference,1
7b00cb1fe1773f964d123dab6d4812c7bc63de06,reference,1
62863fbcff6bc411bd83dc50d3e1bcbe72f651ef,reference,1
a23599aef366be9492e924a2861dc381fed048af,reference,1
3c7da712ed58b8e5223577a3ea734171cdc3cb30,reference,1
72c73d5fdf1e67a566cd534336d76b754bafdebd,reference,1
6f3ab8f21e7ed9560f6dd3d5fb9a8923beb16aa3,reference,1
02377b6fa91ae7de8d06314c7bbe205cf84a05de,reference,2
135da052891fdcf3842901b6b7585ca8c258f1c2,reference,1
a4fe9129afaf2ce1876057d0f33314a82a6731a4,reference,1
1df72f625cef4a4a3b60d926890f8382b1b958fb,reference,1
1ff5422e92e9691b67440842d4d601e388e99f9b,reference,25
efe9bda2508339efae46febf6168b44773c9f5cb,reference,1
b0393c805483deea3e094466d49f0a73a1270275,reference,1
0ee5fd7f997c49c540835e4db18b34acf7a9a4cf,reference,1
b23cf88fd5a99ae68618a3b64d3cd3b3c0c6a65f,reference,1
7101f275fc7afc4b0a29a0d3734ddaef2987d94b,reference,1
9ccaeea2c76a9072ccebf3eea3438d2ce18f5723,reference,1
433b22bdb9eb7b87afd3f6e77f643c3413ef33f9,reference,1
bb991838e419a3cdd8617bb6384a95f0360113a4,reference,1
c72edf78bd0992f2c09f6f65c344b823bcd5806a,reference,1
2ad5e1e36563882b7acc5df0a1d703a8c42dc5be,reference,1
4e61fa433eb1a905309f5955a75235e74f7eb6b2,reference,1
8a9d70cd7923d0fb79360890ab96c47c8107c4e2,reference,1
da3c41164c7502709cca508710127336e138621e,reference,1
d496eced38a50d5f1e0926d9e6dac71ccfab0bb3,reference,1
07038b2d2da9f1785a1e8e260a75c8215bd36ac7,reference,29
6810ac40c7c36249ef3f988ef803ea8540419f39,reference,1
a7d047dd9f41d5f3e7eaa39e5ba8c97cccc7276d,reference,1
602f041b7ba9f1bc0bd30d9f26c8227026e812be,reference,1
77744ab3d5d7570bdc2a63f17eaf3e6a1b50a1b3,reference,1
9988a412f879731cb67e536663b8ceeb273f5c34,reference,1
042ceb6be64a0b9a40bdbf7c96fe4dd7fabd93eb,reference,1
d9bde53b440a86a754b7212b024757e139ad39cf,reference,1
b93ac10de176c4a7aaa2cc652b90bb25636532cd,reference,1
7cebf3afab09d990a2322ea053d0de96f31f2971,reference,1
8a0414576973c122f72b09a25ba88d494cc7e36e,reference,1
50caaa898eb3605a58a550c7aebacdc1cff3b6da,reference,1
cacd57ad4eada225ae7c436fe726ac5549a6f926,reference,1
87333df290f936a771e6e5dd4f5ed2c174d6fd28,reference,1
08436b3ddafd2edc798753ebc87f6ceffed6e8df,reference,29
8c95d8c8e34bf4cd778384fa49feaef54514cb9e,reference,1
3dd564a7500861162904c6875a102118891a03f9,reference,1
a5805cca2c24c9125795c10daa87671cd5609972,reference,1
e12aec7435bd348ec4357faae7d7ccb8d83d954d,reference,1
ee85c7c666135f4aae32336968f09584029b6a35,reference,1
a3d749bc119f5c8425779e4e72e650720db2fe4b,reference,1
46a294a1ddc43517a9ad11d05da7af1e93e91a39,reference,1
79d86f01b5c9ec2725adc35290f38554cfb1cb08,reference,1
a36b13d1088b958fd44859ddb90009674991bd92,reference,1
1b95053af03b5a06809a4967c6cf5ca137bbcde4,reference,1
42ee90ce864f1cb2a865f554fc3c6531d0ea34d3,reference,1
f395f022548d1d1f11e231f42d4852dbff5e9376,reference,1
7147a7ccbac8add23010c5fcc25137e754afb3ce,reference,1
88cd6e0f7c2f1fe2bd4796a6729447d60bfeffc9,reference,1
2565b1ae47fb8e47017bee18ef1c602d6e1f4e44,reference,1
e9640cd4bdb0fa93a94151ec00259909b5e88d6d,reference,1
b88b25aba67d7a391eb480563fbfd5b4a6625444,reference,1
4372100e5f676b0a2db93a97b6b1e45ae593b75e,reference,1
95898b1f82cf7ad7d96fcc85b4def7f086325af5,reference,1
8cd49ba8d962fffd624ce25d259265f38082be4d,reference,1
8e4fff506c2ce70eeb770a63848209e351a39033,reference,1
184bfcbed3fb8dadffef665412f373cebd42ede5,reference,1
acbce5ebf3f254188d10f6ba7de1ba716db89774,reference,1
08e84c939b88fc50aaa74ef76e202e61a1ad940b,reference,1
15ec731c626f7e2c2025db5c7ed0555daf7e0c79,reference,1
e9aec062906c7fb16e540dc9fb7ed2cbcf129407,reference,1
13dc9eb9cf36c5bb287671a41cb31b7de2a4cee7,reference,1
a88d5fb82358d19d0daed7d35d49f03ea6796b57,reference,1
c65ae14538682aa5a572e5b64e2b0d478af4ac28,reference,25
eff9d7ed06f30f121d30ee13802a11f172ef66f4,reference,1
217c8dad8f8a6ddce907a947bf06d6f8fbb1c035,reference,1
16daf858baef5ff2a698596bf26999a618fa521e,reference,1
6d9d552af11f333b56158b4c4a3ccc236820eca1,reference,1
4a776e757e46c0c41020cb15e574a62aceb20cf5,reference,1
8c1243e089621d09025e1e51e8e01cb2cb20eabf,reference,1
fcee1c19e12f3b7e3595aeba702416d055bdbc3f,reference,1
94c40f141e1948428f119aaf96d351a41093c60b,reference,1
478f71f1cd9bad0435560544a9dce7ca49d97766,reference,1
fa21931a9b23a7f0b7c4975a661d9ccc8e84d059,reference,1
6289df32d25f73e7b4a71759a3d23b4444338131,reference,1
09d4808857397bc858c6cb6fc46989a9776819c0,reference,29
c1474dc03848cb26d118bc37c26636d7082c3854,reference,1
76030473be6a8495125d6c2ab58446617048d36f,reference,1
65497726b8338492fe41da4fd34da0da31775b92,reference,1
38d2f3ea8fc0736a2058d3b1a12daf325ec3f457,reference,1
59084df7203c6be33838ba3e3854eb9bda053ed2,reference,29
7ed27977b0ba1264ea5d6e68be391a841dc97f90,reference,1
1edc9a2b5210e23d5ceccc5cc1b5848dbb4ceab4,reference,1
1b387e3fbec0447c8bf2dcee21f6db59cdddf698,reference,4
f2e78a574925486d1f13440f55688bcffde80101,reference,1
c3d1832ed0444f75d44116fabbdda891aebc4b01,reference,1
d98aa44f79fe798ad5ff0cac6e7bf32ee30bd156,reference,1
5272acad9e4201e93dabe3fd99bd7ead9b1a544d,reference,1
48da863032925a94c61dd87c8b984d32e98b9707,reference,1
fee61c03fd5ad4a8d8bcdec5bcdfacfe25b361d9,reference,1
aa8d1e2432cd3f8634268e80efc18511e6a36150,reference,1
718eeca371e1f533614f8b530a40cfdfcab9c330,reference,1
41113411e1748a34bb80f12c761b7af1ed6dbb90,reference,1
61672e29c47e73cc317425c2842fedba0a52438a,reference,1
90d04e5f1cb6efb12e14e388730cf58666325edb,reference,1
6d465be006615460d41060f9f5068d51fc1f46b1,reference,1
d86a80f8a15cd66074449a4cbb1b9fc799dbf03b,reference,1
caf60d1120c2d5a894098f01b51d2e2ad32301d7,reference,1
34ad751c1e797975452c655e3912313044d1dd17,reference,1
ec9414654469692d8f1de8e2401a3dcbc58ee11a,reference,1
7a31971b0af439dec6fc484cca20df57f440b644,reference,1
1f5b4e393a1e02ab49e5ca2e6819cc28841918a2,reference,8
6cfbbf7604adda1df65932e3c4d157770a2df000,reference,1
83d12fa58743015f8abe4097fb58088f2d13c7f0,reference,1
cb2295766b2f8f35524f6a9f93ae39d948d50bd4,reference,2
9266dc3c65334e36a12fef7e4b231091d346b8a4,reference,1
6e8a92479981afec0610414d0501d8ef56c555dc,reference,1
4ca4926ddf4056fe251de0ab9acd52febe62e02b,reference,1
0c8e6a064f494578092d8ac600e7c51aad4eb097,reference,4
a2b150e02306038389f5df683428f5a4659a468e,reference,1
f68164bf402e311a510a741860e96ab4ea24aa9f,reference,1
2f79b5eebe8f04566938d4d1eafbc885346f4f80,reference,1
540e1195d8f40cb043bd123dfcab0f85c0a3981d,reference,1
c094bdf2fcd49e851d6df4d303e0d6c416ee4659,reference,1
2896edafc003e1be02b897c99ca0a8c864853c5d,reference,1
017f1c28c7d4fb65c6fff7d3c2fff1687597e252,reference,1
20a965316352e813b5cce13b35e537dbdcf30b9d,reference,1
dba72e30edd31bc1567c6f64afccbc89130cb15f,reference,1
dab4f70d75a04e62553e583f2450d9bb1f0ead46,reference,1
4558188257c5041900c3fa086a7a069dde252e9f,reference,1
936f7f0fa77efcd322805b93a8d74c48a4108290,reference,1
012e24f7c4dc92f26b41cacca501c0d4355b02fd,reference,3
e3f7ad05b1652c6ada78cffbe405bceb723bc70c,reference,1
7421e62ce80274458f5ebfcc8714530cb1827469,reference,1
e1b7f13051bec4a713c6226c177b63599d49e3e9,reference,1
4e2a46a2d815dac0f9c7dc34fe08941c7f3c1f43,reference,1
0fd454e62f76b9edcfa8baa43a7467368748483f,reference,1
d034a77636c0b155eb3f752f161203f7891135cb,reference,1
cec47ca89bab798cbdf8ea0b7d68bb4e5871dc69,reference,1
37680e5cb6030e01f1a44a5abe2257972196ae26,reference,1
3793e9bb830cb6961668e4c2fd33cd8d524c6308,reference,1
54c9a97637822c9e1956b1ec70b0c9a0f2338d2c,reference,1
520ec1b21db7aeda19a56325e7942655300bd06c,reference,1
e27e891bf54a4f6f216bbcf345d149301257c9f4,reference,1
490ce578176a5a1a7f8df013bd903df1cf88fe24,reference,1
215de09ac6e5de81187c85065b5ace8bc01f2862,reference,1
bf11f01929afed0ad3ccfe1b5e0fd34d90ef2b4f,reference,1
422e4b666cbd4dd287a458b8b559cd2426a4f60d,reference,1
9c60c766d65daa5554949fb3bce2df1ef58a5a16,reference,1
0c26024316c823e326bed05fd1611de365c0ebb3,reference,1
6233b5863f9a0e8bacce47ce21bc3e81c09497bd,reference,1
57d0e672040800e8d882ff0022647c087095e35f,reference,1
0c7f6e2d8b4feed05affb9a3e9b2591e19fe461e,reference,1
91e8ce403704a38bee8a5df90d99979a796d1741,reference,1
82c69212dbf7df4acee404b5cd8d1f9a44387baa,reference,1
e51f20efb872d0ba99a8b501259948bbb2f6963f,reference,1
9fe24deb746583b41b287a2a9cdf4b85d75d5580,reference,1
6974eeca4aa3e2fc904364ac7b3eca9cbdf9ca7c,reference,1
33af85c1b2b9325e096a5b8ee36af8d957a45914,reference,1
c4ef333deeeee9cc8cbf16a9e76bc4a60a43ae03,reference,1
25483f55517bda8162cc9a8c34f4ddb2198d5193,reference,1
40e8037ea711c90f43aa24ea089719fc35df578b,reference,1
9b3a76d3a5f48080c31cd123f9d3899081d32577,reference,1
439f1aacbcb32cba6da8f75bd9b15f7ea35e9d4d,reference,1
90614ab3c5fc2ff3da6f31cbb2f51f5568774fa9,reference,1
d96e228ce2e10d2215fa1d9833238bb1f2157656,reference,1
696bc5ba0d023822bbee6b878a71ea2e4a4b0e5a,reference,1
ce9a2bf60508bbf3a5729d294e51c6c689695bb5,reference,1
0b246b581922ac7f6adaec562acc1483378c0f8f,reference,1
1c091ddbd2acb70056c514317586ffec2d7d2fef,reference,1
8e817e7c898a6a52f0abd5acfb9de9e313b13ccf,reference,1
cdcf3f36866ef1e16eba26d57c2324362247ba84,reference,1
da9134f694959b68027c33c8e998ffb3d41305da,reference,1
670b4f3aebb1156f608880e26f710d3dc04fee51,reference,1
15a2682ba1b479dea284062dd097a9a349a2eceb,reference,1
706fc333fc951f48ea26169d88478b5e4c36e82c,reference,1
5ee2d80a3b0e7b0a4c7d9418d7c3f2fee9b6011a,reference,1
12aa2b1e9556c20752e37e8b18d0e396c0cea1c5,reference,4
0aaf7a76507248d80f65b6a49e200d2370bcb2c9,reference,1
62454a3694e2e52b8698458440612505a3f7404b,reference,1
4d2e4436f2ecfad866000a545bbd65e516d8525f,reference,1
19e3e729e7521c9c67b3c7b7481dbea65d8a4158,reference,1
03289c2f797d93a8f056cb125dde071bf055a25a,reference,1
6628f9ee35e36cdfdcac8a46cef4dba8d529a83b,reference,1
a1cdae1444507912841305bc2fea2faa3b518f63,reference,16
b535a71f03192b139ad8934d1fa075de6fdb796f,reference,1
e21899907bc9f861b5997f67965a6b136285aad6,reference,1
850d691e5f97001012fc323173635374d0a45ea9,reference,1
23e5395b4c6249c2873666bff73e203821c14719,reference,1
3b918b15178bcc84fd22af5094fe1efbcd388e72,reference,1
c170d4c6c0f9a0d0f78d09dc78eaed51d8eb5376,reference,1
6f217d984f36499d88ab8a3d89572171552e6f3f,reference,1
085b560b00fde9792da6787c0497ade5a18abd07,reference,1
34ca51ce10e8d1d6c950ba519329714a0184d004,reference,1
608510b4a783c15aaccd0d6ced3262fe7e16963b,reference,1
f05c288caeb9a14ef387e6867934ced3d2200259,reference,1
c59b23ee87ba01942a7bab79728f85e66ba34ec7,reference,1
5088a04d1a9f42b967f3dcf791145e8aa367fc54,reference,1
1606ca3e8d4cc409df635e494dc34d678152480a,reference,1
ddb815ed9e291b2cb0678bf0754895f253732aa9,reference,1
ea47e244807df8aa8b61c64b411d7d121b66679f,reference,1
84c03d0ec9dd00de3dc7ea7577ceefc9f093c564,reference,1
2392b6d3a5cad9e5cf349169eaeee848266adf6a,reference,8
22cc1f1f8663a1d609e1892db9af4414024e5af8,reference,1
6f39442852656f8a9decc95854a2ed461b3a83ab,reference,1
957b601e2beefeaaf2e069e0130054051c8a7782,reference,1
6a0f1a8a03baba3e54a1a2ef348a1b0c2b8dff4b,reference,1
ab90da70bf4671bb95d8e7ff97b2cce19768c579,reference,1
3a0e65b8af17adfb0f5f6db2fc80ec908a776fbb,reference,1
d6354e91d8dcf73bff50097b76a81de874f7bd7a,reference,3
8079c263ae0f03a5fe30b9c8c0636cd837cd124e,reference,1
4c8cc2383cec93bd9ea0758692f01b98a035215b,reference,1
d25abd12a3453180900bd6194a6f30f6ed893f94,reference,3
0ab00c549b8683baeae23fb6c85f26c7a9878de7,reference,22
d238a9770d24d0725656ef6cf4789afebf2126e7,reference,1
a173b47ee90fb18948d70126f4d40b5561b7d932,reference,1
9486179c5ab6e0cff0ef919c34080a882bb9fe9f,reference,3
ad44f2392df3c6f2c45d21fe1dbd8ec17003530d,reference,1
29f032fc875576b5c3c6b1c2d76af8639bacfb88,reference,1
98b445c5cc76764c7032254a4371d29cdb79eb99,reference,1
1ecf2955a2f4f2039f36b0334e2c376a5c901d6c,reference,1
aa638d5ffb01a84bed00d4c890da3cfcb386a8fa,reference,1
b549adab842e48b037d8aca84336296f84a9fa81,reference,1
ac72bc444514f1607c01b1f200b7490002badd8a,reference,1
16c42a500bff0af731ee505aae23aa4d2937fc91,reference,1
cbd81507197e2d32b6f6c8ac99039f3a607ee8f1,reference,1
396305230ddcf915b19a19683a89e34d76321a33,reference,3
cdca8d98fc23f99bec1e45c51abb89cf2c885f18,reference,1
e5d0a261a8e224ab4ed9fada3e6cbb88429a0a9e,reference,22
428fb2510330e6cc7b600b4ef3ccd074de0fad70,reference,1
96a6f08b57ea33e10f0b59afc85589f9a6e18c44,reference,1
d9d84f8b9e6bf4839f43ab865158d79a3b9bb1e9,reference,1
f8afa4bd5b05f52ffa304f56aed7a5792a42ef1f,reference,1
b118deb1e0715a5aeec11e399321501ba09ce2c4,reference,1
b092ac4a0bcfec38eae7819e40fd8c9e97f4cc7f,reference,1
b931b242f40a032b9ae7dae9d9fc10c6ab90695e,reference,17
c01c7c1f903dfaa78812fb20a6cb2db25e4712e3,reference,1
7b22ecd9f1ced58c1704ac6191e029b98054e330,reference,1
8c71e49b619a941d6da7747e37221e8a4d567200,reference,1
3b36d16985286b03e06e8404a7be49a9713d37b9,reference,1
894ed1aba8e42a4ec27ba53ecde383b14c5128ca,reference,4
7ee2841cced52dc38d5f334d1939c205c1cad716,reference,1
1ce1738d7f224ebd7ad98e23692404f06697b5f4,reference,1
6ab61706e21c5360f3206f20031c994ae794a5c1,reference,1
d910a2ee08ca318ce56951f812be2b79c7318732,reference,1
c055baf5e8586edace51d1a7720de3c4ed345d72,reference,1
ac4ab9b23a002e81c9419c520747a603fbcbb40d,reference,1
c1de3f236064836c376036099f269b95ee738fc0,reference,1
eb5cf10406a8ad31e0ebe56b36571d5db4758a62,reference,1
aae1d88c70cf18ef6aa23693a4dce8204e22d087,reference,1
dd6a5032b61404ad6931cd28b1b5d7d9f75c9de8,reference,1
dd3fb89d1201d46fa80b6a9519114599c01c11ac,reference,1
96f6ad72733599db609332987ec6b65e30f11d07,reference,1
c93bdb1a1ca567c46354a1d9d00054354c8b7704,reference,1
c74a13b251b6af6dfce49eeb128b1c0e2ddf955d,reference,1
0476750c048abe336b9a24dbfa60b975bf0834c1,reference,1
37665dd5ae7245f087d663785c17eef068578676,reference,1
b5069352383579c6464d8e5ec34eab693c45f59a,reference,1
e06595ebb2fe4d73fe42e566b57d7a109df75615,reference,1
03d13caead288fdb7f4f86617bba0400d3bde5c7,reference,1
3e664adb009dce373129a3563e4b2cb08731bc76,reference,1
687c9a4956a7ba94e7f7d85951b18c7abdbaf883,reference,1
ae39f3c1c8c1bce030d3b32847519dec0405d9aa,reference,1
1e3ef48abeef882e12f9553a1baf8944f3782c88,reference,1
7e70b9ac85ff2b27fb2c1c67ea52c39552812dc4,reference,1
a428934c4517cca0266952d09d0154f0b41527cc,reference,1
0adc7754095cbc8fde5c365ed69e39e7e26dc24f,reference,1
b3c57ef511e290cd9a642c00f1974d029d1cc9c4,reference,1
5a3a04af4935302f0871bf14a4b573d477ce96be,reference,1
07c4a87f54136a313fb726797546fa0282f91bfb,reference,1
b56ff2343cdc0916a6c0fa075167942aea03ce7f,reference,6
aa828072e36be23887eeb3ac277901d8f893ef53,reference,1
a01976ed98daf466541c8fea07d82ef4c852eb22,reference,1
74cbfe5b9331ecc717cc47913ec43e707badcf97,reference,1
a122863d239643453195424c04067e89406246e1,reference,1
02529b2666a536053a2e2940de5b28de36fd594b,reference,1
1181aab9d72c4927e634717407d39fd5759644f5,reference,1
68ab1c79158000db6deccb1509c58d2e1f1f8633,reference,1
82817b85081ee075975f4a69039314b7741a979f,reference,22
ce994a2e8ece97e3314383c634473da4f90fbdd9,reference,1
d039efd8ceb1cc811edd8cb140c197b6507f1453,reference,2
3e26bf15723d69d27124f4ad3a341b4b39f6dcba,reference,2
9df2169cab4d5e9046f9f2261a08872841e7af19,reference,2
b0fa0f312e2d8df8bf6200768cc3697cbaa08358,reference,2
6041e7a13b56a30b10f2aaf3f4f9cb7d549193b2,reference,2
f6fe29489b5da853143deee41e899daf77839799,reference,2
bda531f257f3473c6aa9d6c956f7a3b0662317d8,reference,2
b5f50369c4418476887ef8206f0bfd894262a873,reference,2
b02bf50b2e33144e6180874fb4a62647ed8b7dc3,reference,2
2148d49399c46ec2eb525c2d7f0f6458cd683f58,reference,2
19a33ee5660bc12fae773a3db567cf543d19f067,reference,2
60ede7464454260a047fae294c928a73405180f7,reference,5
333d542cf80e80a0b76c97947b432e23cca42c65,reference,2
48462dace7802669a45a375ec88e98ba2ea13033,reference,2
a0700387176d0606c8bb236bef51edfed0409037,reference,2
fad657fe5f6b31b8a198346cf7ed772f912bf814,reference,2
a77f85c44d8f2f5ca8435538fbb8cb20d673b89f,reference,2
9b98e37e4a89681054e46215017cd0adfe7e23d3,reference,2
e48e41c85f5fbc51cf5ab320193688c411097bd3,reference,2
05207033818081c20e11fdd228fb5513199ebea3,reference,2
d61362ae53e090a8726100c0a73613a2e2bc660d,reference,2
8dc719da1cce78ebc61fa7de9fa418ede390884c,reference,2
44ffb629096d407bc6cf72c4e6266b326e946f6d,reference,2
619b3513488bc94b6aa7e11b3e9ad52677a380a4,reference,2
a71c8e40586179b75fa9d1d241a0dc249db81354,reference,2
52f8bf15b4b4c0ad40e5ae2646964a4a9f12c12b,reference,2
a357777b743666ef6edf16f1483ec0caf2553542,reference,2
489ceabffb042853473fdbcfc4d0867a7876eab9,reference,2
d9a556df0e8bb25e4c52b3141f2295ac762fe091,reference,2
cb55deb958ec9915f30a30bd7bb2980db3b92331,reference,2
773cbc9c15a414e2a66d9ee9ed17c34607c05aa7,reference,2
d55e6675b453fd0a17890d38548c2477e6d326eb,reference,3
526ed83c337d50c56c40466a205d0e983d98d5cf,reference,2
90710eabfd8be80e370551929fff6440cb97f97e,reference,2
57b7b3e11909edfbe589a435897744bd6585b720,reference,2
a922221ac3d15f2d129fc2af1f3f1b573cf486c2,reference,2
f060b9190a59aab9af3c39d4c6018fe6e0b475f9,reference,2
acccc7ef0f33f234ecd0e5e339619f715548ef39,reference,2
af242f2f44bbf81b4492ae9feb19e9ac574b692d,reference,2
4df463d27b6de758665f55e2862f1c3e79f3ec34,reference,2
6d3bc591a6d3ad2c40bcbfbaa912b7550f088f44,reference,2
d5a6012a820ec8fd3059b645521a43be8a4f8451,reference,2
12d18016e33b67ad99cbd874fca856c7ac42a480,reference,2
226c6727ccbbba37a1c55ee286f834bb10647b69,reference,2
67be5fb0f10043aad0a54861f29e8d1508732e5a,reference,2
f1ba9217214d5ad32d17a9deef577ce0be76dc8f,reference,2
84bdbfaee03bc86e5dbcaec424b8b4ae8e8f0bce,reference,2
b36c56a7584e5aeb2541e5937ca414b794333626,reference,2
619c50b9744e6da611bca824577579b1173d8148,reference,2
aa1798045a0144695b4fb61b4e525b009e1fbf21,reference,2
f7d07068ad48c2aa7fb90c6b6122071ff2c843c7,reference,2
bd16b2748948f9cab715d7741eb11c9c813a5d52,reference,3
2df8741291073497c24b9e2d4dd99e9597d7297e,reference,2
e751771085f57de0d7af50d93e48340589147a97,reference,31
c2ebc3299841c9f41fca89f6951af48fbb5f2683,reference,2
f390d11e155df71ae24618c9ed80f83d0ec9b027,reference,2
8e7131df37dac0081e84455f0dee304a3d503ff1,reference,2
c8afcbba671000a307341f30acd1a548cc76e2f8,reference,2
ee9c8e3cfa1bd365fe02afc688d9f94ad670e8da,reference,3
e976fffa23249fde45b60c05cde8c98494b37ea7,reference,2
41cad28f60993ace4a047971586df2771d0e072c,reference,2
2b2a32d0a3777ecf45876570cf7902515750d55e,reference,2
324e1c8d73c25f1affa3e8992365a000caf74884,reference,2
b618d57bde4e0d4ebe036103584a40b18bf1f58d,reference,2
f87a88ff727565eb560f46b07745e5bf9eb87315,reference,2
0f642ef2864c5ef46dcd20050050256805753541,reference,2
f0301bcbdc87883911ffef88a0a970bcc601895c,reference,5
3d757893659557883571e1ebc2c29daebac96786,reference,2
4da3b03dd7b24bfbe7a818b9f00300bb349dcc38,reference,2
9c27ac3142dfd5278d13c88589d4e829b9308e50,reference,2
a34f8bab4bda353a0acd7405a8aeb384faefd016,reference,2
78a843a7bc1b13a3c83e27160bd8ecda0d5e8c3a,reference,11
6ecd23bc1f8fb0b8d1028e646fcd9857582a2928,reference,2
bf26abf41f8c8e72659747428bb944e6a2dc227e,reference,3
b15aac06cb963104698244c99bd8b11e40b630b0,reference,2
2065c185f7e9d2286e99996564ae2b8a736ec4cf,reference,2
6f027088641aa976af055f38d209c18450c37fb4,reference,2
c990c320c3a86236e78e985943365575dfd2fb20,reference,2
22542f706dd0a41b0139ba2da54caa45c7481a61,reference,2
2d7e03efc0573fe6f810efa20ae43047c3f3d091,reference,2
7cb0224b26ecd978ecb6d1babd75fa105c1432ed,reference,2
e2bed84a1fcf417418ae978afe7b91bae630fe86,reference,11
14179d68919bb4de7813332a17a8d7aa2c9372b9,reference,2
d1fbbba2ac5a56aa87565bd40361ce930f204ab7,reference,2
d8d445db6f3901b4324d0d4c7c99f3eaaae4dfe5,reference,2
1d6d84463357d635a537093c9bae12d5ab78a6be,reference,2
ccb317adab5df9dfc72e8b5a91eabe478fe06b5a,reference,2
0bd4d0cd9a4a15fc007cd00f733ade533ecea2e5,reference,2
ea2e6e21d4a24e0cc7bfa2804866ca08625a7af8,reference,2
81b4f5084309d76cc07436c1feb94e83574a661c,reference,2
4d2266239d29aebdfd11806c348bcf81ddc5d4ee,reference,2
459cc557791f61cf696f24e80b9827756de94e1a,reference,2
0d6684fb9604437aefe526aa89c199976f9a5168,reference,2
292f9592829d618e4c31eaf1d7dc44849869d222,reference,3
3efcf2b9ee86b4398027a3e5af87f2fa842f2172,reference,2
62b0298284a8e5b3cd02b5461731785df5edb9e2,reference,2
f6306fbddeab478060a59a47f43aff7535f93e72,reference,2
9f57afae632bf9b64fae3847881399b2d097a65b,reference,2
05760ad455151ac032276ee22e6344da4a8c1d84,reference,2
69ea0f30de7226274d6cabf1eeb10a3829620dbc,reference,2
391f6206350c70d6d8eab39704320b385bdd732d,reference,2
afaec4d0c736e89d24b9c409592cd54bd7f93aa1,reference,2
17b4d09c27ad1191325ec50486d358f7cd20e68c,reference,2
9658fa862e6676589e009971a7733f0e022873e7,reference,2
edc33b5945bfdd214024d9daccb5194f543d4a9d,reference,2
18d83103fb98905ccbce420987470eb2ea021187,reference,2
98d2aa744042bf91057c0a27e07d465e2493b099,reference,2
a0924cfebcbfa256d6005593c2cd8ef72bef0974,reference,2
226aae3f8c246dc3df69eb856834889aad33cde8,reference,2
c3316647836afebcf168f2e1b533fe5344a6063b,reference,2
13398189baf8efc4660825c641aba15d883f51e4,reference,2
71837e66048330a2b3a1b1840fdf0c10b69db3b5,reference,9
0876bd9a17fcfa0fca41ee3464b9d30813a2b566,reference,2
2430993c7f6490287dc048734ecc0b2289ba1033,reference,2
9a5071bacb2bcb98ddd95076dbd446240b4da2c6,reference,2
5ae5b98a244e1453c3fd4b4d6f7add070e305cd6,reference,2
7e343692d67606123a6d3f910899cefb4aba997b,reference,2
57f67ac7931e71ffcebc90c52252ccc264e9a595,reference,2
e78ac202a5e8f0955abd440f4d2a64786a7e5f8e,reference,2
ea2bf53da4cbcdb0f8919e19f267fb7bfd68e27e,reference,2
2d446df5148c0dd6b4dcf68fa0e573d6c6c19784,reference,2
292261a561e190746ec517254de89cbca9825a32,reference,2
fe6ba384eb92e3533fb24a588f7bb768edc215c1,reference,2
8a37094080af2fd6f3d38c3ff9b19a278a488857,reference,2
0018126f8ab12070667d354811d91eb9cb54b4c1,reference,2
4c3c2663fbdc4a06a8dec68815f65e22a6e13731,reference,2
6b971fdc5087824097331c0c21942b1034143847,reference,2
116355b1d047d08c2fc4b04c08f0f42d5e98d87a,reference,2
c997982665a28590692f7db2fbcb4e1c51ded464,reference,2
2ece751b5999b8bfa19d5479fab560a2c579d893,reference,2
a13d0d545aa1dcffa5b907a2124ac7e30a2aa77c,reference,2
23be95d998d9b9a5da3a3859cae9a8b195adb152,reference,2
6635c33636723c3a04af0171eea7b06c489f0351,reference,2
fdc092d0bddb1a99a80a37be878f183096ad236b,reference,2
d206210114590bfd8e9d720e21429e7c86226fab,reference,2
33b07d3b101f4c6a8301ec72304341f7c15146a1,reference,2
72a5b2f9e486a8201314ea8484f1d03908396ef8,reference,2
27c741e54cedfc7e648103f90b109dd58143fd34,reference,2
83669e13e78867acd1daa55e8c97f74c597510b1,reference,2
0d426b4dd26dc2baaef545eeb445136d612bc6b7,reference,2
c89691da851a68631074c73a8951608a8bf93f66,reference,2
137d83835c6faba10e9c0a59ad9be28dc674f53c,reference,2
bb0b86bad44dac2b7c049855771c0eb61578983a,reference,2
8b82abd63fd195afd90a36927564c296a8c01014,reference,2
c5c1eea3338ffaf46b548cd7e6678c2118393e47,reference,2
1ea8a8d84440a30b337a1a8687e5b1e1dd818d54,reference,2
cb45c9d52fd4adc4947095a8e9c4d1ee5e46a841,reference,2
799f40dbcdf4ec9234edc56be178b745b02bef29,reference,2
cc8482389037a05467e518283d32fc6d555c542c,reference,2
f8da4c2f0af4a6e897844cdfdd35814192f84bfd,reference,2
e7b10945abeaaeee9cf65d619d41cb937070dac0,reference,25
7fff4d37be8a2bb5e9c561659bf44bef79246aaf,reference,2
fa33de4865070e9640c2e07f23d270be4ae82e25,reference,2
a80f82d2157a5e345b4808506e14c8f5c7e3e69d,reference,2
f1f273a3ef89d33853e6ba1a8b8bb03ce0d53ae9,reference,3
428ecf50296a73e9bc95f94dcfb7e5655a1cd900,reference,2
6578dddc7fdd44bfd0b8733022226d8ca02cbe8e,reference,2
5f19efcbe086b3acc9e5adda8733e448722a8072,reference,2
6ef49ed073f4f73bf14578983f217b73cc879617,reference,2
a0c6365a23a07e26bf90db410574cad3ff68edba,reference,2
367df51db7b6a4482e2de15145cb803f87af26dc,reference,2
03355e7a5534ccc16f334a25834e01a2fbc8c0ff,reference,5
ac0246145edbd8ec58134b4ed519d95f42d22299,reference,3
880334f22a8bd9db1d7977477d50e70ff9749d83,reference,2
317fa78cf88b4c6606b3cf59a0bb69775b36b399,reference,2
f9de40080cc808b0ae87ff22ec26ee4342305912,reference,2
ae2e1311be8d72f6c2c8b09777ffa2171b6d53f9,reference,2
3161eb20b49a220648156a862954d2f09b160083,reference,2
93ad88b10c00acbb7d3888b5c446494dc6591666,reference,2
b29cfe8d8081054d8e95335c63ddc96c01d8bfb8,reference,2
554b34c6a85694ff0cb7f3a7c63b22a62ba6a406,reference,2
43a3c8a9bb672e2f013dc563a178a0dc901f5363,reference,2
6bd66b02188145b471dc43a53cd1ccb78357f618,reference,2
f7e4033c8da0482f494f1a63a75b2a1a4fe94f92,reference,2
e49b704f4c5835f0c57388aa90319bc367c3d959,reference,2
8314898a4cf8e807ae34e5f0c3e3038725d426e0,reference,2
eae231b80eda0aea1c5e4fb72ee534df3a0c2029,reference,2
983393bce2eed08c2433062d9ab7d2b08325e365,reference,2
0c8b315d49cf28a4cb3b187b0f81747435c4bf6a,reference,2
51d8f214736010332f21653d36d6a5cc188bda2b,reference,2
3cdcb4dfc6b64ec9af9a419691070827217052d0,reference,2
f0e659cf89b63655833be9cd4e587e37dd390507,reference,2
f38d56de8c560cf15c5d87ab79247b6f68301d71,reference,2
b3b0a85b99d89045bfe0a859ffd94b6fd7669412,reference,2
2014ee8c3eda5757e745bad03aec89fd9922a32f,reference,2
5894ada15eeb6c226128aa21ebd73362300b0c15,reference,2
9a57bb2f4be217ac5967e38d7bb7b20324e67c19,reference,2
3b23dd0634e7de523598df0a907a5bf558eb9c88,reference,2
e9c5a3f8049bc5ee865832b9ffc85c8dace8c157,reference,2
fd0d2480926af0bca16621e5c6e663eefe927471,reference,2
2f01268d24cf8945cb78a457db4953526ffb343d,reference,2
b93f7fc4619f8b48238066d68bb3e86a2e43d14e,reference,2
d98d24d94d96c043bcccf3aad885be89d573ab40,reference,2
a5a4bf1f4243fe43d7b9b59f5b962b90f30ee090,reference,2
60468219b8c13140abc56b6b0887024286169689,reference,2
e74af364086384ed8477fab866c81913f084d4af,reference,2
9b0ae838c3fd625b8e6122953028e30db53a2f28,reference,2
522a6c7196e304cbc690a158a68afdccf7bd4fce,reference,2
04e8103c5049fd95eb99d218d2e9cd0c29f13dbb,reference,2
69641624cfff35861326374e575b19d9430967a0,reference,2
4c6c7618c3de73a9776801392e08f5f24635028a,reference,2
7813f950adfb0e59ebdfea22d9a53cbf3ca4c172,reference,2
5c9217a9b3370bbf363c805cb2780ba64ea0a0db,reference,2
a6edeebbe15a1a30241cd0cb36d608d213578740,reference,2
2e9f57757bd4c34da4e3aec5e78d8a8b9deebefc,reference,2
fa0e09af5c86fd89ebf5e000084f0ce8c44ac32d,reference,2
6f44746e023f60b3282fbde50bd2543033c90852,reference,3
1c3fb6be8ca78862f9d97a18aa8d46bd69fc6c6b,reference,2
c81d70608f320d975de11601fb4f009ffd301ce1,reference,2
1c64e6878fcd6a01aa1da7eea9e0bdbfd0f39196,reference,2
35e5b73d222a6ca5f513359da0b8c2759f15d900,reference,2
64f44daf20429fd1b048fd64075a2b1b8c5a9d18,reference,2
741c1a7acd147c90ab352b8f0eaa1f546b6657f1,reference,2
3ced03c91f1c8936fb9112fc08ab7ad5795e7379,reference,2
d4de3fadaf82fcd1e1303192bf475b7af4a538ee,reference,2
a4df9e5d001b14dc3d23b9ee65d657721a57b6b6,reference,2
45b6db8e2203f525be6b769a625e16641f2629cb,reference,2
079d7ed3d33542a307124f8ca9bd105c1a08f0c1,reference,2
fd79dcbc9e1d269f9b416704bcf32ed6dd3f0724,reference,2
b1e278bc369ceccb1d39ee99f95239fac0d038da,reference,2
58f8723cedac2b608f6f2c420d252515a06381e5,reference,2
866a01d3844723a4e9e6fececcd555eb983b8659,reference,2
c366ebbf1516df5f6cf2824d48160d326e90a8e0,reference,2
c09e55cddbd5839a1cef3d684e96db7cbbd4ccc7,reference,2
b3dc26c4512e966af967fd39cfc01d8f8e1b67c6,reference,2
a4cfce7de08dc54ad876d777ee4851c3257e8482,reference,2
adce901a98685ae9b01c1ec8d76ceafc00ef2799,reference,2
5e0cb2d326a6d197ef51b6692cc67179c3ad7cad,reference,2
d8c89ceb4524de26d91f54b22612309fac53c47a,reference,2
3e2cd0e778ee2a5c2df651d1e6e21b090d2118a6,reference,2
71decb03ea41de44aa1167420127f781204791a6,reference,2
fa6ac9fcaf0b87b1d1938825cc5ed348005b33ba,reference,2
3582ad147fce6a4a6425da7555163847fcdefffb,reference,2
27900c444d9c3f60aa8b4ff253c5c325bcadc41c,reference,2
7fd2d9bc7150884a628ef0c4c933e4af4719a6d6,reference,2
f59b98a07ef7cbe6a7fe840813194c89cc10a3ed,reference,2
123b4baa8e87918af43c4c92542da26873f98655,reference,2
17fdf94362b3ae856f67edafd6a8532dc87642ee,reference,2
770863973553e628b3089a2f3cf86a43cca88d6c,reference,2
6147d8dfa15cfff92e4827e26da29e49f4d5ea5f,reference,2
3e900d28eb431d974d60ec8cc976a407161bd548,reference,2
3cf1ceddf5a1e487a8e5dadd5cbc96b714c6c8c1,reference,2
7319a8bfe18c701399431f15e65ceb5756c3452f,reference,5
82a65b313da5af4c78edd74b8bf1bcb192c1eefd,reference,2
88d5705c3f723c8fe656fa835f9e573c3cad2a91,reference,2
215fddfcdcf41c25e9a4260475e7058c34d35a8d,reference,2
98bcd8d878973f5dab65c12a920761b3d6c21d25,reference,2
289f8ac505808fa536f0530ba32b5389023568a3,reference,2
d6c0f8d3056e951873449fb2f6d9c7ae52a4a31a,reference,2
7ffe883cf9ccfc8f212231d4f4b137d5096013e9,reference,9
83e3bb785cc56093b9cdac84e9bcacdb0f092d44,reference,2
806c10ee0086eea6052122a34d559b7fbd82c822,reference,2
11f0e05fb15a151d9a62418a52c87582c9402d43,reference,2
5105e734fc2a95f6710e0bbb93a829b7e0bbf6bc,reference,2
0f74aa18e83856d67a0d433007a73ebe62a5ae81,reference,2
33b802ec36e29a6d211d33c39b5f93548475bb6b,reference,2
406a577425c36e05163ee3bf448d65a6eb480ab3,reference,2
393f14be3f303cca987c71333dc0d21d3bef5ddc,reference,2
1ca8f45c39b17b68333541cae2da32b42ff89fbe,reference,2
22d851bf126dadbf2225142b72f0548a01b86072,reference,2
4ddb5a467459558b50c341e47fd325bc6a0e3ba8,reference,2
903e2169fcb33c74f73cf4e12e1b508b3ab37156,reference,2
037c9b6d01d32154aca8963c0cdbafe49e1d62d3,reference,2
9b7670cff6e3527bc571d21740e9a81320128461,reference,3
a8b9ae79e58786f19d4fc4992fb3bf7ae1891f57,reference,2
4e71babdc755bc5a40a476164567b0b4b9bad4cf,reference,2
2379b4037b8e5496b8e5c43c3ebc1807caab939e,reference,2
7607c38ac6059972391e8c5d21a5dae5c0b701d5,reference,2
69636c6ac0f6e279b37287fb39387d85647b76be,reference,2
2dc8a283eab8e40ab4a4151bbbd827531811a486,reference,2
512a9deb53a6e86f2275a05e2085d4a8fa17c7ad,reference,2
b4ff75842d457a6ed7f81fdc813c8708a462606b,reference,2
4efcaff9daf5496c6695d5c23bcf371f9aff9880,reference,2
0f794af47f950ceece9ebc7c92fc30d7abaecc13,reference,2
17985e95aed2c47311940c877c57793afcea31dc,reference,2
a6d5610fe1fe0bca27232bbe15f7a58e019819eb,reference,2
e5f255b387245480d493a4b8f07a473344d8bf66,reference,2
d383378ba3851523afd31357343d797b5024cd0f,reference,2
27c53381af4d06fc3327dd8d138a0b9e0acdf27e,reference,2
eb97fada8107ccd0b70ed5879ff15e16cac8baa2,reference,2
e3fbea37760f177da42c5b1136ed6a770a6b6d01,reference,2
8b2b72fbf5502c725f759786ed4041f653f05324,reference,2
b5ffe1c8d4c3182d6a3c9c4b249d25990b8680d1,reference,2
fd85290f9c79790b21c976eb88e1cb695258e78a,reference,2
40455a044a750e367e0c225cea74bf078ca73c95,reference,2
a9f3faf6bb2ff9ad3a08a9cdf1fd668f923157e0,reference,2
0ccd6f20ca72055a78c44e48c3296e173708010e,reference,2
0fd120ba34619d90d98e2252f69cbb0b750b65b8,reference,2
1ee64628a20890cd08c9bff7832dbbe0e8c6cce6,reference,2
f9efd9ffd2395e0fe3e013ab701c6d1d05fa9362,reference,2
9a460f06b4853bdcd0a12409e9741056dbf0cb96,reference,3
ea7006e204e4fef17d997aee6289d904a02e07f9,reference,2
e9e33904db5ffb5e07c10ebbc83408511f3802e4,reference,2
3fd475bf085bc56979b8a689b152321c4612e5a3,reference,2
f7e628ad2d03e2eb3fc1a3b30d31bf6d725c5d31,reference,2
d406345539b4fbac537cf50e88a1032b907b6c3d,reference,2
cddf14e5b97090111d3fa814c9aec60e2bf24b8a,reference,2
86b323634ee53a6e235026fc3b82a5e06f0123e7,reference,2
4171851c35c6cd5ee5445fe4e04a7aaab786fc77,reference,2
8488293909ecb1f2b7f68cfc36cddfc20ad2c8d3,reference,2
f1975ef3a08c9b70984bfefe94c4356646acff4c,reference,2
983a428780512ea2ed0b176e11da9c591bd97b76,reference,2
2477b5ad59f8c61688525d8cfd965f7399bf35e2,reference,2
2adbf228f96164e4780cbc19da9a0005cf8cde32,reference,2
903c7d3578b8e436275c4f2da123d0a30584cde2,reference,2
a09e68d3ad6b165e79e04d9a0e0f224ad32dd617,reference,2
66c37317412267c1a098f8c84828a2db84c48f8b,reference,2
bcb3e1a7af9d559f1df488e28b10f177203a5d28,reference,2
a19047227678c7bcc823a6c5467dc797063da146,reference,2
92658eaf0eaf6665c1bfc2bb3c57755e82926bf8,reference,2
a8249fa88a2d413b2e9c98b92a49db6bd7cb8068,reference,2
1279888e52ea4dd2a437c7024c3f5a6d20cd3932,reference,2
507213c02f2d3e7b669c02ea39ae25ff74ca9647,reference,2
818f0cea10975fe6392a0e660969a206a90d8d6a,reference,2
9dd647405a7da43bbd8efca0283eddf9c9c0c0e3,reference,2
9253b1c384389b418d77d33d5c6666731bbeabd8,reference,2
e3c21821e1ae738da253b043298b067e3792298a,reference,2
fda89fd26e40edcb29439c9d759610dc2241cd2c,reference,2
c71787bd1f5e81b96b8b642c25be0846a3a6054d,reference,2
ecb9f40387278b19c2a992aa405c0cea77785f61,reference,2
fe5ffdf318126a0cdf7b2bf99e42ac61d168e82c,reference,2
aa5d0f6a14a9da689de842f6af61021e6d91aadf,reference,2
34f59c97e604f47f7dd849366d48fbe1c2e5b145,reference,2
f26cdcfa41d4b8ade4686da862945c7124b52539,reference,2
2c1c394cac95522aa1cce4df77b4133c703491c2,reference,2
10fac9486996a1f2b67ce0d980dbeca3fa8e37ac,reference,2
ac39ffcbd2437a8f44ecc81864e05eb35999abfa,reference,3
cb6156bcce5b1c8a3b5c084888cae25542f9bd62,reference,2
bfa37bc88704a291d9b9248de81e518a437cac34,reference,2
3411bd971d8b8a2e5bba8244e1169a636e3daf76,reference,2
4dc3e19f754a010927def738d27054ac91e1e9cb,reference,2
0a2bd81cb88fa72cc75994accd4762682caf5f6f,reference,2
1941b2626d16434c1a86458db9ed63e3ff49b08e,reference,2
d89617ee3f65c222a76a6b096507a895270a6c77,reference,2
61e1548964c8aa1260d3c429e37a145bb3ef9118,reference,2
5e805ffe13612d84f4c9526a93e94423e737fdb1,reference,2
8bb5226469491a2970dc719928662a7430e232bb,reference,2
acece8c987ed4c89a37f86a2a7082c192a6c8a75,reference,2
41f47afb7efb0378834057fccb7d11a6bb4d8387,reference,2
2024e5247104cf2261314e813e0bf8d48467ec43,reference,2
79bfe1ccd46ecc5a7b81cd767520d37985e7fb01,reference,2
a05d7e1d459955527dcf44f174024f9c6808fa3e,reference,2
cc6282f0e8a864a1a3aca18036b45c899b0098b7,reference,2
bca0ba8d123c88b63229594519ffef60472e02b8,reference,2
60428c9fc07ede51f3d2f04212aeb9510b41bf64,reference,2
73b87ec5f2d635007345c540d5ebcfab132111fc,reference,2
c99d5d7a927598426ea83782747f0e6531949de6,reference,2
3836fc4d0f48c3b8dfb38967e01ba8f0ec4b323d,reference,2
8bb2d00baa2a888c0b0dd796faad1c2a5d311eb3,reference,2
e56b56cf0e8530cc34a104f2290187c0f1244b7b,reference,2
8151a0f8852df0ea66582f330c0b96624418b651,reference,2
69484e1f608cbae2d5693b1d2ac345d7ece5452d,reference,2
416e1b9ae18bb07e520de4a40d9ce0eafced9f2e,reference,2
fe6222c7b337fd8b7d91f978e2beb9f14a6f32f3,reference,2
5c230779615572074b8dc9a932671929e87f6752,reference,2
aadcd5568f5543eec05ecec49b506fc14ba02e28,reference,2
91842cd8c848217bf6f06b2be1b0914cc6d4c344,reference,2
976e24fdb80ee5141997cb8fa13ee87929a47d8d,reference,2
c23490f57fe0dd1ee77d3acbdf5689667ff3452e,reference,2
8c7ee714067a52e2f2bfe43cc83143bdce50c870,reference,2
1f8e7916cd2bf60f5089f153256abd479416c21c,reference,2
cd2d98d6931c38f4735e540ea76fc2ffbf6656f8,reference,2
11fd61e012b596cb3e8b3b6fe6522c3e166ccf26,reference,2
df7a98e0c627dc58079cc73566457a77feebb4d2,reference,2
ecc51ce52ca524be17616a9c0dc8a051a2996ad7,reference,2
1f4285daf4c1f240bee16ddf4a5fb9e43f9a905f,reference,2
616c9225b7de00d5fe0d9dbfa7c5707f0686b381,reference,2
126b0342302f0960a894703117e1fddd9409f05c,reference,2
4fbd9ed8076f32b5eda3483005d7a2d05763fd57,reference,2
e16c336a502fa9d9ea1bb67537b00fcc8449fa5b,reference,2
466c7118d3070a1f88a0cd45108a9640e3013eda,reference,2
84d38d424097ea776ae2f89002f31479c0184b70,reference,2
f25250492276f21c0386ec34e39d08b1bfb168db,reference,2
3aa1f7a0b5ec471d8e0c0e54125dbc29e214767e,reference,2
02f3ea7628d83e82872d51c80084b07b627487b0,reference,2
a0048e1855574dcf5b131b6c49feaee5b256330c,reference,2
ec74e46b9b0484f29578ed9ffce734e453e2bb9c,reference,2
420a81b09e54c604f3c90653e161be13131cbb03,reference,2
f9459b58b89d58f2852a0ca6be067a6beb277ce4,reference,2
48eb81867bee27cefb4ed03e6c1dbbf97df8b481,reference,2
79587af3abdd6047297b5708397cc4ed06fb6656,reference,2
2e96ddea02dbc3db2f7484b1501cf63ad1dd6368,reference,2
cd9f7ad1ae335a301c0900d2fa114875c67d5064,reference,2
042e07d3f2ef78a85e8471c6451d91d099e772ba,reference,2
0b6ede61117660bfdb8609da8e64bebd8ad159f5,reference,2
5e49ef83811ce010dfa5fd237a027ee52c098daa,reference,2
78dfb79bdb2e608245a8ddd1fbcf175f9043f258,reference,11
58d4c252e4de3a763b879db4513f15a643501d89,reference,2
8b628d4469e7a244ba44c7788aa2eac54ef70418,reference,2
7b7de663ae203f8650c5876fffa9556ba9e84469,reference,2
2db74ac168fde14deee585f7fd21b05846711677,reference,3
4465715eeaee19283aaf96a557ac6682fdd09217,reference,2
f46c92305ba8e0eb782d99cf1857501f026f9707,reference,2
eb8d97378c2aa78dc2ade95b6558dd8a388efb12,reference,26
38e8d73aad0bd225879ded07bd42111f2e42db4a,reference,3
a048a89dbee23c4479c272b885a1731e5aa342f2,reference,2
68b11149fbf9e801d59f8ec584ee9e76ebb36f37,reference,2
6b34d9f4a91670a265ce51ce4be71cdbf8e15d05,reference,2
8bfcebde35182cb51ac156ae20c30fa8b1919318,reference,2
28a907de09db656ff82d1c2b18bbce4e39a2c6bb,reference,2
7b35905fc8b54fd298edc6d10cb855e87629e1bc,reference,2
5c0da59174f71465ca5cbf2de72308dce0bb4068,reference,3
a345bd1e6b1d040505d38f33098bdf8c9a622868,reference,2
0bee7b683db29799aea9bb7c76249e38835e967f,reference,2
e005ba8ad565dd9d9b62f144c50fbbdb8e1beac0,reference,2
94ae45252cbefbb1381d23c20ba3e053e70fdb96,reference,2
5976a31d1b0f3edb4032803168e33cb7fdacb5a4,reference,2
8bcc3f4e44e8b2deca7fe9c884a5fd6ef02a46ca,reference,3
c809278c060543c07b640abfc34820d543730888,reference,2
faa76d61e9e8e7b247d1632e76bb2138693bb67a,reference,2
0bef0c20b84cc3a944513fe3e2ff9bab90713fff,reference,2
e593cd20c582a1336b7de9e4f41b2f77a0dfadcc,reference,2
3c09eb869374eaecb3eb71ed89f21fd511a6e730,reference,2
cf9f8815cdcf6db63f71b6ddc5fbb54344d8a115,reference,2
89b9cab0d5c1c206be80b6a0b6181fc79394f0b6,reference,2
d615a2da03c03c6503a5a7a7c61546f6a4e8554d,reference,2
a7050c96b89eb06a716ee2bd4477094de69d82b2,reference,2
c15d62b79e3f95dff9f22068bf90b8069806e21f,reference,2
6567c0e4f7bfb009e05b29bdc4e5b4ef94b40469,reference,2
c2cd90c5ce3e029c900a7e837783b8e32fbda424,reference,21
18f0a8f035b212ae82c47170dd2d08b66a2cb4af,reference,2
0a043970059a22f43e295e32084c861f242eb57c,reference,2
b2c032f6122321392303dd6b68784be86b5308c6,reference,2
0c33df9fc20c9314a0883611e9912a94b511569c,reference,2
6242915289b937ea87f278c682eb7d9847797345,reference,2
06f9147453d518c932110311de28bc897550de6b,reference,2
e90689ff80c5cda5a3f18b912dd0e09bd6e4c49d,reference,2
ec877ef98d08dde72cfd1e29f73cd40ac6d3316d,reference,2
502bea683e65203d966482d268a181c1bff25bcc,reference,2
19c50d71b651f2ca3f9f4709dbc5ac53925693bf,reference,2
915147811cbfcfdb1c9b8a6da388f2378ab8fce9,reference,3
9ab991106044733043922fee457a1e3311060c2a,reference,2
bd054aecd5f901d8a1b29d84c8b0aca0f9987068,reference,2
dac1d9c0a6919b4eb59f417fa409d7ceb5eb7db5,reference,2
90de34816d7b5aec17f8bf048b75de7d257cbaac,reference,2
b17aab3a2dc9610112b905bd4e9ad1254a8e2492,reference,2
19da3456612cdd1949cd3c3bf28f57873e5c4df7,reference,2
c90832a84ea0b17626be02abd752c8e5421f7db8,reference,2
815d24b05335dce6253be01a61f47538ed654ea8,reference,2
8839700fe75a6e78f12cd73bcafed4c54cfcd19b,reference,2
9008b6df6ad1fbf93406911de8d6f233795d5e31,reference,2
0f172f3e813bdcba1f68a93e418752da452cc034,reference,2
423e03b2a83e79a0ecdaafbb7c7bd5b956a2f3a8,reference,4
a5091934018e32a261f29e82907c418820327ed8,reference,2
99efe9ef5589820306586c8d350758170dd61153,reference,2
ef81cc84a5357cee1ac1c21ff99ff07a606a75ad,reference,2
5127d4b515400985342b9420013c149233ee5bea,reference,2
1b0b89ea94b54390b7e8153a42e497197e828a66,reference,2
5de6597b613e6cb1dd95038b91311c77f7b6f250,reference,2
4eb8a27c29809fbdb5c769e394409ce8c48856e1,reference,2
dbd4b0d89182d0b26d5e2757cbd7c9af92b76728,reference,2
705aaefdd658ebd1fba6df4587bde46059b869b2,reference,2
3c22740ef315d42f88f8214432b3b907ab815456,reference,2
492aa7696c025c9a4cdd236c955001589db28dea,reference,2
3b6496f92aacaf7da1ac312557b1c289b3bef543,reference,3
a8504c190e8b58177993a457a76acc76b41db6cf,reference,2
5fa9bdc8709835d1c5fd1158f5ed72b6a8b1b226,reference,2
24d044e45aa4dbac099b435ef931c221d4191588,reference,2
55fa59e52a64228611330572346545b8d924de98,reference,2
019b14c04e9cba115b969ce707a45770023aa96a,reference,2
c7d857f2421170cbae8107717a8aef0e99d6d2df,reference,2
3af2bff5415fb119583908a08130af18c84cc9e9,reference,2
dd8cbf43f811275f78638af597cc943bc7771f03,reference,2
827d88432bf719c39493f8b52449198787879a56,reference,2
1c09675aa3d0986a36f790fb7276f6fa29c41d94,reference,2
d077069902bc4a40bafc8cadcc7827ad45242259,reference,2
b831371811780e6c919251c905e31e9216ce4c13,reference,2
b622d252eb21e5e90d318b533dfd2e606608916d,reference,2
0463becaf1c27325b354f1563fd1c20e2040222f,reference,2
1dfb95e5e365999702e8f16271c90a8fc172aa5f,reference,2
305533bbddc2d8d960d58511ef4603275a096955,reference,2
e448569d1af141336897d9aff91cb5818dee1004,reference,2
9c0e16973abbd0bf8da1a6fca8c1b644f3ffe45b,reference,2
f9582334417a67634b877621c567ef37641694ef,reference,2
ec277a5684d52f2e5f5b571c1b6b17552da59708,reference,2
0c9b4f8ebf3118e5fa0518211a7aa6e2425ed1c6,reference,2
f43afec8c20ee227a43f0820335bd23bede7f2b5,reference,2
84447fcc43ce4c9f975dbc8ec9e54e67c6453833,reference,2
ab36ffad0a5364b17d3a73ea3258c5ae4068c341,reference,2
3e12f0356f6a24fc97e1541f881003f8c0515094,reference,2
965f28f3b0334b53bd30a10c324a359c5f5c6e65,reference,2
c3a3d10d8ca64c546431b0604f4838518ac40e15,reference,2
7c4847af1154118aae5c2f07fad4b98ea9bff49e,reference,2
32ab8c59adcf1b5b5fdee2f5ddd8addfcba3bf67,reference,2
5d9a7165fcbc756d514d08aad2eff1775afdbaaf,reference,2
eba22fafe9a7f7cdda35539ae3dc8debd77aa714,reference,2
cb42b45a8875f9c20c91ba02046e806569bca618,reference,2
5c7bd0e337f2080038c0c62d6167dfd6d5007ed2,reference,2
565582bcf30a55ceafa453e94da26d528eb1fc20,reference,2
f4966e4fb7cabf892cfa2f19fe547a223ba6ee6a,reference,2
ea928e4c1b390a9454f9bd418c44193054e7f431,reference,3
6247ef8bb75fb971d7e7cac2aaa27e118900acee,reference,2
6beb659f177e524bed731bc3e7aca3260a92f7ad,reference,2
134a66cc64344b9ef913e0f25c2fab6f4ff92c94,reference,2
1338ea7c16daded3fc1a2185f9dd859828d884a6,reference,2
aacc7f6a862b18d1ecf608eb551a90ff740785b2,reference,2
ea95ce75a3c205e347cf3671f550f6a0e415be64,reference,2
2d384d1c2f46645b2808cc4bb779aeafdea927dc,reference,2
6d242c538893f35e35855190db96103a2b22d521,reference,2
100d12b7a41db0d16e5db26d54db4e7ca8f24899,reference,2
dad0c0d62c7d4afd19353b5ed48581e495cc8e27,reference,2
e235f936d187789b70d29f2c56288a09226b6c7d,reference,2
a07bd7bcc79c19f7257ac016f950a19a261b2c12,reference,2
e97e55933ba0e821be2adcbabd6546e520a24c9a,reference,2
bb9190c2e0573a076f991037312d7cd65d8ee686,reference,2
6d2a2e27bd6d4b72ff92f5dcf5ca46ed2baf68b0,reference,2
9ed62259f39572f01d8b0c2188e52f24f818c423,reference,2
49bb41b653495a63d416636ae7545c44ec6b59cc,reference,2
4dd465695fa8358dc879ec32461a7bafc918a150,reference,2
b3017d44ad81e879a66c2551d0a7e30a53212e35,reference,2
2feb4d83da1892db3934fcf406c8beb6cd10ded1,reference,2
666f9f90c297ea7acb471e43b8f754b9d46b6f79,reference,11
c680e5d34b713f8b63ad68149973d5b2b485dd07,reference,2
43c3653e5fea945bbdc84be3efd9db019ce51f43,reference,2
b2dfbda2dc8bc8954d64db8f0c43d187490456bd,reference,2
de52dd1a127ccb0c80d3bbefbb3d32c1115a5986,reference,2
24ccf4962150d54fb77f8eb6337a55e545995d81,reference,2
13136f0614742d62c0478cc4eec630bfe67217d4,reference,2
e983e8a71aea786544fb81a7b0374f851a7ba8c4,reference,2
62312a91938220ebc389f4453e72816408e6d2b4,reference,2
a2a00b7212adc3b852dc8c48197fd2aa11e36663,reference,2
50b900f9d4cf428c97253a1f2289d5628d798bba,reference,2
8e3d6656c3f5a1b4c23181240c0c5f9b71890a1f,reference,2
f684aa1e48982f22d7f7bb831b06298582a63a48,reference,2
7f43222a5b53f1accb6c70fe2df17b572a077ea7,reference,2
84fda709932464575ddfcddae40eee3152bf769b,reference,2
d90aaa882f785d0cd96197a928358336832da908,reference,2
043f80aadcafb06ce393ad7f8621f0b79753f55f,reference,2
62b85d34ad4772594afb93bb0b2dfd597cfd8b62,reference,2
186303c13e9dfca078913a7b4a96f93cf450eee4,reference,2
b45cca1e804cd1ee8bc0cc29906ed22ffbf8f0c9,reference,2
36a2f6713fed47f1932e19ee4a8b6eeffe3aefdd,reference,2
ea9c2bf883bee6aa117a5fd85117ba0bb36bf687,reference,3
668f9e22b64c270d0bdaefe16c6a69992a39692a,reference,2
034bc82f65fcfeea24c32b236beb2cc1b7a9513b,reference,2
d0e5421fc93c99fbdcc2c3f045b11c351ea76364,reference,2
5b7ad7b37bdc9fb43e054d18e2d918de33ecb8d8,reference,2
0d97d163ef8c10db9c4be9e1e97d50eb12580b1c,reference,2
8f13f5dc6bce34630c6c34e46fe0bfd559efb54b,reference,2
8ab0db9c193491491ed44f5bf217f62023c0e61a,reference,3
09b29e7d4b280e03bfd55c256cfeb50e5b2f2dbf,reference,7
c8e17ce205f9c538c32f7f482687cd79e026f3fe,reference,2
260f54bc42934cb85c71318863b5f3b2c042d92f,reference,2
353c781fe72253f05896430335bf80f3c02fcc21,reference,2
48b23225d036b8aa306dfcfa9c35cfc4195e4bd1,reference,2
9b689793009bd46f01116a1ef1c73363af8a25e6,reference,3
e655a70fe5f86d265a12b3e162f08af585a2106a,reference,2
f3757ba2d8ab93d62fe976c3e5e4a5e5cbcfdfaf,reference,2
1921e2e7f65eec605c4690a215c8901eb14320e4,reference,2
d6da914d0c8021df6622857aba23b794fc7e6a40,reference,25
b590281a19d5880f3454455e398732a7550d43eb,reference,2
cc5f0c6e92ec9d37fba3f52defa3efe04fdb08d0,reference,2
2e668116801d3368094f6d936981a70cc356e0b2,reference,2
b438a496045feccd1c028f1ce034062636a1ee04,reference,2
3896d68145ef7f8fd23687ba7c204523c7d7b808,reference,2
b0b0c76395c61ca6d9104744de89aa4f5d711acb,reference,2
4bdfe9159821867369261180b61f15cfa0957ae6,reference,2
dc8da3541af776de51c1f1072da2cc5af842bcdb,reference,2
35a9e49660eec4832490516d08389b14a0906186,reference,2
d2626d990c9b2a2ffc4de76b266b4653e36fffc4,reference,2
872f069b4f8ae3a9aaab9b32f9c563cfb6f8cd93,reference,2
3c50e5667d4d6b81dae2e1cb4ecbe10ac32cd72e,reference,2
6c5dfb45136dfb442dea2b8a7925854ed5911187,reference,2
21caa1e04349a77f46a6683889c0a6a7ecfb8afc,reference,2
33ebcdb0c65d2a83581dd80361b63c699b9af1bd,reference,2
22a226ce5e9fda1947cd26b72ef542e197e2329a,reference,2
4612a427a3293c64a9dc71effb8d8942ce3ebdb1,reference,2
93ef7bcafce7ba004e89a292f4aa1eb0b53a80ee,reference,2
9e2037d7d2f8222a7be86d2471eda895c8040ff5,reference,2
c3f7bb144864b39493ab07e44ea5cc8eb20b51be,reference,2
2394adcc1e5da3e2896c53be07df6075787770db,reference,2
5670896a5644b2ba38c5e0da3d4ba77d3dbb0ca6,reference,3
7bf7b9d24eaef1d30f77cda4f4489e36a8329ee9,reference,2
a6a7193975a745d092d01888f15225fba2b0bb9b,reference,3
b314ecf0a476b25fe21a74f0896411b4e08ae067,reference,2
2705bb223507cdd1b9d4ff253b1129afd472f810,reference,2
90623aa899422b0804993a4b5a11c9b8226bd0bd,reference,2
fdbc542fa0fe613ec5f10f2f36edc3c1f09a73a4,reference,2
cec4e2ef84852292f8135dd82ebc2e1143426ba2,reference,2
c0be36d82bbc3a611fbea4f2f334ee7eed397b9f,reference,2
b0d1897c7aabe4703321f2173fdf0dd41746e488,reference,2
aa4645eaf2e81efa7cd72d4c7508638918a7a55a,reference,2
4873ef1dc27bc063b8fea3ed7aeefe8e2147a0bc,reference,2
f9b3cb121f7fd0884d807a07f9afbaabae674056,reference,2
2635c1aeee582dacb865f00d1289b443c3d96d02,reference,31
65708a9408af756b4bbb32c4d420e2123279decb,reference,2
40068542d9157e67b58932a281c0be82170bfb27,reference,2
8ddd206429f97f0568ccf58c8b1d9cd54bed1f91,reference,2
a05c0dd5a8bc70814517fb424cf55e94b4208e67,reference,2
7ca79effd33190aa08a8fc9f9aae1a6d030c94e5,reference,2
c4d3c2516d24bd1c0eff93ea047147f3afd586ca,reference,2
aac9a66d9840c092a0b7c6b198431ce8411a9b24,reference,3
9eb67e6179ce1eba746a5c2d35b5187458442a95,reference,2
130d3c0e55cc8e61537c31d8d3c3cd02330b8950,reference,2
ba1f57bebc41887a7e7eea2d6c3de952d46624a3,reference,2
d1e3785495dd5c192a767bbf18aa23b62cc91a47,reference,2
8805dd4733a6b503409c251b0e4cf5d8ed9ab201,reference,2
4bee9cf0d3c397b1e67157eecc600f200efdce78,reference,2
3651f295b9b6fc267a359328a6961e39dface36e,reference,2
191965af25a4ff05b3aef29441d54973787ef808,reference,2
bbd885c424715c375a6f8068da359c9c117263da,reference,2
37f8b6e05237be56ca6f5d2652ab000395a0eae2,reference,2
10e036936f72cf71a975e620cbe5a209fe0079ab,reference,2
ad6f68db45aaebc0e61b342d03da4c2702ce5697,reference,2
d90b45ad12e49e3fb9d4b9a4ddef323436c9c9ad,reference,2
4c4e432be26a334f9887f8a0fbac878e3bab4839,reference,2
abf641a6e35224aa786c56dff9513a45d2976779,reference,2
85af152a06415f15dfdac7d7046aa5fd31fa11d5,reference,2
d8b9881ec3a8bcb365734278e36fefcd020f5275,reference,2
e0c60a96ddb0c468f4a330f436adb37dd5ba87e7,reference,2
74e3e679a746f3798016e042bb082b463c5a219a,reference,2
902b7597bda7b0cf4b8ef2b0df9bc570f229f689,reference,2
9dbd5ba59d900b8cde2f515fd4ef83e6bb5e9304,reference,2
c426d15c48bef561fb8b790fdf0c3d18c5b5d237,reference,2
f142fe615c5f47c7b6293a97d16e18b134e22bf6,reference,2
ee2ad6649b8c1df092fa93965ba4c7daa497c2c0,reference,2
f0467822fed5ce8041269e0d747f67bc99ddaac5,reference,2
9eafc70fdc24b1fac8c4075a6ea7e0ff2f0f328a,reference,2
bf01278f323c023bbf83f5b9bdbca7eca29b76b9,reference,2
96ea9806a0db5d3aef2fbaa00a29f14b71831306,reference,2
379b131f158ae80bbd4f34160510af81b8added7,reference,3
39a281717ccad318b1f75b059e322e60b157626a,reference,2
0ce5e5ac7dfd61e05c42957553296a2034cdcd3e,reference,2
33b6c871d102b9cd7cb12ecfd18c5034c4e1aa22,reference,2
9a2c37ab4e38652f0d50dc9818e06d35e646e2b0,reference,3
90badea43def60f0b5ed161db7958097c58abfb4,reference,2
7aa2ea3d890e6130a282e557ac8466c0597faa51,reference,2
85dde00b42f55a59b27c5ff698d4f75bb4619c4a,reference,2
325d77cc8f6fe77045c0d6d9eb32fc7019f64e63,reference,2
140331a0807e2bb9d9544e7b354a116ddc922454,reference,2
6444644fa06f8416acf31b516b7917a3a64b7d2d,reference,2
9ffa33afb5160e5059bd165b75cb14027ecfeb86,reference,2
61b1e363576279fe00b3dff906783146e859ff1d,reference,2
a525a70bf9f96964fe14480b7b2e787056fb0bb5,reference,3
62a82afa1b2adadb68b4667ede9faab0613a6cd9,reference,3
e4a51ac5b0c1fc45e628dbc71a10052e3af7573e,reference,2
9390a4441197232e2cc44688980417e59b1051c2,reference,2
1a71f7b216b710b936da666027014adb83af8e7a,reference,2
cb07b22effd5d3aecdd5af5b3c0c897c6d45fabd,reference,2
1446e8a4ae7f851772edef992c23eed9c4cbe8cd,reference,2
a883fa136596b08b1aa7805b1e0c4b85a3ae0b4d,reference,2
9591e903e04ca4b74d7892b59fcdbd368d6e5e31,reference,2
8a9dc173a27c7522965a72411ef951d1ae2d38d6,reference,3
03e2f5cded1b1d92dc8e693e0e93ad466f6cc352,reference,2
a57bdbed3032070564efab6e39c197e27cf82d23,reference,2
32e11562e20f14c153176288df8d3217427ef197,reference,2
88e52de2320e06c7556795be43b38c85a9800e5a,reference,2
285d2884ba835a62f50311b360185bb6a6b1d061,reference,2
9a74aa7c959f9308438d9868cc7dc237c5ed6683,reference,2
bc612aac20b532da7688329b3f4b0726bd6ecf8a,reference,2
b1cf4814bbf64498e0a2d3e11b8a7dcac71dc475,reference,2
4d915b7291b76bc3a5af93d5d9edc7ba8c1b3df9,reference,2
024646fa496d1fc2d082e8f3ea3dfbddd9081714,reference,2
1b71ead33dd0c4bf677622fb01fb774e23c6da87,reference,2
aaa7e486cb41d0bd84af174bee80545fe3635769,reference,2
74a0ee91424a46fb73a340d0daeac69cc4e4a37c,reference,2
2dd98960f9b129c18dbbcffb11e034619b0af0df,reference,2
235579f08caa153bced258662da9a36825aef4fc,reference,2
425dbf0bb4198b630190fc582c9e658582d62817,reference,2
2bb3473b4dee613d2ed2c6819f13a8a5fd40981d,reference,2
602a4c5cb3a23d0b950f3ccef5b2ab1c135d5d55,reference,2
24a91683b4011fd24d9593ae9a48783234bc9819,reference,2
d1a0142954814bab9d01d330a67082f630b35e72,reference,2
457f936679c44b4c477563bb7936e232fccb581e,reference,2
5d1aad2ac1f5de9c47cc499832c511bc7ab7800d,reference,2
fa3e962751f094e2236e843e9057f36fe5f8ba5c,reference,2
bb0799cffdb2d676e1b68d15183371473c03a4fd,reference,11
33539cd2a03a1ebcc9625ba10ecdc6e7e3b4c42f,reference,2
59b5223861e7f5e62a1fad746b74a26a21992f04,reference,2
ad7200da4049842369b1f3cc40cd0f7faf803a91,reference,2
0cc05e1acc178cfa4b26cb1b0271497363d4147f,reference,2
01e550b39b2014a99656e41ca2b0e7e78503df5c,reference,2
b6f76e2c02b020f447067ba13eb7e5b04c33bece,reference,2
e83da7dec37f3f20a7508ce96ed6ccf981005ad6,reference,2
bd05f4c741673538c829133965461047abfe96e1,reference,2
b044e1eab133605270c0f72f695525fdb65aeab5,reference,2
67dc68d5bd5a4d39004d1fec75e039949bd51e40,reference,2
5bb3e6ce2ec81e71607e1f675962e01bd1bc02f0,reference,2
25724e27cdbcf28a8d22f9e48f81e8cd5e401513,reference,2
227c2f542f7848c16af712ea417ea2177a6450b9,reference,2
9686f718fc9955bfdb6f8ce3e37fe46f57bc123b,reference,2
7f397693975382fcf3b19225c0cd89d5f50a017b,reference,2
d160e10dd95a8633bbd693e376a0f13d32549a77,reference,2
7b181a867f243d83ed0731201b69a82e038feea3,reference,2
fca2da71f3dce2f757aef39e561a572f68106603,reference,2
e5b3e02748e9d5aabb8f2756a90d7ac9feb4d49d,reference,4
67cfffd1791cac14ef74b6165cc1b2afbc677691,reference,2
8728a996ceddd79eda7280608e61b11e5f993715,reference,2
4bda1a4b99fe37b007d727f6764a79e91a40321c,reference,2
8a31a1db48f1776e245ee73666f327d00682fc5f,reference,2
896d85d6310ffc6e4e3d328b54f127e898841bd4,reference,2
d3c5f4d6a90c158fccc7df5c8e6644b47d5786f6,reference,8
9cf34c447ba9d82960bf7509edbd38e97cd5d445,reference,2
dd5f21a71cf9f8c9e24aa1fbdac86c2cec35d6f9,reference,2
11e9e4854f304de88a950378009f1663155cf1f0,reference,2
af31e3bc59459e7f6215b903fdc8562c0694e79c,reference,2
3a4f81830045a8bc64b85b12656de45377971eac,reference,2
10e88b978fd2a455c9addc9fb4abca72fce83e34,reference,2
0257ea7eee5afb66d8394f5fdad9fd87d3ef04a2,reference,2
715a93dbd51aaf7278e22c921af184a8eaffbd2e,reference,2
ab7a029c430f9643a173906472533c71426acfb9,reference,2
5c6b4d01babbf24c3474e6a10fb7154bd515b3b7,reference,2
cb98545d6ff56f4d0f8b639d3e778b7dcbf029cc,reference,2
000d1d7fcc043c34a99afff72c06328034594bc7,reference,2
bfad5b798e2223259a787ff01e9a08cf10948d88,reference,2
a343ef4f46ccbe0ed352afe748c68d422fb032fb,reference,2
1c76caee0fd659253a042e91f87ea85b26a29594,reference,2
8f1c46e0938ed9dd4e106ede775bb8e75a8442f5,reference,2
5d3eacfd4e44dd5fa88026edc5848f8bd5efea0e,reference,2
dd0d619e59421f4bbe7b1230d4327c2ccca9dbaf,reference,2
7e9157b84155d75d1300e373375daef12d838f28,reference,2
74894e3d6cdaceba75d6c256abc1cf82483e4e21,reference,2
fcfbf158468d35a3f339e525e6810f8950edd2b2,reference,2
6f61c7f50144ba142981f22ceffc1cf9edb9fa77,reference,2
edea43a7a0e181f6d26b358969578d5b8869bfb0,reference,2
5d2bc3bf1fdf2b11ebb4f48de1c98918e39d95aa,reference,25
c39db860fd303ff1a836797fd411ffffb7c35267,reference,2
be58f40bc78b10d09adaa92bfa48788662f276d3,reference,2
90ce22cf2f5c1e13756e1962c56555f94750b6f4,reference,2
abaa0a01ecb88218f95b5d2bc2ae1808acc671c4,reference,2
923d60078f043b90ab6b321d91e50d6d695e95d6,reference,2
c6023b7b7c4b540fb5c79fe2b9f7475f2482c480,reference,2
a1a6950adf1ec638fdba66eee3561bc1b3864670,reference,2
9ec9d316ba8d8dd731dd810f2a000d47d06924bf,reference,2
5cbc3f8433576fcfd977a2f58af6968661cb9d8c,reference,2
5d05b7411131f8730dcb6ccb89a66700b3d6203a,reference,2
42383c5ef294cfe5cd3ac9463ac20c49c1f35074,reference,3
557167c645b6b792922775665b69db42c67a3c90,reference,2
be331430d8c2ed63e0e31375524f6d2118746b82,reference,2
22552dd0e7789f175a302055f06444a12e22b652,reference,2
821796e724c06772da9a66c9d13d75d749c850fe,reference,2
5b2e57ee9b129f023414b2e6a94197b3641b4eea,reference,2
81860ba97bda3b9d6ce20e1b19492fff7ffff7f7,reference,2
2126e045f81b831da34c185e2b51a49194bf4aa4,reference,2
9ee07c29d44529075b8a57d34e8644de7acc19b9,reference,2
6ee526f585b28df575be596a332c046018f61dd5,reference,2
5c6abccb4692c3eba5f13a2871a0f8ab272a24c0,reference,2
845d45dee9fc462b074cdb819928045ddfcecb84,reference,2
31ad694d8a9b50ad8f619d06b4d25d48f9d91201,reference,2
362dcc6cca690940f4b47828c5e1894332f193eb,reference,2
db54861e0b31b0b341bbc9655f30dca98201ffca,reference,2
1fdf0077a6e598669f9b9c8a07a1f8742cdf2e72,reference,2
bae3e3babdf9bc7c05d765811005a4964854149c,reference,2
991177a764b5a1d01d4466867238cb97104729fc,reference,2
b8a0f5b718c2dce94c134b0cdc721d75183a6e01,reference,2
bbd0efbe50ad91d5078079d541164ae6d97f3f10,reference,2
aac4640980821b7006aa96a1cc99d434cb4fae56,reference,2
a7853ac0766ce2668fb37d3dbe5ccea476c90047,reference,2
db646f0eb37bb97fda3a89f94c81e507f9421ba9,reference,2
14f139d035b818cfd16e1dc7665aef6b2ebc6741,reference,2
6b99a0401e6276aa422384d92242c0c13d7fe1f2,reference,2
4819967d614dead5f2c306589d57275c5d023668,reference,2
a7889534f02f40cc0a6c89e3ac0d4ecb2e64cb3a,reference,2
c3e374afdfc6aaf7c2d9ec0c8ead80bd40f4387e,reference,2
0cd3ac5831e934597cf8c3b3fdd3edd05a610f34,reference,2
0152e59caf854cd75cef30f99307d41634916653,reference,2
54252f42d6bf510a3aee2f2095a9eb10ba991245,reference,2
a1f7e1568d76b552522c742fbfb6360f7c51c60f,reference,3
2b1575331a01200a48a2fe6b91185504fb0907f6,reference,2
46ffdb8058906d481117a5f17f42475a435e9dae,reference,2
01ec189ef9a2b144badef907283fb1e8c746b79d,reference,2
a7f4deb9a1452374330f202bc8d36966a0f254e8,reference,2
d21cb7b9744365f0ada5527be380236495dd3521,reference,2
22ffbc1864b2ed2d848c54619416a741b144e067,reference,2
cc37925b1b117723d6fd35f9771cc22a6b73a3de,reference,2
c2f3d3e847faf3a8448eabb5bd5fdb6bebbc3a05,reference,2
58aa6e143156e59e6d7d902c56a3275ef7a2287d,reference,2
afe6b5ba9ea1f1a45d3873ac27251ed65f20e0f1,reference,3
7d0d587ca37ee09247886684a220bb1625e77910,reference,2
c15fc0ff90a3bab9676227da860ea3fd7d9b9b8d,reference,3
3a09a5046d9707bb53646329d28920d025a4a8c8,reference,2
f02de8db178664ff4a636b47798e809d4dec8501,reference,2
179a60cc2469859543aac6abc81c97752de50446,reference,2
a41a372966c1d8dacf90fea9dd6f00564b430855,reference,11
ef03c907ee24e2e6c0f2d24639551c82862d1080,reference,2
727282aad52cd4c1ebb3a0a4678d84bd1ec42dc8,reference,2
09ff7cdc583b28ec63dfc85c7142f2cb0e5e4eef,reference,2
084e4d013c43ca4686f0dac75b3495c6624545c8,reference,3
decf9cb628638642d2c6cdf843d01376fff5e0e5,reference,2
e6c30459128f4421f97d44224f0e3b3fbcddec43,reference,2
1b93eba7e1f1ca764d94909cd7a936ab12002eb4,reference,2
4edee5ec3ec71f791b76b90c3c0f01c2d18ef924,reference,2
615a43e98c81e28f32b333b0130227e8a5100a51,reference,2
9738dde55ab77cc26271a5753db7dd7851176fd6,reference,2
6fde101147cf3b1980f1ac54a45026dddf110f3a,reference,2
01ae1c181dcb5117491affae728065e5e62bf074,reference,2
9d8dd2c8f6367423ba07cebf7d2d56be3d5e0e76,reference,2
4c844908db42eb3094de084413777d2db43eb92b,reference,2
9efea405e5dfd277472f24f1dd95a26ca5734a6a,reference,2
ff2c8108050041994ab3c54f482602dbf44445df,reference,2
3c026fbab985ad0af6bfe4818b94c29a286fa4b7,reference,2
bf6ae34333441cb37b5d29de59cc5bc067428bc4,reference,2
8a9e11addba791860a9dbf15de75cc28d2cf844c,reference,2
fef461207f173c03231aa9a8ddf30c01bf4caca0,reference,2
a4f48e62aedc705dcb757f5ad8f732c5b364539d,reference,2
0a39a9d3d884501ae103ec47d48608b6b642203a,reference,2
982bc3b4025e971f95d8ba071f7bb667cc71e7a4,reference,2
b38845e9adbeeeab37519a2fc30e899411b4a36a,reference,2
66de45276e57218bb2c3472f2fb95aa9971aa842,reference,2
662f0841a2a8435c8b3f196a4016347ad31cd8d5,reference,4
c0ef72d02b93065e77c506e23ce9acbbcd945893,reference,11
0b217fdd06c4757bd843cd8be79df0e0288d477b,reference,2
155b54d11285a29c4086891da7c1c1975d6bfe39,reference,2
6d49ed0ea24b9c218f5ec6731cd261ce618df2ac,reference,2
cb2c664f7f3226f47e22e9fead201b6c7c132f50,reference,2
fec93a13a40f98a36a7ae9ab42633e46c806c27d,reference,2
2f1b41ff7394fe30d22c0b12ba40835fd32d0764,reference,2
b6648235f437c5be722db822f1f29a6a05984cd2,reference,2
674976623d89394587bba42539c6c99d700bce29,reference,2
2c030ad4be327dc3447e23ad68c303714c55cf14,reference,2
6a6d8794f77dcdabebbf80b8f79956f707f16eb9,reference,2
6c6f63643eb97a8c309a881e4ba21461454478fe,reference,2
3421d12d98956c36c5d39c0ef023b378b6922068,reference,2
c50ee01a2d2973a8ce4a0d4b4a31e98d0c261a19,reference,2
bd4e670b16b9086dbcc2b8e24106143b53317539,reference,2
9a257f5a2c3ab73ec123c3980c2a29e7d8258fbe,reference,2
3414be052766667fe375221804e48f4a9c815ba5,reference,2
a379d387a48b079286bd0bf0264166a6cc254ef5,reference,2
14394ae5ee9153b78266cbc53a04dd6ecc4d1a4e,reference,4
77cee69d827c2a631ce37cdf8cb7e4eed2677af1,reference,2
7751f6cdec0f4473c1733eec91699744a7d5176f,reference,2
56994972adca9319577617345128e46803a4043f,reference,2
437fbf13aa6c141c26d328921fae1dc40a2f234d,reference,2
3fc696de90d8f582fa90faf597abf39434e277b4,reference,2
0d8ba6b312e4391bd3a4c0fd9df04d3bb4fa8e9c,reference,3
edb7f6708959115f92bbf04e6f38b1549489ebae,reference,2
8887d4d41320e446ba60aecd4c5e8e8b466288a0,reference,2
2f8e338d9bac4648809536971880b5e9865fa027,reference,2
4c111e261bf0f218341e2295cbdd6aae5a5329a7,reference,2
05839a68bd05880beef2f171cee7aab960bb6d2f,reference,2
1de5b29e746bb33113b80a0997ef61a73ce70d78,reference,2
5506409ad47e709ed1a1e4ab0319f4f931b7e379,reference,3
73d57469550b92e1dce5debdddae725f2a582581,reference,2
dd130373e2af67ef57d90c6eda0ce1eb7ff40de3,reference,2
e291850b23d1c1ec49bc68e9e9266880898216b2,reference,2
a8c422a624ad846ac4d2074a98645d9eb2f364a8,reference,3
80248c8c7cbb5bb1d2a508001108f3f15bb60430,reference,2
f8a642fbb51e0b0ae4774781309545d15d6d9b11,reference,2
86f6fc1f96d189a314f10680eed4e7e9807c4f5e,reference,2
eaf0ee6c400d69a16fa8d5205b52a1a9b10e2646,reference,2
8ff45750057cc9452ae09aef6b9dfee3bd84b083,reference,9
1cfb7fba7194860e8b8818eb5e87e0a8e14e518a,reference,2
ec8e2b45c4601730015608a58e33409224a81228,reference,2
60cd4e9f579b1324e8c30907055552bd0cb3dd32,reference,2
cdf6d0eb9673ba5b83735ff358743f4226ed88b7,reference,2
c1b5195bc09a2232ec2b69e5a2a6bd39b3162c62,reference,2
1b05e2243134099efb6d6bde5f2d4944869596a3,reference,2
b80fe8a916e32a745573afbbaf1741a5c33020f2,reference,2
a6c03ddbec5456c1de836441365db92fef512589,reference,2
d1313748a791e7ac21e4310d9b0e0d2febb8ab56,reference,2
0e0a513624426e017a125d0498235b8f32ce9aa5,reference,3
74a2ef37466667c843b6322691c49b0475030cb0,reference,16
bce43cb9af37a0c8d90f8cadaebd6bb002685edd,reference,2
4d5262260022d8baff65242c6eb879d184447d5f,reference,2
9dad4d7c6da4f3bb56a24742998c76a2629ac9fd,reference,2
a35084f393108217938c393f450dc7aff4a7ceb1,reference,2
b0eed53f6733150941fe18bc0f7ccd0f6b4e9f7a,reference,2
f48b95576bd50a69937d8bbff0cc42bdb20e49f5,reference,2
fe91e1d22537bd514e9b642bb3b966f74fd62f9b,reference,2
ca00f4056f9039d3c1a4c3a113f5ee0527149b66,reference,2
090294139835018d2357a7b638fb03b4c7dd5df3,reference,2
af5f256e9771bf9cd02451195e3a7ac693fde3ed,reference,2
002d2c4569d070a55fe69c25ebccad8e9ddae572,reference,2
c21781a9ebb3da9dfc318259633f6eaea8e8447f,reference,2
ece33ee67d74c29cd2a83c505e5bf0b818f9c2a1,reference,2
b33b8f7508f8a802e2e669ec16348bb789ae0470,reference,2
61ae93ee6b2028217a977dfa41a5765934d6d911,reference,2
e36f79b2bfbf50cf6362cc563a6e5c261e3f0615,reference,3
1e1230ef1de1ba9c4f6cb4789184a295133afac0,reference,25
f2b6323973955f9a1ebb9be76a616991de3d3a8f,reference,2
1c9bab7ab072c619133c936b5b85160e5373e638,reference,2
2d4a853affeb0b164fc1134df612aea658f36459,reference,2
0825ef213b4fdeadc8b27fb5a6361bb84d57bc8b,reference,2
4f5654ec1dfc04478be42d03eee8e6db6bd9ca14,reference,2
c60305f2a719c0ab5427a1f55304293ce18cd2e1,reference,2
4923e93f043091da51ac41b039be1698a1158d80,reference,2
79d7ed32ec695145c6ae6cafa439e0f82ee2501e,reference,2
d23f08611ea1e64f691ecddee1f7f48c8015eea6,reference,2
fb064f8376eba221245c551cc028e4dbcb9f043e,reference,2
53c3c3984649ca82a2f85629dae01087e9e72991,reference,2
91159f6d3d52e6cfed1e4d1c6e50d1b17086a910,reference,2
d77bc1a237b67c57b0c1b99b4802e703747a9688,reference,2
0f9a94ae9c99fa4205bab07b3930d8c8c041f058,reference,2
e263e08a20080a2543d0ca29d3d63c4717a8beb6,reference,2
49b79d61ffc2db6dce8c2cd9cda06e1876ed8b4c,reference,2
1a5a79b393b3f00eb5a47243ee031ad799d2f641,reference,2
d73f6cc2ea4665410b053433369ec6db1d835868,reference,2
2b41b3e23d6b8b84445abb77870aa3b9e71c75d8,reference,2
486c2df78cbb770a90a55f7fa3fe19102fba2c24,reference,2
ea3448eb86a233189631d914721e587d45931b64,reference,2
154cc4e8a9e8ad24d4f9c9440b187d06b9ba57bd,reference,2
2baf63dede1a96cae314c4be99bd3cf9f49b148e,reference,2
48557ff1c18c4403fd05caa9249e09c756058b7b,reference,2
bc51e89a83ea648f875007c4dc69364c84bcec2d,reference,2
73f082fc7df9f2b9f3bf7dafb7c4422bb7aae968,reference,2
d2d2cf9bb166f4e54d3199bc7488314206a23fda,reference,2
b754ff078bb45131aef0b8bd7aa1bebd238560da,reference,2
658a67be17e32998480ff51ba4c0d832e86db441,reference,2
ee2c769943f9e46c3bbee117d1ecf14566b7bf1f,reference,2
cf193b5b34178a444cb9bd9f51beb4124b753935,reference,2
02fc3ba0c7f8ea63aa750a971613bdeae8fd5101,reference,2
5f370f52e24d185ae44bb0ea18cbd4be2aab0d15,reference,2
0c7ca22dfbe1ce02cb0f0658292499457db8ec6e,reference,2
65b3d8ea0a5feb3ca9b0e6d9d034563acad0a69b,reference,2
e066347a8896058f50d0259b91b6ca3c40f52c2d,reference,2
bca0bbd01ea917b7a9fe369288ea3ba03d3b1ff3,reference,25
2f566575a246752d59438e2bde22f88680927af9,reference,2
34cd58ce4da403f75a2b9107d649cf117c9a64ee,reference,2
56cb3506586c540d4bd2c573fad66d22dff69826,reference,2
0b395ed1c8b284e551172b728e83cf257e33729a,reference,3
938d1028b3c3cd4e3d34eed20b622bdc33453f6e,reference,2
0a1e0c479e13e7553ac79ddd6780fbf8e8e82165,reference,2
25738c43c0c4788d803981eaf5d397691aba0958,reference,2
04dceb1b11d7e9de8ab5b7d10bd9a95026c33c9d,reference,2
54f60adbec5af199907c07ed281ad893ccc00088,reference,2
a492be0002bb01a7e9295c4eafd15b285654c554,reference,3
eab54bef4b479e0b06fc65c8cab2c0400fa69b8a,reference,2
2ae7bdf4d68728660a1e0cc3e6d6b2d67cb72363,reference,2
d813e7edec4836dbf9d35363a6ed02782df3d18c,reference,2
77693ca00a8ef775af96b5c450aa0afdb0e10a51,reference,2
c50c4940c8f143ee4dfb8793730b92963322f255,reference,4
ed5a53e3f320aea137d84cdafb8ed9847546d0b8,reference,4
a45f34ec2fb7ddae23e569a40d538c76e07b77ae,reference,4
bc505b308420cec64025d20ae7a00e494a97022e,reference,4
c01dd96803eb95ffd3bb4472d6dcf313fe4d675d,reference,4
d963d02f7528354f31f6e59f858bb9af05bbdb5d,reference,4
8b3db5886452c3dab6b26679def260be9ac72578,reference,4
10c296b94686c7029895c773422f11bc6e519edb,reference,4
0c70e78fdecf1684b9335cfd734ed9f3acbf849e,reference,4
2b3b7eff79478d2581212086b8c019304ec852ce,reference,4
1facfefafcaa191129ba367ae245eb525420a9d5,reference,4
c65fe2990e4a530b781b464a82a14646543deac8,reference,4
e424091ce8a2f8b7d15c31fde230042c022067b1,reference,4
8b505b49ecf6b2f98efc46b4a8217393e509b839,reference,4
3900324d95d02982de7b377e93440fbae6657f79,reference,4
93e0024d6bb189bb1c580891f527ea20f096cee5,reference,4
c27dd24c9d8ee5ec5dde4e11ee8ae32da0b84155,reference,26
ff2bf54eb1c4b10b1e7ecdc0854a721ddab56bae,reference,4
98b6079999d934b231005c13fca574cd908dcfa6,reference,4
57394b54f4f0001addde5fecbaa20a04163da35d,reference,4
daab8977d0d2a0083f62423d984ba5abef5bffdb,reference,4
23e4e5dc75ab6798ecf7ca1c9a630f6efcd62606,reference,4
d4ac35b8cc0aae73dc16c4fb8ade81b139805681,reference,4
14e1e7c934922d854e1a851774a88dec87fff28e,reference,4
80a9d52504a0052be995c7fa2306caa53fd44e15,reference,4
dbc55a61f4c79834d4fe49050a384fdcdd6d731d,reference,4
637c4da5a5986f9a4d6fc53ba77e176c7f7e2066,reference,4
4ae3bd5038de5b67c04fa3923c36584e29582b09,reference,4
bbea7adc52e20460c39568c09aa97d8ffd098613,reference,4
667761decf1b1b780ccc30f4e2650baca6b2d954,reference,4
c64c89f9b06b5ecf16ee63e3398abeeab05098af,reference,4
45780f2eac1c1de18315713ecb62ea49a7d6d05f,reference,4
a2a2f5133a9b355cd88f3e2f321587e7faf8b535,reference,4
21d16c0e96f907de610950344ed784551e8e4ccd,reference,4
4a95939cdcc8ab268bfe1b634a22d56cb93d640d,reference,4
a58fc4e0d7c01ef7a1679aef88cc2bf0d79c5d6b,reference,4
b7aedafe8f8a214c7c9323954e49300c9023a3e5,reference,4
3770eb141b01719c2ff83506ed478546ee64b7ad,reference,4
c7d536d907a31c55a844e428f7b80787db0f36f8,reference,4
122f0a445fb2975c3a827b49f83e3301b5f38d30,reference,4
c467de007afaf1c0fe57e40759bc4afaae40eb0d,reference,4
dbcac9e635e93b8f78088381dc8f5444e8d45947,reference,4
9439c6b7f1613b29116970e8c9222f7787fcddaf,reference,4
1f0b23efbb15662aa9a40dbf2a40ac2289acedd7,reference,4
93e6a281f02d0269c4d7730595727e821857a767,reference,4
d72602734ace0c633da02b918c7f256489332fe7,reference,4
2da9163730998a4368c609972ccff0582518b36b,reference,5
84070f71252e775daa133d9dada97b22c2591f1b,reference,4
256c3a33a23cf7d8e5a048a8572cfac1adc22b6d,reference,4
885d24b0f80fde85001900cae52cf982190dc68d,reference,26
f410931908240a45833029624c21203c34f1c890,reference,4
011b0988befcce465561381ba9802d3f360a1247,reference,4
996417d6f4b4314da7844f06e9e51bd13c527c50,reference,4
a616cd9d920ec7cf0565070aaa3522719293849d,reference,4
2a186176cc06c47818a696e1f968e96d024de41e,reference,4
f30a6f998c5b79bdfa25c77f9624445581d5f5bf,reference,4
635d59a154f0249e62769d8ad4697b66569c7b09,reference,4
bc17c80fa002dc8db1716a615c2f945207ce8b95,reference,4
838e911ebe009dbadb87e6f78b654460c1cddd3a,reference,4
94ba7925ad414c423374cc2ab3ccd64506b8b32c,reference,4
4507d062ae49ae05bf9193e9612173a2a4e72e14,reference,4
ec323a4d9f91862a3904d134935208210c2c931d,reference,4
0d91913396469ecd016caaebc86ef70fd11fd3c8,reference,18
099295e696fc1ed29b18077341800cbf6ad032ce,reference,4
a2cd16ee0d31e59999e16016ae07f8c2b071a426,reference,4
301d6c2e21e6d1343c1ae5fa96f638d99960d328,reference,4
4376de87664478fc34bb5d403573eb944d75d8b5,reference,4
5a861ce3f19662401f3427098439e6d3fc6d6617,reference,4
083918d05bf7804083319f7e1e663247c87b8a8b,reference,4
b48eb1e524423cf35fd565cfd50c9a790e2ad85b,reference,4
f70d895bb7f3bc4f634a67414ddfe56956c2b273,reference,7
df63debbce45ce9d89e99819689915ec0d81494f,reference,4
56db8ce164a78679154957b3dba2534b83d78c3d,reference,4
9da32528cbf21fa8b129aabe5cdeded21ba082e0,reference,4
67490cb5ee89b850dcb7cc123f354a42b5a11876,reference,4
ad52f27cb3c272bd67241d442f2dce3e2a2beaf4,reference,4
77ea1f7b68567516da5044c28d7fe645ab2de194,reference,4
6acb17bfcc62324e86defca3cbf885f0ed225a40,reference,4
b95c768fc696ba02306df765b2df0ca967a60bb8,reference,4
025f04ef73094befef6741b749d1f9bc544a4f9f,reference,4
8314384478b9854e8c690ad7e2185e64a93259a4,reference,4
5e25f130f94dd60d32c696a0f9ef5f2869d4e85b,reference,4
71023a7fc7bb935eecf8d083d19f4b603cb2fa60,reference,26
8a18a75e3ddd1150bf6033c6055b09326b8acbb5,reference,6
3081736b7b890e397154fff640628501c22a49d2,reference,4
bfbc4873584f1daec31589d58a53607db6e2e170,reference,4
085fe5cb2c5865dd7d74d565fb57396afb7ef04a,reference,4
4551f33f39276639c6123ac5cc215b59f3266d09,reference,4
dcfa0a9b7a7d34f17310fbebdb9130ed16911b89,reference,4
ec36e3f81b28ff9a88001b9ba60a0027d54e23ad,reference,4
dd306fcbc2d691ab5bd09cb363be934c5d07e5e8,reference,4
55126848efe2fadca22670175d5f1c645ba832ef,reference,4
1a17f6fed2796e83f0d0ccd108ef8937479aaa16,reference,4
a1af2bfe0d9720716a988db8a94a4115bd2a8268,reference,4
bc9b687dbcf57be11ee5ab61483c155fb48cd8f8,reference,4
56bad3df43e7ffae22ca4346641bb86e5b533985,reference,4
b930db57f1fa5f9b22b26313b2a2e61f65885293,reference,4
616574504dd4c205db58d97b6f7c8cde16fd6580,reference,4
7ef4386438c2056368f5f91f8be4ecf315cf8740,reference,4
60e3ee0985304a75bcaeb7d6a1ec96fc052d9bef,reference,4
6ad18cc60032205c26f4eeddb04f64abad56e8a4,reference,4
2897113a3318e1b837017db19cea3a2b8b948243,reference,4
4caf34c6518305430f3aa8a73b003e184c5e5019,reference,4
1e1e27dabcd42dada067b4f45b4fec95dee0ed87,reference,4
b140103c6597ca9a5bcee7a4a99f1b8aa106b017,reference,4
41f34cf1fe9a371dc1d5b60fe0b00344aa86710d,reference,4
926b9ece5e7cc8cc0033fbd14ea302338f41632e,reference,4
fa0065a84b2087cd1c6f0a63b7eb9fcf14d25bea,reference,4
2d0b6bf15210eebb3b3e63ed69d3af132519f3b0,reference,4
079072e6d9d2d69427ff6838a87f01e10d124ebb,reference,4
3bbd7f15e02dc8d844e9042136108bd3999cf8d3,reference,4
34b73920dd8bef58acb7f765dbe48b7a36110f90,reference,4
1cef506c212dce7c2ddd1213711637e546f6e6d4,reference,4
2cf95cfeb7180a3a93a2cd79989090986c1a66bd,reference,4
c772bea87ba068039adc0d8e139dd314bc0d7851,reference,4
c0d0ae750aec518675d1553b34b87feff243b8a8,reference,4
19feca8bb1cc18885d487a0c6347123f63e88c4a,reference,4
06fa66c3c1e87672f43139212bd9a4bd22ed043d,reference,4
6d659c30d081a57bedd85236aad3fd6f93ddf4c0,reference,4
a5cc66cf58ee629b453f6ed22654c5d5a8a6abd3,reference,4
bd965bc125f6dadc4aaf86655613af30286430aa,reference,4
59bcc6ba46640c1afae29978fd869fb08ad28e6a,reference,4
c2c438832f28e3bf5f3200808eb20e2fc7a1fd70,reference,4
0df8bf74ed241442fe39efc2bb8e4ec8d74116ad,reference,4
055078e9c4d5b8ea6f682edec83af02baf9e76dc,reference,4
689ccc366a749a1483219d1b858b39712f748212,reference,4
544b3155834e1cd7499ad2c4e37bb8058f181a18,reference,4
0684edb230b65d2cd7ce63f50b72ab8606c12ee1,reference,4
591ac59124167d5c79627e769e32bb8969e9dad5,reference,4
82c2c2754eff86a59b70c42c3b3d9e1abc8059e6,reference,4
7ddd9dd9f4ae24f49eadab7a0bc0ae3f0279474f,reference,4
8efe43e92e0066739f03056a199a5c89aac8fa91,reference,4
e6b867fd81eb90c67ee64d9a768d3c5c867c9ab4,reference,4
c3457373bdb4f0556ca82dccb4786ddfac0319e3,reference,4
f193cff41cd3b800fdd1386ab3c3fc1a83b18af2,reference,4
2559ddde36d4a861ab54b881bbd15eb40918b159,reference,4
e6da328ab8d2f658326fcede4a8f4452064887e2,reference,4
802d2a65f7da6d0fcaec8bc9bf4fa1ca110af2f6,reference,7
b7281845134b812da504f1a03884df81bdf87f69,reference,4
baa31d252c2cdd739d3aba97ce658f6a4946d102,reference,4
8dc5a5f57b5a4564536badf3ca98e5680f313314,reference,4
f490776baf3fb4e1cd5f73f77ab12b13ec05d6c1,reference,4
47cdc1ee73b796c7013545113649dec49868fa65,reference,4
d33ca631bbda97be8b5cfa2d216bac3c617c0469,reference,4
9946d072c15d45e6db52a022b2d27c845a3a0014,reference,4
39d19370ec1f628e0fbf48d56480779c7c0592f0,reference,4
1160755526b4ab45bb1986cbd2129a0e8067ad1c,reference,4
e200a8dd8ec0cf53108a3e9bcedadaf43b9ecd4a,reference,26
12f7ec12c226ee0218aad806f87ee212d0bc44c7,reference,4
8cd709beb9c7cc4cab83f92fc9131e1c799cef04,reference,4
4ad8fa058a826837fa7e6dd7587fe979789c415d,reference,4
b38bbe8b1c0764a7e72f4b68e5b8ca01d7e6c396,reference,4
5d7696f08ac3e15c29a7ad0052b5315bcbb89f4b,reference,4
e4229dc38f25e40df92bb3d4ed96ca72a3bf7f89,reference,6
24c0cdf306600baf8f3a75b64057bcebea0b8ddc,reference,4
7832964d72645e836a9b265ce1e31054c3a003cf,reference,4
70db15ba14aaaf6ebf8bbf0df1e112bb806c3da5,reference,4
5c6d23224a53aaafca6576f2d3157758c5403e06,reference,4
f8a46897e7db27e868a6be1c9749a2badee5bc17,reference,4
50f21db6c464d3848278a5b51b0f1b1f8a268313,reference,4
61ed1aac7e74c156e04cdb2a3c149fd9cde2bc10,reference,4
222eafcb3d472aa53f1e494b20441bc084a766ce,reference,4
28b37751fb70e82be14b7b9672559efe758a0117,reference,4
0efeb48495aa7ab5cd6423ac028868074f116dd8,reference,4
32fd84bff0529649864f9a353bcac9f28ee85cd3,reference,4
a37543d10ba2109e679bc0105892a81ff38fc6b7,reference,4
d589cbb383f6fb0d0ef2f2177fc11a41491511db,reference,4
0d982b4c47bb79fc0f5da8fb1308a738ad156b3b,reference,4
5bdb9d91a41c8ad377c0be5d41cd56db39331485,reference,4
f967979c2e181cb3df8454d041fa0de64c8ab34f,reference,4
2c48cddf1ce5cc99b257becd508ab929b0888daf,reference,4
587547493b5cf221af4b929cf390ef81e9768937,reference,4
a77b6478bb4a63cd2b99e62608b6c45bbb47a96c,reference,4
8ec6d697f9a3e23543dd6279d6b20ac497db252b,reference,4
dca2b86a60a83840a46809249b37fcee1a6536bf,reference,4
9014147736bf1bf7bf610c99c3979ff15185a6b4,reference,4
c75942e16aee9e6510e2ed515153f5e1a36615eb,reference,4
83f9f3116db66467b60b675a3b89644443a927b7,reference,4
acf5ec811d034d5d3fd288f4633dc1b42352deff,reference,4
0e767b53fc6abaaa648a448d63df35bef2701ea6,reference,4
0f20baeae798c1638716585a7b896d5885389e62,reference,4
db35149f4c3d1f148a7abbd0ac0fc9609175b023,reference,4
b83bdc85bd041690f13cd3823269b63f3b771306,reference,4
b8633fd8a31bd986c35a04f3d41e44db8a43d990,reference,4
12c74a989fea92cdb90be5dc098f9d760adbd3eb,reference,4
b600b95a79b61c7b70bd1e11f20844fb1cdfc8f0,reference,4
f8b452ed7780fb3671ba5e1533cbbfa17d3e3c17,reference,4
68bb0cbe1d9d209fcbef96949da728f42063b73a,reference,26
d9a27cc766ed7d4e5395707592f2c35033426ac7,reference,4
c7814df912a8a5ee11d386b295648dc8f3d8f41c,reference,4
11150a4fd8d3e138915a1d8f9bb4151a37fb331e,reference,26
0c1782b5cb2898d2e226c66bc7146bce802051bd,reference,4
d8b16b2f24cdefba3d89b0117a0fd6c46d7f740c,reference,4
386160cdedd43da642128bfe8d829c1acd188f1c,reference,4
24f20acad63384afd2809d2c9cdffca26a7ddcf1,reference,4
259dcef0a56585cc9713c0496bc40f79f4492bf2,reference,4
204956e349974d4fdaea5f0e4dbc2bba49a8fb46,reference,4
4dfbe364a193bd77d77fb6de47f438426aa3c958,reference,4
5106c35f5baf26bcc322ac5403e935db628c14ba,reference,4
62261dee1e4a0f9eec95efe5fa7359bd8b560b32,reference,4
05f9c55a2354e0533916d5fbffe470ed3d280854,reference,4
75bd806794649ba22d6e994c7ddbdbb169c620fd,reference,4
7306edd29584523aeb04a460589449e53d8c8fd4,reference,4
708c361a5665083fc71427a831f10f4df3a61989,reference,4
beb2d4faee9f9c752a7993566a096cc3570a869f,reference,4
911f5a631b009ce5541ece9cfe09e17cce36c12e,reference,4
e02caff636e4eb6e3e47bee4c8ff02d8536ea58f,reference,4
ab0f338f16ff24cff2d5b43df3f87a12097f2c7a,reference,4
4d053f419e361939abdbcfed49c320e05d87ae98,reference,4
2709f17dd8a7b7c0be24533b0e807b8798da0217,reference,4
64b34d20d217a2db702716d924396fef555abddc,reference,4
458be2c8cd02dcdb577a9a40342ee7327e4a0d89,reference,4
e131a11ad907023f655f22a4fae2b2a6f2db96f7,reference,4
f133543c695cfc41fafd148ecda7ea2bdc57f147,reference,4
6e5c994eb156421bac6d0add0d9c92b4a6d08282,reference,4
e10170cea223d8cc8787f50ae7cb8c1dfe12b7c3,reference,4
7a29abf0a82f316d0ed9787afc90b608fbb6a4de,reference,6
53e4ecafb64cd210c0af841d56c96d7397b32ca0,reference,4
0f4e7c0661406c5e4a78a9aa8c2f70648662b630,reference,4
a4362c3656aa892bd39e7100c1f0b89536709eb6,reference,4
fd4ccf695be157c925a62c163d7552124721e501,reference,4
d86df672da3479c68cbdfce85b0560ab3264fe3f,reference,26
aa8ea913c82372466311f4aa8ebde62758791f90,reference,4
3ae2822fcaa5a0054cc450d3209c7493a0ebeac2,reference,4
65c2fd282bea65a32197f95d268772f56399e2bf,reference,11
7944dc7e5437aa1318cc6887ba9bd43c9dc11e2f,reference,4
572c7592f64b27dc5ac639504444d1da34ddffa7,reference,4
b5efc80da0bd72e7059470c1a9a6c34ab6f966a6,reference,4
243dbf643ee5f7233ecc2bb315d00afd8e935e42,reference,4
ba832b6b98af7dfc268c0fad1a0d1fc8c2b6318f,reference,4
3379ba978c6338060ce8e257465c9e27be790676,reference,4
504b25618a1cb5828ef4906dd4aba87a278581ae,reference,4
ffb127811ec6843b51b9e5f19f37223de531e3d5,reference,4
bfc4ce91f22dbb12703b79dd51666529a95e6517,reference,4
f7214d9e26c5b4f36b5a2a58d1b4bcb600ad74bc,reference,4
c6029001c0557f3912cb361c5c1cd406aebc3889,reference,4
e8053a7b234d2936cbc993a4f2b13ec63eb6ec90,reference,4
b89b7c8d5676b2b93eff755a8cdbf4609bf8fae4,reference,4
afb4a26d4e93acd1917181c8b98a55b3a56a0087,reference,4
64c7dc8876b19c81e541f5979c0a15ed74ec09fa,reference,4
275a8fc80dbae72c4b60b14e7cd0d0a85df5f8a1,reference,4
5585191b1b479346ecf173be3b35c8313b77d457,reference,4
4961434623fc2b9d8a48fcfdf21d2c53ada6d16d,reference,4
58414e6852ca0fde41c132db55ac30f767a98e25,reference,4
bc942c52f9da27dfff30e3fa68bc9726e9548888,reference,26
2237d4ef1aaaf411b4e3d9dc04a4d5ac1df4b11d,reference,4
fac4e94cb7f0813cbccbddc6e792ececd2814ca2,reference,4
4a5bf901ff97c60c96703c679f4f91da14aef2dc,reference,4
cf6f9ab45c9b8750bdbf04088859e10dc3ced792,reference,4
29c67918f2a4dfd167e4d4b878defad093dd3824,reference,4
3b41a5e11aaa11df22539427a1d9257ec0a2c272,reference,4
c4bbf728ad9bd8f41a19710d92097ee9dd3083e1,reference,4
f7e76d1a952f8120ca2f2afbb419dd849d25228a,reference,4
eb96fb53885bc2c44afe5008b76e6d5399065b2c,reference,4
617b657165fda4c9b4da16ffa564cc47018cf1f8,reference,4
bb8d7d905823d198788a440d6923a31ef6960a54,reference,4
1196cd4aa938a34105755feb47ce1610b58ea5de,reference,4
dcb9b7b93561a14db55bc2d18b64ce8562b0e79d,reference,4
a8b03fec580c9fdb889589cbcb6ba997ff29fb5e,reference,4
d9e8eed5ffdbd323d90e1986191b1eb5c8cb9f13,reference,4
0ac39ef1352641533b01f07c42da0dcb8cdc81a9,reference,4
3827865d55d09bfbc7a0b777cb87a72f6422cfac,reference,4
0e10ac486567f1fe2b0d5f5511e3fb517ead784d,reference,4
2e9af0a8d2d0e758fa80ec9224d5b3f7d09c06a8,reference,4
309589f73393d7c357f3a3126912f2ccdaf3d968,reference,4
8983987f6cd72d1f0257fae718e7be66f5b7e421,reference,4
55b601400d2cf4b7994c7df62dd864c8141a5679,reference,4
a541d6399f3e2703e1faf6c10bcec3ff22d6bb8c,reference,4
1271cc5f6eaecebecd0489c23c727b30ee7f6089,reference,4
dfa0de5cae63eacd675339fc81b13479c51bb153,reference,4
10c9ca83829ecfdcaebd452a44191725e063f8b1,reference,4
a14648abc56c602396634609e911f0ec071e43c1,reference,4
b82554a8e084b487ded937ee84d493d4e6271977,reference,4
e68a15b356c3ae91607cfa417f0c5be85716b918,reference,4
3c466f6664a88545f650fab5b455e9472a1d2e7d,reference,4
2265664da870348680813c5e0f1c3501296ad60e,reference,4
401266f09d2ddc0c41f091bf6aec0814d6ea85ac,reference,4
fa4525cc053904f1c2c9ca5a872cc919212f357f,reference,4
ae7606881a405a773dae6cce8efd87fe0b9b73d9,reference,8
59768c67974ee3d75b427ee5d1af2095e49fc1ea,reference,4
e6ffa22c9f53c7dc97da365bfe868951ff7ddf42,reference,4
32733e5d5a18bfb2f5d79639ab5d1727cc84783d,reference,4
62f91aa013c1cea2b47d46d72dd7512e6a073c43,reference,4
63a1f6f6fafef55ac70af3adff5c353bce9a21ff,reference,4
ad329f2e6a7302577ae255a7b78f94644817c40b,reference,4
ef62f95c16f668f031d649799cbd79081c6d2b0f,reference,4
1b7492a4b813052146300fa8c03325c4ad7a0a25,reference,4
9075d353fc7bb0daffdcec01db9592c8a0be6131,reference,4
3335e2f80902c0f6b4acc25ecd1f4786a2c16fc9,reference,4
f95c28b724b4e816a5cad77795f5ac5ff87283f7,reference,4
93ca6a9e273ebd0b01ae85c3db2c37eede749dc0,reference,29
94034fd2ed4b6cf41113abb7adc9ae469313c958,reference,4
2b3321ddb2f28015dc677f3fee9ba9e3333c93d7,reference,6
19e499d76a2e49574b499cd9ebd31304880d33d6,reference,4
6872272b70337024a9b8637c1fee9bde19cb20a9,reference,8
4777cb037dcd15c060c878a4ca1f4279ce32e3dc,reference,4
124ade4c2f3098199be72add5145036670f68fbf,reference,4
319b52f0984600119cf0fe1004814bf5c7eb39fe,reference,4
083da2c095ee60bdafda092cd5a8f5ce839683f2,reference,4
36daf0578aad5d3180d531cccbd32d65d62c8317,reference,4
73c7426559030bf7ef1ec525f99223b670a76fe6,reference,4
3fa9def5ab2ede7e66635f750062419404c5f4a8,reference,4
f1f74e7c893f9e3b4cc0645104ccdfc79af85ba2,reference,4
2ff316ad8bd0bfeab6f6a00dfdfeed57a793cfe1,reference,26
7ac58322d00a770485e183d98541320cf2253490,reference,4
29f8472d8d762cb04a754c5a4c6761d325a0b328,reference,4
2c52983140e73ddec799ce4672b6988ea00fc1c5,reference,4
73a464da86aa03a434274c397fb4e3473e0477f5,reference,4
d1100dd5c8fa0d0459723e20b4c20b6bbb4f7c66,reference,4
2b43fdd0b3c4ca7b5fd1b44a4222e718174915ae,reference,4
6f2812dd797dc669b9d4cafb4f12a9e0785900af,reference,4
70483cb9f9fdfec2ce17344dfcf229083d442043,reference,6
ed9168abf54e538b44098ea9417ee5be2667a98a,reference,4
ea8787fe1e4323e89dad8e8089a9e5225270376a,reference,6
77e07e5542b450a2ee3193993c552700ad9ba82d,reference,4
9808c18d1ddc108d746c60b4e554284a3d7a71e9,reference,4
cda9ad68b474fd4735ac73e3557054ba737268d3,reference,4
2e2ca71b9fe364380d6fa25a6492bf827185a632,reference,4
5ee0c8975b965a413b27332b5cbfb2745251dc52,reference,4
09e16dab5409759208319faa0799f20b9290d885,reference,4
88975171bb1a0aaa99a03e7789f83bfde2974232,reference,4
b48d21a75ff76a3969a24b43bd3e1a2644d60a23,reference,4
98755a7ca75afbb29a19f8129b9f25796ad0e0b7,reference,4
9ee4ab6ac5f4e239f0617db49e4b5fb8fa2b5a97,reference,4
a8b1484d3ee6b9ad6e4c48d6bcdbd1048493599d,reference,4
402329898cd6ab51f8627ce415223191c17f70cf,reference,4
fe2303d338109be0f25bcf5479f5a2cb88255299,reference,4
9c95ac085bb6b6704b475923c63de0cf1d59fd05,reference,4
0fc695cd670033f6fbd48b90f8c3a2ee6f6c618e,reference,4
cfa85c8db829dbd2384ea7f130f462e7e7f1f630,reference,4
d563c934e3bd6633d69300ea4725a11064479872,reference,4
33c40aadd08802cfa4911dc99424922d538999c3,reference,4
2d805732ed7a87a28c5130f49204588f2c531080,reference,4
bf7b68ecb49f3b7d20535f5f1be40a14d1e2f511,reference,4
ab16bf2223fcb8c749a52ee3cc0496dc5bb0b4ec,reference,4
8bb920441491dc60cb00ee753d5825b9d0d042b6,reference,4
2d0978d282593242c2ff19f7a2fd62a997b1c74a,reference,4
e519699816d358783f41d4bd50fd3465d9fa51bd,reference,16
302112011627c2a71e04a68f11861356c134f8a0,reference,4
f7310dac21abc6ba357bcd5e75fb2e6957a97303,reference,4
5f61ccb715f4ad9bef53794702e481e1a99f728b,reference,4
99eec76a1d90c7deaf49112e7853112a9f5c061a,reference,4
a2e1039157257a8fae038259d1642536e1641b3e,reference,4
59de4703ca458ed416fbf9aa7219658e94aef9bc,reference,4
0b6462d99fa0cbc6e1d4d75c101fe55e943aecdb,reference,4
ed3057a99ddd416bf5dcaee83688ca7e43da678f,reference,4
1991666b99d1f9781aab32af504168748c117557,reference,4
da54bda4ef0ba0f013ac639fb6a3dea1e4745ad4,reference,4
13b8934468665ecb586f491d7f9f6c460cb095e5,reference,4
f29e338a28c4e1d3f6c163bf45506ba4671d5fa7,reference,4
aae2aa75a52bdd2c4b26845f8b1a2bed32087759,reference,4
bc14e62aaf5c2dfe1259d67c1a03d19063e7fa9d,reference,4
6e3eed2b1ec12cf13bcc3a7427113b832193265a,reference,4
ca570d3f24a22a1d93001ec784448e26a425c514,reference,4
e8e0fe741c17eb8e69932bbd9acc8ceb9bba2d67,reference,4
40c3401cb35b000c10ac7f642496a190886564e4,reference,4
6d94e203392cfbc404113604ea1c6276e5c10ead,reference,4
c31044506dbb22b5546342605913eb9f40b1d166,reference,4
dc5595032ffd4d7bc25fd51fb0b8c41f4904e74d,reference,4
5fdb7b69f5e0c5edc5d29f30bc411bce36e4f8cd,reference,4
a640215755e23e2649f4b3d3246a47b14fea93f7,reference,8
8bfa5558adb601b733ba7473fe52abb31f4b89e6,reference,4
9a99f1476e4428837cf318fa1274ed6146339d39,reference,4
e30175b2266cc7b4b68bea4668f74d5855952c6f,reference,4
0cae650c4dff19057cde78bfcc6775e45bd5d3e8,reference,4
f5f00afb894c5f3cb6decc531c9b64d49e865875,reference,4
5da06eb3a746932acfe36b81c7c640c3d969ae70,reference,4
7f8d167e00246f8112cf825ea4ca088594d2ce1d,reference,4
1932269090210059b236559e4272cf84c6784640,reference,4
bc78bd0b0fbdca851c4889def23477f28f8e6535,reference,4
d6a546b23c3b67aa2dc2d03ef3e7692f031ebd2d,reference,4
2fd6d186eb5648c71eefbcd9baf83471aeefc92b,reference,4
3ff5bc7c832da386211f6231058994b67ae6d600,reference,4
61d3f9374eb72248544d099e2ae50278fbbd7a48,reference,4
d3f5d760e3eeef4430705c4e7144f05b432491e9,reference,4
c7a1a56b631de6ac8a758e45ac3c32a8f0c1ae11,reference,4
8b1766400a607c87ab526d589f1a54d6b86343f1,reference,4
a834dccd33856f47e0e6057d01f37eed07bc7017,reference,4
23b09ed66024fdd04d6713b9ba621b866f033d20,reference,4
0595dac8260443365dfbe4821787419736baaa66,reference,4
9b7324a56ecb5600a9701c34028af2e5953d7275,reference,4
adb35a1d9ccb7d9582a54cd4e0d60885ba49a134,reference,4
a15364e83f8986d8b8b1b6212596071e4f2d986d,reference,4
de4dfb773ab455081e5fb1862e08f581c58d43bc,reference,4
eb16eae728f54962992e6115c5dcd0df3be28c89,reference,4
1d9eafa3be1ffde3b03b0dd33781f0cfb44817a9,reference,4
2257f5310f8bdcabef3a7c6303979053e2bbca7c,reference,4
18d9b13e3383d98c181f4d7a2b3ca1503ed707a0,reference,4
55a364012166cd34d081e327de5d70839e634f1c,reference,4
c3bacc93d8c0c6ed31763d0c0fc7951f0ab82ed8,reference,4
6a80042b1832953a597155ac2dcbdddda7028d6f,reference,4
c431b1a922385830d4c934a5679edfb9cedc600b,reference,4
52cf1fdba8463b8fc29f476a301841f872236184,reference,4
f8c50d9bc22dea85bddf1859df7b11133a4f1c79,reference,4
bcaaf83946ffe764e3405799fae739582082bc6f,reference,4
218a9c9f836e31be1e71ba50728d24a478ebcddd,reference,4
d6ab422a319d5a1d3153bebb5ad7a8882a1b5744,reference,4
256363a97db6f2a9df656946d7fc2150ac162cf4,reference,4
4318e4ab5e2f5e2a50469aa043fe66c0744370a4,reference,4
9e2a811a6f5d1c5352ce19ac24303810eb1867f7,reference,4
36f71673d9337b432babc51da77ef38b2070b5ed,reference,4
d69f081f218ce1a4f72c71aa0eb1b2a98934b9c1,reference,4
9c80332a30d4edebf0a12097bc30432f02a63703,reference,4
d32499acf1d4f8a2de10f2cd52e442ce321225e2,reference,4
194e57aee2d936f5f8ffa038e663bcb3bb2fdc1f,reference,4
b6289e3d7bc72ebe9041fd46e98f27d1f4cd9a07,reference,4
da89cdeb0014666f4024f797d0c67cd45d92a7c9,reference,4
add60b11634202274a64415d70e6e67b0ad23efc,reference,4
e36584cf5c53d19a2d2b888ee05cc2f7afd52693,reference,4
2fae69cea48d332c5788537a0b5e9e76c10e3baf,reference,4
9c48db369f4811e6566ff3bc7d71be159a544fe2,reference,4
ea9af64a79ffe964e43121e8f78883c146894910,reference,4
da9e284c75334c660029c79f09ed371aaf2f1139,reference,4
af565483dfbe3b0fa4fe9f715170666a06bce5ac,reference,4
d5e7c9eb41061be87d770cca7730f47d69a0cef7,reference,4
f6424db408c9bbc949d529d65e7f0ee535515414,reference,4
1a10ff8e42059451b1e0a40d1732175d0386a744,reference,4
311841075acf5a5b38d807c68fa9f55e4aa274bf,reference,4
896a584885febb21fb4d287fe78984640cee1eb3,reference,4
3106a1c3572b3e57111023bc7ca9e14ba48ccb11,reference,4
267ef391ebaa4fc3c8ec62cb92107e8efe82a5db,reference,4
7059afa8c275391fedfeefceca258f3f6a6b063e,reference,4
490680ecfd920daed8147401e77c1ba074b7c8fb,reference,4
04d0b1977e01ab69c03c8c7c5a6673e621eb5c52,reference,4
857efca0d4cbece97da4b904de1d506c2af25f9c,reference,4
3867d999b550b57e6762f9d4b0114ee7551b2e2f,reference,4
f837aae7119edb9995fd346c27fdc9a24c29efc2,reference,4
30f04f34c3794bc6d8be403de55d733141afc55b,reference,4
fb285de78ba95e30ad41ed97ddf014763e6279ad,reference,4
334e8b7597b69da621c9114e3f695c6315c9267e,reference,4
9f20b0aa426c18512e820d1c1311378f71114d8a,reference,4
95240dda409e28acccdc5cf619ad0c036cf4292d,reference,4
dc5d2fc432993c295294db41dc61214f4d50555f,reference,4
a54761081c2b001c057fb6e1ea9a48058d5aa5e0,reference,4
b37690747ba314455b8a992e794b25223e105d1c,reference,4
836e3069a83f455f916114e7265e00187e511838,reference,4
b13947c7598aa91992cf04048afa19c7cfe69795,reference,4
1561477355fb339a0c65c36fd297de788c0bf0b7,reference,4
0d4ebbd22abcd0549d437dd64c2f7d3f7e57dee9,reference,4
f1bd7ea3a63b78a60b5d90d91fdb4a1d7ac0de8e,reference,4
b16c7d45183b9d595ab64301be019741b1528860,reference,4
bd2bbaa226be8fe6564e878e262942dd54c4fdad,reference,4
02f0d5faa1cd88ea0afe48b756bfbf9adfefba28,reference,4
62046aaafcd024706ba2a0e7f95c00f548e1496c,reference,4
9b0f2eb238171bdfdadcc83b27009381dc04ebba,reference,4
0a5e2f812e0f8fc8e71dc74292193cea33c8d422,reference,4
57eddf6eff27193984314141d04c333c11532fc6,reference,4
85664bb73d09a20f4d3f7aae81143c0f25060fbb,reference,4
db484042bbdcdb52f18387277134fbc1f7cd131a,reference,4
ff2eecb21972eb287064f98db1a4487c62bd7566,reference,4
dbd6463cfff26861f6f3ea8e8d19eff4e6331904,reference,4
5679d358cb2ebe2a93d518907327232b951fd58a,reference,4
a8a4830a764d7f25f5d162216f230c88aaa161d2,reference,4
29a387342644a0dbde917fd6948a9cd16dd747b7,reference,4
3f40edfcafc018b2cb54612a9aaa9d6b43a11a26,reference,4
f131b342e3aede46d24afc9b9055a94cceb0936a,reference,4
aeeb75937b70d47b59256616555114a9d9e08240,reference,4
7494de416814c2b843291e746c3a44d9ea64f87e,reference,4
a2bf0f9d41c550bc7cf69706b322f9c9838d3b00,reference,4
156c1b14d1160ba9802615d37e8b827a13282a4e,reference,4
c4d3b9a87295db0b9f6466b7f3ce2f175c6d3157,reference,4
12db3efff4cc9e16822dd64bb1cad66f3f034f3b,reference,4
fec455cd5798dfcb70e741d76c88326d20d2536a,reference,26
01a819f7155bb87c32f1e4c13d9439c080e6aa97,reference,4
64e9e1686cf85db163f007a8621e2c1b24d86feb,reference,4
7273013a3eeb44281c1f0492a73b1efc18ac7d7b,reference,4
f81a1b4510631d14b5b565c4701ee056f8d5c72f,reference,4
db95150f29a37d8736037af7506ca7c63331e097,reference,4
68f86181502bd523e6faeebde704873cdf154464,reference,4
a9eb336485e148d0a3f5010693d7752facba2875,reference,4
39bb5d44735c07b1e1f4341a2d4bc8d5e783f491,reference,4
c6c453c180cccbfac3cd86355e1d4777511fd385,reference,4
568803a3cd4ecec1f5038621b0bad8462493418a,reference,4
d599905b8966e5d735ae024ffe2768e92cd2822e,reference,4
bea2659de9d935ed34eb5472da8b676d0ea3f401,reference,4
06c8f8aa5d9fc02ea8ba35010e5b1e8420014c62,reference,4
475502b047e8074b37cf756c95a2a43f4bbc49d4,reference,4
0d9305cc2b18fc46752930548e6c42751e325783,reference,4
0490ad904619cade66911b9347b7bbc610acd321,reference,4
b549b74b70ab1123d6771a67d4912daef8e13a30,reference,4
788477fadc464576ae1b059785245c9581e4e13f,reference,4
fa8ad38863ae7b96570e91a05d7fdf5e6d768c0c,reference,4
819bbdc2dac9e13d9ca3e2508a6e063186ce5e40,reference,4
9397d56e35b1597e62af5d4fa773e4dacf3c20f9,reference,4
84611a36030fc6f7c4da24134f4257ce7d7e92cd,reference,4
28ba105e12eb1cdbf5d9423f105771de07037f8c,reference,4
641a494b5a1bf1da06dca373dd48b10c4d042c4c,reference,4
ee8bc293a8c3f980aa7dce8316c87da0c71b4341,reference,4
000f964393dafe113a8e66734d63b2a145844159,reference,28
a95ee02fd85a3734bf19bb4bbc6ef3ea22c96cc9,reference,4
0b220041eb83c23b7b10d32a5d08c0309d528071,reference,12
748ef0b1cf928446876fccb69b14dae4020d58df,reference,4
4a4a7c1281f022970f9faa171ff33f2de04a3ba7,reference,4
2d77eeb731c242a9d256e833bd5830c2fa3c5e4f,reference,4
193955704f66923ac20a664bd184ed4663b2bdf9,reference,4
9bf587d032e3764720cccd5beaf941f5c32880bc,reference,4
308fbf6481d3728f18163b27bd9c77f6d5a1d438,reference,4
09f79daf280659e1cc254ca9d454ac2bacad7620,reference,4
cf4178eeabf1618bf75081a0a341fade91f3444a,reference,4
a90002644214e7455013eaad7815041d310b67ed,reference,4
07bc02bd16f6fe78a7ea3bb8d966fcc6e3893195,reference,4
1fdf449c96fbac0789cf8dfae15b788905407fd3,reference,4
75059feaaec7dd0a8810d8f4ec6985f5d00b73d5,reference,4
f6f91a650b59d8f4e7f8924dafc98c8a2058c422,reference,4
6121fb3e393597e02481a516f0035f06ec9a5836,reference,4
1c0c13edd4442ceb7eac70bbcaebaf84512f9a3c,reference,4
b8965001a40bf6cc319478038a03090f9c07f7e4,reference,4
4a806670b0aeb2b55c1efce5ae294e34ac9c676b,reference,4
e3c677111470321bf4190860a62b7619d2a50af3,reference,4
a72975eb88eb31f193e9587e7415cb04e7bcdbee,reference,4
5c15f41dec8c6c9be91cd608425f1f133fe2f8a2,reference,4
8a9846283e556406b0e78b203c087c4821071137,reference,4
59ae3f32233781acd5e418a647a46ff9a87c75fa,reference,4
949842a2531ccbd47e650980ceebc5e0a9a90b1f,reference,4
6af986a2cab884fbd30ad6da2928dc19c12d83a7,reference,4
f9acfdf58ccc27ac7d4b815ef8a2b9e03c5b215a,reference,4
155cca227df652fb09e33ba888643e243c333134,reference,4
a389b38c561cdae1b6b3acaa2a9f66c25c21d035,reference,4
e586a4591ba0303b769f2c07cbddaf1899cb72e4,reference,4
cbbc2cc774c50b0b19922185b80e9ce90b7cd2f6,reference,4
e516665a91d7e76c75796a106332882153323e6b,reference,4
4e816946646f20e91aff58df4baee0da915d3ec1,reference,4
1ca5618423c64f0656d13c2bc0d387cc2006f7b2,reference,4
3e826e52754d0876611c8cf2fa7a781a701c39e6,reference,4
b9a1189f2de7fd5e66551d7c425556e5642b823a,reference,4
529a0b3addc3805d69f870b46267b7c329d35a2f,reference,4
a86e12654376323b712dd3d39d5ff22283f87a7b,reference,4
35b7f5c369c78d36f83d5e8cf844432735bc7819,reference,4
b1fc02780a21bc0f61d8d8e70a8e8f6987c06bb0,reference,4
bd9a20c03adc415ff33acf28107c154c12c7dcca,reference,4
1dc2d0f43df7f7a7847817203411357eca79a5b3,reference,4
eda08c6f5919f39979acf0b3bc52e903063b5ba4,reference,4
0423fc7bc1880b850d07aec8ebd9217a70626572,reference,4
ef933c2d89a0dd8130a2b066be48317f0bfb03bb,reference,4
db1aa71314016e12e115fbe449a688f523e52e77,reference,4
109929be7890ef982fb3b6be0d78609cfab1ea13,reference,4
e47e63781c0e7a2c0504b9381b76b5d01b62c53d,reference,4
d962b6772dab0ce2573370e72a477665dfe5ab08,reference,4
c935ef9b9c10cfa3c61722c7f89c77ee3da75c60,reference,28
8f016a25e7a90b889f34ec8e698672ae6d3a4ea9,reference,4
271de6816367398ff5c3619e3b061b414388cd8c,reference,4
3fae5fb60ba9eeead5f1b2681ac6b09fe9cc4926,reference,4
cd0db1266961a9cd3e61aeab6456d35c32d77a39,reference,4
751563cf0c32fe4dfa43d3416c916f8eb053e5f3,reference,4
f5e9337477d7a9eb6267d0310549fdefafbb7fe2,reference,4
8071b53a46b0eb368741afcd90c3f93d95f56fdc,reference,4
d3060876d9ad4e4e50e1c88a8c04186df00f24e2,reference,4
08145978da4c8912f4a05444a6bbf048778dc4af,reference,4
2eeff1edde4fc66284e7bedeb8eb8878ed4560f4,reference,4
abcda41679759e17a7bd89ddf1ed069391f9fbea,reference,4
da0ae0a54c6ec1d116a615fddbd71d190b4060da,reference,4
0fbf7ea1a3bd1754ed9aa12ed25906b731ece589,reference,8
5fe9c0b37d6e3231fda9fea581b3dc360f99078e,reference,4
a89c30ceca55783a1b2ff843eb6a4793e4a54b66,reference,4
fb0cd3f58d405b2d1511d6f6066affeb7d5a4902,reference,4
2b72888cc3ff048038f6011b8e3d89ba106540b6,reference,4
03d8be9227a37ed1309f25ad786a4a6b5e19ac3b,reference,4
124a3c12d35c4f40d5ce4fb48355cd17af1aca89,reference,4
6cb35dd6e1338faa0c3d6a6b0020bbcbcc18653d,reference,4
159b9c65260beea062cebdc023d9e802869768f3,reference,4
e55fff3d7e59a7192b59b4b497c17ea9c77a9d16,reference,4
8c7846c9805834dbe2fb0c8f48253b8d65b79d6a,reference,4
17fbffb05fa14e21d1c506fd5f0f568b955fe983,reference,4
91c37a88c2b320725057260677ae79f3cdaa492b,reference,22
1e66b2d2a56842f07e5d6bf4ac0dbe5da829d052,reference,4
656d40a68662ac480a6c56677f7fc12aad26a50e,reference,4
43ffae1c1c6a7371dfe89ac84ae45f3456fdc5a0,reference,4
c6fbe66f962908a6cf7cd771268d9a161000ce4d,reference,4
a21de70160c91dcf9b1e7a93fbb32f4b2687860a,reference,4
435f070f4779a184285917184899fbdb43bb6d7e,reference,4
f5c73d9e6641b018b633690102121f5605d34fb0,reference,4
66e53ba87f201a2ba8bcf09966f16ae068933e77,reference,4
ff2a0fb125e7f03428420230c6ecbeafd4cf07a8,reference,4
5161e4a6a6c276960d0db610acb7807f5fdf4c7c,reference,4
bf7b1f67c80ebd45e0b952946de88773c123b66b,reference,4
d1eab1e0bde832b121f301794d3b5da0684b8323,reference,4
ffcbc17638beb1e1aff3eba1dd48735ed72a02d4,reference,4
d53f4cdddd7494d5f6e64d81f627691f6d7dff95,reference,4
a7a2161a25f3e4e1eaadcce8e63242211d8fcdb7,reference,4
e46bc16bf3dc13aa49b93f25b3e0462ac869cfe4,reference,4
c9f83c0fa1425d61c5b16aadc4492ad53e4fbda2,reference,4
83864d7d13a01b7d1bcfc844692d1a70bcea605e,reference,4
ec74b0229c94b4fc279e2bab5ba648f0080e9154,reference,4
6bef46eccb4c7f521e4f255a01595ebf9994ae22,reference,4
f5d35779f90b8b8dcf798787bf68b4c294c6b5a4,reference,4
56fa65d8dc41708082f9b2ef7752c49cee9ebe01,reference,4
d4d7966a7b4dbf4cd764e443392d22826618a293,reference,4
9a53e53b2d11eb5247448f244e5304120382945a,reference,4
5495046b456059ad820ce26157ebe102147011b9,reference,4
912ef861b37cfd95d631daefb57a21832efb8380,reference,4
e20b2f83f7993446382f72aacc500319465bca2b,reference,4
4220bffb01045faede80cf8eae76605658ccdcc8,reference,4
ead8e62b819d5da97786e9905563c427bba5e29d,reference,4
1b45ffb16f18456338fc2298a26854832e2574bf,reference,4
846db95f3c330d777f76692dcc7534dc364149c8,reference,4
895efbee8fe665460c72c97737e34e0b822e39fb,reference,4
a8d740aff768210d21bf30cd83bab156d78a232a,reference,4
dce4e4cf1cd8c42b8a400280a48283234ad7aafb,reference,4
13581a46d32822e44cbeb1acdba4a59cef2b2ec1,reference,4
ece77610adfb0fb162dd22ef694f2777393c319a,reference,4
9d838f9d7a5406acf48d8b9d17a4cf581b827ddf,reference,4
e06b097b0b3865d627b3bcc0d8454242bfb3ffab,reference,4
3b37ac8b3bf8ce69e9f605f3a7c2c7adaa40a191,reference,4
28dafb94a87daa71ad3edf9f04f3c8c32753398b,reference,17
2cdff023cd4b185bb452f3c7399580db2d0fdfcd,reference,4
f2aa88d8cb4e7e2be4be58e8f0d8a833a0449e28,reference,4
9e93ab728e3e174ec1492009055885a9123d434f,reference,4
0a1be0565f0f9c0fb328d0210574d208dada51d5,reference,4
e7ba478aad9b9534a9f632b85ad87177f5587189,reference,4
8fc90497d9043fdf35e71302b7c2e79bb907144f,reference,4
285dae5c2f2ef55c70971094a1ddd45afe720eee,reference,4
3049c992adbd56e29c4d957ee0c4e9d05fe3c6d1,reference,4
628952a4b739cab34e585abe07124299071d874c,reference,4
6ed74f0f41d546872e2092830a365d09dfec3f2a,reference,4
6b2395ebcdc3f284d30fefe5d9877aa3caa7b53f,reference,4
99bd07e888476904c6dd77ca154fd48629ac6dce,reference,4
92f19090599910af1b1c9ed2b318abc0adea0527,reference,4
9f8ac6ee3760ab202e492c733362e5bfc6763934,reference,4
16c64f74ce0e6a59b0709c0d8e66596a5bc08ed6,reference,4
a55dfc1482c9fa32859d1e8e8c5813f5a22982cc,reference,4
f02d56e630986997e0aea3d92bf53e0f363ce401,reference,4
aeeadd43a95ac7af93f6fbf7b165655157a30055,reference,4
20f7e8e9f64ce170fe3fa81ca1b32ff4826698ae,reference,4
9f52317ea9c5a6804b978987ff2a6557f98b5b2c,reference,4
b6207fe49e29c77402f8dbab052e949990949609,reference,4
69f28be7a29f316785e5b8fbac9369e81eab5d4d,reference,4
89184ab496b2a1ae31e068e628479b4cd8f4b9d2,reference,6
20ab124b3e1a5770c7816e2f78dfd5d64de447e0,reference,4
ca75356503c540ec9207ba203abe5884564598af,reference,4
2e6fa3095df1d1ed041dfb4f5a18e31d4b7bd7bb,reference,4
38885fc6a8067147b6492e4573ae292427364d88,reference,4
07e738d7c10505b8562d0b282a3cae94b485b24a,reference,4
796c0005a99d300c08903a166cf85dd755cc0dca,reference,4
9a7ac45eafe11ca003db3a300505f3b5c3f9009a,reference,4
b7270830eb423d6970490e7ab20c14732e9d7ae2,reference,4
db5423d1d5737aa90c48bc121239160d24dccb36,reference,4
f90a9249c7b2e5c8a42c70caa6f3b192598c1066,reference,4
efb8d99c903328f64bfbcaa10b59f3b807798c55,reference,4
4b308ba40e67b0b4b25c6fde17195d5a456a2f41,reference,4
40ea8f78f9922443eb8e27efd210ca63c8a99c7c,reference,4
5bc43db8a438af826ddff02024ab9c036ab6f11c,reference,4
7b00c4deb35471194bbbbd338191165d53167fe5,reference,4
c6ee979c2da4b55a8486abae4cd720422ab09b26,reference,4
70b98d90767345b15e0569082c0e4ac661279b5d,reference,4
0914c443c0fb00c9ffc26ced54c1932079d5e652,reference,4
53535d38fe259a3aa7c911edd8048d764e09e8e1,reference,4
205cc15fca6963b355e4c071071368e874ee103e,reference,4
0942bd8fad71282994ff4e9a779c09745da68edc,reference,4
4f939f0751e5484f54089f6a97598e39afdcb3b5,reference,4
c6a47dec94ded708fe759ca0b71ad57ab72fec07,reference,4
34bc28087e1d6f047e2736791f79d769293f447c,reference,4
41c548654688cf01a03711eb321a12acaafcf680,reference,4
9cd329e3b86e6869e73a91c467459b1947655b07,reference,4
e8f57752f8be4bd0819a3ba380837b9f107387eb,reference,4
ec27f85979899a4193a8ec3b932ddb677c59be62,reference,4
adbda885f4c2d68bafd1a2a8fcbb3dc88cdb4951,reference,4
fb49e38135302a1c16d644c0f746cef7d5f10ee4,reference,4
478ec7a8001d46cde90395c4a9d9ffdec59d5ce3,reference,4
56373d3fd0f1354a61f9e577db039cdb187d8d43,reference,4
75f7e9e2b59fb640ef9d1dff94097175daf46c4d,reference,4
1255d716d0e0bb2a6193a8ece204549a2bc46f7a,reference,4
965e409a3e7b5670d609837fac9823b160d6639c,reference,4
dad36d9b8d51e7ae14150a48a76bde0a8eb50eac,reference,4
2252400450fe742cda5d60a59f6fffb8392bcbe9,reference,4
b364def1f651dc7a5d312c6edd5d79b0de8197bb,reference,4
deff814eefe597b2fe275bc3dd205ecb1cc09c4e,reference,4
7ffb3a27a2a4da5c35472bd3a3a4dee8d40a6d86,reference,4
5aec1050fd62971f2b40b597ef7526fbc820beab,reference,4
ee9050207325cbe6fc9a0d510432601974cbd0c1,reference,4
075f83cac2742dbb36ee49d30f7aee2a322f3127,reference,4
97833e2aa0da5240e62436373b58af988a4ab6ab,reference,4
9b45af10429681249fafb07c3b6012ea4ce63ffe,reference,4
8aa2c70563bb2c03e17297d8d726890da3d5f001,reference,4
69df9966d13444e5cecb5cba8202079adb7cd167,reference,4
26fd105d0b5a458979c012cddb3ba2de943388c4,reference,4
0e1ae0bdcc8469db99a4f8008288e20f285f1c6d,reference,4
9ab5c6644082b6fdbd6a2b0e6ae3527668244424,reference,4
f240b39aa5aa30b3e4f7a8e68d681a13a9a72054,reference,4
224b8cd8c31cfa86c2a84bec3a65d9ba44f38280,reference,4
15586fec836ffcb60eba81491e04c225e6914aac,reference,4
4f4a80148cb8f328aeaee68b34f9797cfb5ea150,reference,4
5581bf85386737bd3378eec68189759a05280bea,reference,4
6c673f92ac808d9ccbaf3fc35e8da9cd66caf847,reference,4
ccfa7a251644aafc7f85ca66c6652adfcf93429c,reference,4
004455626f641d75d5e85e9f95b11580e77da277,reference,4
780f7eebde16b1ae5843df3a79a7772899ef6a71,reference,4
8bd182f01c99e643c9a5a96832dc1a16b9cd10d0,reference,4
ca3d845ee518365ca73a3f7a7143c2a1875591a7,reference,4
d697b440dd0e65a05fe027e4c0ea85f62dcba033,reference,4
b6080792b3e5f13cb6e12f2318f77c8f1b41731a,reference,4
c022f75b00d795c6297d6a9ea948856ea4d365a1,reference,4
d3e4553f0a1fd465ae358701f1bdc2e8265308d6,reference,4
fecb8e81882384731b6474025ffca846cb048c9f,reference,4
1aa206426a20b0b549cda5068b90b8da353b3434,reference,4
075b6fb7d3787953164eecc1bd2e13f97c9f3c44,reference,4
7ffb212356df9980347b3d3b9910dfba75a5d0c7,reference,4
316206a2f89eb94ce02a81fba1dc304586f21b39,reference,4
e30a39570bf8a153bae86a6afde00983be9d7d73,reference,4
6979ce65b9f657672cd3a0b9217ead51511c1838,reference,4
15190e8b459bd85d546286f7d7da61b4f4f3f58a,reference,4
eaf5fdca5e5c45d24fdf8bdd3d663e9369fcb9b2,reference,4
3d5463a16d85d9d1d0d8ebb4117a31aca3c240ff,reference,4
af40161385595e81642a26e90640d0f16f5d1e5e,reference,4
bba32ef8cf879a3d49f31951e59016f874d6a6bb,reference,4
855f232253f4d0ccd0887a8abb97bf52dcce9dfb,reference,4
9cf015fa05c0d97fabe1e0b2ce864a832baaf82c,reference,4
544d746f6960f2785b8228691b9ca9879e84026a,reference,4
5b269727dd4ecd8aa013950bd6f7b15ab80eaf53,reference,4
f6bad6683d34327de07ca91838d5047c86b8b969,reference,4
431c4345e3cf38a23f122ec7a0eaa7e7b8ddbf7e,reference,4
b40f634c19ca59c8b8da641f898c2b41b9936f88,reference,4
d417746c7805d46f1f2646f018ea6cc8addde3fe,reference,4
19582941350fe18d412a828bd028e70449b211d4,reference,4
db423930a2f9170cc3ac7d10c5a605797fbdd214,reference,4
060326641be6455b9129ec027570c04b69397300,reference,4
cdb03535dc27b57ee677f70c54f6a4dd74c6e208,reference,4
abc8fa74e1738084e6226cabc90c91e42d03fd02,reference,4
784812fbd0bf2a999c34aaa97bb7472c399572df,reference,4
b769d7b5d523854e2930bdf2b3d385c561bbe26b,reference,4
f186919a8a145204a1f1cac4dac8f1cba70a5f11,reference,4
7944e86b77df28ec78dd76f1af5a4f091afe7ae8,reference,4
ce09d7a0bf35ee6a2d857c472efd8d480b9fa122,reference,4
5d4a6ce39cfe7bfc6305cba86464efff8bc20c97,reference,4
e368bb64dd08a09240ab16b486f35fda7f7b8f62,reference,4
885d29a471fd32df9356710be352db62c9c2eafe,reference,4
7306e97d2fb5977572f47a90866323239ab1ccdc,reference,25
7a504c30ca8cfe697d98002f8681fafab2b23300,reference,4
8dd04dd93055d1f084bebb13795852c72f0e74ce,reference,4
58d4226881202f426df3fc6bade3aa5f5c13322a,reference,4
14005fa355419392fb3d1e1a59b2cc89f41dac28,reference,8
60a5d611f7e717dac9676f866120cab671b7001b,reference,4
5546211e872bb1c5b3561a01741ebfb2e21df778,reference,4
b875b4f6420095a890ca1679fc8918642e6b8ab1,reference,4
98f344d7f542f04bd9afbda0baeadfb5f7e8c7ec,reference,4
d58f4d7eec0ffdc8f0b1b1ca61dd1586073553ee,reference,4
d2a2116333681d24462f9adc2e2c803f4dc06f88,reference,4
f282f8a64476c1ab2a05c63d6a3a0d7e4b2996d9,reference,4
cf0d079c1e60f1866088f548c0ec541e5b6dcc36,reference,4
86bef5b58ee5b8d9518e948589ab2744614e662c,reference,4
48ebf17b6ec5e55f66b6053265761805130ea7cd,reference,4
930f61a103925a824436babec176d5f3787f2a34,reference,4
8963e1f0199c735e8d761b9c0a2f0578825f37a3,reference,4
e4273f01e6d7cd41357ea3af5c1a3df4962dc124,reference,4
635e4a48495ceb761d721e0bea3f1b96e803b3e6,reference,4
c78427f8a75bce3c446813eb1a58f86266d2e20a,reference,4
3ebf3cf8f370c02393c965fcbbb77ef35545ceb8,reference,4
e7b23abd802d9a6d17351fd2653b100a8adab05e,reference,4
7808f614d993cae3ae2cfd3afc32f8d9191f7126,reference,4
59a66f2974aed18cc465045bf44242e9e86ad5f7,reference,4
ebc9b926157227bf0b24f94b7cd449bc84a1505d,reference,4
2352a5e416d370023f2daf363724cafe7d7900e6,reference,4
9cb050f5fa3a5b0f686c81cfa2f80653a33e54e7,reference,4
6cd17fe43f8c95cd2b57104edb0593c438965899,reference,4
499075670464a7426ea5d12171cc55e892fad1d1,reference,4
38a4f14f8c4933a1aa8781da7d5c746879bbbc85,reference,4
e4ceaac6047fa4931d11d06ace81b72bf5ffbde5,reference,4
9a3d3a5363755e0b2c1b18fa13d43f124a57693b,reference,4
8c9f052c706e823f031aad8ffcaef3e867e76e8a,reference,4
f65da0ad10803e6c66a5281add95b80f76587530,reference,4
deb6dd39a68ea0d949f580a7944abf595185e150,reference,4
5d0b03d545c6468c943858ce46a865380811d05b,reference,4
6f3562f861af68e04eb8916230eada09b07d7e1d,reference,18
a9da568c4e7457323a3dbfb8b452b1ce6a1e306d,reference,4
4f4201222253e3cd98172d0308d7f45f7686751a,reference,4
e4a1e9bb360f29aceb56079f52484c4a4de1298d,reference,4
ef29ae1d2ec462e8f06f72435ce6fab0412c07da,reference,4
78bff3a2cd75b607747bfca3fdb2a0c8903c37e7,reference,4
02b996519be048a4cfed5b823a5756f8bd1b6b8a,reference,4
47a90c5069d7f148e22ba2c06e7b5fabc2b557c8,reference,4
1583892eea9efb06424a03cdf0144a096c7853ac,reference,4
d86b4712c1c64af64be5e693e796081c1a90e751,reference,4
73be59bf244d1a06cc3b8e88e185a09b3b062d7a,reference,4
dd20cb2dfc8830007ee5fadcc4ef41eb494b08bd,reference,4
2c40c4475ae4eea2b8b568871c435b373f18af42,reference,4
9bcd28b1a0a9ec04e902f5003cc6b0129331845e,reference,4
33a9d0133c62390120645332557218e6ae0d41b0,reference,4
f6f9bcd24e989332dec21cb3bb0a9e9b2412a95f,reference,4
4a4be7d754e8938b3d05140558d9d3f74f257c95,reference,4
f4b82e4f2746b1332ba4eb09427df1becf7e0fa6,reference,4
f24dabf3317abaa3d7393ab7d48115f353749bde,reference,4
9b405bcf0c10a220e848eed43573ffc3477e13b8,reference,4
1fe3d9f5ccfb8fde2401eccb5b187e9df0b6701b,reference,4
eec73c865db0f3e882ccb5951879de0eff423266,reference,4
a845bce29105f55dab1e47d2f92d7338eb183a4e,reference,4
6cea8d0fa51ad72f4f07b154cbf8c2c7214294cd,reference,4
4af56f8ebd1be53d6a59ce047b0a828397038859,reference,4
efe7a13f062c82ede0a4fd419f64dce7f7156239,reference,4
b2c426ae8aff6fd32c850c5fb24266b47417d96e,reference,4
70f8e3c72e9178b408667e3619a87a153fd853e6,reference,4
d10cc691e58f2a61887932e43e01136664aade17,reference,4
a3837000307940d66b28b617735c59aea585c360,reference,4
86e7122a7359f32329cd52dc34c425e6810693d8,reference,4
aebfcdab42f10bbaaef1b4a61d9b35e4a91cc35e,reference,4
f031ba42cf82f106200bb03fbb91dd5671a59b9c,reference,4
b742233b83405d303f61b3378f70475e4efdf75b,reference,4
5c8cb5d39aa8531fcb5962821ac404e4a0e109d1,reference,4
9715be0a94c9b05bafe299cbfb4f846453bfd2ab,reference,4
7b0f98f51040700aae3cd9f0e3432dedcd69fb30,reference,4
8e9b51c87fab57313b6b30ed9b08b02a7abb5031,reference,4
3aa443baa063a4fb69df0deebdf24920ad1eb94a,reference,4
f33d19614d78f4a6e107e768ccd0a2d4244fc89a,reference,4
75af74f4e371b371147fb1d1e81addd921449cdd,reference,4
7e70f375fd652df273108648d9a1dcea788d48b3,reference,4
d7b3e795d657ccf1562053f47ce1ff81044fc2a0,reference,4
bc8a87df3046f49235b00e6876915a05a428c3c1,reference,4
791c3d8cfd7b6f16e4b007f2e549e4696e822750,reference,4
bba47079d385bab0facf4527d5da35b7ff0a5c3d,reference,4
bb83db3f3183c847b2394ee3a8c13670bf34620f,reference,4
dceabf5eec3d1ef36c938fae8defbf6775d487f1,reference,4
9cfecf5af640f31099d42d5080bf7f4a7b0fc62f,reference,4
794e714cbc7be4621fd6af583d9a97155fda1b7d,reference,4
1b687d8c41212dbce876dc8abfaae99419744d4a,reference,4
94e5c2a5298f7152c343c5f212a6cc51c30f062b,reference,4
ebec4ad1344c8d920fc6a1c272ac1861271b7e8b,reference,4
e96d55d0bea01c25178438d8a958e56984181b23,reference,4
3bbb701f0e7534fd4dad9f412edfd3c49e453cfd,reference,4
db32fbc722bde1f1ce999d4e31258564aa53ea77,reference,4
ec3766f5e768fa1bfa30409363e142e9fd00b271,reference,4
705ffe8b9bd60d94e13be57aee38f9e5f9efdaba,reference,4
be5f0610f4d80353dc12766109d053469cf1145d,reference,4
07925ba989003853c5b8e89a57f353b5cd9f2c0e,reference,4
ac3ba29fb549bac9988f73f4c0683f38b473a199,reference,7
71418b8edbfca974ea9a3e4792ceecb98524f965,reference,4
ceb9c06048188e0b67b476eeda65c9ad2f95f6c6,reference,4
54fcb9c08b4a89ad1ffe87adf708e737afcda846,reference,4
47ed9a1ce01627394e59d9d0d997d9192d59f016,reference,4
e08652e042186cddee052ca1bb53b745c0d20920,reference,4
42b6e69f68a7c1f180ee065fd8c532c299ba4d26,reference,4
e0836ffb7724dc3dfad2bfa3bdf53059f4737b36,reference,4
319083c0882b37cdb4675bf561121a427e7d31d7,reference,4
2db371f6a119b7de6c1fb862f01b06592f864798,reference,1
95fbe178b8b8f61d68c8e9d535924de8202311ef,reference,11
cd3d0d415ad97ea623df52c5743743fd8911db3e,reference,1
35ab4a0e0d6bc65dfd89ba05a3cd525e54696ec6,reference,1
271ed4a92c99e351edb7ad52b5e50a819192fc94,reference,31
80af1501c0d70528ed775550320e8e0051ad5bfb,reference,1
a2db7f4aa6a90800d8a83732392e68a1293ff0e0,reference,1
842083d989bf5624a2652b355ca59d7a5cfb803b,reference,1
1bf0ff5ffd2e2e9b6b1e1fd403af4e0d4fcab05f,reference,1
19f4c71a3f3563a78fa5bcf5f532d618171089cb,reference,1
34203e77d2f7548bd681e6b439a9fb6c7ae856d5,reference,1
355d485c65b62ed2a6c103bd5429e1ccd5e292a6,reference,1
df0b858bfca3f8e8e4ad09a2ecbc485c45ca667e,reference,1
fac8990152c0aa313e43ae4c3f657a55f679d161,reference,1
e198eceaf6e652181545e601cefd2a08e653e05d,reference,1
5aee63ad03ec3230a0500a80ecfc2d86cabb1df3,reference,1
da1504d552ed5faa82176cb2abfe20b8c2582518,reference,1
59a6eb338650c3e61f282e85978a4df13f711ea4,reference,11
d4cc9fcfe29d7c0676583a6ed779b05a4ef7ee73,reference,1
d7f4b3854305173e96726258b204971cb25b1147,reference,1
7db2e002bf96709c31624f352b8b79cd45456e73,reference,1
69cdee1420b64e5a8c8c5ac9c4b1b9a4bbd9e27c,reference,1
d43240c5a2f3c79edbeb44b6b6fa35e1e1694c3d,reference,1
40fd06ae1bc4b5266cae69158dbda54ec3eb757b,reference,1
4a2abef6da21f6e29c8972a9a6d08741a6401abe,reference,1
a3707ba55b88df07b79f9d188723ebc75440fff3,reference,1
270fafac2246a4e84e28210df4bbf2ad5943e8ef,reference,1
dae7e7ed8fee3e8259424644351177f33aaefc38,reference,1
8bb5eefb7e53b2b0161e89384fa2282ccd7121dc,reference,1
4fd2798710ae7e9ffe8ef96666891f43885c79db,reference,1
bb58a2d3164d8f9f4448fa2f43d60a51b8b6a35b,reference,1
2c319440ab40e403454e5174c0794478aa9ccfd6,reference,1
21fcb0b2945e1af59d33b402defb0552cfd793c9,reference,1
59b98a8d58eca6be30d5f544ecef566781a3c8dd,reference,1
0858d2acc2abf2f36da75f8758b033c5786ff9a0,reference,1
ced3f05ae95af17fe4a5d3a61478c8e0e30a836a,reference,1
8d01b72c4ef340ec5c0c195476ead098e3259fe4,reference,1
a12a067120f2a6a8fde119d636e5952c35c2ca94,reference,1
b78e1e78279994634c45375fa0666e384be58179,reference,1
4f947224264117cc32b1c2cb3dc719ba7f6af3da,reference,1
f3a6bcb5b91524969e65cc9899fb3341fb18f2f7,reference,1
8ed4a4d278a8898e19b31e2af9e6d7275a5ae888,reference,1
49e62b83556e0c8dc4a030567a65402d4b9fc7f8,reference,1
01957008d36e54db3049afc6310cd5a1a841dc04,reference,1
8a40d5eaa6df81eb4c6dae29316ea540d1f97026,reference,1
4dca591042a6424124c2e735afb0c775b5f13d83,reference,1
5d2892797f558e3a5d5e08b326e63534385cc00f,reference,1
c1647173db395136f3c2be0d1dafcadca91a41ef,reference,1
0bb49d85804c7e72a1c63eb655982d4b6daa754a,reference,1
fa55132d2ebd587da4f5c85e525fa9758c82acec,reference,1
103be5afe3247386f7a3b3d2b7138d1c1d98e90c,reference,1
a9960d86cfa99dd7801dd70a8f9f0536a6d30190,reference,1
d2cda4397bb3329c4c5b7277b61eeac6e7d98d2a,reference,1
09357730a69fa4e85356d293f5e7f2b9f7ed1f11,reference,1
b1c8fe1399303a16af20155d40dfd5a26738d4bc,reference,1
57613b5ea0c64ce6ed1257fe359aff85689f9e61,reference,1
41ca3dc39e3d359d252c2d9ceed69db228230be9,reference,1
60faf6805c50cd71e8414b0e795966ebed525d46,reference,1
2dae1829ef817c603c0b556167e0531201203d56,reference,1
5341e0e01bdd27613d95f78d97148e1b98d05178,reference,1
d49b5e7c6bd09120575d52f7cd50e85afc3100d5,reference,1
1e6f778ce8042770ae8fc50a30e8ee2885e94703,reference,1
8da7438b3a546020a495addee7a4285fb61a6170,reference,1
83030e1c02c2f206f868f155663473cfb0215a5c,reference,11
d1b03dab45866b4697bc4afda529966b383d0a78,reference,1
62353fbe0e4ba8c266b2b26230c2c1b4cf64899a,reference,1
b467036844e26c96ee94c466d771f1a5bf617204,reference,1
75819a03ca648ccb968d58b66190dd6f9a44b142,reference,1
17f69718df8dd3ecf1a65e9d32a824ee5263a979,reference,1
8ef757c44f5866bf79c095488e4e760186f54b80,reference,1
e09229591e42c1286b176e4a670bc2cc14d21369,reference,1
ddf500f6bc66fbc1435567097e719204a33ac4cc,reference,1
9c4e98bfd123336c09141c711dc98674d7cfe7a9,reference,1
b87978dc021d0368fff7c212310542e8ccb947ee,reference,1
f8115fbeeb906df6a14f5c075e2881b72df05e55,reference,1
9c329d38ee268c4c611e981a95f77208071a1a44,reference,1
46e5ef52e1ba63b486ea721e4ef479ad961e66dc,reference,1
8dcd3eea9f9f319458b0bffdc96ec8e7808a1ba0,reference,1
42f22e6ee8742947f969bb41e92e4c6b0e910133,reference,1
1ad9d18a0ea4addea188e8f6b7b6c97834550c01,reference,1
4770168d142a3d429b23f2e987e13ac42af92012,reference,1
902455678ebc1e8e8ab8dfbc486b41703b6022e0,reference,5
4dc95aef98c78a258df7415ee7465c6525f3c924,reference,1
a2984e9c78b85b4865890c64ca7ab60869c9cbc0,reference,1
2d3b5a90976b89ebd16efda15801df999f0a6599,reference,1
0311f5740c78a5dff9890a97b4be59068bbc3d8b,reference,1
1c6aa0953f3f91fd8b23ce77d3dea3b6a413f0b8,reference,1
74268d68ceac81c823fb56b7f00629499fb29fe9,reference,1
069b819d5edb865e0a710aa231b47dbba215a172,reference,1
3b76ebb8f8fe37a401d875abf17867b691f9fc64,reference,1
3bb02963d44065135067ebd265b3e6a8672a04cc,reference,1
3f7aa965345190dfca35b7a4e00fbe4f9abb2ec3,reference,1
a4f2f00347cd9b3f395eeb6ac845211a600697b8,reference,1
414326d99133855dfc189949e6dda348577325c5,reference,1
fff3bec525f79f2dcc433a275b234e3550534d21,reference,1
59a5240a1bd4eb52fff5d288715c786277128865,reference,1
5c2523ceedbb8f97c2a5c3af12bb3f53d11750f2,reference,1
57fc6d44578d072f997ceff69d7b0d003b91fded,reference,1
7618e41fd1409638ce8812659209b260d2f073a4,reference,1
6685a84ae05b30a826038f48e438a2b26f9ef26a,reference,1
ba7fe3757a5343e73b7961b29fe5d65dbb0ef971,reference,1
f7e492dfd3de3a9b9f92bdb9921d75ab2fa3929b,reference,1
289b1cdcaf2bf534bc10696f8ee223bc02897d9f,reference,1
f7414e716b9c9e5db8092840307067a5c8f838d8,reference,1
c97dd05b3d7cc56fd560a493c7607d7df89a4adc,reference,1
281a3bf2078bc4cc9b0d7a5feea34f1c34d2fa16,reference,1
92b2ea3c244855235d10ca270dea7348fae07a25,reference,1
6645dbe724e3826904f1bb0e74bb194b63c829a6,reference,1
e0ed93eaee6ebd6635b6411d6da6c641975e929e,reference,1
81cff31808eeb47288412749c255a1c66752fe5b,reference,1
ee82d07c4e8127d9b25e5c221e6bcc09a483b6d0,reference,1
8d9181a8519ef758e398ee1741d3f523e045fc46,reference,1
ac1a5d1ec21c47eff35fe8df734245d7eca885dd,reference,1
53e4caf1ebc0e0a4e434698259a7b1b7bca6cacf,reference,1
9db7ec3f0bbaed7ac0d6d7d429a5c71f7a6cf9b6,reference,1
4d33d6848254af8a5856c5cd23d102a8c91d4e1b,reference,1
cc804f6f2f2dac06acd788410d4783af175995f9,reference,1
94a05373f45deaa537cea9978ec7c4a71f90de2f,reference,1
e41ceafe77d394b650430ff144cd87811fcc27f4,reference,1
7e367db1d878ed24c095bbbac9ce291ee899023d,reference,1
984f815d96d1e15b52b7003f232f85d9be78c1e1,reference,1
f0870be65f480a57d28f792f89246cae90431a5f,reference,1
32cb16635149aed9a77d73c4c931973204982a71,reference,1
f8a8a1976516d23fe8e83e5002b4eba4febebae9,reference,1
c64bef01e2bc25ae89f76534a3b16b1c46bafd01,reference,1
65325b2253f91645d2b20f4fec189ca6906bb569,reference,1
92205c3646e53fe182f2aacbeff29ac302c44e5b,reference,1
605a8b0d425a7cf6a0e97eafa681e656081d958e,reference,1
a05c96d58910c04d5136bd4f347a4a7aa67c1378,reference,6
abc6339d20f5916d8052270684533f4687b2f827,reference,6
e6852295b2f46fbc2f048ad243ae28328aa4d5f2,reference,1
f10588cd9f15fa8ceb4bb6cfe55477754886ca9e,reference,1
921411dc619d1a3f6fdeb77d263f06f639a6161f,reference,1
1bd9d2d2a915da1a40111aeaf8415bf1df5704d4,reference,1
68dcec33b99a1b78a8442660d37c505c519cde70,reference,1
37550eccd6f205f31b38a3e91852a7a9fb1caee0,reference,1
59b185916d054ab156b04c8c709f4df3e08e8e41,reference,1
1d71bab62bbc8181bbee6197fed7297ad419a108,reference,1
33dd02e072799b1d955ed3609070ffda50680edb,reference,1
ec9575d326ce92f2fa0815fc178f8d9739a48e2c,reference,1
4731bb716a378a00928f5e826ce7e2de6b41efc4,reference,1
0702b1e772f852d0a83389454d3fcd3e582fb001,reference,1
b56e8a4ef68b75401d422cf382662cc798c27a7e,reference,1
0b3729266a72885e3aac38ec98674074d6a1a1b0,reference,1
c1bd7728f54a27f060882db96121b318342bb155,reference,1
3e5ea28e90c17d33aafd7390ce90f90ef291f4bf,reference,1
62a8cda2fb4635592aecc263bfc674dde85e76fd,reference,1
85c65355ca1a21bc54d995f889e1524d79b69750,reference,1
a0c6d77fadd81e2b436173af47cdaa113d8b75de,reference,1
567197f589e176ed7ecc7d2093825b089ae9e1ff,reference,1
3ff44c2de70d779aacc766ee148d6df465f53e01,reference,1
f5d6fc5ee2cc8d1664b75d2e1a0efdeb9ba219b5,reference,11
8c2b2c9cf5f9d4671657cfa6242b19a9290bcb69,reference,1
7b426477f80b1588c89ace9aa2205e98789aa570,reference,1
3d1e88f27198ab65aceb35034d0f2321555c0844,reference,1
ceec18772eb8426b964d73d689bd129196d7c6d2,reference,1
5c33187438c73cd8e88eab9724d9ff1e75e89b89,reference,1
474c69ed1e797afba08d00c549cd0aa18984b8e2,reference,1
08da40e090b58f9d3de72adfffa7356377224487,reference,1
a4e22a5e5dcaa70393442fb740a404fc96ea1b95,reference,1
473b12a5616a3e0b0a5af09fff351462200496f0,reference,1
031ed8286daf421cc7b9dd2322e921bc50c652f4,reference,1
778feb622838fb1881de1c96dc99a5bfe027fa96,reference,1
2bc4858433c17d979c29b32dff6442b39c9cbfce,reference,1
e97d0f0fa1ecb9e34d7801f4eaa7c567abdccaf2,reference,1
5396582ebe88654242403f82f9d10a517225905a,reference,1
e033b6c4cd5198aa6e39b27480cc6da4e4ff9973,reference,1
f10aabdc918378bf9541bd72afbc0a197459e20c,reference,1
54e9616d62adfd490260a94e50bfcd9f9cdc3ece,reference,1
f5f28034d210b97ec8e31150121a04447d0aa1fe,reference,1
98bdf937d7eb831ff9a2a9b363a4e682638ee366,reference,1
9889f9f9cd08eb497e999b47fd671aa4df16561c,reference,1
65cb28b5b7aa57c297143e729a29ab204d54b522,reference,1
2d5aa7094f7816aff719fb5a3460be6b7e17e43e,reference,1
cb484aba262e7f25012ec0b7939ab459359ce734,reference,1
960d7f7038f3ea54963aab88bb803d051aaa8780,reference,1
07027e8096fde250c77355c377ccc34d81c1d7ad,reference,1
33156c8520abe9ee36c8bfac62607da1f7ac6ad7,reference,1
1de12a4998680c308a018383d2c97cc3e2b3da3f,reference,1
2e2b5a16ef82ef6a8c7652ae264c745b9dd554b1,reference,1
81597aa3a92cb04b40e2476fb6cd18e01986326e,reference,1
2d2e4301f9b7169ad23f7f031995c9bb9338e147,reference,1
243a99aeeb7b76c78c038d0c744b3fd653a8a460,reference,1
44c47a0bf21d0b555e7aedc1cd8a9bbf3295d46d,reference,1
4cd710a5a2497b1c5c31bac073c944abb0d64937,reference,1
3ea1ab9979ad56390dd3bdbaa7c8f748f3f14fec,reference,1
e34405b570790bb944be942e705719cb8a39a83c,reference,1
69c91c1940834fd8c98cceb2efcf5f45fc62bec1,reference,1
322b6abc09c9a22d63e33ae9e2d2ffa076ea9cf4,reference,16
a9c5a80d36b6c2f45c34814050c7fdf996bae164,reference,1
db96701bb58c65e89401efee3275a0fd25b20931,reference,1
7fb63a35cc4228a70f581f5b7da8778a6bc98252,reference,1
9930456d3ae5a0fb2df8d532bc40539a31b19a0d,reference,1
5f2dbb09c083aa0dea236d9ee577cee125da76af,reference,1
61afc2c26ad7c0d6748ee5acb4a68314ea9f9c3b,reference,1
4af8e1859195d0540e8e084c4ef781041d87677f,reference,1
cdbc0b373dc49ef2998e62e2f3c0879b4bc4531b,reference,1
5d8c1c3857e14f6fdc7d47d9f8b4783e71e90b4c,reference,1
0391b71dccac5e51fc1c9919bfbc05900e8aec4b,reference,1
ba318d9a714330ea17778bb6ebbb9c6536a2df5a,reference,1
363edefbb1434ca4e44eda176db033eff5223a7d,reference,1
44a3c5b678a2218a26b8bcbed60d346eca2268ad,reference,1
5cf38eb5325f196d3c9a931fede9ed2ecee82f28,reference,1
d12c81e7a4a3ee67e067eba40b615f99d9b314b2,reference,1
063d48f09f4c9769aa481b16c5b98a40323ae3dd,reference,1
4cc330c9d5fca354b24bc347de84964175560e3d,reference,1
0b4e28534319802e2a28db384c22f9c4b37867c6,reference,1
3b3fd815824e2ade5d01e192c07d2b6499f39593,reference,1
223393e8aa88d11b82ad138c19ba75462c5454ec,reference,1
21935df65a94eae861f3c093a0fcce90448c7507,reference,14
866136cab9f30d5ddd4a2e57b7d815aa6801ddb0,reference,1
ac49e84712186795243b90cdc7efec73bdcd2f93,reference,1
04745c9862ea7d1dc4868efc542d491dd18c1399,reference,1
944fade485948cc43a1bd52ae5849d81939a6981,reference,1
105271639df3594fa39ab68e5af4197d695a7d8d,reference,1
b9befa831fac74773826144f1517a24b67bfa0fb,reference,1
b89d42848f894e1bd0211b869cee8974ecb328a3,reference,1
80fab99fd8a02fe1a0dd12e52d04813738adc94d,reference,1
2ff6d490e808b7fdd52179381312169da96844f9,reference,1
2bd65e6f200dc9149a9290f255aeba3ea5fa8f11,reference,1
4beae0ae711a1061847f55680edd481e5ed210e5,reference,1
dc53fd74c59bab774f20ce14ecabbdf24e34059a,reference,1
2ecc376c5a0bdefb643b860fd2055ebeb290b478,reference,1
86542398bab5a9b999b1e7f50f78d00e0f943af1,reference,1
fe785f0e253a005d2dd434ada5f9207dd83c22c1,reference,1
599be84b0ffd0eda61a35a2271b241b34f22830f,reference,1
d07bf1a449fbaa3d3d81bdb651ea32ba886be7bc,reference,1
209f5fa0c5c694f1c0f36f95ef7f993bb16bbe4b,reference,1
a38ab0d55aea5afd931a6054a6cfd2bb7916cedc,reference,1
239d787a5019dd3975e7117bf769d69d540f6856,reference,1
a520498e872c10b78398474ad3afcb8e562239b3,reference,1
aac83c00da794b980c2128eca1517b5c359ef923,reference,1
b0e838d1019432e0c2007ce32883c03a1180fd73,reference,1
b1701815170983eced7f4bb38666068e17cc7f10,reference,1
b89d8374ba82575a4d2d129e40d98f7504d71b32,reference,1
3bec608d61c9fd3560c7680f9a5339ff10476763,reference,1
7b3e689d9e6e18038b4b0a47ad8cc862e6022498,reference,1
ece58ad9d58346d1d437ebc9906eea89a5a8062c,reference,1
de0ed281b3d260c7090692a0065c09a47bd06e94,reference,1
ebeb20304f0d0a255f5f087ddd99f66d7873d7ad,reference,1
b60a9a78caaf06fbdbf8ee91ed9416efa0e6c3c4,reference,1
8b2d5f7b02de43d5b5b8eae230a421b00dc5d9c5,reference,1
de3d931fac47e6e33a58b8be834d6b4de85004ad,reference,1
c4cb1276c6371155559f4338beda94ccd72a4eb1,reference,1
e41eafa8eb3bd1230a1f02e0588571dbec41c403,reference,1
7e3a4b36e6d2c304acb22092f9d4dd839d6b23b7,reference,1
25e370ee9ddd4d07354f132e52dbb657f8d3186f,reference,1
d05391825371fdd6f4619f47c0704a5bd4b562c8,reference,1
d58ac8e6329c7059ef3ab3d593ba23b22220af1c,reference,1
c4c56e20c1e14530bd75b505b66a7654ea483b4b,reference,1
519d5ccbd5aec517ba987209e17afd4741ac9b8a,reference,1
2502a7a2f3b04c6d0476109e423ffa9e8ca52cc0,reference,1
d5e8b2f5adc9d16fcfe7a0555fc0b200f0684775,reference,1
240ac1cc47a00d2c4fe62e228c1fb0dfe85b0c39,reference,1
343ce0e86d3047520e7d3945c5dfa4e67a42a728,reference,1
38ee7fe596693d82f0efdea94a99326f107f869a,reference,1
1810954258a41fa8e029202c64c6a94790c11882,reference,1
7d1885e41bf556d191629580e7943d038513d9c1,reference,28
004392baa790f7c04744df1865cee6b730508d77,reference,1
39970063025303f1af9455e78c12f81630da00b1,reference,1
e78675452b3e8fb027ca8056444384e673a1756d,reference,1
841e935020f25188f7f8e4dcc9b787b8e34e8197,reference,1
e3b340eed1349650476fd2aa98d6c957fc1ae274,reference,1
ba4d7d1e31fdfe6d2d556a8bdc06c14883f23b25,reference,1
16f7bf04560f15d051b143d216c04113dcc3e1e2,reference,1
49afbec1f114f46d2c6609cec57b631b81929e80,reference,1
c1c2fe06e15b334a494c34e2ab80f4ec1c63c82f,reference,1
88d48041a76ddc4318c360cdda0a4e1379eeefb3,reference,1
afd5cf627a628562d11119b28964e8aa8909d239,reference,1
fe801848d84f2afdc33d36696b1a90ae997acf72,reference,1
de2e6506ea90b99686e9a311b3304fe135bf9162,reference,1
b7e34c42d56cac83a20fbc08ad05085ea279d0d3,reference,1
7b65901d47c02f702a7784e6b0ff21a1f1e4bf5e,reference,1
396ce7fe0a8b55704fa4e9634abf9e1a7f86fff7,reference,1
fa8f46f5f42eb915facb9344e15cd792ebf11781,reference,1
2cc9d45c7bfcdec3edc416c725623d0833e034e4,reference,1
e57c7b94e997517aad07fff04885849da42c7067,reference,1
8b2c1f454a9296501ad34f687e7a29a1e17e6054,reference,1
025c54705c9146098902037ba51debf9f76f4686,reference,1
ede9e29755a9856b820137869f136a9b5842f43c,reference,1
659486a2e9684af1e067f9a4a4276d4fc6f4c843,reference,1
6d39ba8b6b58c98afa6deb3078c237bfbd83a213,reference,1
9e95f35ed752a233fd271d0860c3b22e4d55c321,reference,1
d732142c329a3181cb480a1ba4e34a39a62682f3,reference,1
26e5c57d124eb57dc432cdcf75f2310f3dc38134,reference,1
9efed01628af177ec9ee734ea8c5e573dd5bdd8e,reference,1
0b55cf3b5a416902bb5ab3db8d4ad88622aa0ed8,reference,1
395357c372c298ce517f64aa99fd5419aed9e2bb,reference,1
c502fcae23dfc388ff339fd3de163d4cf435c286,reference,1
993b93a0c0fbbbbfc7d82ff982cd9da47efa9206,reference,1
4043201b9d7d232608b95d899e1a1e59bc2f0e56,reference,1
eb0db181546bd8493246d8f767b63d57ca4e686f,reference,1
a1ebde30e550d49f456d72d55cb0a67cc03be8ee,reference,1
864ca19d5899e85bac7f3828f8ea16b7a9be0e0c,reference,1
01526c6fe95ef3716048181aa3b7edb151429dff,reference,1
d848b79f7d983774c8ec69b1e8cbaff9492911b6,reference,1
4202a75d7b3c586ebd9451ed08f38cbf264cfd8e,reference,1
e70f8ce1ce3331c15aeb431d36c83d7bf82b4d0b,reference,1
da2e8d739df24faa24f620efdeb22b794dadb71a,reference,1
5f0da4850cbea81d984b55eff677bfee97ca4d0e,reference,1
e9661585d0efc02b4c941e5398ab6ef85063c9c0,reference,1
8cd39a66b5167516c8d22d9b12eeda5ffede0e8a,reference,1
ae4b943d33bb6cbfdb0187c9167d2f03b73e59e9,reference,1
e8da1f7293657674c4f3648e227eb1b3e6c861f7,reference,1
af9f251610c82185ddfb76fddc367fd72cc50460,reference,1
b94ed0c8571d20e8403e4d3b95dacbda04f78a41,reference,1
78a6c52cc4afa6307142ae087310d82a0370bf41,reference,1
e7e35bf7e359535b75344e9ba7fb9c6224ffd77b,reference,8
a3709e41b92282aa52918b557559d4a3e78f215a,reference,1
ae50c8e255ba55bdbbb05ea470aa63437534438e,reference,1
28c6caa7a05141a45925d4e0dc8ae0e7ee7f9682,reference,1
dd7df341249049eb85a7881fac853bfb4b1d644d,reference,1
5311013dfca8cb0a4c9ecc00da97a5547a404d47,reference,1
b60d1562308bce261cc9bd1d066cc5600b92e7e9,reference,1
64ee29d6ddb2c2167a201783ddd4d0a9b744f352,reference,1
e9a0a8c91124f62371b9c1e8204fa2aecc23afa3,reference,1
f00344d9b790411232de8ff2ca06af909e92f1b7,reference,1
a03cb5e9806e532966a13e4fab7cef9c8d81dec5,reference,1
94773f22b5befd0e167a7de525d29bec2b09937a,reference,1
b4f9e81355e5c32c0ae01b6d7471a5dfe8143807,reference,1
dab57aa71794781ae305218fce9fd004ecdfc4f0,reference,1
f2e0b3d6a02dac33872f0a0b42affdcf454715cb,reference,17
cb6e6c3f0abbe3faf1880258daaf0c662037e25a,reference,1
a761358b3b858f84abe76b7938b74c387dcf4899,reference,1
6f4ea6969e71316a28e70f01865ec613f1aef936,reference,1
d269ad2a38bcbfc533303ce0f9be2537ba7b71c2,reference,1
496bfc5c1eab906aef352a0fb4b2d73170ffe9f5,reference,1
feaa5ce215053aa08cc46ea9756e90b7950dca68,reference,1
7914f1a628d6078bcafa1e1bef13db0a0282ad0a,reference,1
d0e7353189feb4501c637b7008ff993de603c3f0,reference,1
90ba2852b80d440a5528f869515b6df6fe38fe36,reference,1
5ea68952a55a0d47a58a409b66c9daee35a237b8,reference,1
5c55997ce627c6c7c33198f3d8dab8a4670b7c98,reference,1
502d27f7034157cf80c3c9a08a6fd073f0811fb4,reference,1
92144a7a9ffed8452fb730bf14cab4981de9082b,reference,1
7b158dad9f1c992b9500eae5c1f06b894ec4cf00,reference,1
57c68256b9122b11d20613beec44a58a2daff59e,reference,1
c443fddfce5b587a11e8074f548633304b4cd9a5,reference,1
b76124ef53341af42d6d582ffe340cd0ddb49fc8,reference,1
ed1127723fb3f8a0670f9a8d07acff32c1996dc8,reference,1
ac4453fbfd5d683f1e39a2ee55ff7fb32e701f5f,reference,1
09dff683262090feaa9b7b97c1c43103cc96657d,reference,1
c42216140396a9fadafabb1d3d6782b54ff55273,reference,1
686551f622bb4a893c1923cd2600af0e93e4efc0,reference,1
b5ce2efc3c83d0153e9c1bc0b377079cadeba087,reference,1
da6e5730d5be2f0721adfb6a8ef5048708e034f5,reference,1
6a111d13b9c272459fb3d7628a7b0307c8ebd0f7,reference,1
27c073935a6b2727b4c3aaa7a263c70c10d61d2b,reference,1
3e5b70298356e7d969cbb96e6e24f7ac7222fa07,reference,1
5e9937dbc375c0942e58070e1c0d2fc82109cf39,reference,1
10007819ba7f7e9f2106eff5f5470e96f237dfc2,reference,1
7924cbe48fe2583058c076926873ea4027bf72a9,reference,1
21d1ac228e08c6abe7b52ca528604d8a1eb9f29e,reference,1
bcfd6404ad1c913b915d1f7731d3bc69564d98e7,reference,1
102101ab2c3d13a994fe92f967db8630310337e0,reference,1
6180615110d86033887d0dc4feebe8e8a162346f,reference,5
cd7ce144bd0082ecb579bf03a3f03a05ed525a53,reference,1
e65b11af710692b8df557797238df6a15ea6cf86,reference,1
be12e6806e9190c3954cb34af7a6923b65cfedba,reference,1
564e396da9cea68724cade292572077ae2ac6e42,reference,1
5e28dfa5537a53e662039f59c6f6d0f6f29301af,reference,1
bf0e9446eca16e8ac1e759dce6a7b3f22d2111de,reference,18
fd0f4c43a1f681bc6894c837d197141997ccca25,reference,1
643e596ba6c95e9dfc3bc952f4dc874fc0e9e9fb,reference,1
d487db04e4146a4fb02a2c3318042c846b62f2d3,reference,1
9f51dfa0d48b28175255f7700effdc2f4a037223,reference,1
887edb4a5286cc11c7e844eb1d45a342a2aa6177,reference,1
6cd5397600cc4a2126c34e3c933259f2b7b54122,reference,1
86cbb54b25892c004fab29ab73c4e82cc5d4eb28,reference,1
4259f5d0476336127efbf811e65fe206b7752fae,reference,1
4a54cd9e1ac3f83e20d42a5affab4350a8fce4d9,reference,1
7d8975d0f424e2dd37fd6fa93989784ce15824b4,reference,1
27077e90909b882aa99f1def8acfd958855258b4,reference,1
f2151524b36e29d44145be5e9f16ad47b094a61c,reference,1
8c5aab75826620559d33e99652f4cac9f6efd2fc,reference,1
f550b02f618cb774d93cad3b9f501514156221ec,reference,1
6696018baf29273aa722e16eda89850247b8f0aa,reference,1
13811c0afa6388653e8504fe4e136a9dc4d68f96,reference,1
55ac95142a69fa4c6da4bf296b89dba5a327a8b0,reference,1
d3443072a79d9875f39989f7561688fab9dab590,reference,1
da9b51050a8574c4e03e5eb8e9e17cb640e27324,reference,1
54c4024876d838c25bcea727884968477461ad3b,reference,1
d503e569c94a4d689a576bb994744adc49aef505,reference,1
af9df109e409b485e1337362431ba61623195145,reference,1
243550d8184eed2fd7627eae133bccc3c72dcd02,reference,1
acb66323a032d1244de4b621bc944c2b039f5ac3,reference,1
46c295a02616143e5c05924df5f94b9261a3e7ea,reference,26
58822c5fdcf114460e7ab858302570bc08b74012,reference,1
25173b4449c520caeec0bf8c352af146a163f6c5,reference,1
4eb4055d1ace1022557ccf56f6ec2fdcd2f21cae,reference,1
242188b68aaa5b3cb8db99bb543a70971d49d5ba,reference,1
75bae34f9361cd99d8f64bb8311feb01c7c75107,reference,1
19737190d239748213ebb691d92655390004d761,reference,1
0b2827707e4807719404f323df405e5566435979,reference,1
cbf8b22de75aa61a00e0100b9b4e8abb18bc11c3,reference,1
3c33718c7b77c4e7631ad5f37553f89939447c71,reference,1
05fa2da9f7ceef1a555eb630137167f07716c9c5,reference,1
63522d3eb7981bfd3494f6f1d96390bd7b3cacc1,reference,1
6a7e26c7007b8024dcc4d050649bfd7af9501453,reference,1
8e36a8f8fd4451d55e927151aabc463830941a8e,reference,1
08920921ce6f4efe0dd92f6005a755b07d4ce760,reference,1
29a56e1c377ac6a4457656b57ef7631ed2bdb509,reference,1
c6f47afdd183cfcf099fd40b450bdd0c5e975518,reference,1
933ece2cbaa5a023094ce43673c35af44695ab88,reference,1
e4aeb3f0818192fea5b5276557d34cd6496fead2,reference,1
3d4fbb81345bac2a4ec3e6d89e36adf42b214fae,reference,1
70f2c66791034a4017dabc440602fbc369231b02,reference,1
bd4a78b2041dc37f1b4493a850b235b3951e3a96,reference,1
8410e4416df27c6f72df3b691edded84a4e86f16,reference,1
5fb4264c69842aab6c33225faa52a7114c28cf7e,reference,1
52258e9110f8e73cca24f6394bfc483341b459a4,reference,1
266d35fa042220236d25b8f7101914a44df4febd,reference,1
3cc4f14f4a174f524115eba6f228409db2856fdf,reference,1
6f826d007e851f0c694fbe0c378d5e0097aa18a2,reference,1
0f6cd53c0cc1ee252433e0d37f419754e053b8a6,reference,11
281b1099de129d188f99c8665115e911ffec8956,reference,1
399edc3a101e6f538d95c39db017c7a39445ab49,reference,1
d4032b47c1e5b9c51df5e3c4e33fea72761ff5da,reference,1
bb931368ad1576a1b504be1405ccf8b178c49f85,reference,1
3793a5f435fef59a901f5ba0d8ef43df88d97161,reference,1
f0578911808d883d96a01e38a9709488ee19aa31,reference,1
f7c89f1f83595257d6e2bc306d4deee4cf77f573,reference,1
ecd5d38b8590f6e6a504b29110d16ff717cd56ef,reference,1
3ddcd4d50468c9ede8887b8bf27898247128b3f9,reference,1
915647f8d86ea3905a9f65a6324c5bf5044fece6,reference,1
8554b7c4ec2466326f5bd55335082edd83183f94,reference,1
9e9f77562d3a159a08a539011c32e9b4b740a18d,reference,1
51adf629996e7b515e250720858d1cf660bc7adb,reference,1
ca60e350cdff7b010b6cc1f53bdec46aecf2fa0b,reference,1
68e874e6f7d584604fcda3fcb09a9109b78787c2,reference,1
807cb0b27e078de76f27a36c5bfecc93de3abcea,reference,1
8a6a72afbcc1080212d105f8de02239c8718ef35,reference,1
5e7cc1e5c15142b7d6f3b3efcdb930e13792f302,reference,1
73f02529d1878977d24ee0a906ad2b48a5ba022f,reference,1
600d9287efc4703bdb99ce39b5e8b37da0baa6f6,reference,1
c1228ebfbb93efc2de955cf953ff97ff12302884,reference,1
dff9b29918369f2ce7c06d13258ffad5c644788a,reference,1
392e5714da57d522040c6d4f394fee1874e66a16,reference,1
c16def288e2704ef78023ba1802b699069d4d4c7,reference,1
d69ce7fe2741d29d22ac1813f0be90f6d08fd2b9,reference,1
e68cd5d49a4a1d3a24dab7fac52869aad2bf66a2,reference,1
6a28a2c2282c23e173cb3feefea27566eb2c6377,reference,1
880ef5392cd4f3bb91469ea0e3f3f8b11124a6aa,reference,1
df15b83986207d884a811ce572dcedb6654abc6f,reference,1
3df9e217d4e122e7b7f8ef4e5c96be8d4a915e68,reference,1
7ea6064f68911d7422f3d8666c45fe58cc6d0ee7,reference,1
c0230760f644f6b7538d93e4296a5e9aa7028e45,reference,1
b274ee9c0b0798b63efd0138548f5824a801c779,reference,1
ed1eba735e9307492ee24efdabadfd399cdbf864,reference,1
4351aafc87034429a7d20cc31a7c1e7149d2030a,reference,1
cd2f4aaf98bb1e020cff310000c8049d3460c54e,reference,1
1bfe2a9a40a5f34c5c6b99c182d37a6e93f95aa9,reference,9
e0c2c9b11dc27932be2235b52e6da372105e5ed5,reference,1
930652280362d24ed0c0a187eecfb1e5c3268e28,reference,1
b87abda31a8ece913c7b98ee6bff5c0026e51bee,reference,1
ebe31c5080dda7f99e935b43e573fe0aa25c93f8,reference,1
63d1b0175eadfd0021e0391f120e606505587777,reference,1
183f1519b85d2c39b58283eac35439fb62d029e3,reference,1
99e6c90c0ed18030164a731250d547b5e5735055,reference,1
e6776f5f293c18f4b2322b1479f083cb24d33343,reference,1
8c52b3bbe5897ba3f42b38c5bfc33bbd48f9a1f2,reference,1
39a01a360e014c2a7b8efa9b2e40aa0ec06e893b,reference,1
6346dd1e2426e51d2ab8b7eef017714d2d60ed22,reference,1
fbc32b683cc0f3851a504d577c75663e991cdb8a,reference,1
20ae101289965d36dbd93e9b8c47ec9deab03ed0,reference,1
0d22f06a1f5ad9f62b2f35c126b514f927586c85,reference,1
ff01d3dab60dd4b7426c884b009dda83540c0c1e,reference,1
0652b0dc23650948569f8cfe8562524951ccdf27,reference,1
b838decc4fc87c464cf18b9dccdb31b093f77061,reference,1
feaa3692320cb8004cc50ada090ec2cea2097e4d,reference,1
77b1f1c6d1658d120456b9046667cf009ceb39ce,reference,29
bc9f29881c1d93d225f0a74fa700531202c7043a,reference,1
83037b8f30acb4135742978f18d0b43e0829c534,reference,1
17c2018e3f928eeda2ae3a9cd66c691c524e2d7c,reference,1
9618ac49822a8d0d9924b6e7d9a0bb0847649fdb,reference,1
148134fac202889ff6256b6b7d574cb714941887,reference,1
ce7df509a0b5a9780ad818841f7d9b1c5294767a,reference,1
eb3e6dc2476c5a377b7c3d1489c014712a17a376,reference,1
81367624fddabc40b059b83c848717da73eec83a,reference,1
8291f1f917c0792a95417b3f8a1c2a5ec53872e3,reference,1
e539218e2f6054ed002da6d6efc96d73221c22dc,reference,1
792fd55d79d120173e0a944ce6bfe4787239c1d2,reference,1
6e463bd4a23d1e692d27843082b1d24f409618b9,reference,1
90213971da84c974bc7502b1112a0ee8a0a33601,reference,1
070b91f80ac118b910c1d2ab5be9f65f685979fe,reference,1
94beb9f249d6d2f1c00d8edfa2db861633aee6f9,reference,1
68559b1ee0f8001300aa92f9ccdbb508e5e55e53,reference,1
fbe90d2864ffdbefd1fc0a7c6f65ac10452052f2,reference,1
7ca2e9f768311f29c8abf58e5ec6acf7cf268d9a,reference,1
af5c7848417882012203ac21399977ebda695a2b,reference,1
bad49c894e1607fa839d4a3ce07dc1fb7939f915,reference,1
6ab8aca8f631f42760a86cc614dfd7208b3fe58e,reference,1
a95817df43516f5ff9cfc447209def1fcd569afc,reference,1
221d84cc186871c989f8d631ef5759682d8a951d,reference,1
044bff0b129d4fcfafb6aae5a134d072d4d9318b,reference,1
e73a16490c29530c37b49f6a30592790e7caaaa4,reference,1
8f65800549e6ba0b4fd2a9aafdb798eb4bde022d,reference,1
e4daac3e40b7b2a13abebcaa4db7929e871369d5,reference,1
2e2649f5cb9e042bcda83051266887b248ee8d9b,reference,1
58ab034688774cd17680cad5115df5bacb9776aa,reference,1
c5be4d4baa797c3db049a064ab7f4d51b92d9230,reference,1
177f05bae75f2a1df220dde80df76a75de6531b4,reference,1
58f6ac8c023e18e7c8886770ec583e0fdd616e86,reference,1
8da765a0bc68ecdfdec249c6e6809341f2d2908e,reference,1
63bbe3fd66e109b130a08d6d417bce5eb9f0c0e9,reference,1
c4a8c6b0fdb0ac0fc9cfa0b6148649728a10b3bb,reference,1
a864f48746d8276df2ff3ca31455a20fb81b19a0,reference,1
21e5b6b7b42cc97ffb2e12200e3c811a24ff6eeb,reference,1
8a77c993835c3d3cf4062833787009f6325504c6,reference,1
f3c692e0103e972bb7b83f09d9c8867752fc5560,reference,1
0caced806a27cfe41f66aa410f17e7e6ee25c3a7,reference,1
14e905168ce90539c066a761fc2a983dbd3a3350,reference,1
bedc0acc3d54f7e1cc896fb031ac3cbf95c6e5ca,reference,1
8a1d72554f669200c6e6ede687846accf24474df,reference,1
4a0a04aa853618aef6a06f186dbfa5a811e2a59d,reference,1
96617ae60bd64ce5fa1b924de5b7b7506ea8fa97,reference,1
d7fc8fc5510f31469ba263253ec54edd7821cf8d,reference,1
c6754f0d3ff589552022a6313e15bdfed587bd62,reference,1
6b50f585dcaaea31a0ec4e630d652057f3f911c1,reference,1
b6705be6a86c1110ab1ad30d4203dade52ef28be,reference,1
bb41589039f7df93b57fa0a1a99da9ba6a87ac90,reference,1
6a932dd04c39c361bcacf730b3812b56df0e9b8a,reference,1
f07d8049885e821e61cb5e2fb63db1dfcaf2c646,reference,1
8649273bc24efb64f962d6ba7ba6f67507fa8fd1,reference,1
69cc2b45a330e3055e6c03c5a9d43729884eca70,reference,1
8c479389f30749d94c99be3c0ef0d764721a81dd,reference,1
5e5b2e55bbbf8b2ba5cf37459ebd7a90f0dae7b9,reference,1
c059abbeedebf497cf43d4b7d3c82670def53aef,reference,1
1bdf6986738a32043bf6d267c214323b4fbef6e7,reference,1
3cc5d13cd60596d8446984b4625f0b7cce714ba0,reference,1
575d9b1905f7f73d36f842f1c543e3865bd3f6cb,reference,1
956c4a573f54ebd7aad02d6f70ecdaf6921630b6,reference,1
1e63a7e80399ce6c3362f9ee9aa4d7f1a94241a6,reference,1
10be48e2f7423a52b872d74a5a76421cf15ebfef,reference,1
1cc204ec18bc7b080173bc61145f7dd948aae078,reference,1
2f28d67e1baa47023d9e602a5b01ea0ed130e06c,reference,1
b8f00a43f90db4b0ef581aa3976d5b447cd507cd,reference,1
e75472fedb1cce863b8acbfa0867409802bbd858,reference,1
f6c80feb851e71781a4ed081a32664730887f972,reference,1
bc39e9d3c14e53a923d790ff834101ab7cca2d43,reference,1
54a1086aad4ee383591081308a6f9b5c5e482193,reference,1
3774819be732ca363267a2e6d38e17a6257ba329,reference,1
8ee419202a5da6c36322c9ff94d824e048d1c571,reference,1
eee5a8e06c32112d268e88a8d4c45592d7214244,reference,1
e10ef2a43fb68bf8567ce752117da16a2db9ea9a,reference,1
362cae35fb65710af8230a4ee8e1aad1f275a4e7,reference,1
d57ebdb4b5ed89ab4135c72f0c91dc1c4b347c4b,reference,1
dca53a5e349d8853f21680ab3291f6fb9afe75fe,reference,1
e730164e17975547564a1eaa70cea5884b16c89d,reference,1
d7d996240798009aeb8b3d0cf21b42dc5b8e4023,reference,1
6713f623e0c7ebc1c94c58a1c0a650e9a204182b,reference,1
fb8330d41315c471edb42e799de18386a9a0b1a2,reference,1
3df53204ae51c7be0e15bf77e25c9beb3d89d233,reference,1
117a9f9227ebe4acc67ff8a52eb9db2ab16390c8,reference,1
5613ca3410cba643fc21e11f6a12f7b4472da057,reference,1
aebbc8f4ade0767b8de48f5822c07636e0d09664,reference,1
d580f16ea6a5bcf63ca6bcd19f0b6014ca63262c,reference,1
f23bbe3abd1373ca9c718fb19b95c5b6605a9bf3,reference,1
a63c6e227a655573c27a01a7cf9477e052cf5eb7,reference,1
cd5672d8c3e963dfc204827c1d8dbe1770c17561,reference,1
b8d0ad089cb774dec70a29c21f23a4526b06cf72,reference,1
33db1e7d2b894617f1a0492e8e3396d5a7f39e9f,reference,1
98946a26495522adfc98ac72578eb6ac1ad00a34,reference,1
b0eef7f23db588dc7fcfca06236908e27f47c7f2,reference,1
6b369fa145497b54da31682fbc45ac94399bb547,reference,1
afce48238c88243c3198eacb8609898e8bc31408,reference,1
36a510d88b0d9ab97bf6882d19783616bdb29522,reference,1
25ee0ab41210fd49c4794d43ae15ee41a5548809,reference,1
21e96614dce182a134a3528af9dbdef16bbfccd0,reference,1
90640410094d72bd0d247d2c45895ddf5dc09fc7,reference,1
05140c2aaac8c87686be4ca2d946378f07ff2573,reference,1
a68a0969d736d23ea270a1b105127c385a32c21a,reference,1
ef5acf55ff6120eddeacd01fe305b124693c555e,reference,1
10e37de70767088938d5c2200cc2cd9b73af31cb,reference,1
f5f9f29f9b22f1fccdaed0dbaaae93b1af7d269c,reference,1
8bbebe0d34386fe16e5c594678fcfcc80729a639,reference,1
0476d2f5f992a9062f8346bbdf0a59e351c2aa9e,reference,1
81de0cc8f0d082dc58f39ecadad11d032affaa12,reference,1
f5462415e56dd71cd54e5b122e0ffdec82b2560f,reference,1
0f39d058bd96564ea6fe21ee7fb4225c97508f60,reference,1
4b9865901a1e6df64213162a5a3c2497c6c54f2b,reference,3
4aba45f28ac1b6b5b5dd1cc55018178ddfaae537,reference,3
57c5e28a4fa5304c1479cde220d41bf8b07bb352,reference,3
c33f21fd4872f5842a7abc8a028811debb7ec8bb,reference,3
7691e9a5e27368f9a3a9fc18787069c206513ff2,reference,3
e0cecc8926cbd652d16c1c8bf1f71d7e3fd923cb,reference,3
1164cd883bc15b3eebd87c4cdfe886268f4f0983,reference,3
cd1d87e7e31a05a82b6b25bf231f831c39006ef1,reference,3
a2884dc4208c2fba6be2430175cb7db070ebd6a6,reference,3
7ad77f44694d384368c7582f14d9c6ecf268b0dc,reference,3
09a57b99f0e2702415987d0991b610d11ed255dc,reference,3
301d3fead77508b745529999428a9fe3f19bbfdd,reference,3
1a9bf38e2bb9fa2773b3e95c6296ac56c9168f24,reference,3
8ea253007239ab7b1a753ab395d9ec9cd573758c,reference,3
da7cf31438e73785896784bb44160e26f0c5706e,reference,3
4f24eee8df6f0cdee17bc5d6826f8c34cd7977a9,reference,3
0de9229754564f3b61db1d6aed84b96130edab1f,reference,3
319a45069e36e484b79582584975cf8656ab2477,reference,3
968b0ba3808877255806d32d18f4e2c871a0fc1d,reference,3
d5892d89b954bbf96136e0cc5c66697d2297f9a9,reference,3
73df6a33d9177cf18fa4661f45a35b606e09a643,reference,3
59df286bd009cbb922e52c8a95c0c61b9bfb8f5c,reference,3
6772fcc001e7f4d7f76cdfcf4425dce0f67467d4,reference,3
7215c7382de7800c038787235fa4305e2e6af4ad,reference,3
46507a855e9ea46655e227dd28e2a17d5d999916,reference,3
d14641af0274b25633b616314d35386313ba5080,reference,3
41ad389d4d5c2f8db95fabce9fe83397c4dbfc7a,reference,3
3af611e47c30a439f8acad312f16cf7837ddbce7,reference,3
665c9c8dd0ba1f8ee06cbc65e63301bc5eca9bc1,reference,3
858eec4cede7b8ac49f33f6eba80d0a15a9443b1,reference,3
e33adb169a7f42a2fcae67e0995c3a76bbff106e,reference,3
0b28389f2cae456489254afa4c2391fff5cf475a,reference,3
36541679c153670f5bb91aa44d8eb7c15fcce316,reference,3
b3c5e6c52e7a196f207085956ccdaac163510df1,reference,3
06b2a1f163d22d35f0c6b1fb6f001c9c877579eb,reference,3
4598b04e013e198be1c350422d015de14fb1381a,reference,3
dac9379291452dd107d0ebefbae6443ffdd80e19,reference,3
47fcd09d59653eed78659af16e4b67151271b0d1,reference,3
0cb4784c8b7c7b7e2805545b691aa696f5743aa9,reference,3
b74307e11deeda40470b20685bb9808379e18cb2,reference,3
007d3d6cae6f6d398939570a888cf7ba09be03c6,reference,3
c577f9d03033416434736520797a084077adaab2,reference,3
236e05e85a8a2600038c110784d94ec77eb4ee8a,reference,3
e5e153ce91dd56a1642949c55889e41875c34947,reference,3
7824a7a8f8368361e4ff29cf47c81f7858338b13,reference,3
3698d23522ca0dc6b0a3e2062bc92f131b4937ab,reference,3
72ec9f0595507a0c3d1a10c39a7b878e3400c081,reference,3
2a96141826d8423867bfd7f00457e5f0c9dae41b,reference,3
21ea20f91e6aafe380bf6c2ebcb6b6a38d47b9d4,reference,3
24e61806c71c7294a2b330375bea00c6cfd937e9,reference,3
af48f50215180ad3b93d7b2b08384862a70c8b2c,reference,3
63655f48fee0c9a990b9854680d80baa9268a4ed,reference,3
4d732cbb5e9018a1eae07c30f3ec591b15889424,reference,3
04ee89fee63089a928a24f26caddc7b27c2bd22f,reference,3
d23f7b486824cecd7c816e188c645c6882e32e6d,reference,3
40521346a3920392a6f23f7252960b214512025a,reference,3
10016b5ec33e748efe204fa5cb6ccbba87d0a147,reference,3
f9ea97789ea4f57ec3673ac3bb117243f7a4d950,reference,3
4a80e9ccdfbc4fd97cea8d7cc15769d6d1a8fd7d,reference,3
60584a93f70b03143c452d026c40a8d19ab2e6b7,reference,3
4685536af4bf3091de100b2a04a2d1e26bcbb931,reference,3
b2cce2ab33b402f4fcda37c024e5e3d0845e8a84,reference,3
074c15d00e9f47a75349f6494850c8a47dbf8a4d,reference,3
fba2107050280aff366ce077dce0e4c09e359bbf,reference,3
767d0f997b7b2996f43860160a818ddb7597517b,reference,3
3666765d5a1904cb4d13d329ab0785eeab89a0e6,reference,3
5f4723de3eec01b127a18618fd7ea9f5eb73a535,reference,3
b1a8a96af1ed873eaddfd55ef0861b94b5e1ff44,reference,3
05e6590ffcd89a479533a78ae49f40b0de6c43c9,reference,3
a156e2fa11c0eff1ccc24f2305b8cc6bf1ccfb5a,reference,3
6da0ea8e9d84abdf09210cc70f1d5cd1d4934843,reference,3
30c771af2034174c9708cb2b4f87af79552bdc89,reference,3
4894b5e236924b49c93b0db32e0ea3f4e803f9e3,reference,3
91bcc827a8df0189826784a8e6423933c8bd0cff,reference,3
3ef5d85943e90e189ad487b7459de3888910cef3,reference,3
e0394f5cd8f42d59185970c07f26098caea2515b,reference,3
3db46d657566f8d3f8056bf4435295dee1651da8,reference,3
d90383ebe5de7fe2ea516b899a1656d13656b2fc,reference,3
a2eeafffa0f96e8d7213cb25ffdd4912eb183b15,reference,3
fcdc5c1a890dfccbf279a7a97ff34af5caa99fd6,reference,3
16dc70716688a33ac056ab61ce5616fd4fbef7bb,reference,3
f2d48d0ade8ee0b410dbd1f8520e185af257235c,reference,3
964bec8e8c3c72d2f79548de8ab71895853b4f95,reference,3
5597f57e249b8134f57b6f705a317ab0c334c8dd,reference,3
68baeaa6e48c0bcd941386c36cc4a8c6d14ca2f5,reference,3
539ea5d794c1214a073bb1ebdd7e86735f1eecf1,reference,3
427e9f2b03eafbdbb1c7906c373cb7aa3047b17d,reference,3
256332ad96cad167904454a9fdd27318eda5ab13,reference,3
b41c22f9cc7a1c10cfecf3c911de94601a77ba9e,reference,3
d62d2acc761da58c4593a7902745974d23dc35af,reference,3
8e1fc8827d1a9f73e2041c63448216af3a5f3d6a,reference,3
60ecf7cf578b7dc837a25012b612400fa651e807,reference,3
573b4bff42c8492fd371f52d5e59ba39133a61f3,reference,3
1ca05c32859176216fbcd15183cddf3d779773b6,reference,11
14c3f9f3a36e91497335fd5a35f474e373b48cf4,reference,3
44b8a3ebcd87748b96c0d2e9d49ea0550ee50add,reference,3
0e2bda9cd499e78d0dcd737f88ae5de62f5809b2,reference,3
c99bcad9fc53ee63df9bf1a169e3df7b1715956e,reference,3
32a4a516b8263001d2128b68b7db7f8f00007c3f,reference,3
5a55447068e9bd9588151b4071ae859df8cade36,reference,3
ce7a49a37580b48a4ffbae3ef93d62d90b92ed9a,reference,3
89bfc43506e8d7bf08a208f2fa47c573dd2a24c4,reference,3
4d9f46d6ee0230cf9d69fc3e63b1a06064bff18e,reference,3
7ef8405b506552147d234731a60c89c53bece2e2,reference,3
edb55c2b0cfff454524ee0b201ecf116c027c170,reference,3
d4a6bd9422ef25dd09b8209e0df2c2b111a3d709,reference,3
96428c28c123e54dcb1c02a17700eb1bef7b8503,reference,3
9d1e62e674bc5255c7f0e26be7bdc307fd4ed5e8,reference,3
826fb9329addc50070f1fa68a83fab7e5ec90e31,reference,3
cc79a98cfec9f4727b41e58b0425bf339434a0af,reference,3
b708ef1bc5a796a9620838fd4b79153af4048fef,reference,3
802b2b37a22ac1a1e7d7ea3d74cfa8cef7dc246e,reference,3
e01183e3dc48527dbd8a048da9fc8797a1bac9f9,reference,3
75302575c14076b29fa73a43c7cb13860ebd0b58,reference,3
effdfeb54c19d8a129c7955a36f23c3df3572ff6,reference,3
bb0ff0235c2fd81c5ee1a4e41d1d03d7f0b64224,reference,3
14478fa623f064f065b1b2cb3b3b21f4da29329f,reference,3
fbf5f483a373807982738813ddde21bd6b98878a,reference,3
626d141b2a40dbcc8684b7c53127dab80e2df24a,reference,3
f809e863789c31d39f836aa4da3876fc83d8f9f7,reference,3
c2d41c1d18e217c8cee038f28dacd6397687b5ae,reference,3
e5977c3f4f626b33202ee2c3694daf5d428f3c8b,reference,3
5c5c34a4c96df1050f1e121f4f17e8b85cfb3717,reference,3
af7b49a4fbe51c3b10556a0340ad4176733387cb,reference,3
50c2ff40b15d08f67fc7aebd272a61c1342af928,reference,3
0a7ca51d5d6176d935a82a09b8d4bf745198161e,reference,3
7fd9da8694b4c3e67a3d1289a2a5fafff7d7673a,reference,3
f3a73a44e29df997452f5c6d775b45acb75dfce8,reference,3
f43b4a526d1c04960b7e8de16827cd1f6f1a04f9,reference,3
dc022d7ff5065dd3df5854987783309661b9b718,reference,3
ef4c714f2fdc6ede68ca149ebe7e85beac0441aa,reference,3
c6e87a67f7a3308e195714bbd49c403750e2a323,reference,3
a33c1095a4202ec1333062f49026f5d9ab945f31,reference,3
e20c4b39283433d59234059cf3ae9f24bf2d13ee,reference,3
a62af7cf18d3a95b5a658b5e539502d2bdbf89a7,reference,3
bd3d51695bf6c51b5ad5b111b9a0b8fcd93b696d,reference,3
e38fc2d1731aa44ad14cb900baec9b520972f3cd,reference,3
ba8a7f6ec24e256d9f2090c063fa8d7c2a75c70d,reference,3
f6964a29d91fb6db2807f8670488963d346128a3,reference,3
f62debdb935f3e2190c5995bb35b6fe790226e3d,reference,3
afc3e4fc0f48d9000cb24b883ccdc1d3c53da40c,reference,3
7c50e737438165d9e57ec65bbaf73a5db91786d5,reference,3
ae4033e0680de5e9e946c9aae05578c0e2f72315,reference,3
71b2e2406bebfcb2d3d69f8f44b33d42f99683c0,reference,3
efde92b8bdee9af013bee28d2b4503df6b4fc5dc,reference,3
db6767e8f3a996ccc4d35ad54c5bb5a823862fed,reference,3
e45c0a59feaa569ec7ef1c3369480558b41c464d,reference,3
25f3f6e42b85476dccfc2912859a53a3c176c2a5,reference,3
2311a1c7c514f78705aa574deb1ed92351a98705,reference,3
fce0c23fb7c02d39b7f3722c9cb034ced0e73186,reference,3
e36cb608d4e986a6b9796e3459ffcf32d99d99f7,reference,3
f209bfdde57c83cd8eaa09f43aaad4a5bd2cc4dc,reference,3
027e8e1a1e5a534a700558be5a594577586167cc,reference,3
81f9a3554bb517d0be06a59291bb6fad6ea85391,reference,3
330a42a37be3b8b93a28cd0f22d995165fa43409,reference,3
ce1a049b9b56819324ea9409534528ea2e0782e1,reference,3
f9c4015343a4476adf0dff1f28858a192de2e165,reference,3
00d7c89c718df9fa2f425ba8fbe875e6e5955707,reference,3
f9db3eda6a37ddb124a82ee8f72f8e7fb15cca91,reference,3
e9565968d40a1ab0372a008708b6364f3d527884,reference,3
c698e0aada2154f15305de0da54bcc8755b3e8a7,reference,3
1c44b79362b2928ce1e1e13c37e85490ca4c17e4,reference,3
da6c8af0a9f24d992170290774f4269962d707e7,reference,3
f22fc3062025edc8ceca87216900e6d0f7e0681f,reference,3
248d644862529293c629c9f43913b3806ba0906c,reference,3
ced381535f8b8c8570a2bdf178a3c93a5339b189,reference,3
3ca6ccc1c56f9b29e73b4dc7412f0ea05ac49554,reference,3
f9c5a2e6c0e7a7be1a9972c07daaef0d8cef09ac,reference,3
b564e05750a42e36508ee6f896afb6f34e591585,reference,3
4582c295ae9ff05586f5c767a3c469ba1102fe1b,reference,3
97b4adb6244392f1c1527f9d877ff703e854ebaa,reference,3
c12d2e2d331c10e43cd4ceaa8efc537e75d037bd,reference,3
8f3882e97c0c78cf01c3bb51457c91493efdf533,reference,3
6c50e21616395c9a22f01adbafaa8b369c91ad84,reference,3
c12582a4351594a40ac3b15170983e741522c12c,reference,3
1f20daf2e1ab3b5b2dffa104a317d263eb7cffc9,reference,3
8dd06edeab18e66c874460d44bd07746d1f0a9f5,reference,16
57fdaf612396776c497969f144efa480a8a2eb5c,reference,3
6287f287e7952d04846cd869aefd656ddd72a20b,reference,3
34012d67b0bff07c48c7ac70992553a97f59b229,reference,3
af997be26cc22e3fdeb25a8a350c78c392dff236,reference,3
2ea0ed8eb03c2c7302c6f22fe0190bff33f3819b,reference,3
20df72e98076cf815d746a389cf68f7269ae65ec,reference,3
371f08ae3382dd06eb2474efe9e9456c0578bae9,reference,3
f3d3c9fb042231d6874cde62a18aad5c3e947597,reference,3
2a948ac8d1d922336bbb4eb18303e5b0be0c9d6c,reference,3
36156af9d6ff83a6e86d1df3491c905d30e3f51d,reference,3
038f191834ba0a182c9483eda4b164ff38327fc1,reference,3
d7efad0329682c8c6f28ade92093b8e40fdb3f4d,reference,3
320d37163084ea31df715902f475acfef0581bd8,reference,3
53e1e6457318c1cea3b9942ea21817cc1ecccf78,reference,3
62555dbd0f6f5bc3dca65351fd681cc48592759c,reference,3
26dab45504920dccd2ad380730fa73a56e7c3543,reference,3
69082a5af98441eb2e8eb887ea7ca79c21fae5ce,reference,3
486861486cab4241a09d3ab24afd785acfc9f84b,reference,3
528ba904ed5dcb74985a1852b966f12c051f7a2a,reference,3
7f091fb80903455c39c0997cedab6a243353e202,reference,3
0d55a35df27ef55047b4ee01667d1dc1094a3f66,reference,3
e1d5b59adc7dcf7c9b358f0d92a4b5c23f355e62,reference,3
a79ceaed44ef5407c0c18558d6d3f40718115d04,reference,3
ad4370613934d3ddbaf97c800606cb963068008d,reference,3
4274cbf70d5792d58e1eda6c566f4f6d75c543f6,reference,15
2c3383d8afc90c018017a5640e0cbad2502ccf0c,reference,3
71a9f6522bc66cb1d1325e003f867f0469caedf8,reference,3
8a770815120fa13f02b4b378d1328eadc3f54ce2,reference,3
fdf91971364c878fd11908ccecfb795cb8f331f2,reference,3
d72aca511dcc4c0daa7f7bf8ef956a51066172c5,reference,3
4b6e301d5c88fcadd0631303dec125d8a5637826,reference,3
741114485bd2ee551c98a9e6ce31dedf1df4451b,reference,3
83a7f6afd46445328936aa3bbdec18c7a3e70c06,reference,3
1396af04e179b8ac69c3f2c676fe06810cf07749,reference,3
3b02d4202a8ee31966ab18afa613cf60313852d0,reference,3
39dc65ddc166dcca6b8bf202b40f16bbadb16731,reference,3
408adeef3433bb135a3501d9ae4ab33d7e2d49a6,reference,3
8b7cdc7b37704a1bbe6753e89b53859d3ca6cd0d,reference,3
799d2ab531c06fa8390f816c00d42f6f225419a8,reference,3
7886555f160d2008078e83189a8110a6a45e4491,reference,3
2e8a8e28c9880c85b44b8dae619eab2cc6e5a4cb,reference,3
fb44e2649f2ba8488af8a1036c1be5c5887da3a1,reference,3
1cfa710ee9d5ddf460bd5e48318cb9c967fe0858,reference,3
0df1f308b8df13194d76fb95aa86d18d6aeffbdc,reference,3
05df57eb699507f6f7dd6b4b390a69bcab71ae7c,reference,3
4fd1f43211b44e3021284e256d83c427b9278333,reference,3
7866a1bcecb0f0c535f70561daa6bbacbebdb4cd,reference,3
3750baa313f7875080e6b558986885d8d3cd4cd7,reference,3
bbb27b2c44d0ed07c292346ea86b9aa3ea2da5fc,reference,3
f9355312c476dc79257303c37811f5fb2786d30c,reference,3
1268f12bdde7896a853b05a6693c0345786963bc,reference,3
710976e086397e2539cca4535821f3d0cd1999c9,reference,3
e35db79cd5c5284293efb4f29584f51e654e7073,reference,3
4726165bf198932c7bdbc9d31fba7b4f7eb2abdc,reference,3
579074b4c9c8bd8cb2e11aff7e493853e3a27171,reference,14
8c081113c9da574773d865fdcf1dabbe34b02683,reference,3
5b2f238c345571b342e057acef848ca22c09a992,reference,3
f0ad0b45a1c3cd78db6af65d498f416c5e2111c0,reference,3
8495e401614f1f8778611fe313cfb6ab8073c23f,reference,3
5bebaf6d21bf74f9b0eb93b42ecc41307431500b,reference,3
8fce0140ab126431bfd685a16eacf42caaf501b7,reference,3
a6da7dc77e6194331afdee82751cadf9bd25b3c4,reference,3
1a13decd6cc320729d7d26d8d900672673ad6f45,reference,3
12b8cf50aa5942155543f949da633c7f521a708a,reference,11
86268fca638b8a40b8ae98b0a30649c444534a62,reference,3
c1e7fcff63b526354f50f62b51141382fa6da812,reference,3
793e6ac20545edba6fd923c76f18088d95fdbd76,reference,3
060617252126279a1ebac3e10237430ae484f97a,reference,25
9956c392d344ef24cf0f84c32daaeaf3a9f65696,reference,3
b34468dc095f81951938409e42592532132042b1,reference,3
6f21e4aa3e9ff9b85b308340ba33568a8f94abbf,reference,3
5b0daab496b995b9f45aa65ef0701cab80da4071,reference,3
f9af2546658d20fdfe4e2c9ab3d3c8d42f7c3a25,reference,3
6e0a887c665bb3343983539c836cb2848c0ac798,reference,3
8f3b690039f68339eca30fcb6a7a6e2ce6fa7328,reference,3
027e1eb1f782a760fc35834c2134c471263cfbfb,reference,3
23fc2744112849ad14874d6a309e931c4b936655,reference,3
2b1ee3fbab44895a5b0c80523038cf122dde9b21,reference,3
221ff2a48e2a0dde9fa554246545a8412c3bc8d8,reference,3
903f039999e8d41325fa6d3aedefab299aaf7e06,reference,3
7488fc3e38e989e9cf234f7a03f3a8a935aa0a6f,reference,3
dde5a8e642e9854ff435d02cf1ff8b0e9a1f43e2,reference,3
a81c295f143d98e547218c44db822a99306ba9a2,reference,3
05fa0047bf14cabd873cbd92434853bc34479e37,reference,3
b16866726a0d5dba195731412ea99d66b0473595,reference,3
ab4b17a83835d7697b4d083579e836c9588abc9f,reference,3
f1c16e5d31b7e0ebb0050a2c10a0276f5b8c612f,reference,3
1cc44d324a78fb6258ee0fc16b65589552f0ff08,reference,3
69b4415049d43c7adcac0dc1f65678683c362d1a,reference,3
05026dbbfcfb88929401f1d00e13338fda190a20,reference,25
1bd22c7154db6291fd02735855724973dee2247a,reference,3
7a343631045e96b2c9e5a4feb2b33bf1297e4138,reference,3
2f93ed580253976e6bda1980e4a91f45e78e6740,reference,3
629b87e024d61491f1d1c1903c4602c2de0a208e,reference,3
1de38fe7d8c7ddd7c78e0c2c74008540865ed51f,reference,3
36e3cc58412483c4c3c743296891420cd3c94255,reference,3
9124a4234ab6c4998ee5f46fdc40d5e8176f607a,reference,3
66744ba27809e87e085d95ca0d30cd44cbbb8f76,reference,3
a0ae8f8ff5e9de959bfb84ca8c32a5384a00304a,reference,3
ef511f9577eec382c0e8dffe1918f850d826d257,reference,3
2342e64a8a9674884f601313cea4c69c98853ebb,reference,3
46ea0cbd5b9d0bc81112f9f9604cca763ed6a7d3,reference,3
9876e0aa99b1b29cbf79ae81e7def9866aa5af84,reference,3
ed5bfe841e1b3129bdc8a9bf3be7c6194c4811c5,reference,3
144a5c14db46e76b7b762d64fe53cf5dfd95ffe4,reference,3
03eb8b255de36bc437c2753904b648ae5518c8c9,reference,3
1e80744c6848599c4378d37dc12a162a3f39d1b9,reference,3
2e3c0a7ec7f8404ac51b4fa14d89773e881b4935,reference,3
c054989c584714d39daf2ac7a9f5e27cf3044e00,reference,3
ccd9eca10294fe822a25e1133d59deacab005860,reference,3
5d704c96c12931c8fa1c05cfaa2bcba2fc1fbe02,reference,3
63ad116fd0e352ff53ee9f2ea2e07af2a668a1f5,reference,3
71f354e7b7871d8d2f3cdf5284432c0d44dc143a,reference,3
770e3076c798d632e22a93a65f81e486688be601,reference,3
a6c8ed0c113efdeb9b62589d44f270fa78ced1fa,reference,3
3438663b76c20f821f6068cf5db5f1c38451660a,reference,3
31e1c0bbd9ecfd07cec81369b92179e2295f240c,reference,3
1db7cf358733daf28c86712fa4351db840bfe82e,reference,3
bc52f28804a5a11808b3af7d94a79d0bed85e393,reference,3
06b0399f2241dc680c0af9dcba6f3274fa14f6fd,reference,3
69ec41a25a4ead52bab62ea220103fdde06f7126,reference,3
9b1d3edda4d9dcc218f1b3492702bb3a9e64afd2,reference,3
82a82bbb75b08c3de78f7cebd52e1c3c38d515b2,reference,3
1d76800e95ed9538be09c4c5eb7e94175fa36e5f,reference,3
f0a4ad86cac9adcde622da19810365e9fe9082f0,reference,3
927af99204bda335bc7e4c01e3059830bf862450,reference,3
a1959c96206a3248863bdb23c532f9c10601e567,reference,3
614c7643943b354034f2ebe107f7cb848cdba325,reference,3
0af0b5c9d13cec89db528896ac6c2caf6766c4a4,reference,3
c2a0f573b10c396627610ef7aa682d830840bc01,reference,3
5e4579a774917673e40c982e384acd1db92b6f03,reference,3
0a9e7f2d03003cdcf0ddd1715f75716b149c7767,reference,3
d562f7ec6de86a6dee2d058595c9047efc846fb0,reference,3
a5558a4a7d24d6083a26fe287fa2e2d2337114f0,reference,3
5ce333bd200ba2067a24019f878423a8bf3b16a6,reference,3
1098bd3e0317c7b3d63e95c25668f44258c5c606,reference,3
d909236c39c09c6136de0e6a4c83aff168cac94e,reference,3
80f7e0d4a7e4c3ec8577c48b7ba7ae5a7fdedfb7,reference,3
b497c67dd697db90127e5743eacb5734f165b310,reference,3
5c308e16788bb80d9a6292c05448d319928f0be5,reference,3
15827d3552d7060a16a4cb6a5060650282d21983,reference,3
7ad9ab611664573179aff022be375d7fd14f9edd,reference,3
766fceda6aae59d0200c0fe75aeb6887aa71efa8,reference,3
0c561f33ae15decbbe699b05e02e1299b8dea58b,reference,3
1b93df6c546abf7cc668bfa09e2af666ec6f1e9e,reference,3
9f6d1f29f14d1ce01a83e345f1dbb8e1fe98a5be,reference,3
d7c5e7f65d6fd7cc7593cbd0c413f991825c9d2d,reference,3
4d286a5837d426e1def2576b88b5233351b9a94e,reference,3
00e5a1db842eed1ed7d5804d5a5eab0c552fafad,reference,3
f26d97217fb6f83f5ac174dcd0ed9e302d7d8ebd,reference,3
289d46628d721374535e8e4b45abd7408249cda7,reference,3
5f0015c3ada5cf631d55b5979cb55f9b4b86b8a2,reference,3
fc6b3ce994c60f1b85738c28ef5bee4ef2ce3b3d,reference,3
2b198c0aaebb6389d9b9135ace84fb887a37510a,reference,3
ad61e4d2d5b836ce7b3276e2dfeadf187a06c15c,reference,3
641814cd730e12e76709d27393f93b63caa13cec,reference,3
a88a1d6bbae42ca19a8cd57409cbf6a7f5983e23,reference,3
f61abfeee5573ef49e0fe4c3065be529d0be80f4,reference,3
8f414f6cdaa22de50d2bee1d9101cb5b63c2981f,reference,3
f02349ef703c581cebfc362a7eaf885646c6f07d,reference,3
f3634577b9f0ed905f4b79e74b30bf461cd970b4,reference,3
db85000d8e0d11460103914670d90452f65f5a04,reference,3
9414015e3448a35488796c9f8e9a78da44618c89,reference,3
fa8af4ba8b7f1a38e13ceba5196c8f4011a5d76e,reference,3
9288f4aedb261f7eb054fc6c13e4e07326b9585d,reference,3
e9741686f4ebede5980baec3c92951f5c35cde31,reference,3
a576fb2dc512920f9c52caff3a640b2be99a37d0,reference,3
1344778faef2e23f5bea6086a7ceca5310e6e462,reference,3
ebf086a0733e60f8f377bbcce0503a35725fafa2,reference,3
9e408d8ad5af44c358de4e65be735da9381dc994,reference,3
2d56e3ec638f4c1495677e271a1d52dccaff03b7,reference,3
5ee0165c6b3f77b7ef2a987de60e9cb43f164475,reference,3
3c5fac518a0d00f4fa5b2ca134a643fe26a719ed,reference,3
3e344fcdafb923a7922d4c018f7d67b2949adcd8,reference,3
e1cce10d9d1ee9aa93baab43940906704ca494dc,reference,3
869b95152b30e9bf01a884d4fd40b23311a5c5ec,reference,3
6b8fa8e08c97585452143825d0afce0b84d79e97,reference,3
9d3042ca37e41b28a180b30380517eba95e312c1,reference,3
08adcd787a71682b7b805bd066ddf3355d5cfc50,reference,3
f56928470abbe177dd6f7527523b54962fd465ed,reference,3
6aeba264a1c8b6ecbd2410086e38a5ad89480235,reference,3
26e14ae20eb349c2b53d7a32b40be11a3f18a2bf,reference,3
5cac3710b380f7c09db6d17df652a9f4e88ad127,reference,3
d32c157160355783bf5df9689d37ed057ecf501a,reference,3
84105ba73e7268282915aa38a810099a87b23b6a,reference,3
3196c36783a012e674617240e679b05a659f7884,reference,3
1f31434605e5db7f8033149ab0b713fc6829d67d,reference,3
d892b1335ad37c4773f98e8282b73d1460a9f2bf,reference,3
26e3796caa2e1a46912581d58f05bed0e0efc094,reference,3
300afe802a94559b8bce60f09cb980915d8ea9b7,reference,3
b3dd1c524f494ebc4a4aee4aab6f7f83b7a24d3d,reference,3
28d16b71e154cb59f394b4c6fe2fbd823a2192eb,reference,3
e83182f9edc47fc4856cecb888cde56a92511a31,reference,3
23ce4db1562626386f5ff5c9394305a5ef36152e,reference,3
175cafff53721f65013ca00f15a7b625d31c705d,reference,3
00145c2e21427fea04611cb7c33dd41ac4aa362b,reference,3
d81958c3b5105a3ff747183a6ca0d012fdfc98c1,reference,3
e0cdc062ad50f3c58d68056744b92e6311e89e29,reference,3
a74ed54e0478c244b4cbbd47f475f449cce2501c,reference,3
d132855d4f8fb936be684ef64885d97849b179b3,reference,3
4b523cb7e0172907eb5acd87db8b09e2f7e75d98,reference,3
49e65c03a4f24deaf195b3765e83833412e91edb,reference,3
bc6e3cb5bb605ae735359210f3e454d132fd6d72,reference,3
7e8f5fd16bb4a728941d7730d225608db0133f4f,reference,3
3e02a636b8089b66996011ae46ef8acc30fc5242,reference,3
5c6805afcb85167758716152a54cc7bb110fc78e,reference,3
36e2a5c589d7ebe15f736968102f49532cc1526a,reference,3
90dec62fd3f66d453aba44ec5e1258e88cffcc4d,reference,3
5b96262493553d8e6bf86c3eb2052324811a2a29,reference,3
e921adabea7843e6f333643bdfda3c928a5c7c7d,reference,3
af75ceb2037b521d682bbac7d496405fc5a3dbef,reference,3
675fb469b310551d0edcce4ddae7c62b41aa4100,reference,3
0619cd71e01fffb83bdaa96a298a2f95db4c0cf1,reference,3
cde590385df184651ac0c5d209053b50a5616773,reference,3
0e9363b8bc9715acdb9fabed53c68290c3d9c745,reference,3
55a69beb1a754a0a7cbab1c5723a0841408725d9,reference,3
324e6cdf975a8a63c23ca10e2504b603cdc7e3a3,reference,31
96fe0e28e59c36a006ed56d957632f227096f0ee,reference,3
52bfd1205745b0339799bc5b42f7171b9e1e79a6,reference,3
3c5f64490915911f728e5198be0678798322c3c5,reference,3
9c17c267761605dc65efa5cbcff4f2f239cd9e5f,reference,3
5d22ed04ea8a1b2fb5a9e45d1c154e0837efe1b5,reference,3
78381e1d6f0629f461bf9234b74c2bb838e49f5f,reference,3
9e15efa3c0e39c07f03f5dfcd4ff68756093dcb0,reference,3
e19a794f7891d998f662280e51e384e15f884177,reference,3
52e8046e43be385aeebeb28b95d5a6a68f4e9446,reference,3
afb535d9eb1349ac0553178a7098bc4b04f546c6,reference,3
bab11fffba53a0f8cbac4f403e10e4907c709e8d,reference,3
24b122ca92828cfd5a4b72494ed60096d7e62759,reference,3
16f4bb71b8a7c7b8ef11a8d64be04d99d2c0f6e1,reference,3
f6739a46ed34989abc0b8fd7253ebda3cf54960d,reference,3
1629798eb063ae305cb4bc9a148f78f1ea6207e0,reference,3
c4a0b02ffa5a4ef64fbd0f51bb6d8e25484e6fc8,reference,3
e5b64ea83f0bc7b14a7c676ebdc0b5c816e689a0,reference,3
43079bd5148792813567ac1c9e2190df7ac5aa3c,reference,3
e7bd20437e48cb2613d00a300af7555ed1c1face,reference,3
8c1a75404921f98898c5b374661275fbbdd7e698,reference,3
ffeedd5d12e19556303742dab12a306626d2a0f1,reference,3
6394296dd9ac7265b9854d929a6b6f5515b7acb0,reference,3
55791d92a0eb9de2ec97a91b7f0d662b42b8e2b4,reference,3
5cdb81f9742ae64370681356c1fa5fa0d8a974f6,reference,3
dcc960a09be6c14e7632c1b170a779231ead9a5c,reference,3
b4b12b16bb6a8e237dee14e054d91426333f0040,reference,3
cb9b22a139902e5c98042dca807939877850f018,reference,3
41682cb4afa214075138d400353ef32f132bca30,reference,3
032434d96aaf38b58e4c59130beee764116e0305,reference,3
ca47e76a16ec212674c6c57db37735b680a853e8,reference,3
b882268f21b957204479e1139abdd90dc083f3a4,reference,3
632ee6dde052ff14165e2c9511b43c9a2b7e6d97,reference,3
fbdae74a028cab22302589195f7eb620f3a59f87,reference,3
b371d90d4b0bbdde8f322c360dafc243cc1a47e4,reference,3
457fd5a37121a8d537025ace4184936dfc987575,reference,3
46619b4299899079df2cb86d4c21519897dc08c3,reference,3
894adb15e7f1dfa9e081c98434d10825205837b6,reference,3
3832477463ddcdb315859ff3f0bf5782e6855061,reference,3
a311dc09252ee59579b9b15a6e4512b0a6e9ac38,reference,3
3e713ad1f09d90eb4a3b04c4a38d1153797629a3,reference,3
605f5a9b7603b3c1b6975ead63ec1ff28b68a4ba,reference,3
7ffd186b8218847a0896938cdaf33c99c198f21d,reference,3
c8f62fc5985ecf5780a9f0e094632627e1b71b6d,reference,3
c1814f8d52c8b25f062115bdb92735d8ca93b7b9,reference,3
2dc24676e0f1c14eeb3b8efdca6287ae1480b25e,reference,3
756f77a10ccc66c726faa707c3f362a57764752a,reference,3
518ecc43f230938e62b1f237ce9a0ef0d1f6d449,reference,3
4f4aa56463c9f233df8d64ee8b239e46f3320ab2,reference,3
8af87ae27a4793248c4751e10e529f6d9d848ab2,reference,3
b877847e1f27bbd31d2091fdf2d3341ff842a0fa,reference,3
61477e9b5fd73208db3edc45e8bbc343a5dcc8bc,reference,3
580644af1c3a6a465504bf6de4fe2a60671b741f,reference,3
70886685fc76e5f25d41792eb60d9b984e7e316e,reference,3
4f4f4014979fe35d28444509ad96e8af1effa85d,reference,3
c0dcbc22ddae9010aee03c939cd305947bf77d6d,reference,3
2e0e334cccd02f999c2a07b1c3e2b56eba173a92,reference,3
0088073a2b2d0b71a3a6e095b6f7dc274ebe7274,reference,3
a440c167adaa40648773d8cfde90e6d9d93a0ed7,reference,3
b17bb64e5824bbe46257477bcbfdb11bcecf13c2,reference,3
7f797106e8b3d8d9300aaed917bd0686a1fc8caa,reference,3
b811db3393c6bc782dfc825224fe921ab1641ff6,reference,3
9ed316c0e8e6e6901ada47d6bb8fe47a016e8c80,reference,3
0666d75663dd7a790596a41799c1cb42b86d4d97,reference,3
13377dcc40420c50f9a7bb211a86835bc10fe36f,reference,11
6ba00057a3d1e117326038dad65c34926e48c2e1,reference,3
e2b1ba7e73ca4ce0abef8c87f2c266e502b3b7b4,reference,3
2221c16dd781b1c35339c1bddd9d436fcf985192,reference,3
fb5daae094e79c1de6787b5a6372d900692806e8,reference,3
fd2f3b044fab511b3c9f97c5c8d45eaf4ba38d76,reference,3
132f4b25b7e5a8494a9f71e36123905eef6be106,reference,3
c5c5f030c608c053e7f2d174cefdff0855aba37f,reference,3
50cc8b978b7c4eb96a05fc39306879b883eee82d,reference,3
21d80e1b22d916564f1df4d344827b33453bb065,reference,3
77ecb108db46c7d82c1f5a90dca2714f0898fa0a,reference,3
7b3c315aba65d9c627e55016cbee8684f0f3c1ee,reference,3
c3a2da55a82bdf55ffb5ad1117f10cc0462e2c81,reference,3
01e2ff18cddbac1ebb0964b57dbb913b02eeca6d,reference,3
1dc382f81ea304b185f54bb723e707911e9d5857,reference,3
bfbd0718dacf3eb6aa1a21ac491579904db99cc4,reference,3
01588f8fd5e56bfb2af58baa2ba637ebc2ff2a4b,reference,3
881ebd6d94065e5157f2290009b147b87eaf4ec9,reference,3
7707c1b321d04101c29b874c968a3cba87a58780,reference,3
572f6521092bdba580aecde2604488c28aca21c4,reference,3
e459c2bd01c178384f0ed19613bacb22fcee37ae,reference,3
3c83033c15e889302d0d21597e518a2f5c723291,reference,3
4254e3c73eeb8d0b9c62408120a2239c0e65576b,reference,23
ed5c0f1e4e4038391515caaf24589ee564edb666,reference,3
04daf8046d036a5d92c52c0fa890f763ee38662e,reference,3
9dc337bd18bc0201839942931b12aff8ec1c93f5,reference,3
cefee18a6e90e747b94dc25e71993cd0bcdbecbe,reference,3
4b6cde355bc884e8fc6d0690b302ad463a0b82f4,reference,3
b684d388fc297f7b36099b0e5feb30ccaeac8351,reference,3
6ac9e9c8bdd4eebe3cf6adf7187b9ffb16ff5b64,reference,3
7c229fb02f204925e5274601a7c4356d49b12c92,reference,3
8f39cd8820523fdd3323a42adc019f761dc8ca0b,reference,3
daf4b69900279556c5d37495f8f3e853e0b9e909,reference,3
6286fe7fb4f8e39100f268fed33aa755f66a95e8,reference,3
ea9e065bcbac0c5d3241d444c80fa60994fee2f7,reference,3
a8a9d66263651e70f98e3fd411aff9abc2be1ec3,reference,3
4b6793d43e7527b152ce0700204a8f3f3dee7928,reference,3
eaf2490c1fcc012971e9793a17a1161b6b13cf87,reference,3
36988ec89d93e193dae85aa176593c0224bf2b02,reference,3
d4911cb6f75a563cac052de8fcf5ea05c32b3b84,reference,31
4e9f4cdd0b871eb8d1931727b2e68cf3148b3790,reference,3
5a3dd8d7ed33410b57c1fec9b79cbcd5ac9e62b8,reference,3
46aa99ae2fcbe2437f7469d9d45d05450e219080,reference,3
9ee3d6b6ad2ecdf479ecb8767a32bb43a9ab21c7,reference,3
e55d53a71952e02ed9446e4e0637407f0d10ccaa,reference,3
648cd4b22c3fcae2ea3f8db2e09a4f7e362dc4f7,reference,3
37c22a7bc7a955966e0a7cbaa5decc38b4dc0a2c,reference,3
d64296d9a1f63560c0aaef12e6f16f3448645eef,reference,13
a98b6c84f5fc9fc58fdde2b9a4894da776df8d46,reference,3
2b37d71a5d80d81566f925beb82fda3a3ca514ed,reference,3
aa53480cf7d0c846204434edb563fbbcf644ebdf,reference,3
d927c1fb26bba990f352e6f2721a8b2b750ce5c7,reference,3
8ed877dabedf0d8d35e4e505147fb5c08ba05b58,reference,3
bd6c3f2fe1d0ae1bf9a842e923a052cddef586f9,reference,3
cd5d736218589e0d9a8db4808f31eddcc038a3cb,reference,3
4aef306c45f7d07f3077cc5df2a930c158e12b52,reference,3
ea777bc6ce9b1f45d934949e18814dda1e9f3340,reference,3
721faf1a9732f442a3408b18e1c19f37c308cdc1,reference,3
3bb361ab1af6b407129c2b15bf65687ae1ab91c4,reference,3
a92fc61717058a929825eb35073cfe60b8aabc77,reference,13
0f95e8492271136ab44aed60d63b40bc8ef2dd98,reference,3
fa1d2018cf7ffef23d3096b00d598796afa0cb77,reference,3
87871214c4917d7bd1f7e8baf1546553f68cc6a7,reference,3
adf921d81430a8edba97b72cf2a8347139534731,reference,3
b4000075c9349269cd4a0c39eca5ea857fb03084,reference,3
7c4fdcfafe66873cbea4f464d828625e5edbad25,reference,3
bc867bc9d13196b54810df66d87f3eb0e2d2eadb,reference,3
17c83ba6474fd3f46248cf80d8e80e54f75ba892,reference,3
12a403535b772a216bb3f08a64f1ed0162503110,reference,3
47cd184a0243d8dccf6c046897cec1eb7e3e4feb,reference,3
187d472b9131289480adbddda5c66750bf98bdcb,reference,3
e1846fcdc2f36540beb34b72cc6a97f0f1a8ceac,reference,3
f5f2effa706273be0095ef92ccb56ea328dccee7,reference,3
ba01ab9afa7ef6fe488f19b428d099891c8ccce1,reference,3
89d645388eae0bc47f1414cf98ab93e8a004683c,reference,3
437a119c66698798d57cbe6e4d8f570894f10402,reference,3
ea891d2c15a185a503fa15a36ee80f981148d221,reference,3
8f1b0d70c16a046c057d8d2de49c12e9be0f7d03,reference,3
104f6f28fc10465247a263cdf07f9df5fdf1e1e9,reference,3
aab02122501817286a02d85ff06d2081da8a937c,reference,3
2e85e14f3efe50154d5b9a69c10c3653c4058c58,reference,3
3824143136d9c2be2536a56063143b0be18a75c4,reference,3
e7a1392aaa8f91e0c941030dd40097fbaac525f5,reference,3
4f5bafc02249fc3f9adec9dcb0ee8ffcc5f200fb,reference,3
a0dd514e1f6a8839c636005114d57efad41889d0,reference,3
79c1fc3cf3389e72af51a1c8eab8837b5e6e5066,reference,3
f34f8ae257f7929dc680ab83d1568eec5dbd2eb4,reference,3
db7e70aa70e9716cc740114ba7bd64bf87d40aa9,reference,3
4f62012ecf95a972ea023ff16f45196031a90c6e,reference,3
e1eb6f34f550e9853c5bfc420f50aed614dc17cc,reference,3
438b128445a3e592f2ce7a8b121387044b07fc3c,reference,3
31710aec2104caeec51e15c2af9669aa38da97aa,reference,3
7a186ce60f03dc0819ae482d3eb827f1c550fa07,reference,3
80ad06205d9f301e3f60218eca315336329950f7,reference,3
5550f840c48dbf0effcff01915a9f088e2ff5a07,reference,3
497fff9da5b965c90cbf0d3e648a3b39eb0380ee,reference,3
7bd89c7bd9ceb4120722339e3f3b689bbaa11158,reference,3
7f6f34090d17d0523b91c0d3cd34fe9f66ebb189,reference,3
8926f13017cb025360839941ece1305eb247ed12,reference,3
68a65925ac6d270ca27a4fe99e58cf2ed0795821,reference,3
ece2bbef0b07a5cf8cff0a1a3b902b8a5d46310f,reference,3
0abc653fe34ce293b6a2db3bd59341e6fd1b3dc6,reference,3
e06bfe725a3763500358d8f2c2f014810ea740ab,reference,25
e490b9e1a529098b4e68228f7a703c924df7d3cb,reference,3
04c13dac7ff84f7345c7bf95262a30df429c9c55,reference,3
247f5200ea68e8ee862dc8056268ed59882e1142,reference,3
d2a1de78a1ff69ff9d07e4634aa3a765e2d6eeda,reference,3
b9c7c36d07828403234e8483ba36fdc9814f2c00,reference,3
ba4c5a116d07b37dea1046b6d16a60cb2d01cd47,reference,3
9259b476c31ba52b7e9ed059e5fbce2125092738,reference,3
b6ab16c8eade03a39830493071d99fc48a736fac,reference,3
46d4c1a137c6c8cfb0548da09d5fcacf2da55aa2,reference,3
122d9b58ba4892be2fd9ffc3638df95f99062e56,reference,9
05f999abc2c60fdc8d043376aa2924177d4412c0,reference,3
446896c77066bf0037daf03da39102d8f765a33a,reference,3
7342258d37dabfce1754ae2baa97c151ab7c45df,reference,3
d7ffcd4c5225ee752c5af9375e426fb6b5c7f88c,reference,3
ee5e53987c35fdfbd09e7564634c673871e5cab6,reference,3
a58112381efffe6f1b43f8b663a5d30a2ff27eef,reference,26
83861a03fed92bb9480042828d5dfc2753fee4de,reference,3
62690d78c1b9609036f7a456cc36b19c5dba6eb6,reference,3
861278d9515329242c83293980a6d049295a7610,reference,3
754d5164e196ff231786d10a48594f3f27d8721f,reference,3
7bcdf3417c77bd305096d0e6dd151f722fb9dfe6,reference,3
a0e7f328781eda3e3dc919c77bd1eedb99b99612,reference,3
4402330e00ded11f2472f7a70cebed022c8c4d49,reference,3
75d61f9286e298f13ff7913e4f839b839f61cb02,reference,3
e3090518cc30a95b3eb42bcfafb8c381ae238f7e,reference,3
1ab303435946a859620ca334556ca3b0e53464fc,reference,3
c7d35995a9a4d49011cf47f130535e1391ebeebc,reference,12
550676250271276becf5a400f072241daf734f4f,reference,22
265136f7a5438e252e59d8d807042b625e29111f,reference,3
dbf829c977c121c3704d070d7800d29fe5914756,reference,11
2f459e99c76e2cb804af5327604ecbe2f27abb93,reference,3
0d794d8d8204025b6459ce52a606a15648ac3931,reference,3
69b53faee7ce5c007e4d3e3ea532818ed8d0645d,reference,3
17d35eca16af52c23dcad566295b3604c4fae8d2,reference,3
b00d1028291ae64e9d7485a34ec5f1b7b5a37909,reference,3
27da47f159cd064d9be0e36d7d4b9fa6aa628401,reference,3
9f12a20f62238f5206520e52e83e2ccd1da17f03,reference,3
9a9314ecce6c32e6cac331a712f0b920a60a3566,reference,3
eb38dcd79e2738daae3f3516d67e85969a2477fa,reference,3
494cf86c8a4b8d9464f3888dcd69ec1371aaf43d,reference,3
44f6cea2aa05620fef00d8dc9e566918dc6771c9,reference,3
2d83b615f989c8d1e9860a8a2d82628c95e40d22,reference,3
4ee7a9a6c42281fc53030e12934a44b0cd99cfe9,reference,3
fc4c380102d6f72657d1ab54dffd6be536bb01c7,reference,3
1d500905ca70d40a85d10f60d44a018ec0d9349d,reference,3
8e1c0a78a26a59cbe4ac82f13d9d01017a9bcb73,reference,3
1e3a0f9415d91d5586ac261556c883b0ea2b979d,reference,3
8ab77a9eb414a6d1e9b7f81399483ff17d6ec877,reference,3
9c20d8d5cfc60f5b9aa058ff2968563f2af33398,reference,3
0d558136634156da3677d89d7ad9654342334c4d,reference,3
fc7feeaddc5a38c0d6f0d793737584e5f0bb7519,reference,3
d9802af343c51ec4eea89b9573e0a88904fedc31,reference,3
0251bb95be75d472c8d5b873751615e7fe2feb1d,reference,15
5f58863dd6474d6f127be995b5871e7c60f2792f,reference,3
351a2d50b4aff8e9754dc7074dd589b10a7465d4,reference,6
e4bbd1cfa8e53e529b5e8310838a2e455985137d,reference,3
2e0a6382630f4947a4c519fb1ba6457ca76bbe2e,reference,3
40ff43bdb52ce84422ad60620a12af0250675535,reference,3
6dbb5a3f98625d7d090b37ae36dbf3e64d1f1d0e,reference,3
d86cdf7bfc766b61a9515c71e4623fa321f57ecb,reference,3
0930a5fcc9c719c00a4b3c9da276f8118cebbc6b,reference,3
d9403061e3a3392652d037138532fab111c845c1,reference,3
cb01408aed1a7ee32d7556af2c6949ca7f5374ca,reference,3
1894b5729cb837cf1d9e17158c9dd2a5541512ff,reference,3
630c40e6573e8e19bf1bc733465d713e38f3315f,reference,3
9e2bac2777eebe603a39f69221689493609d4149,reference,3
2b3554a8fea6f123fc04bd3e120f2293f227e1b2,reference,3
d3367dc9a7a1d7ae70a06eadc02b2430f4529f7c,reference,3
4ae95f6dcdf5d4e2269869f23b205b358f2b7b17,reference,3
07f9e1d3288b22cda2c980cfb969dcf410e5bd9e,reference,3
59d716b442ab760a78f58de6748c0fa1d507bfc1,reference,3
8d2709ed1788a67e64425fb410bb49f3ee49e088,reference,3
88bddfb7d1e0462be8fe99fdbd71c658140cb17b,reference,3
bf998a586c1e12a46c82ca872733366bc53de6f4,reference,3
ba995762283bcc0f7b449d664389e3fd4753e6f5,reference,12
5b038c1a93967072cc76689fd805e756f804cc42,reference,3
e8d513bc7554a83161f2fb26c8299b471581cdb6,reference,3
b3d08827560e65c57675c54aa90d282d47ac5d49,reference,3
582c2f270a6c0ce89679eebaa78797711fa20293,reference,3
28fbbf98bac1bb941162df553ca034d600cb59a6,reference,3
062fab31d30478b57457c8b7a94d7467f5bd770c,reference,3
16f01c1b3ddd0b2abd5ddfe4fdb3f74767607277,reference,3
9fcdbfdf28245010c875ce85502351fe05c04b49,reference,3
a0916a473c96b558845b5ef31e984bfdc1e49861,reference,3
d9044f8c04a23064ab2e92c8720b4f860855afa4,reference,3
9f4c17aebbb181756fab86ade02deadd90d5d4f9,reference,3
a281094d05e96b7cca044fdd87ff7c3c65649e20,reference,3
b96646b41762ae08f6219bb3c59ce21eb76bf4bf,reference,3
ee0c9e8a935e047f2c030ecbfad93c2d80d642d7,reference,3
1e7a2f9f9441462e92ee349f00414aff49617caa,reference,3
5d4d8c3d724eb89a77a330e074e0e16172f3a85f,reference,3
4a29554cec199e5bce74bbc07a52d14ef177626b,reference,3
c399a78321c2b0900d903eead65c683e0e451ad5,reference,3
3fecb6df989c51592cb1a1a737f259c5e3b0eab1,reference,3
53adaabb301a91c606dfef8fdae97b8b7c031e7b,reference,3
f041825c3ac6baa6fe274c5b89daa0635d1ee94d,reference,3
d6c2523ab97416c2692cbbeab082ed1790e8e55e,reference,3
64a1de81466c354ea7b7cde87aec41f994db34d4,reference,3
74d245de70e9a9f11d6eaa72439004e5cc2fabaf,reference,3
2bd1b8990db73b6495c11082bea2d5f925c5226f,reference,3
6f9b7c8cde1be2e62a503c31cac883c6d44c9d0d,reference,3
cf744d77face5f22f6800411cc4060b07c0ef6ff,reference,3
9e4a0d123bcdf52370dcb6947d0a7fbfca380864,reference,3
9afa0c3227fd0ec3a76928784e59c4205cbace24,reference,3
1fed19184785b2b50163b3d8ccb7bfaa0321d1aa,reference,3
84b6fecf016d74512869c698c66c83729abdf359,reference,3
5414f5a11e3f101bfb70f367b701cadecfceb5ac,reference,3
7084cb9a1edb09121ec022c205a5a398e96ed3b3,reference,3
6696df5403e1f77380c00d595c144ee37a102ff9,reference,3
d03da3d292fc46de021084ed88f6ceba056635b8,reference,3
8bbea2a965fa1d66f17ac966fbd87ea38204fa15,reference,3
71cdc4d3ecb738dcd531019ee6f81abf36e65698,reference,3
e0a53841cc051331931c96b08efb005d95ba7f81,reference,3
161f77a7c432c91cb7715d032be69878fe9b002c,reference,3
9c826066719e64ddb0ae8822207648c184c80817,reference,3
52cad7afe83f2e2368d89c9c446db2049e735a58,reference,23
004ff041d40a7912b31dbe98bbed0c2755655a5f,reference,3
c41ff6575a0eb5942212de2cfdb09396bcb3601e,reference,3
16612f46bb702149fe8984084f7df627b9c79254,reference,3
ddc4bfa468cf8cdd22477681ddd7bb83fb32cafb,reference,3
08ff8980b5135bb6b8da9f0022001aad1d400d15,reference,3
3775941c98b3d6bd32d130fd368c231b2e8af962,reference,3
b260a0263589324aa02adf4adecc211e44931536,reference,3
2b5771651db43cf2788b7063818de6a61d4b6ca5,reference,3
08b6f22bab698a3a241de5fe94a8ff6638fadaae,reference,3
5d30aded6ef2fd7fb378bc3989249024f93a268d,reference,3
95caeb76bc202b70036ecca866c9bd51fa9a5ae4,reference,3
014ee2cd211ef77e981b69de6386633e948af1e1,reference,3
6ca668a639c96a99bf34d724380e97a52895d8d5,reference,3
e68cf52268b45aac3da5a8f899a55b7da609f031,reference,3
afa31d17d311964b761bc583c82b3a85f89e19a5,reference,3
ad1681f472efae5d0980edac35c8eadf9797d2cc,reference,6
dee7b2f6c017b57aa03a8c5ca830a91feb55a98a,reference,3
5941a1d624b19e1cdfaf87367d22859828cb1ed2,reference,3
5d1758cc07c6914d280b5690b91d04784c15d7d3,reference,3
58bc3f7cdfd9dee45463d38c9c863929acde1f26,reference,3
e93e5480a79c32e3b7496697d8bd630e4a0321b5,reference,3
7f0afe1b627c627e05df73777722638e81879569,reference,3
26c5103593f93d4de75510f638f18558832b0ab6,reference,3
f01281b125128435ad134230c6a41cc55808eaac,reference,3
014f9a903edba91a4aca33e424db518cb85e2f9f,reference,3
e3fe61ce7a3c013de8770f7a43f3666f9a8e2ce5,reference,3
8ec7d50250203543a0098d99f04957b22bbe2c77,reference,3
7da9fa65f40ec86891d73c0da8cbad3d90809671,reference,3
0b0ba1e858573e25245c06e2ec54b72882e1d076,reference,3
b2dc4113f28d119df734aad50155f21b903df22b,reference,3
95cf0808135ee411204eac267909eb008b8cdb29,reference,3
d7c8bfb6b2ee634287a2da3a89c22ec833f1b30b,reference,3
1dea91742e80f2f3cb2a42224ec300ceac359f4a,reference,25
69cfc70b54ee65b3b84d086a4cd4c9c0343910ba,reference,3
2194b262beb2bdc86ffc256dfb3dea124d5ffb2f,reference,3
6f4279f2579297bbc61e8a237b78b02a40ca18c0,reference,3
e3be8f1c273fa35eb138b098dd35ac390dcbbf27,reference,3
0d211dc78c25f578e1c4768e3f400c1ad929bcad,reference,3
8c3db0d74fade89f6b4da5245992a9c9ac8c481a,reference,3
5703979f4f0f7da15a8799def2f25011485c0f7e,reference,3
db3520441a0ccc3f708ea8451b3060af627a9c29,reference,3
12f232ed8ca1e27d201402eb439c001f5649f407,reference,3
47ca007c519a3eb1b6b92be49843577640c7c226,reference,3
36a0e72c2b0ea3bfefcbc1d6f8bdcf09f8ed569e,reference,3
26a51460caea05a9f435dffad707c5a9d30320a5,reference,3
680ed9aa0793a6a77678b9f2f1867cffab545b66,reference,3
8ccc2ed8839641405bafea4c54df581ed425a5d7,reference,3
b183a4fab3a593c271f4363edbf1f14f941498d4,reference,3
140412e0b39d91a5b974e04cef3d5cff90283fef,reference,6
78ac6d3eab5ac6c20e3a2b3e9bbcbae56d1f84dc,reference,6
89c7122de163742e00d762d20f003e99bd3166ba,reference,6
10ebb42c89dca7688714a63c7e60d780c51b9596,reference,6
eac9985e83a291da0dd73a5453b1182e3d1f43cb,reference,6
b97ab09253a0ce26944236488f3ba75abe2b704e,reference,6
a8c1149e592c9600411f163459c45b4dd4045127,reference,6
55898cbe0aa93a138d47bcf308254a5d72a6b337,reference,6
2935f1d7ee937a5cd21730d1591ae4ac8c4303fa,reference,6
967fd15f1f8979dcaac335c1e6850b5f38e2fde2,reference,6
5bbfb49f37fc6d5b8902f3adee9fccad25407968,reference,6
ec63585111a93da3c544a22814a5be25509d2dc3,reference,6
fe5d78f1860616406c69d2a4f03363dd6f4e7438,reference,6
d8ea0800e2dc888ef50b0ec54f68dd898ccdf47e,reference,6
74076b0cd51cc31170404ae3e98825f592341ded,reference,6
194828ad6317272dda3d7966e86f7549e33f5eef,reference,6
f737beb61581ac650acaac927896f8cc5251be29,reference,6
abad335e4022f7ea80d322e1c6e9e03f7cdea18d,reference,6
0e2e2b019c84dc4818fb131e742305526dec3d4e,reference,6
046d8981939fd7dfd0874ba8499020c20e71e634,reference,6
f32e663048a86510b02063dab740de7fa94d28b6,reference,6
1cc3ccc0e6f508a755209d77d313b614ce53ad1a,reference,6
75930613ada12d550fe24dd75c3bd3d45536a12a,reference,6
de187a473f67ecee0e45d5f81bb8672eac3753e0,reference,6
4381ae2cf9f5f35bf7a520641d871dfef7ae9de9,reference,6
00490bf4b6773493772569ce0c8a549534fa6fb5,reference,6
66e5f074354f6deef4862bb7feb5d00320d56c65,reference,6
71351bcefc2bfbe2bdc88d308a8b6dfbc3c7e3a3,reference,6
40e5c41fd13881016ef1a44ee5d24f6154027bfe,reference,6
f9cd6239312bc8ca7809760ab80a085912af098f,reference,6
e1c183887f2cbd4f4d7299e44d9bf0e46e475d46,reference,6
cca757c7f069997cd7e9713227a429a94850304c,reference,6
bab436768c65ff0b7c48ee8dc85c9ba2753cba0b,reference,6
419fb386d431b7db2e9b69a4c571f5fb4a6478c2,reference,6
5ab66042dc83d79c2c519cc7df05eaaf0a29d35c,reference,6
e5dc3725762fb5f11c8e2fc72a165b495e61bcfa,reference,6
84d00ac7ff7db5aa3cc74a7c1ad80b943965228d,reference,6
7f57687a2d27ab6d22c3b10d884771906755be27,reference,6
e9129e52d36b5ed4908c2547c7f56d93c4816ae6,reference,6
313a406ceb1c06d71cab6cd896ecf845ad195b12,reference,6
d7644334df05ab875ae51e757503831c9158c164,reference,6
0c318856c747bc018bad6f93b64864a15b3ad924,reference,6
129c1a9848d0c784647cbee5d5dec545b41b4543,reference,6
4fe9deafec1e4c98adf32cdebd990d09463f38b9,reference,6
1dd11ca3e66fedf60d009f4f58d43fb7f129a446,reference,6
bbf22ac0f6c21f3cb173b95a6c506418c2532947,reference,6
0226d12b1bc4a6cdc4c5879db2a6358d95e607a1,reference,6
e869415a5eb6fec7d34a7b1c1da80075c2b4ac8a,reference,6
1da4fe0f5494f1a17023d7bb9a434a054261ab35,reference,6
197306da6c720e3c990c68d01a168921b1e9df21,reference,6
d652cd9aed7a54e0884e7d7fd77445eb3fa5a786,reference,6
54ad9f13072789ea11911c4d624955c25cb3eec8,reference,6
9c66faadff239f39761df060b8395249719e4238,reference,6
42946df742ab22a4c62ec6930ade687b6a887403,reference,6
5e1cdeee61f1a19f4aea855f98ddc95e794b96a3,reference,6
b658635b3dae651e4ce898288987e943d2845dcb,reference,6
0638e097f054ab06cf29f398f81f08deff00d6fe,reference,6
3982dd06568c983e94cd748ddaf123829160ee7e,reference,6
34a8741567e3bb8046817b3fea1fa9175998bb1f,reference,6
81e060664f2446a3c2b8f6597c5ccf0984e744d5,reference,6
fc37a0348c0feffa81ac220715a0b7f1960f4e35,reference,6
2c8f3728bfccf6cc85908e8ebebdd1f40cc0e6f5,reference,6
38e410400fbe07c2f0476949a4484c1695080c7f,reference,6
a0714d32861c85cf165c28549807229b508c1442,reference,6
c901a918066039c8b84aadc11817d895819ca597,reference,6
1da800071e3291f98d8b26c17ab544a4a2f593c8,reference,6
dd6a481686fbb7c6717a5db6c8ccba92927e5ce1,reference,6
5da016c7ac0d86e9cdf14ca7450b2d0853e77ec7,reference,6
1f42f5570bf8eb737ff45326215f407728a42a23,reference,6
fd36faf348f543848bde9a905d504d24b58dd39f,reference,6
e178ab50aebde467a9ac39360b2dee10be247863,reference,6
b1f636a6ecc341c3f77060373f044feef50fe726,reference,6
0f88dd28d4499da1325edaa63cb32c76f7b454c2,reference,6
2bde5812ad77a4b6fcd3dc47c87ce55ec78541bc,reference,6
4107d7c8e2a723d399b9f03131be1f142c81770e,reference,6
3c9118c8844288f80a997a7ecdb982f1fd08a1de,reference,6
4b01fa15be5afd03c2c6c82586e5861d39e33fc8,reference,6
988c17d08b2ec6d4d6769d24dba816481b7e4589,reference,6
2be3376c90365292548d8c8039b97145f2832f1a,reference,6
0fb6eae7d7bdafec386e5fb03b4c9d1a1c12da9e,reference,6
9a257a37bcb6ab0617878b5f05bbc3e37e75c557,reference,6
3578302e0b87b2a8411a14867686a20c0c858c6a,reference,6
b7088459ff404e1667ce5357c9b7daf5b9858b06,reference,6
cb8b5d5cc889cf2a84d03eb96ae3214b181ef003,reference,6
b844f228b5e095218dcc666b2b24e240c932d0da,reference,6
0e751f27672c9bf32620bf4f3ec7a1f2c5259058,reference,6
49b445b99d414c42aa2c463addf9709a9328859c,reference,6
c383c6adeb7b8cfd0565bb5593e5e0f6ec7a846b,reference,6
dd7509e613a922df6a4fba4c54c50dabc0ae0bb5,reference,6
cd0be47ae20448d82a8ab34766599cddf005ff8f,reference,6
313cfe3cf9e5cc64c1994de18f673704d524a7f0,reference,6
7cfaf157ecc7696da0830df87a59cb6510521775,reference,6
fe3a18a7f96842bb7b79d785f1e252f3c04f87b4,reference,6
7d636769e720cc33869f83ff988d74d117fb598d,reference,6
e3f35abe7fbdf9b862fce46c53bff1518c87ced1,reference,6
1b339835fa4ce6aff4dc300f406261e1c994a8d5,reference,6
99b7afda383d3647ff5988e73d5b15c403e01768,reference,6
7f9d1bae782e0b7c070928f8f7c6d5683fae2447,reference,6
36649bd59047ee4cf569f6c03a018b3d2ad4a4ee,reference,6
51bea690d04d88a075c26a81f6bdc10f2fc71404,reference,6
9eb21b25d4c1a5e46b31649f74d3a92c3bdfd4e8,reference,6
189b75d6893924b10f4eb0edd678aaae545883bc,reference,6
40be6cc7424a4ac40a154908c2870a993bb0fdec,reference,6
2e055bd218a5e27e84bfe295fd25fbc1a2f91c57,reference,6
ac12a46fd818a802d342b9edf3686a9914fd86df,reference,6
0cfb792c59718c9200003673829fec827ce1443c,reference,6
a95ec63e6fd61a6ffd712d6d49b051a92dc81639,reference,6
624b34567372b76655de25f054afd829446895ab,reference,6
a746a1f05304e81dd5fb04b78059ae9210fd8205,reference,6
5303f04bb1fb0860633a18d420faf30ba02f0231,reference,6
b9e08fea11715e6f8e172949f1561af89cd40b86,reference,6
fb79926526ddd2208cb664a2844d7e81c859eb55,reference,6
813c08cc159a39e4a55e9357b87fe1124bc64c94,reference,6
0cb9e91f1dabe2e4ab1ca30ee1f777ef05547239,reference,6
4c01cfc55f3bd648ea1388e46db4a095baf75eaa,reference,6
367a0d5dedddd29fe293c9990b6eb8e17facfff5,reference,6
c1f6e37826f931e1faaaa2bc3bfdcef5e4b71668,reference,6
bc994fd4c7c049f339bc00db201587bc4d3a1945,reference,6
0cf7af39aef45e1c951cc4055a938e57ad345d3e,reference,6
6310a1c682ca02f18d1c17afdb8361ec808a4355,reference,6
1eb65d2b790b87aaad3523c43fe072da6545303c,reference,6
87aaac8064dd7df0e611009bb748c43275703cd7,reference,6
3ba311e8daa6f68a87e317cab9efe9e688412b12,reference,6
4788e657c711ab9a96ae13d87a7c399ed604efd2,reference,6
0d90ff59895aafe287ebcdafa114319428a44af2,reference,6
aee3dd493678b3a16750bee1a2c9553567aec29e,reference,28
a5af13251989e318e366547152a24b2d48299a24,reference,6
1291ceac9be7addef76aff5eadd0a6abb51d4e21,reference,6
2621b71e7510a3c59910826a15ce55fa90ec8db5,reference,6
a8ebd4b90aed9ca07c1376de7a27da4d8cbc600a,reference,6
6089d0ecc3d0da39711d7a21451722e8374d9553,reference,6
89b05057b8f92b16d5a6725e33d1882a4a6f18d9,reference,6
ebe53532339772db4d79d053f7be8e385a4cd58b,reference,6
d6807738b137f2fd735ce578aa78d139f746eb93,reference,6
3dfd78e997987422b4a4586a354e17d5012cabee,reference,6
a75d6c71b2572cea5c019f679d60bcb736706db4,reference,6
2d8f323524f51c7a8a3746f08ebb8b71b4222765,reference,6
8461a429e0d0c279bf277abd4b964e453650faec,reference,6
c5998ecd3756d0c72fb6fffb7ce2bf0739851d4f,reference,6
8213063cdf621e2f340b45ad5be3a824395a2ed3,reference,6
4fa6de84b33bd9f0a67ecf01177935b0d9b9205f,reference,6
70b83014b3267ddcb04d65af0f7975920d46a87a,reference,6
a803b4eb53cbf06331fcd66bf1002bceecb5b2f6,reference,6
20a1c3145c6c3bb79b9ecb544f551c7e5bbe45e3,reference,6
9dd96880c78762022f7348031be7e5431e6edf74,reference,6
8b1cef2134a8882b004bbc5da1fe43fcc50ab551,reference,6
36833c464eefd09bb5b1d2f0f0071a4ccab528d0,reference,6
00f032d60cb1cfccb6708e289672979b19f17835,reference,6
4c7c8f0a3f65e5c234ef810de050fb3ad7cff2dd,reference,6
6ba77f9aefcd770bc1d38e9d8e1c80918671b529,reference,6
a3b583ca84252bd33d0f8f7e7c60c9582f19863a,reference,6
cbb95720e880d6d12e4e4d81b6b73fc726a57349,reference,6
e01dda198d99968aa3c6f2ef15f20340eff421af,reference,6
6a2e0927914ef03f25b99c2666f2275e0c950e5d,reference,6
d14747bede5753efa83f93505143aea11582866b,reference,6
7b6a8d713ce522eee148bf0edf0ef365ca231bca,reference,6
eb1aeafe9994f363fc44756a653e12b980b01a3c,reference,6
1ac6f84389f0add79ad8bc3b915cb2fad7426a9e,reference,6
f4ac895ad3b7398515a3913f815e40516b197a31,reference,6
740d62a0ebdcd2a50ed5412a622b48b0b1e5bc22,reference,6
b214e5c0914b0c59a825faba6f81d355ff640f86,reference,6
a32c485963aae4e5a9ad114c489555b483147001,reference,6
f49df3982858150e6ebbb56ac0a23c1a8ccfca92,reference,6
8f2623c532f574ae856fd5c4ce2eef2b4107f702,reference,6
8891d2cfe75e07bdef71f344370c128ed6ef30f0,reference,6
9f205c6ca9f97a08eb7f9b0d41ad671a500990a6,reference,6
876c56c9d21f5dabd711bc680c48fb0daeeea274,reference,6
8f8f24b82aad78a4c43a920e7fd388af8467fede,reference,25
d60ce0fa9f2f7e68963b0d35a176fc82f2f39232,reference,6
f45189eb1b7118236fcb08929730027f7e955624,reference,6
ded83162078a47841e00b59d0a823ead9f7ff743,reference,6
5ceb202621cbb7fd75f276b4cd6f87eb75d25663,reference,6
e7b4540f57e27bf3ab8566cc884f407713a1787a,reference,6
925f68030ef946ca96df7ef292e54711f29a9ed9,reference,6
db7e62fc83ff97979289832d4c8709396399cc7f,reference,6
3e12399171e6b713b9f2dda5f88713a9965d4550,reference,6
679b1c81bf676d0389e1d4317bee630f250d3399,reference,25
ff50832a9504bf1fd16fdbe1736b0927a91b460e,reference,6
66e39f671aa72b7f655eb89bc719f6dd04f129af,reference,6
38471230797d4cb79ffcf6cb1181773224ea170a,reference,6
0e48e746c316cff43d9e27d3061408ea6eee2aef,reference,6
1558238db452f1cf2bfbc1c4f8f6f79f064be4d8,reference,6
50d5ef4d95aa4127f982812fe108298f54eaea01,reference,6
cd5fb714d24087c85e2b854ed29529f7c7f6d555,reference,6
40b507d5a1f2e02a64586d79c7e3a1c5ae86a76d,reference,6
a45f863063ca085b9dd8c6f5a0a5083da924eb07,reference,6
2047f6a03395363915cbf1e62e96db2f1eeccbd4,reference,6
f890faccf560afde9589e5ef4d70dd282c44e4fa,reference,6
bb2b43ef9bae174240292b0cf654c7687c3f4b58,reference,6
0ab2b005adb34f8bd5bc68e2fb76914eea1f08b4,reference,6
35b17550a0ec14cfbff1a308a097a654dd4bd7ea,reference,6
44691dc3cd09ab5545dde35dac0a040669a36437,reference,6
21115266c11c5c890dc356e25f4a18eafb7ecabf,reference,6
597bdf5eaff1a1cc279de02e0518601cdbe32088,reference,6
e6033d446ac9b105a8bcc1176fc1a0f9c1f2f866,reference,6
3f0afcb3cf4effd5337a8bcde6b107d4c474d2dc,reference,6
a17e496d8fe47baf739115ab0ab9a82378bf7d74,reference,6
04b3ca951abecfc475977c2432e1bd8b7fb11704,reference,6
965a0969b460f9246158d88fb28e21c5d80d0a8b,reference,6
72ac28fc5d4f6b1da6051927441cedadfda22283,reference,6
4883c272d2e2e6c26c425e864699a286cb372243,reference,6
41b908704c5c90a17e2ec523b9e208bc99e1a0fc,reference,6
d33a14592d68da068953cdf37f8bf562740c0085,reference,6
2e93b4e2631c0c26e1425a3aefced79ad8fd17a1,reference,6
1700ce7976bb88e90796c96c344331282ecf9208,reference,6
6969f96cca4bc77936c4bf1540921168c04d995e,reference,6
cc13d65f00d02c6fc01fc996a10e7bc503e3deec,reference,6
e08ba993e18d327c4a0d61e00990d4442c55e012,reference,6
89e609e7a12e082c7369a950470dc779b406992b,reference,6
4bf51ac7e6f0819f5dae789b0d85559743cd17f4,reference,6
29c23015889e6464853b670b1507f51c08feaa62,reference,6
6064a11cae92936b61a45849d32ea817db561117,reference,6
d9db99fa712edf900873b62143a08f5a14c22986,reference,6
9be02ecf206ad7494bb9531aed9491af203a3c3d,reference,6
c1dc3ab05f0fcd78d400d864a6a5f19597d331a8,reference,6
396ed46300a6ad17f5d2a210890957b26563aa19,reference,6
5db188e63eb044aa4abd2f7ea5704d75f00e8ab1,reference,6
25361e9582996220625a1823d931b4ed5f5558d3,reference,6
cebd8810c4e79184cb19fe87b6f51ab78dffc6c8,reference,6
6c00f1eaac7d4524e8b250087326586cdf57a859,reference,6
aeb08bb242fe12517cba530a35d05339f2ae6145,reference,6
75a381667ef536d02d99063eb3568e410d7ce909,reference,6
4f056780bcd0162843a26591a0589220324a98ad,reference,6
d2a6f3fbd6bfab3d535fd0803c5ecf38349a7b67,reference,6
5e4c99573d25a4fba9ebe3a94fbb399229fe4d86,reference,6
0fa0a76ca02493d7f67e93e1c00489b863716c0a,reference,6
d28d082520a274b3a845e4ce1007df0327b14223,reference,6
3e144a5e6fa73b5e042f1959413f4e68a066d2a0,reference,6
26c07bd549e4dc67fadf8f114e4c496bc3a436a4,reference,6
239c239e82e14e1749ca55f59fa95911dc32f044,reference,6
258c6d3fc39aa0e453e8df25edaeeb72e5ebc320,reference,6
a0a2c6e58f50c25ac4f00bb43b1e99b52f09e291,reference,6
7971c20870dfc6221ab59556371227ac01b754e6,reference,6
4f71fa2ee83f6f5fc5f03377ec7aa0ae8d87801c,reference,6
81406bee1151332440bd3e00faa694642c1e5444,reference,6
b4229fce6c89c4434794abc0aac74e78da82c7c6,reference,6
8a608d30bd3a467efdd1caa07e3e6d025ec567c5,reference,6
de7d1456b81b2bf7fee6f5f8c0f6c69e27b69e7c,reference,6
d7c98899eb281d8f67899bf1959f288627780d3e,reference,6
e2c00d4ea69e213fb3951029c44e939337da9512,reference,6
2b9851419810aff01ba2d2ac33dcf89a416f07a9,reference,6
17e4e8af9b98e2878e1de1cae1e5c9b82c26a371,reference,6
518f9b3aba34bb08a4f20b42423e16403cc1bf02,reference,6
c410a93543484861e0966b4ab6d049bcc50d0e47,reference,6
77bba0a2c362589d0194707a885f6100a3e01cbf,reference,6
1e547067558b300f936fe09326eadb230b114ea9,reference,6
8bb3fcaf1dfc1574aec0671bbd45524e877f96dc,reference,6
70a55b59314f79966e111d136a7b0f2bb272501a,reference,6
b7bca7cc5c1a5d044a41d469eb4a9ea439b88876,reference,6
d642e004b9e4acef660283e4f518aa9210ff341d,reference,6
df8e27a05cd7b656ee020d0191495dff39e98c95,reference,6
6841c2dde56562350359235db1179c41097acd80,reference,6
f5cc6df1a7d00a5ed93bee3db2e5df00c338a936,reference,6
d897c75077710d891c3c8dd8c6ff00a07aec99d3,reference,6
0210af56ed69ac4bdb958619b902ec12600b486d,reference,6
47c090894761ae7b4e624c974705c8ac93c27d34,reference,6
04837050119b1a6487e9073d7308074a4fb28fc3,reference,6
8274d30ebab830c1d95e79c70390a955343839af,reference,6
67685be0a282d39727b74d658f9b0584ff83b273,reference,6
99be42f807311159efeb19f89fe0f0a6c3e97861,reference,6
28072b50a8ef7e15ed52df26cda3f4d0e00131f5,reference,6
a925b55e0bf07a68ba7554beabda9fa88cd025c5,reference,6
69f0c3a693d5f7f1512f2fcb4104692e4ae36184,reference,6
defe18a0a862b2024f1ea1671edd8b086a053c98,reference,6
3c0c14882318fd7ad3fd51cdc5fc515a7f78effd,reference,6
4783e59a8f5a6fb3310725c4c2a35ba67bed9e21,reference,6
8aa39cec5f3cba107fa52d33c7c98cf768501cb1,reference,6
99bd4e2e25a0088c59342ba8047778fd9a8f9c22,reference,6
3aafee0a7f1652b73d277c1c723b72fda94edefc,reference,6
c7492913370b5726eaa6ced163a60de6c9d4bb7f,reference,25
497acdc02c50073e714838a8d4f16f7482d37e64,reference,6
fa874e7b66a5b936469872054986c8f340701146,reference,6
e58d90c829ecfc842ebb0ed4614803ce81067d88,reference,6
1420605d15660bd4bfdbacfb6a261acc0b61a09b,reference,6
a8f6c2b10a329519fdcac258227a928bef7cce7e,reference,6
048ed2240412b684ff88ddf6aac7152d04e5d233,reference,6
749cf606e1d7b1ea1f2484782394ca81ea864ad9,reference,6
d5a6fc6aa139066e3b66ba63002e7d84c109aebc,reference,6
9a0de1abf99a312553e02544b56174b6af7517cb,reference,6
fd2545958ca8c0954d84ba6458ad6abb9b8b834a,reference,6
0386711d1f9c4240ded4de56026ca18e475b507a,reference,6
355d580b7f24afb073fbb21d8ad3fd2034dc3128,reference,6
d07ce3d87e98ce804c0aebf430f402bc8c67806d,reference,6
01866639f54f5bd93cb7ddd7ab581ce1cac62678,reference,6
58c78f1cdf6b52c37f3327cea0a328a6f32b0d17,reference,9
793eb805800c4af0b06260079e178efa0377b9d7,reference,6
24d22a0cb56a7cef261f2b629f4e10f2f737f2e2,reference,6
437fc017dea488ba9164e564ba591eeed1b0fb38,reference,6
d5ecaa6cb1a6507aec9505b4eb22377390d7bdb5,reference,6
5e6566354b23f7e849b1b439a24ba9d4c5cb655f,reference,6
3b0792f6d7f6aa6aadd316e73943116afef2979b,reference,6
7bc9607c5cf3fc817675d46844f529097d579514,reference,6
2525f8185ff4eee23dea96f2a820714a1619fb89,reference,6
089f6328085066263fedc083952624ca121ebbf3,reference,6
9f4017de7deded49c032a83d7844efcd9ea1aa21,reference,6
162e2e9ac70702c146c0aa8432e4a6806bb8c42e,reference,6
6c12769939dd75bd681d37ea17cce7e6a57f5c6e,reference,6
cc4beda9eda84232a155ffb837c09620c75aff64,reference,6
586bdad62d35342ec4aae0dd539379fff1ea4547,reference,6
50bdea5132ef4b8cf25b0d9f3ac2ee0d09bf18cb,reference,6
1f57980a3e3912c3c995a1b852e4207737e8efaa,reference,6
f806b3ac12502ecf9305f27f77fddbbaf0554bed,reference,6
5dca76612ac1ec4f5ced72714334bb6922d152a9,reference,6
a28b42541034d0e18d925f03b1958a247787c322,reference,6
fe3aed731150fc0a2ad2019050de88e0311381dd,reference,6
994a6040fab375669a92cab0e67fb2fd203cd67f,reference,6
aff0fe00ed7892d1185e8c5b66d318d3892abe6e,reference,6
9e545ea405b5c5ae42c4df7a10701ee9c4221c87,reference,6
b922460b1172bd2e27fe357e531838424917f126,reference,6
362d4e00506f9bb39d42185a0b128f8602e139a8,reference,6
70880e99b142ebbe1f4a14df0d602fb518b26230,reference,6
6847b9658f287f430098199cd81bf26308da13f9,reference,6
34e1a8a75bf6f35084ac6d714a136f39d02c649e,reference,6
bfef29e0b88a45b3b6d8018b37d6272d0f32efe2,reference,6
874287c656fb35098dfd81a3fd1a88198f8909db,reference,6
ef9b84a57a654888729ce73a3f2400d56e12a300,reference,6
0f0a973c6457bcaf7255f891f9b34d658a0a84ae,reference,6
a86dd6c62d3dc9c7989c98a3e4ace3fd8000e515,reference,6
2ef1c2438c3a4552db9e7080e15d8c51bc071f58,reference,6
2619cb3957040ae9626158ca52675554b4ed2f43,reference,6
44caf26949b4799e21f7b0754fe61315e8b71542,reference,6
f8e7e8f5d00ffea4535c4bb548f572a21122ff78,reference,6
23684a07517870cffd1f97fafbaae16ba22bd2b7,reference,6
cff26bda86237d113ed01c812ad8bedd0afbe070,reference,6
0100785773b8217c44606ab260e3212f93b0a4fd,reference,6
88a55a2748a7f34ae03e0e70573dae0fb1b5ee24,reference,6
a662c539ab0790c71fb18e82148ff805a7ddb98b,reference,6
498f055c8a6c2231083e507a5c4f10f5dc1e0c60,reference,6
623eaf8d894782a0299d24623fe46ce820c24b11,reference,6
fbc6390f13ac17f72684db2398a3b4d6798042ba,reference,6
2c5af6155f254aa07afc1e95bd7960b846f2f203,reference,6
14d1cda4f90f44e8d4bcc89607d08316bb84388f,reference,6
8fc07cda171b858ef130bb9652f34a0d463f8034,reference,6
d34344c28ad18f3f745cb1ad63fe936cce36103c,reference,6
c52788862c45467495a727f709d80c4af9b245c3,reference,6
0e90e076184ce2f737e7d4bdc83419da7d4274b7,reference,6
248dfbc90b4a738f38fe133e6a90e23170cfe427,reference,6
ce090d6e07c5d339d03174fc2b06bd17eb4c1b5d,reference,6
421ab8aaf5507a1550357d45fbab4460aa21549e,reference,6
ace54a4cda0cfabfdce46643d86f5485afc7531c,reference,6
0920ffcc53bd311ed3bb4fd67996ccb9d37c1b92,reference,6
48a32e7f78d91da44af1424eb637ca5cb0461060,reference,6
902b1a1181c1732627b983c658566c1bc6472fc3,reference,6
cd5c8206df3ed884c85cc061ca614ac2a361896c,reference,6
7bbfc943ab8c0ac0dedbadc6f1922b43cd7cf7dc,reference,6
13283161c09960ffe0e37e19b0862d5222187e80,reference,6
93f7899985fa06db2fcce9a897fcfaf5a1c5daf4,reference,6
414ad1e2ab0712165ce2d1c2351639d1c453008c,reference,6
edeb9ec83948942b6e2b4f88ce380ff148bfbad9,reference,6
2185d33d84f3c6d16e6b757bbddf4511114fbbb0,reference,6
ab944b8561dc0280180469bdb94f189be1cc2e80,reference,6
a906fcd1a3d1daa71a6f27613bc636973d866309,reference,6
b543596a6557d9d1f35a644ea7b05108c4e6cf66,reference,6
ec1971b6b437ea26bfd71365a5b5a948ae9e48c5,reference,6
296f582a5a2300d0a73183aff87a58f98a45c322,reference,6
1ddf9fa90f82fd8491b0f3f1ed97299e11690c2f,reference,6
3bb46308b7e506da7b23e659b610b174b17ec14d,reference,6
c8ee107d43fbd67efe87dc3c39db0af1ea69f4e6,reference,6
4b7f7eafc6b2d13ca20c873e91ac47dce9863ed1,reference,6
c84a14bcea97fc755e59594b772da49753bc999c,reference,6
5256f74383f883b3d8d143a15ae7a565abaabf1c,reference,6
72db8ff86bead9a105a768bac07a1ebb129a21d0,reference,6
a7c3eb9bc27c7d7e6a4c70e3e6c59cdaf312e992,reference,6
668eb1a3c4878363b56037af0beb262d9e08e09d,reference,6
3eaa8aaebb8de1c54d5ebbf5861f4acc116faf71,reference,6
70bbed0c658df1f7f9e1516c3e94281e64b3ee56,reference,6
7ae64df494f0f34aff7d2827e3deace4463e0952,reference,6
cbc6e4d0a4e3da3b3665c719442ff73e48355afc,reference,6
b6511d2cad195b4e595737f080031647296136f6,reference,6
995753a2d9358e93acbd75fdd54361cda9e15abd,reference,6
bce89acf938e4de9da124d825bd8e832441cb669,reference,6
3644bad62158619ce299d6d00493ac2e006a1720,reference,6
78823fb19dda048abb6420fcdff4dd3535eea2dd,reference,6
f96addec50f6dfe192e298a3ecd5e5932d4ea1bc,reference,6
3cf8e1ad83deef94b17d946f6ff38b16ca1d6a02,reference,6
0f1c67941185fc82bb942d77a94c5b313dfccc84,reference,9
c46715cecf03bf096990da5ec9ffc2f6f194fe13,reference,6
779908291717cda6933cc18e4055ee9d87b6a7f5,reference,6
b34b128d51ee5737fe38cc324df2e0697b5d2edb,reference,6
65eab12dde830dbcfec93d0c6f9336e5686ecd61,reference,6
673d79567fff4e3c6abec5865d48d72deda03156,reference,6
3bb31113eae5b8107632dbe92ebcca2ccede5f68,reference,6
f4457125ae60ca8f63fe85d8de5378fc335a995f,reference,0
678d85516e8b6cdcb5902e14400d689956c2db92,reference,0
a33056d98a67c2cd4fd4abc9873300d9b78ba562,reference,0
06644505278a5b5ef1493bb4ececaf81bc845c1f,reference,0
e9285e578d1e3d0a6ba25d37288c849ac8959d43,reference,0
f477e79f9096d4aaf916ca4a5c0ff7d94bb11f68,reference,0
83563363180ae1db7f9b319d657f58fa99417fc2,reference,0
aea860855d13dc93bc07ceafce614a88caf1e46d,reference,0
cb72cd92766459edfffe19cb435fc962b457af8f,reference,0
f5af6f7e29912de8d145eccdcd2d33e3b49d865a,reference,0
8cc2a7fe6445cac45a918e95e057759908d91166,reference,0
c7eb07ec2ead4e1fd5667730cad550fcbf0f9f20,reference,0
5d19abc1d2f8ff6b3d6f23846eda5051dbb61432,reference,0
26a2dc9c0973e3d596aa2a6caf93f482d94ac4b6,reference,0
b65839e1df3dbd1de20a5742df25e1cb1f48fcbd,reference,0
ccbd10c960e2dea982801a05182d9ba6991ac584,reference,0
04ac1aad42ad3d8031333fa979362d3f397a760f,reference,0
a489a2498c412fe9a3829fcc3b8b25cd76f33b65,reference,0
2220678b6bfb386698bff54b3e7aea5706dd59ca,reference,0
4db5fa174ef4e46450ba6273cbe07bc07723c770,reference,0
d1f7f6f7ee8d78846c345c7e904f109ac3bd45bb,reference,0
bb12f0a9a58fe27f5a16590ef209d06d3fae1876,reference,0
f1de96cd87a05e95a8b56f1cb16d26926ac718aa,reference,0
bea1848b0291a49726adb233752471d57bc48f5f,reference,0
5a970fdc180e28de0a072ae38672239197188518,reference,0
83b1531e18f7c1d4207c2b7fe7c7ec30d111171b,reference,0
9d1a753af0533164599506e3394374b0c1e837ed,reference,0
798f54326813b8912ab68fae68f69ac72c1ef6f9,reference,0
35830177ce5d1d5e8d6281d0a0d632c718345c8c,reference,0
9207959dd4a608a294a578156d1398de6f267051,reference,0
10ce6404647e2079b3f9b1b85ad983fb49998c7c,reference,0
458e8b3f4b4f34dca3be7e1cf5cb34283812d8eb,reference,0
9238292ce32dc0630878c0096e74a50ee05d3f02,reference,0
8f4dfb74b11d2c892584164189c47836b46dcde0,reference,0
a11b20c57c586d4722b892d8e3febea3204023b7,reference,0
be077c5db432e62b395835ffe68f58dca213521f,reference,0
388281172cea226b22d77d051291b695792c58a6,reference,0
963ac1a96d0f99d1957e079c150dcef9a115a4bc,reference,0
5049deb9553a1597c36d7dd7faaf1a00de167c72,reference,0
2f0c57e7859ab3838c36b45771956e33f30941d3,reference,0
3d4287d8299df0ea65e9f1b6897f6890f9ff2c7a,reference,0
8470556c64a33ab39ba99027f8eb29680aa5d68d,reference,0
3656ae173c5e9088e5c1e0efad3b50973cb3fc72,reference,0
725f6a3e3a145605b29d8074e5401186d0342ee7,reference,0
dcd99528e6f8d554af00f59821c98f9a12858713,reference,0
b59197f491db69b1662ba40b72b01cac2027316e,reference,0
772b4c1c7530f5ecbefc03577e173231d042ffd2,reference,0
d50255efdc491934663e316c3cbe442666e508f7,reference,0
1ce495a54e64383f63a56ec24b24bc5f21457262,reference,0
ae843221017d8b8941d4ea11a883c52240f8ce07,reference,0
6d409aa25515fa078cf147033dcfe0caf8ca93a5,reference,0
aa61e983bd5fcf96ef5cb5693248d0c99638450e,reference,0
f9062993493dd7babe28032c2d3003a5ac67fd55,reference,0
68ce103320aa34a97b3e6e2984b10ec1ff3c680a,reference,0
336b6fbbc782e719877748a08ee44fc98c9a3995,reference,0
19c47d3398ce8bfc4b1aa44f99148767c966a345,reference,0
b384d681390044de52f262e0b00bf5bef4d18a35,reference,0
83d755ae8882c2eefe06c7e0c903ad656faf97ab,reference,0
381e00fe90a1a6c7f2c8a511c3ab89120139897d,reference,0
b6b04754a8f374a491a7614de95b8dde442b4fd9,reference,0
0ca2dd070b92e4dd7c5bd918db360c0869c667fc,reference,0
f475d0e8c84c3ee02b9fd8a4bfdde1daa6935aa8,reference,0
5c5d44fc7ba4501232db7a2a19a136c333c4d316,reference,0
b8ace6b069fe645e98dfedf73648e607f56d061e,reference,0
d474bec6d3f41a8c6f81008a5ab50f40bc59970f,reference,0
8dd5302386aaf52abc0fed8e2d9c33484727fcd1,reference,0
b1abc3ab14872237a7489f8317547c848349d573,reference,0
5833e68f2e48adf1d38a5867f46eed91676f00c1,reference,0
5c7ee012a0a435c3b5f9647b3bb9428d156b7702,reference,0
df74133f3c664a18f806744baf9e2f6f192624e5,reference,0
2616f70d47a11cae34ac681f1aa8b906cb378940,reference,0
56988a861f6ce55e5fffc2ed80c6dd4cfd8f88f7,reference,0
702be95614cad4041e944c68f6fb88a988bcad70,reference,0
4f010ef8be23376131edc4b07df716835d5900da,reference,0
642171f0d019c60115963d8100a0cdd47c345c49,reference,0
c8b22aaf59d0bc4782382350caa0e062156cffa6,reference,0
5d129204a38ab0d6a9c0a14f190641be04de4ba9,reference,0
c6723456245852313cccb1842ebcdd6d4c090145,reference,0
bff6c9c04ca38899136300fed7203cce9945886e,reference,0
e7b5d0269bdd37d01cea2bddb4d2ec9cf1539a40,reference,0
f88868aa52990c19a409d2457f0082ce850708f4,reference,0
0a2b2042b5274d1c11ea2bd76bbe4acb2128bdd7,reference,0
b4675603d906c828e947a5a2d4134348d0410fb7,reference,0
a9dc0f71e67e3af597d8e4b4e9c35fb30778aaba,reference,0
6cc2ac34739f9a563eaa494760a5dc7140376f45,reference,0
58a0daa57955a0096af94b59150f421428c54bb9,reference,0
cfe3cdaaf614c29ac2dc3da32c6925b0d2b4160e,reference,0
f5160fe6b6078ee812dde4f856d3c263874a260c,reference,0
e4bbb3a621b0a067239af2bd80f238d94a998c6d,reference,0
c65c7ed27008ebe64d84d301257b0ced5c416609,reference,0
09d828d2b125c4191959d2f760ff25415c7c011b,reference,0
e59ebc95be2dfeaa4d80f3dde59c5d12b34f7e4f,reference,0
3f97c5586c4b804d9731d7f7b8587f0bf4d9f1b3,reference,0
8e8e4b88c38345f59d5d8d465130076238720752,reference,0
27fbb5cc779cf7e99095c16870ff602825aad7d8,reference,0
9f5ba6feaa9555868a7d7bde052a55d9081e1e87,reference,0
5f6dc4904849f675ce3154fb87c0955503b27683,reference,0
fdcdb286f17f3d1ef254e0be555c95b4e743f63b,reference,0
28d6411019f448f54834c2a5cff723cd350345b5,reference,0
512e1cbb4987c036f44f429ba5320011daec1b6e,reference,0
1cafb34837ac1bc7b2e5676f49a3a984f94bd1cb,reference,0
4447df21d0fb2f15868826a0a32f9c7a5f8a38f5,reference,0
3ff049bd27cb41c10bdd7278ff423e74f1283615,reference,0
6480a454486119fdec3f8eec9e7c1cf13dde71db,reference,0
4169a1c988cbc3c3b56e21a855682f9a5d64d9a6,reference,0
8bd0deec58f47a16ddc81226dc43bc71a11b94d1,reference,0
7e0abaa3120ea717c8b29530827cf8764394bd44,reference,0
cf1cd1be30aefd38de2f88d1bbe0b18952bcadcf,reference,0
0ba7abe44852ba0d22368b6a83d55b2675389920,reference,0
bcd2e0ce32b153e2b4e775fcd89a87acc30523c5,reference,0
3dd1a5373aa3205bbd1f81c1383c25024f13d051,reference,0
e26b1a58c0108511f59e333bc265ddd4ac4a884a,reference,0
d3d47d33f73075600af2054fe4d3ef2f0da0581e,reference,0
0c62b42e2f31a9a40794cebef6a3c59d7b0f1a02,reference,0
67198392cc038acbd2570f1ed00b8c61e0489788,reference,0
4fdf88a4b0677360c333d122699547d8485090f4,reference,0
86028de4518c9c46826a17be26bdc077d504a29a,reference,0
5e8d6b947493dfed3cab8d7f00002c59f69c4c40,reference,0
c28d4b7a0843844d627ddbf0b598f76bfb7b8c55,reference,0
40b9bafb02059dc9cd91a6069b784ba39e17c332,reference,0
cc001ea2e24f86f48b26ee18a889e2413cb09c1a,reference,0
39a9315f149e6f08a5607e134bed7eb8932d0242,reference,0
d3a1b01192f8e96097ca2fbb717d343191d62528,reference,0
12986e9235fb4d95d200d0d77698f8acf950cfab,reference,0
dfc73a8a906e2e72a52eec35912bf7e87b1693da,reference,0
fe2a745db1cc37dfb9f8dbe9106e702a75766379,reference,0
565cff39a696c7ece8b988585798ffcc88ce54fc,reference,0
aafda4099cf53bded7bb75fb9c33c476cdaeb739,reference,0
0641483d499b323c59340ad0f5028d89b4fec27e,reference,0
58e2e14d90a6f0cdf8b199b408cd05cf397af7c1,reference,0
1404b3cf9649ed6a933d06cb9ea3610ff8bc031c,reference,0
b547c3888a331417a1441a243a83fed8aaa25b3e,reference,0
f7d9c4e04391207f7db9346d6be8265e167e1454,reference,0
c599ed7fd217d366b5797b49717e5b8add87889b,reference,0
924908d316b575e3c7ada549620c2616b86f5054,reference,0
56f87a532e2d5b90e6dc2c48da21fbbacefd4c6e,reference,0
4ab2091901b56b2d94f0fd1e8d18de3469a618ff,reference,0
157a4623a456fa4215883892ac11c28876ed123e,reference,0
d291f736a53b48c95edfb213e8d2a5fdeed31dd0,reference,0
1fb87b4561744945ca5120aa17d9ee1efb457f9f,reference,0
fc3819a50705fc3cf90ab92f2a206b858fef3b19,reference,0
e4a2d462f85c48700ae63bb70611c46decf19da3,reference,0
56cf87190eac341022d94dcbfe438288ea7094c0,reference,0
1b29326d5c4ae8ba833b8571e8dfa5c8471bd29e,reference,0
3f8fa0f23d844952648446cf1d9f3093feb6ac06,reference,0
ffc69246cc4b6c52efc02f22389dc8bff5ceaad0,reference,0
49d25cd7adc77ad36c6aef38d37eb2a7e1a0968b,reference,0
2b8324de268eedb364fbf39b4251924969d425c2,reference,0
b14182c27a043daa061f405b32a99f4e9fdb7678,reference,0
55dd09192d0b70fa2b2ff0959f93ce9f2d48b779,reference,0
69bd74825d49667898ba823eacbf1680b405a83b,reference,0
316aaca2b691c350aba317a392a603f304d7926f,reference,0
c62711f6b5d8620ba36bc2c378ec6ab53f6e197c,reference,0
0f82929fcfc9958d442009a7d50e6794f024b7f1,reference,0
99667e97984f797d4d7808635ef99c788410edd9,reference,0
0cabeac657bb215d9ca581d0069a6f5bc1b80d3e,reference,0
14a960597c013e4a3ce8b52119f8e0e3b9171337,reference,0
ae8aabebad0c3ecae165ec05c18a2072ed360d1e,reference,0
b208f4e13a30c4e575c8f084f2e438b88c51034f,reference,0
b783168c885ecbae0fccdb46ec8e9afd0ef99b7f,reference,0
9799436d3bcf04185c224543bf27737103c35154,reference,0
8b0df4a0c06dcafb22ac000061766f77bfdf9e4e,reference,0
b3eea15d7eacb33e6f8e6b7bc10961b64d23081f,reference,0
b194e556e9d5c609ce849c60241e368604404e54,reference,0
b24488203f61e413fe2497957a33780e149b6feb,reference,0
fb1c5598a43cb3a8d0e4b4f453ade718948b22fd,reference,0
584ca135b61482fd89247113da87d784f738dbfa,reference,0
66dbad3c6970972eda62b67d9f551caf12610b03,reference,0
c5d18dbb92d0cd5393baa1e69de33d6922ac3e57,reference,0
0aabe33217cfee4f25b8bb16fa44f843ca181934,reference,0
3b0c02955e88f5862e61b560c7f70ba8cf235b1d,reference,0
a55d0bc16c859b2417158dfac41fb9756a77b3ec,reference,0
f0460f0559964068b23894fad9ef56b27493aa4b,reference,0
80be1426825288ff876acb8cc0babcc6629fa644,reference,0
afc5092a4116f27b4c64733c7815cd662bab78f7,reference,0
692bc40edf4785d88c39e0c0fe9f270541fecf8a,reference,0
d6d186c79b7395d14d8228d15302382ff7eb95f8,reference,0
e6372e67cc0826e22410c45f3562532cafa12852,reference,0
e4be613cc875e61b8c1c6c60d958f1c20d12d6c0,reference,0
fd1cf28a2b8caf2fe29af5e7fa9191cecfedf84d,reference,0
7e9c5a6355e10f2970b84959a13dfba7b61bfd82,reference,0
865110f8bf25fce3d7ffe54666b33fe7a7d97760,reference,0
0e04b1d63089e0a657dee6c25777da1a92a84a9d,reference,0
6cbe0460b87ae57b131a10af26b1fe5dbacb32fc,reference,0
939f77089ecc4b753b59a44fa42afca1374a4af1,reference,0
76ea57995c225d1c2350a3400c721ae8dc7f0cc2,reference,0
185ead29f4dc3257ec7880c7279d8cf326405ae7,reference,0
982a87556e1d8fe10321421e8513d99a21703448,reference,0
144b84a4d187081f5a7e22e421db17625a8f27f2,reference,0
e95b512bb41e63f72619d40c7515ef39fc9ac0cc,reference,0
8918ed27489ab267be3ee75573540dce4476b981,reference,0
9e341f1b7a2ce482e7f6bfd835a3fd2c3ec2e38b,reference,0
6a5d2658d30632895c17d0a903d238bdd3a38ee7,reference,0
2cab12c9866a67c6bfe84271d251ca1fc353fea9,reference,0
3645ce45644d8dc424d2e63456053ca0c8b681e7,reference,0
7f97dd10e5bc769670fba91814b2e57634456de8,reference,0
a3711dbf296b5ddd97ba93826660cd3995611625,reference,0
6b80c6e220ca2e2434f5a80b2eb5e8b645e97ae1,reference,0
d443ba5bbd47407c7e10df16d6a58c60badeb1e6,reference,0
178a329e4d7e0e7073e50460614b66d193c4db5f,reference,0
a606e36c2304eaf40983b1768a68d35dc978bedf,reference,0
7d0c9227ed5dc39b40b129427096d901b1b275d3,reference,0
baeacaf85d2a1c23cc58d0436440e25f7c20c546,reference,0
24de1048791bac4972ecc16d1c3c1de23691407d,reference,0
2dee0c8cff44732b9c5e10d510e1402c42395f26,reference,0
a9c802f0731234b0264e6db801e12151902e44d0,reference,0
8a80e38fa7e5b6ed3d2d6a5cc595f082359d8b9e,reference,0
8d8f8b1523a68aa21864ff9770e2e5ce2fb8070b,reference,0
1dd66d1a04fd32ba4499e357f6b6f7dcfad99644,reference,0
3aba2fc6819d150f103a885d36d412e28438c793,reference,0
b95a3525c68c1abe7f737c36621e63d45ef91775,reference,0
fc12d38088bf95c905dc1db51ab4da17ad57d29c,reference,0
8554d791c144d16066f5b2570c12ccaa44486bfe,reference,0
da889b33ca1db8a3479d24c912cc95f203f5a712,reference,0
73f838535ee4c31806eb1c5b3fa22d106e64cbf5,reference,0
1d45311a591bb72e80097785a3872128d99f0a90,reference,0
67059524ed6208cf5d774ef4638ad35f3e47d03e,reference,0
36c55b435803d8eb7a749ef8754ee041089f7b9b,reference,26
09338548684f4622d7d352e41ddfaf07de9ed34f,reference,26
ebdd672029494dd0f95267215d6b5e2de64fbb47,reference,26
cd36424dba678d8c7ae404ca9ba90cb8702d175e,reference,26
ae49361e889af96b50f5422a8a6010a313a3f76b,reference,26
3f1009779a38dd7e154e295ab78157d1102d8825,reference,26
42ef6e5ec29e53fa091abb78473ec310147ea6e9,reference,26
0af99fac300a5477adbd9f7e1f9de49cdfde751e,reference,26
5c94b6b6f06b5a7330521d3352c0d3fb06582795,reference,26
adbf738c29bf486f7f8333192966401a01431d14,reference,26
3b332788604c4ce0503a7cec6f13c78c162c937a,reference,26
723b4e265c97b826e517df48ffb3122267b63839,reference,26
8311ea647c45c487942271a985f1ef13c397049c,reference,26
9fa146d6fd67d56cb718b41b42815cc9906c01f7,reference,26
c883f7295ecc3de3e82658b82db43d1024350b1a,reference,26
a51be61084c5d7bc5e4e59ae03d7af9259390ef3,reference,26
32b4b0bd989bffd9f77892c3129bc85b8f1d2e30,reference,26
a8d18d2c2322d25a1caf2a4567db4777b139aa1d,reference,26
a37c0e929bf8a9577f118cc34cb2233c8b9c06e9,reference,26
e28afe8ef5228cbe2b515971f2e8bcdf729c2e08,reference,26
81f4a71cefa64eabcc5ad0723d44521fbd7542a0,reference,26
244b66771414205382260e0a40194e54f5f7c224,reference,26
bdc2438ba52c2c3088a8ee62f79960089fff536b,reference,26
c8ec0dd4fdc569d9f4fd984c637d841b4b1e3704,reference,26
c0145618dfc5c2539a3069ac9173682202c318c5,reference,26
228aa8e0e548f542a3683ae735c99ec392bd97fa,reference,26
422e189519c802ae4c5eed1831ada64381398f7e,reference,26
e0c9b19ca08124e2f7b9ab99d6741bd9bf2505df,reference,26
eb5d1d488dfee934566e51afe22d41f13b603035,reference,26
1367639189346e7bc39fd5e383705188554003ed,reference,26
adaf2fc01268271e8c8aeac1f2b82b59d72d28c9,reference,26
9886283a9aaa1553bd5860229ccefa1210eda88a,reference,26
9cf20b5aeede51845d20601ccbb939085fc4e631,reference,26
1ad7c8e3a428381da310cc0e000027777647718b,reference,26
8ba39021c8c14a13664fcb14f9c37328e0995168,reference,26
b3b0110141e4f64c57433e0c13aee06305c36012,reference,26
a0fd19141f229ca2b57934008ccd68a7f9cab8ea,reference,26
b8844ef99382cb183a0cde2634b67071d7b44d4e,reference,26
b35eb65e6eef7242ed89c2293084917e63c51042,reference,26
6d2203be2ee1cc25c08d210dae8f4f7f6e6d6394,reference,26
cea2e7f580b9c0d2bc17ab461d9f379080aa4951,reference,26
409704f33e5146418b211212f88b68b13a58b130,reference,26
92c7e90d006c59e20f8ba093fd04189563dc474f,reference,26
014a155f1e94d1e68cef0bc74cfd5969b19eb6b3,reference,26
b2b36967d67468323d671239c5baf9d94a30fd4b,reference,26
ed48788fc9a55fea339c73950345cc1092a477c8,reference,26
ab71661bd331411cedb40b58f40cfee6acd82f43,reference,26
d3066e27a84a21edf1808a54b8068260d69a15c8,reference,26
98c599ac7c9d33a01f896275481e0fd6dbb2201d,reference,26
f6f6595d50eb83b682965d600880b4824c6bd589,reference,26
48a3d8e3f9be0b8147651aa4b83911daf9b6c310,reference,26
f679b1b2f3c170323fd386faff2d754a8ad5e0fe,reference,26
aa97c34ec0f52a823c89f7e5faeecdc2b67b1443,reference,26
57a74c1927a8b174fdf11f1a684f6bb3204068bd,reference,26
d1006b6233f86e67ed2283c084e1dacfbdc3e71b,reference,26
4699fcfb6956dcfd4ed53c7771c919f640aa9733,reference,26
4c853fcc978494ac50e7352124c36ad9e4dfa32f,reference,26
afe0a890034a501931cbbfee1f4a25db8ee78032,reference,26
d5cc34d50aa3ff66da2b3dec86894bfe53bb47f6,reference,26
4af7ef26d5efa62bf961087199bed3a3c8f1e653,reference,26
2b9d1145a577bc6d693687d3858ea2ffe98d0cc9,reference,26
e1eb9a172c6c285180d1cc1ed626b80c4e5fedd4,reference,26
2f8917d5bead2e011a00c33153e8deb2027756ee,reference,26
5ea440a2ff384518a222989205d4729f0363a80f,reference,26
a7c3be493781b8c8404869db17420a970bbfb452,reference,26
32d01d0710586a50b95d12f504f94d7310a208fe,reference,26
3176df31e49bd84070cf5948bff314eee944011b,reference,26
649fe1dcf25a155d85861a227e538e24327552ed,reference,26
87ead935b429db41f75441acb80dc07e4cda4275,reference,26
19ee16e41bf212750e865f9739cf45b135f7c224,reference,26
72a4c61ca03caba8e4f15e475a9df8c39ab40ea5,reference,26
0f430d226207b07f217b466153e518ba3c592d64,reference,26
178cfa06265e521cfe02f94a5c4db7460453d04b,reference,26
5fb24db7fbc87a088b6b13f03d732ce6d6be86f2,reference,26
190169b88f0803e2a6eeb311703ea421461cf3fe,reference,26
5d0b6d98cea65852956e23d8e30c2aebff62c083,reference,26
90d740e9224c4e02d61258a1e316b45b6a41d1a0,reference,26
e9370cf1197c9a2005748be8e22308e98b6dd811,reference,26
8f02b8855cc64c8960884e96acd2f466ecfe9077,reference,26
3c8e99cd561b39634afee55989c2d40bb67337cd,reference,26
045152f0fce8c293eca5e39bfa8186d21b031a4f,reference,26
00664799a2debc6a0b67d128daf88c0cedad21a8,reference,26
a4fb9ea9f9e8b0a4995512f12f84e4e01c0cc50e,reference,26
5e1a51f64a520238ed32c54cce0aafdb9386b496,reference,26
6dfe7e4d78bac586e895d451e190b0bba055547e,reference,26
3e1d812a1ef4b02b7d60020cc8aaa596d28373da,reference,26
dcb5695cefd9a8146abb5a99988fa7635bb307af,reference,26
b42d9aee2c49da6b958044387eecfa87564d7f08,reference,26
d18c790f1ba81b7f51a17142a4b2d129c373035e,reference,26
4959eb22ceed07fc82eb26a5a7190ff718529d55,reference,26
b1856118892a5e4258629a1ac420074d55393f5e,reference,26
60339928e2d651981b076d823f6c4239ac62f0cf,reference,26
e2c0c0bce9320ca14b6e936e24375f1682d1fb97,reference,26
2f906e35988ab458ea2232759eb6cace0c53985c,reference,26
8cf8d81ce2a52dab7aa185941e631b3c706fd845,reference,26
9cc0752896f06af7fdeeb2df993c77081e31a9e0,reference,26
99b364eaf55295f53f6afaf6fce7c61dcd567eb9,reference,26
c438dcb2b3d7e1a9cee8d9b1035b96c39b53941c,reference,26
e9ca59bf8b5506ffad82dc1e90023d3861a12ed8,reference,26
34a09e1bb9bde4175755e20efe7bc98f2bfcfa57,reference,26
32fdc2cf900e1af1acc4264f312a55c1de5879d3,reference,26
2193d01019909565a04110605b326e393d1c4158,reference,26
a9619d3286cef8bf57d291da5fb0007db6dc2e44,reference,26
e762f8b184ea824220094ca4c8b7807036992044,reference,26
34e40d61b093ea3620ef76abebb8053c8038be10,reference,26
21dc5aa608721f7e8a09e7dd9de8e48a71d9f0c9,reference,26
5b413056bd5b04f1212812d0a3e19f0f4fa68100,reference,26
0808c5f223fed1a2093b9a287d1e3fec807b145e,reference,26
50a78ce0151b551ca7287ce946e44b2cd5b8a684,reference,26
13f2985246d6b91f788bb222360a199967af32c8,reference,26
7b9fe305e85a5804ad64fbacc00b43e006335980,reference,26
e472563c4816a2c70aab0652c184087f3cfd2bda,reference,26
1359b818543bfde35f0966b74612d18ae28ca41f,reference,26
97c17683dbd3bea6972b93f5ab8ebb208b344ee6,reference,26
8a6f2e040e7180bd9574f0297305ce580f3c215d,reference,26
d0b02eb4f0d3efd884b49450efc88145bdf49abc,reference,26
9d9410a4c920b30de88f5f767af4e732ee285dda,reference,26
7d19fc3de6e3365993fc8ba4351511fe2c07e80d,reference,26
d3d58b437742f061a1488179afc9900817071803,reference,26
d4a11d1d11fb94e828c800e9e19eb76e2d2f7c3e,reference,26
b30cadaa4d99cdd80d8f2309e873452f24cc51bb,reference,26
449ec2410c0faa248e0957d69ad0627ba1e545ef,reference,26
30e2a052a36ed2feff4a1a437c5295a6458b9dfb,reference,26
325bdd8fd3dce49901dca12fc7a32d311e07155b,reference,26
c9830097e1d226fb80e68eb0b8d7670e921ad02f,reference,26
061c80cfe3bea0e94f128ff747b34c2615542f75,reference,26
9c6edf52063c879dd877adfdb5ca4f9db43eabee,reference,26
67e10425995d0c1b19e3935ed43f8473e05a6682,reference,26
f55902948bfeb4ba61cdc600b01c0923c2ec576d,reference,5
96a1ae1ff9cf6469c1d169422771c417e383c99a,reference,5
271ee5a410262dc7ca5182c7177c6a648ac9f367,reference,5
d7efcc3ae0213e4c6755b8469048ebcf141fbde8,reference,5
b19445c894634e1fbb2c61e3b6fd51a2a7fd47ae,reference,5
6958f9d683d8a5161c7f50cb97c8e5448596420d,reference,5
c202eb22a920247a1b2889ac595b38e0255c9b48,reference,5
77d2ab404c83a4da827ee5e55ed1049e3d3d85c6,reference,5
930519e8ab19ea000b7b7f016fc6aa6714412b62,reference,5
9c899c2628827ab15a5a6f11fafd788961008bca,reference,5
4afae15c4ce642eb695df65ec4dcc47079c8b458,reference,5
839c2784d49a931af837ae85a2d8cafc6d3fb7d2,reference,5
c677c62c1084ad3d2ded0a9a70d8eb28e5315733,reference,5
abcf4ddcbca58376f2541f5821d75d0a936d8e14,reference,5
184f0682b0354803744a16db8557a35d2fd037ad,reference,5
84108c49aa7cd654b3c78721c9cbe2bfae41300b,reference,5
ef1323edde55387bd23494d6b3296e8c314478e3,reference,5
e13b6230efe460e25b0a202a484d0fe06c6bfba3,reference,5
2e12bbf984d01f6c5dd0fe7a61fbd70fa7d5e472,reference,5
7dfa065486569e04b9bed385b734db8f95754043,reference,5
63fc4f619bab220bfd5869b55d4feb6384283e64,reference,5
f7fc5ebef4a46552ae5cf106ff4d40c9f5f2e1aa,reference,5
10a37545ea88efce446ad3f4089824a01f2ed576,reference,5
8bc2cfb040e488108b78d99257a8579632ac9729,reference,5
11c7a2701cdf3ad84e0c2f707c59fc4832f09fe5,reference,5
3a862efc1eac2ac9c1aa6ba04266032d210f7f49,reference,5
a9dfd2dc17eb5ede0ff21bf53b092c38dca000bd,reference,5
380d16cf4bb443bb01749d6aa50cebdc7b6266b8,reference,5
d162c0f1682ca88fdc07bdbfa429b245ee51f4d7,reference,5
ae2907379d61d2677b27855d51d793219dafa623,reference,5
1f58afb3bfc2c4581f1a2c4f051d15f11d2c357a,reference,5
7dbde77b268d8df57210ccc69fac37e3375a5595,reference,5
ad8d4c717bc0448de8e86deb637e5113cde2685c,reference,5
23cd5b22f89cb63442e78816abecb53d9c2cdfcb,reference,5
5cb793eb15e95229cb2ba73ed1a14c8ab53a99b9,reference,5
e9c89ddaddf77ec25b62ab7f811bebdebcf0f570,reference,5
23093984b47896ceadf4489276d8a7a4410b0177,reference,5
bb525aab2e9e86c6ed324494c4565c05946d67ae,reference,5
3e60652a07f25db9fb713b61081798b44195fcd2,reference,5
ab5f2d43b882fa3b71507541d2a2048c4710f695,reference,5
2f73cf828cab8e9e4c2b67018bf8c0085fb3c681,reference,5
ee26c8ca8aee85141075782bcf4d5baa8c4f61a3,reference,5
a29904e740589b5edd0bdad3b2125f4fb88a9b3e,reference,5
286abca1b4ff534425c87bcca600b14438f4ed0f,reference,5
db25f39673889a3a48c58e4d24b6fa2a11d4ca53,reference,5
2e138f801a2f27b59f0c05e15e7c9a7a3ee94039,reference,5
2f5c716d45d91cb0a55becbaad0b3349b22033bf,reference,5
ac1b1b4605c15a1c42468fdd45b299ec74b22281,reference,5
188110d516632d032987bc79454fa17622095577,reference,5
e93a58bdc30d36f342ecb83586e6152f565aa015,reference,5
b593b3d41cb300900f7bf86f742cfaad7f8d3c1a,reference,5
a47c9a79a9cec3543d8189c47ea1fc8fce633ad3,reference,5
54178fbb81a3ccf811eeb7891fc9d830f6ac21be,reference,5
8e44a535c4712b3e7a7d857296a8f91997837829,reference,5
88a01583bd2601939df885d6573d1e0ce79c42d8,reference,5
295e035ad5219e4d29b32cedd482cec4d9fdc20a,reference,12
d8f87bbbcb671ef9d19e504b5363aa9154af1dda,reference,5
8af840eefb8b4807fae92c3ca016b8400afac109,reference,5
06f86ef643099e23f102797c355d8ef89ecf01d8,reference,5
6c3c8a17bd3bf72d9bf8ce6d009d203363faa1e1,reference,5
d4117fd026c574e95cbbb74f03034bf66de79951,reference,5
69c6519c479925beb6f376cd3e4a3e94c69ff54d,reference,5
b4f39231109b9fed59a33bc54ef6a2922761bd41,reference,5
6c5792b331dd8ba6e2bfcd83c38187cade600178,reference,5
5fa96579b00b0672b71a5accec188fde37100f7b,reference,5
70246bac9e8fae4d7e7edfa5f0495c25babf2477,reference,5
b00bf6242d2a7b9455080330b31be29d8c554ab8,reference,5
cf92906ac18467b2bce3cf1cbd77bc4ed1201352,reference,5
bbac26c776bd7312c6051e8abf39427e2f61cd88,reference,5
259793065cdac1d364e13ddba1e45b3436079a4e,reference,5
ab683c941931da5c6351679cb346e4d1ad5b63f4,reference,5
85f4ce3132c48ff7d4fcbe368d9f036d51bc4d5e,reference,5
a4c29dc3857004e054e93eede078f132946dd3cd,reference,5
634db59944bfedf1ee706542d82a82f1f274a169,reference,5
0a646808002d3a629c60330178cb5b85fa6c77dd,reference,5
6c056139e892f608414f78c7f4aa86c142b2a899,reference,5
92bdc387d53b6ab42791c0168e13beb69c79130e,reference,5
2ec83e81e7dd800480dca6a480962a0382faf659,reference,5
b0213ad28d26ee5620f66ea66a810c3014671479,reference,5
6e77f540dd17d7dffc59dbd3d6faba7905b0c82b,reference,5
0e9dd674e20c59a7a78e3eab30e3881632c0bd9c,reference,5
02c236d87e442ffac300b4bc83ccd7d277ec1baa,reference,5
c90577d8f0e9d196fc8fbcc6c702002393a19462,reference,5
74dadd23073faf65cb767f1f9467a0fc965ca7b3,reference,5
f0b8441f79ab0df2c11543cb7158766e51a80c75,reference,5
ce1e092ea320425154a40aea138a19ab67c10a39,reference,5
e7413e81480e233f1d2a310ffad0379370cde899,reference,5
7cab61a4d24a6e10abaadca758824e078e790187,reference,5
8cc2090302e6e2bd416232ed58fd35e73f7bb30f,reference,5
7e719493daa836347de89e8b6b505e389b901524,reference,5
7421c7342a15c24fc57832be4af7bd61d8b7927c,reference,5
4a3e43c146cfeb8a62cd45de25af1ea41cb48b34,reference,5
ca39d564e30c35ccc95546272903674f89e5ad0f,reference,5
06c81c193d6dc430c9aef6464492dcd16b58dbf8,reference,5
235de042668f48ba799a2d2c5c86f403f8b60d2b,reference,5
8c980f08927b49b441aedb5337762d9695a11ba8,reference,5
94eeed84763e7aec0b50ec8ab17636682b494e93,reference,5
f6754774176b8d923a52d771d5014e1e18d581b5,reference,5
dba003229a5f2929dbf9e2dfe7f2dabbc822cc43,reference,5
cc2d94962af803420dfc1343b23f3179ef4880fb,reference,5
7a9e3331ec3f9a178f4cde6900e8a039186c4ff6,reference,5
4498da48efabfa72f4f13b43b0e9a4637278230f,reference,5
9e9e4e9c5a7c6307598a9b63c9e255d6c7eb10a0,reference,5
483410b9bb7bf3f6e835190e4049d9c39458d201,reference,5
4ce8ee4c376cca910c497519abc31de48f36194d,reference,5
cbd4012c8934c97fda6afd96ab56f0d115ec1840,reference,5
80581658e7c708c40e635a5360b5eca9a31eee1d,reference,5
36b35bc8ea704f894ce776d27644baff5bc15f7e,reference,14
54e4cdd3c9a31a9d5c324b96d26274bcbaf9fee5,reference,5
23f655a7a596ab5f431ab9e18d5c641de3f8afb9,reference,5
6c87274960ecabeb2d75c0435e29eea3cb6db01b,reference,5
5ac754e6d6b0ea662b19e83f445aec8f03569e75,reference,5
88637a2c392f1c185bc282d4abaccc221a0bb291,reference,5
9b53d41c4bc710493cc8ec88716ae87e0eab75f8,reference,5
7f6edb8a587d7cf5bbf44a3d48b174dbd89a48c3,reference,5
fb039e97494769a6490ba23c0c04c10127be165a,reference,5
090d0db368113a7258b9b26b05e70c8203244761,reference,5
0bcc3208ee89b533fbe7e3bbed00b6ac2ef68b09,reference,5
49e49c3d6071ed1ed108d4542b44945455c4fade,reference,5
0b527c7d373dafb5cda98fe896b8a546d881a691,reference,5
aa3517c664890cd36aee3cfff0f09d2645e373b6,reference,5
37c41bbb0bdba7b014271c1a87c6084aa05c94ee,reference,5
6e4f8278d12b52a87f4ded5ec596fe3a48a12caa,reference,5
0b646c51489d6c0547707aa3c99fc71f62d33919,reference,5
a05cc4e797611485208d14789b93c3b44b3d93c4,reference,5
30d62e38ace7a0815f08a846d4ea554d48bf6c86,reference,5
f32f1e5081ade1b0d82d588734b5c40537718a94,reference,5
a3cdf5d2d5c53370dd6173b509438481e32a0419,reference,5
1b330d0ba2cc6edfa911032340345b75a6248f26,reference,5
a784d14d4cdb22e8388f3c79a07063259bd855ed,reference,5
891cc1397f949d4432a5a0602e3757e9e3610862,reference,5
43ed3d300cd78da518acd3f9bb07aae4c24da7e4,reference,5
7fb67064061e1c2b8ed5b690d6c8e552f7cabcff,reference,5
43a14690ac18376469f94646c861570dd3c585a9,reference,5
4923e0686c6dc09b3f314c0695a8533ba31cdf7f,reference,5
19886fba58c634aac5736c749e349b6c7ac8e9b8,reference,5
bf71646540e6bfa07c6fa1a8a22cbcd09c0af287,reference,5
d52ab22c6e8b6d994fb02e184736b1bd061f3e70,reference,5
d44d62b81312bbae43992061596fee754e5b4d23,reference,5
bcf22783812372d91e6417c1491b91101261208e,reference,16
eff2a7e048d6f6e80381ab9feb8202ce837a8c4a,reference,16
a3422cd07a95a9306c7ddf986fbea84c2a59d829,reference,16
5521922a591fb57aec78aba994250041cdf30282,reference,16
0a5f5fffbc0c92cd7ba49fcc1f2235e043001e5d,reference,16
664b0ce39e67686286f1f9c53e22b66d04529a78,reference,16
7d712b68ffa1e5b249a44f2ff5ae51685a3609aa,reference,16
7e23cddeb101e20663d8244712b916342184eaa4,reference,16
bda8d3eba82c5a9ec106de36f1995a34e914ba1f,reference,16
86cb8d16967d4aa0b8fa0623b7c11742a06dbc1b,reference,16
bc0d4fa9af7c68b560ae0a51f1fdf4d7209ad499,reference,16
ca590b1b00a31f599702f90b5b44bef61a590188,reference,16
52d3b192afcfd9cb391165dda1c820b5b9d8c3eb,reference,16
2818ef5d5fdafa2760a9fa088e1ee362ad766669,reference,16
d17177b32e061024305db031b4cb18ab9e82c427,reference,16
aa12e22609d06b1093cb87fe095f4a08f0b0d5e6,reference,16
d1d2bf6b946ec68603147ac5fb4f42d704b8779f,reference,16
d7ac4be64d255aeafb77cbae7f30fc614c9a077d,reference,16
a3a1612ad0d8f732a819296b478e3e8422d03d56,reference,16
f9227f6f50e6045af08aae8ea0c9115b8da6df9e,reference,16
536ab69dd05234c2bcbd7625c93186165fb954dc,reference,16
4b615644574b3316a4a388a070c5e67a146c50ab,reference,16
c7197286a3c66f644f499ff53899b30c5c4da5c9,reference,16
8188ce10a42477efdf3b2fc287e1054175fb29e7,reference,16
d24ebf14f1c9efc076c3ed0009e5c4c97f30ce63,reference,16
0367bcfbce4a0db01d874e65d493b683d1a0fd22,reference,16
dfb8aba657a61df76cfd22ad24acaafbe8ea099a,reference,16
ce2b4434dc651a4e187bec16aa694941ec87af96,reference,16
7274721f22399645c9d3f92c77c22c1a076924ba,reference,16
86348cb407f69f24c22bf7ef4d76d8baed9aea27,reference,16
cea8d03eb1506269f4192d77aff553c59e76d5ea,reference,16
2098e70e436cb6ea7c2836384128b1cdf6775641,reference,16
c57b3e62b75bf4eed451ff702bca610384563cd7,reference,16
c1c0a89cc30aceb038ff770712636d103a3209db,reference,16
1a72c5a99cb3d3943dd68db1a315ae309df3fbf5,reference,16
bbd5d7577c5c2c6d0ec69b679690cc370e7032c6,reference,16
d7c38cbaba550a7ba488f6b9ee804fbe007c647f,reference,16
99c2801adabded8ab1a3f484e32f85e208742f97,reference,16
53ce6e4e6bddb54d17eec3680722412eb2f24a4c,reference,16
a0f92eea626a2aa697a83686b64f956333859132,reference,16
f1217c5134a158c31afe6b1f57fc16f10014072c,reference,16
5bc63f92d781e357e2142488fed382d79cfc2006,reference,16
634f93bf3586174e915f78de7dc24f5e810f2843,reference,16
5055c70dd9c4fa1ad1a6528ff29de6919c265ddd,reference,16
471fa338a012998824bbc5b4f1ff627eb003a7e8,reference,16
1c9cfc4c659b5daae67d60a55030cf48cd572ce0,reference,16
7a7a2121525afed503a64a7481e983c049f5cef3,reference,16
0d57a75e910ff4161da920f49a99ae703f947c61,reference,16
9eb6cd5a12b37b717061f0060987492e82fecba6,reference,16
3880048f1790d8b99b213afed6c0ea0902f10ba3,reference,16
adfc39a375686dbcb7f83e0bdddcf59f1ba69bda,reference,16
2d4f3a3677b2eea15dc6bab81d1aab1e0c0776a2,reference,16
3d7cc47f10a1b55e3c7af24bf43f7f9206fcda4e,reference,16
ea6d88b4ba550dfd1d2ce1fa2bc628e57ca51572,reference,16
1c80805893b30d2d779ecfbe236c2a1c32290dd8,reference,16
6ed4f005847a08ebe01ee03f9b533fbf860ed197,reference,16
76eb8409fccfe15a4d7ef8a8bb5ad0eddd097bd4,reference,16
e9139f807a9bb6d6619335f8b1d1677ebbf11260,reference,16
da4df70c7309af93adc39d064e698cb326ac9bee,reference,16
d5d92ed507b3214ddde1c1ec7b847b8710b924b0,reference,16
590c6c6aaf66d80534b7e4db6b8b06e4087b59ab,reference,16
027ac1dad95fa9f42c5e9d00a4de31214f437604,reference,16
48979beaa83197e5e9c83fe403afff8c2e917941,reference,16
ff9854d4323e75252fec985d411f3b058eb718bf,reference,16
c257ad02d088c5951258ca56feb311c75ef429ec,reference,16
3bf88abafce45d10bc00763d3acd44ab6bd9675f,reference,16
ba174d0c92efbe1577ed4657752f4e3acdabad37,reference,16
55526e6c72c13344d12acc1a973c5997a5d7cfb6,reference,16
2ae809b9f060a617fdb68d7964c3fdfd3479e274,reference,28
3637afb75e5b83803aff08a3ffdd35b02fa93775,reference,16
e56d45bf7bd34132e610e947ef768704ce65ccf9,reference,16
5b5601a55d0acb6a341149c22db982412082608c,reference,16
c3fb7ce591e8000fe044f9c815e4a50a9fbd7e26,reference,16
55a66fc5e5246511c55c2c2d1d7a060709490030,reference,16
bf4762503a450fae3d81891372145526a469db7b,reference,16
150a1e91b96fdd5b675ce72ee7f4f4b9e301ae04,reference,16
f7ff29cf1a4e954ce43a060df61a995ec58c2442,reference,16
5869bb07b4ad315d663f17fe3c35d2ffe2402838,reference,16
db55cf346d7851cde50c1b25ab8fbcdaef8e2ee0,reference,16
bdd80b8531fea171beaac095bd6dac63f02b5d93,reference,16
3ebe5fc249bdeff54b7cc308cbb6799c2c9deae5,reference,16
88d5634a52645f6b05a03536be1f26a2b9bba232,reference,16
c9c0324fcdc92cf7e24f9c4230864851a552f953,reference,16
e56f14ced9f7ce344ed14bdcb46860ccac72ac83,reference,16
c92ea4a9f9efa6f74fd4f035c220d7f0936c6a54,reference,16
a7059d44991cc98c75e86a915390dd3abd4fe5fb,reference,16
7ea5e86bbbcc445eca1a765deb314eefc06067b8,reference,16
1f9f25aad947030fe3206114fa2ac75e8b590515,reference,16
5c4a75e7436e402af046c24655fefe71ee87e379,reference,16
4699f20628ebb318005b3cce9005c78847ca6daf,reference,16
17c64281e2b9947c7f362b213162c5f1331d0002,reference,16
ef5da08aad746173b7ddf589068c6abf00205fea,reference,16
f2e88c26bc1ebdd4adc5f83ab56cb4276120745d,reference,16
9a7187386eb6ea93d41d7e2baa88accedc702fc2,reference,16
6a2e7da48e3588feee6e5dceceae3cd87bd02ae9,reference,16
a2a4ddbed34916cfa345e957cf060da99685e37b,reference,16
b7ef6182f617ef3e7cc9682f562f794115a4c62c,reference,16
b0ada492ba48e85016cbbfd95ec7180fb7e79648,reference,16
88d59e31575f5b3dd88a2c2033b55f628c2adbc9,reference,16
4fda99880cdbf8f178f01eb4c8dbdae7f959ea94,reference,16
1215d4c5248124f6a0b133760c4c5b6d65804abf,reference,16
f3ba2736c795a7f01765360989848c6144add1c7,reference,16
89641466373aa9ce2976e3f384b0791a7bd0931c,reference,16
71c117015757a064d1d2e94a7065d0e784a41aa6,reference,16
b78b5ce5f21f46d8149824463f8eebd6103d49aa,reference,16
40ee4949c1050a465d418deb6dd7ea6304a3bc29,reference,16
1227c2fcb8437441b7d72a29a4bc9eef1f5275d2,reference,16
ac27dd71af3ee93e1129482ceececbae7dd0d0e8,reference,16
6f75e8b61f13562237851d8119cb2f9d49e073fb,reference,16
c8756d3100ca02c3d90fc5d50d726352db6184b5,reference,16
af5633c94ed2beb282f6a53c595eb437e8e7b630,reference,16
78a83b6e2e470f9c20ceebb4cddae137ab863af4,reference,16
2c3152761de1dec262ed6a0375cca9c4d334a52f,reference,16
98f2d0681e0b5acc0292bdac8574e17e90e5a514,reference,16
e8b3b37c0d301ea41c75765f6ceb7fcbb2e088a4,reference,16
eaf52a96efd77675130196b32ca3ae25e03b0d35,reference,16
c4f1c1549f6a771603ea4c21437bfc4fca6b64ef,reference,16
a30007a6fe5170680fc1de3607754bbe428760c2,reference,16
d3c89269d6737779507654dde4afa4cdcf580a28,reference,16
1cc3159ee25fd7d492734be9075ba7084a4a0149,reference,28
6e74f2acd048dcb4ebf003c02affb52d8174b8fb,reference,28
7a07168a6ba6fac2cce6d7ae9e730a615ece565d,reference,28
bdf35c248c3b440b1309521ca662eb7a49310444,reference,28
967887dedb4cb29c9248620bb696aa73ac5de846,reference,28
bdd0a889aac239fc5b7059297e79a3adc15a75bc,reference,28
98bf1a962e315cd5846eb9e0283da0a2e4cc4b36,reference,28
d1d8359365d0b83c4e21aafba60951b7e731ffbe,reference,28
df36c5a4b619bab45746944a127f0513c813e856,reference,28
733e7693a76e5c0b66447a9aa94eac48d26e5ba1,reference,28
54b26adbe550350c304168b79d69526bfd302b17,reference,28
0ca30726852d66a3d511cf327645d91d22549f85,reference,28
c63f046566c035a6f28a28f9462e0ac68bca10bf,reference,28
52c9316cb7ef072a5e65e1419ec0419699dc3213,reference,28
5c91152265b180ae1ec9aeae42c3f322b14f4131,reference,28
b833cd973c33bc2d3d1833c73854f673706f7c99,reference,28
5814cca92325e0644a15e1c7e8df5ad2922b9f77,reference,28
ddb5b895770ba05e2abd132c4ceb4e014e2b381b,reference,28
ba140fd098bb26fa4db22c05618e871df8e79c66,reference,28
7c959def671eed35f002f483ead6d36adf8ac6bc,reference,28
d471824f973a9c79cbdbd57960646b4875ed1c99,reference,28
c310ac4658f7e12c4df3d358ac5c4ddd483e043a,reference,28
651d6f00502ed819e341489850b35085f3c989ec,reference,28
c32c63a24733564727fe38517231ed2d310f6349,reference,28
f51b93c9cdcacf203ad865db3a2c23f88a0fb718,reference,28
1eabbbe0d1d0d6ccb8396b37e383ba348789645a,reference,28
eddfd8533c8211825aa8a28dc0375a251e501278,reference,28
7c9e3f8149ece9f8726a5ddcb52b041c16233d05,reference,28
52afafc605e5ba0d3eb58417ce512dcf2fa97c40,reference,28
73e2f9db60f2bc5590f3b926b7801d66c5e69448,reference,28
7d9bbf990c71166994956051c8ad8afe97d93b6c,reference,28
7b7a929d959c2a585e5b2f80901c95d9c59f1b39,reference,28
79f933e90db4b3142810a03a4dec80ca92244f00,reference,28
28cb8f9bf2ead9ec04580d9340fbce94a8ef1387,reference,28
6e0346c98e4d918f2b0b6f4ba2ea786033543768,reference,28
75e991595d1c0cfa9a05e92e1539b2446e7a6986,reference,28
e1f32c0148675dc2aea77a3e34db04a4c3ab0104,reference,28
798d4ebd2563e23b16626d01cebeabdd0c78fff2,reference,28
685ef5a2a3b5b2273f964cf4e68ee6234ea0deed,reference,28
2585a969752b2f9a567bf0aaae94dd75d7bc8513,reference,28
89fa53fa490722ce3ba53ca6aff0e76ec1732aa7,reference,28
e8d50f5f2053b16a5c3f5947cbcf89777df968d6,reference,28
9494709653bb905d6e48ce21e9e5bbb77f5a9185,reference,28
debbcad09f2bc410b9c787ec4aefa21d118a597f,reference,28
05d7418b085e5d3270364365c2a41e27ad45f0bf,reference,28
dc0ca399a859b2d62577e7fa60285c1ba3a8442b,reference,28
3a4035edf6b54179055925e0ad1d15d8e1ffab8c,reference,28
169495f2b1513ab8f3fc04da11c3d0e07753fcf5,reference,28
c6f36ec3653ddd5f90294f1663af49c5624dbc8f,reference,28
351b28964d8873d0f66cae2e52b1f45d4ef5ee03,reference,28
f6c314d2f6c76e5a91ce164ff04c3ce398c7472b,reference,28
d16746b70a8e99b967de70793436c10edb303d76,reference,28
99a17800b3ee32082bdba7f169b4476b9683362e,reference,28
8f918a87d0f1bc090fca1dbdfbc4d06a9dc88a66,reference,28
69ee881b66e99453314b8a5445ba4a3160f4ed0a,reference,28
e5eb1ccb4061c9c9162a9aa0bc43f872b6e9b008,reference,28
eeafe595df229ec53d97ff0c815552e1018930f1,reference,28
e17f75368497dfe71c94c1b06918652372be2212,reference,28
937c9aab25e7dc0da6412e8b4b19be0257e8a01e,reference,28
ad1b472d616c4954f12ea783b3ecd197e10c4488,reference,28
1ab7d66715a09687edfce0ec44e76753e607b125,reference,28
19417b538e5d90d2d7329f43b8c595e2509a44dd,reference,28
02518f86e7474f33151bff3c024198e5f226986a,reference,28
64a8ce6a50fea60d0fcc663023b85bb56ab9b8f8,reference,28
f844b967bf2a039fad4cbe5530747b05c201ef83,reference,28
32adfdfa1032c725b4eca9c0fc2557cb5ab51b49,reference,28
b273744772fcd2fcbb744d31ef79ea70ef89075b,reference,28
e7f4c3766d34e316b86d1736b95e012fd761d1a5,reference,28
c5a038562faef854c21c5bc7906e67222139044a,reference,28
8cd6d88a3522aa6782f1ded260754610e565bfae,reference,28
6f51b9326a39f66553227fe924adb88077579829,reference,28
e7b924757176fd5eca61d50b182775b1e5114d7b,reference,28
a78f0c4433a34b90fe4a62c226b79af68d7d7deb,reference,28
ef40add3a2f66266d287c40057eaaf6826f69da9,reference,28
c164f706ffad6a60c60ed28dc8e222b396aa34fc,reference,28
7b8c6f33f6ce504c7ff535dd79db625f47036a90,reference,28
09f78ccd20f865c288b421376baddb0096c651be,reference,28
8ffa3d59636dfd9e0917015a6a60ab76e90199d8,reference,28
c83ea3f74b6cbc072600e9e9359647072bccdec4,reference,28
95a074457876126ee786b6faf908ee6610ff3a22,reference,28
e0bd97de601edafb4401f1022800ab68375dd417,reference,28
0789104dd0dfe229be1cff270e4c94d7791454bb,reference,28
a3aa43522071dd895619650d26db01cfffbf6fd5,reference,28
3dd8a397abc6fcd7e945cea2d02a1ea3266e0bc9,reference,28
eedb8159755c317ad2f9f07dfb667c62d72a3181,reference,28
c7bb292d86769d883989b4ea1a39cc414f29dbc9,reference,28
7745bfa881216c857bdf568e061b1e13de1425f6,reference,28
1effda8ce21573ed864eadfdc7b233aac39b8fe6,reference,28
2069aaaa281eb13bcd9330fc4d43f24f6b436a53,reference,28
93caac295ecf4f2d4f373903f4af224bbfe8b50a,reference,28
2ed64d90670177bf58cdce6bda04a48a8731a18f,reference,28
5ba398a4e64c688de82c5b8f26583d86269a3781,reference,28
a4277bb319972780c452247603e758352e81a989,reference,28
279c798fd53c8dc84044273d08b6a060dbe9f702,reference,28
033b934bafa666b21d02047de5af6d00b9e983e1,reference,28
2156230db58ec5657c61413c8230dcde2438b514,reference,28
6c04cd18fd87aad37c1c04450dce781f02bf2d1b,reference,28
07064e4119d01b91be4e77e16ac77cba2f076223,reference,28
ab4c08d9ae0f408dc4ad83e24455f091efa7682f,reference,28
c4ceaef35bca063815f50d90a087acbd07a65478,reference,28
cc1723cf8a6cecb2295360ba01a01da90452403e,reference,28
ee45636e012703cf90e7c367e9db6348f2d8a39e,reference,28
b249d8c7a59a4ae62fbff2b77fa4ed313e59e08f,reference,28
44e8b1aba0b1d1366b74993593d39bafe8c1b4ac,reference,28
033275ccc2c7c5c38592ae893da0b5923cf90717,reference,28
0d42221038c05cee8443c5b5af838505ee137dc3,reference,28
d3f4542bc1c9a6215a575ab4faafe64d569c2492,reference,28
f0ea9e2d3889d37f34743ed1dc64f11e8e0484de,reference,28
e325fe41c8c1d547ccd102ac82be3ec8b23960f2,reference,28
fd291f8ab240af366da0133c5c5b31562484d5a3,reference,28
155ab051396e5acd193efbc79fb6bc080137a636,reference,28
22a9a4b3bc0760f30ad63fa0518d68895857cfc4,reference,28
271abb481fff11002b92e295d56e88df70541595,reference,28
0bf2808126242e36e4a7972522ba961a39beb8e5,reference,28
1cfe6c0ff054faa9ec16b35737b705148307f92a,reference,28
d13c23e8f91a6deda6b1303e1c44da644ceea541,reference,28
239b5649b12f28fd610de036afba41b9246db6c9,reference,28
acfabc878fae93231d1f15675884046f8eb3675e,reference,28
f103832b99546132919e4149b76c10bc4aac1410,reference,14
b05937ec12261601f7264869d19a8f37859c9406,reference,14
b962a7d4038b80da0875a14bc68e093c3d4a6175,reference,14
dd42e0ea17c2bf2ddca1511af028f1450725182e,reference,14
79f621ff92b344cafbac98a23c39974874f65ce4,reference,14
3ad034d8024459f8fcc6a18c157037d6cf2df09e,reference,14
1bb14677f315316c2a8b258bfa1757f1e7b347d7,reference,14
a929e513b0eedc655557ce2bec8bf96991a52c2a,reference,14
1df1ce32a833106f49de0777cbe3feaa3f05ea11,reference,14
55389052400150b35b70ab4e7e7252d6613fa4c0,reference,14
25fc1fdd2956b689c1856320ef98bc63bff79109,reference,14
0f2097a53753908288b9ad40640f2fc992b0f1ad,reference,14
21b81883c1f4c789fec33d239ef173ea51b73918,reference,14
f727446279a030a572a77205746a2e3e87bd480c,reference,14
78ce309b4cb9f6802201af9ac4009e0b78bf0830,reference,14
ebd7a1a4ab706deb54e05e35aab44a30b6b887d0,reference,14
778043fc3a09a9dc96a748843bce59a5e0db2ed4,reference,14
723822a7ce84ab0106e39a5fbf919174487907ab,reference,14
182882881d594c494709dffe7ff316f573e3bee3,reference,14
bcde67b5ff1eadcaef6d3524aee939e1d5a51ccc,reference,14
8ab0d8b44b90e39f7c52a49a7dd9c1ae2b54daf7,reference,14
3400a92e8bd93f36a12ee64634a44535039e7e94,reference,14
cab8c84e14912eaf1a60b59a6925ae42ee4e3b40,reference,14
215440b63079e0a3bcd931d482fee039a110f731,reference,14
add10d0044d1743ae12e0d0c2847a48760a75b2c,reference,14
3573782e6dcbfb0473e0c65254f47a9ae4fa17c2,reference,14
00415faf1b11526845cde1e293f53b0ac8e81910,reference,14
809705fd4e0dfe35e1a0b5f89cd11ccb7b0fdb7e,reference,14
0d67ecc01b1485dd7792b616854e9778a173972a,reference,14
d499241e1d38b342d5b2807f5e320f50438702b0,reference,14
95a95f498fc3dacdfd61cb32c52603fb6c188386,reference,14
690b34bda96f6b2d114702d74ee910392e06e3dd,reference,14
ffe7e7c9744a029eb00be3ee9bb56e22e65ab9fd,reference,14
cf83573398decc5deac31943620d574afff138d6,reference,14
01dd548d1692d1e4c2b83cd9e36873f44874a0f8,reference,14
87c15ef96fad0013f1ee994e3a08440b434531e5,reference,14
ab51a9c7558f4e5c1dcb970a8cd0bfcc9b7b8b8c,reference,14
555e22c5e9eac9cfcd4cabb25824594e693d2808,reference,14
4351e81bcfb5164a55c44eda6674a0331337b3de,reference,14
6f1e0f518cf9c8c5918f02de555dce89c950be81,reference,14
ffd1939e3d67093fb588ed9ab4b839be03e100d4,reference,14
faa66d3c4b1a908c25aef4ef4446f7ecfc4ab6ea,reference,14
4a0be5039b2d462fedafec282ac19dce5746dad8,reference,14
175e59e7e2ff6e37db8c7bb46611c6ed3af1115f,reference,14
1a2e9695285bbc0aea087243fb8b79406facfd67,reference,14
58a5c51827c69f1db5766085473e46d02ae386aa,reference,14
3a2720fce094b7004673b53ec8bbf105812ae9f3,reference,14
6f10e541afa72f7c72175aafbf9f455d2a60fe13,reference,14
df8e2fc916fbe8aac28f9047b3b4144723707689,reference,14
155b4510f37ff09d17e0685df9d7f9cee733c205,reference,14
f2586468cbf9626aab382af47e512df624cc6407,reference,14
422c2e4ec2fff030626c0874462a2506c495ce27,reference,14
feda240903d15b1d4d0cadd2a4da52bd208296af,reference,14
5a06fd2e2b57cd18b85d324b2704528b60f7f2d5,reference,14
e77921980584eee591693bb927d661c827356bd3,reference,14
84dd4691093d0df1e91f81d2c4df522cf69b288f,reference,14
491ff004e58ae4890658500943ae363503eadc93,reference,14
dbbee86d968a10cb3df8b60e9a82d169dbaba302,reference,14
ad07686b805c4fb4975586bdc6e0601778f1811f,reference,14
27b45510d08d8a66d0f60544ca923d584b94cb45,reference,14
6db2efec387c744bbf3f03f810b4567cafb7a7ca,reference,14
1e37bf87471d8014e2ffa061f1b476964e5274d1,reference,14
0e9397aeee5af7c0720716a959335296ec2db775,reference,14
d1d0e5ff34fa5daf3de70e24dfbfdfa919cb49c5,reference,14
7d10d9c92bd3c146b27efbc198827844246eb598,reference,14
5fe1d8f7ad682b027ed27f438064bef26e04a5fa,reference,14
f8777c719b32337498215ba7642a504f8011f48b,reference,14
4f9bf05f0718ad92cd41dc9fcc9fea574eec1dd7,reference,14
d0d172650c6118eb6e30d9de160c0d0888783c65,reference,14
a25ff3366a62075d391047a9a7747ecac9eb5788,reference,14
1541202361290d1ad1a923715f3148e3d9cb64b8,reference,14
492d4d5c7341ae63abdcb044b073dfd59e2a8ee3,reference,14
60a2f9eb6f00502f5b96150cc2c72f41b36d5c32,reference,14
06e6a27cdd02435ec9e695640bb4dec177121fff,reference,14
589dd82dc1385c85694e2cd2e62f44855b5d40a9,reference,14
ca056bc90afaab702d69e275ed7602860c5b3a13,reference,14
28ab8974cfa539eece3c43d1ce21f5ae6a5e0481,reference,14
bfccdbbf24068c3d21e4b3344fc646c8e51adcbc,reference,14
ff3d794c477ecd2c477a7f8f0eb99c6993e1b81f,reference,14
d390a1b827915ee0ae4dc0b9bb8837a48a71b7ff,reference,14
fcdac76ea896fc25a1ee890e5361cd9f7cbe2b41,reference,14
678c2b0be3a76e47cc233f46567bdfb4ddc5948c,reference,14
e76b4e3dcd69220ee11e40ebcb6357e5088f04a8,reference,14
ef784cc33df8cc9c245cb8cb6faf3218efeb384d,reference,14
b2ade4fc5464f3c0bfd92e8cce375bfd5db20e03,reference,14
7246a98067b55f513163eb89d6f947ce0e682af1,reference,14
408dce5da2dcb865df16bcef4b931c0e393484e7,reference,14
72441e043fe7bc51b2b3266dbf90c0742d0b00dd,reference,14
45b819a936195ca2271a01fdd78e8ad3b6e09f95,reference,14
5da6204b91cd093bb12f187e4019643ff8a228ce,reference,14
77304cf9d680f6e39897a7ac22f3d83fb87ee05c,reference,14
29c96f5358556930fb86ba2242a4d8a074d9df95,reference,14
7cada3bf16747950e37e7c59689749a6600ca9f1,reference,14
529b911da40fa9df598cfbb589e84af5b7c18f0d,reference,14
b63839f606d3ba90e047865cb5eb0aff66f02e22,reference,14
ad7709e2b539433605b98dbe32a760f0c44708c6,reference,14
9427ddb25ff6d596ee7a748ca0a66ef7da9f2fb8,reference,14
15737902d9a9548fdb0a37a387e6486813aa69cc,reference,8
3d7b19a17495ce3d325cbabe5ffe6057bf2fc6d5,reference,8
627c1f42ac8fd2a600624535f3aca64ba6190287,reference,8
43cbe2074201d4530c10b6576b0321a9220d2de1,reference,8
13e4df024956363fe8dd2b21ccd2291eab8527f9,reference,8
d759d10f44e1a3cef2eb46ae49c83f6e0248c0c1,reference,8
15eb51700fcea706cc33a9c67be1a6e961f95087,reference,8
33c6b4e8eb02368712e7375d30bd9352b52aee83,reference,8
a2713faa34f3c9ca4c0ea25268e8e384015009db,reference,8
eb0e6c760068d498860caa54c4e00c2663af2f22,reference,8
c550e89d41d8c926607c54c9c40ba8a3f497b942,reference,8
27f448b4a232864b0a2a08d15ee725c3e48afa9b,reference,8
404ecc12bd56f3f04d2569094b989a79a1bfef99,reference,8
2e9abafc0447aa86a826af1e81a95ae84ba9623d,reference,8
5d5d52d76c5665b24af9bcfaf029c8bef82e858f,reference,8
92764547846199c062f53dfb1176176e5517ae02,reference,8
76cd0e3b08156e899db749746cbf99a5dc32c5de,reference,8
7f612f9fb3bd54ea86ec0b5e822f15df1de7eb0d,reference,8
399b9877c80802f3bc942163973b03d8a9c321bf,reference,8
a897c1f5f14a610d23aa316a8b99559c5ec0c03b,reference,8
827b81df2c7a3b2d7b712f55ab19187bd69be855,reference,8
505168cee83aec4ebe338fc994fe6b00540b5a85,reference,8
02b5b2c045164544d4b7527b3029da291e967951,reference,8
1dc1c6728346ae71ebda8adc617709fabc4ab637,reference,8
48b82cbc9510340a91427022dc782135ecc57d3b,reference,8
25b937b13cde1fefd72657e9bc8f3f94a5467621,reference,8
4543c5721d53e6f55965454a650813df4fc2f6f2,reference,8
c113b36d44479fff09360b06d9331e6d583b8b28,reference,8
535efe9891e6b2c497b59c0c09812a0dcfaba7c5,reference,8
79be1c87f3b9e047e10912c5a707c87a69c5dc05,reference,8
4684b70946048f2367579aedd14592116771ff5f,reference,8
50b73ac7a0819180aba30d2059e341db5caa87fa,reference,8
ef094815dc0118c8d1cc06d4bb3aa78bae0a3877,reference,8
21d89be6d581fcf2d8543feb47cb09f369ba0a92,reference,8
bc62b88c1970be7c6b3cbe28ad0d0c18d42554b6,reference,8
4ade511fe700e86f1a1ce8e7608b8f5a897f6cf7,reference,8
6a11858d9a448c2eaf717e7290357e5e3ab73e76,reference,8
63161be2bd80005ffe5eff673994978b7ea9a4cb,reference,8
a7f2987eb07d92033a7b1cadbfc94e6c1489f9bc,reference,8
91d7605a00b58e1f9c454992c98b3ac60cb654e8,reference,8
3f07bacdf8f345d9eeb320bb089fed4d61b4cec7,reference,8
093c566ac7bbcc90bef5abb07aa5307a5efc070b,reference,8
641a39330b533dde61e0c66487c53a811ae43755,reference,8
d5ab7aad1a1f7b651b735d956c48473fc94164b2,reference,8
2e085c5bc9fb155d5b7e60b3072b7ba61b33dc7d,reference,8
645dbedaa7d3fc36eaea3941018373d0cefd3baf,reference,8
0e2e91faa0409498f60b4c541eca87e41d7acd1e,reference,8
fbfe920579cc1c13358521d403cfce31f2afbead,reference,8
ca4af827ad051f392a8ce42a6205237f999e86b9,reference,8
ccff488946e5dbaee3bf07277000753fd07ef48b,reference,8
d7e07ee25e03080374c683048aa30a468be2f131,reference,8
67af926a717625476f50cf08466ad8e3c644f5c7,reference,8
2f92337b1e7e91566386f5f57bfae42133a264f3,reference,8
1102088716730adc1dea06cfa1741f91bb6fa0e9,reference,8
c26627d02768ba1f78424f8b4fb81c0e4ffc11f4,reference,8
4375abf311b0ef51644551276153efaf11426916,reference,8
4c0110694f447838a57b2284cb49eb36501f106e,reference,8
ddea71bb0d42a0ec0c490cabf7c9e48850b7d610,reference,8
5be7e6b04c5a240cff340034aae2b57c677e211f,reference,11
96f5ce59e3dd54fa508e13a499de7fd7b633b022,reference,8
29c8a097fa1690936fb6ef232996796d3a299e91,reference,8
bba5f47962020ab9816f4f63ece6c533607af6c5,reference,8
3d45fc603e34934fc589b9547307815f7723de34,reference,8
366441034ec03b2fd72e29c246c49389a50b8ad8,reference,8
e19485777bce53f2301f1137133fd9436d9896ea,reference,8
bf21281f3faba32b275012bc90b10e7e988b8867,reference,8
a3dd3adc37cdb8991936f3feb109c20b6f892f3d,reference,8
4e2a3ddeaf5defb9318b43c364b9a9efe3847dcf,reference,8
4ea5ca620122e6a9a2b000444d36491cebf49c7c,reference,8
7ffcfc38d4bd0b710a25c04245d1890caf4855b3,reference,8
c0aac09fe67c39fbb377e45e03e38cd0d9b24ab4,reference,8
23af54b82c951317f1fc1841164d8a441a2d8120,reference,8
883187d0bacf57238ac95e2749bcc601baf2c212,reference,8
2efadc1c928c8d92756e573f371b8d46087865ed,reference,8
5df422fc18974d687febd171adcac35b3012c50a,reference,8
07e5677c70946dd9de9bb1003ef8f55345422cf5,reference,8
60b0476a97c00e355df28ba35422764a7fbe88e8,reference,8
2f7364d8e5cf94315bf8905f57de9c5543e9a4bf,reference,8
90027ca7802645671a69b00b65e1fa94e6b63544,reference,8
7e0b582f10af855c7a2e2a6320939bd7dd82ef62,reference,8
b9870e130f61ff900fe00dbcc5782c9b31773d32,reference,8
f8113ccd050d7f4c772e39bbdedb79ef49e30ed6,reference,8
0d48b2ceec9910e7f7e91faa4d48c31db24f41da,reference,8
7a06f4b4f6576a5de01628f1475fc0804af14223,reference,8
d092d0a1c874f5d66d2aea005c6174655a285f53,reference,8
e97c047afe770f2fbcde4349752fb1a30b609c5d,reference,8
7a0199948d8124296a9f4ba1a60576e5f22cac52,reference,8
dbc0e3b895a943cbdf90e5d096bcadcec8de9dfa,reference,8
55820f684fcd592edfa013633e5704a41b176d23,reference,8
eb3316c3f9b68a0263d471edab2c9910ebc77f5d,reference,8
330e0a8ced3be59ef078f76a7352381625bebf35,reference,9
1246a879b5b74104106b60435d034bfe4dd5a00f,reference,9
e78156d2ceaa43586f86cb2ba8558255d900ae1b,reference,9
39f0f4d7ad0ad8b792d8e4cdd441a6fc38ed9f1f,reference,9
b79dc2c52715be17ee1e942d0f8124165e0cba5e,reference,9
d41634b4a485ab8f29698d224ef7c14282263284,reference,9
6d912401d21916139def914fb8b4984f99a7814e,reference,9
2d2e9bf2fdf4f07c78db5678ae7e3744e5be2baa,reference,9
0135919988d65d434557ec60ca9f6d5bb6a1c325,reference,9
d920d5640446250743e8ab02b8556c0e48a7b359,reference,9
175720cc5b1ae343711044c4a5c2af3bf14f06c4,reference,9
8cef7690b201bd7c98534c7d9b3c5f87c8883a93,reference,9
64204941cc07c6aebed89084b1e3c5a364121bf4,reference,9
6f6f6f2571c30feda350433a08fce08adf36de56,reference,9
cf8f6d03e0072bfe703ec7d38ee8c3131429e832,reference,9
10774f1550bf36252923cdf1ea26d88328e7fe2b,reference,9
148b752c012d4683787749fda1919d21c40e1ba1,reference,9
a0f7e9030ebb1eef88b87724274541bca6ff919c,reference,9
451e374cd8a50ab893d22599fe684de34569ad70,reference,9
6aae8ea4c53c2e6a8716d6facaaa34f2aef1ed89,reference,9
4687412fbb8b9bba0411cf5b4c33ff2a55895ca2,reference,9
445adbd3ef0ab01f3152025455dc45feeee642db,reference,9
f21fe7afc09a367afc2f9b4a7314c6a83251658f,reference,9
32b9fc380c9ea08f096dbb3e33ae18f8536f7d2a,reference,9
32d1580383e280a07c94744afd9d15f057385d34,reference,9
4632af889b03c454ed02a95c947c417888fa8fbf,reference,9
b840253d63f31917f4f13b2aa9ec53c304504ab1,reference,9
53ef2d1dea5ffe48066a58898325d74c1ceeaadd,reference,9
a7aeadc4da04028df9422a957fd05f6e9445af2a,reference,9
2360f7e828b7bdba844ba00e544bc369ffa6e923,reference,9
c3f1cecaaa658a1da9b70abbb2e4f825da87196f,reference,9
5f0edea7dfad5fa375c620d1d6c684b091c19a9f,reference,9
385f0c77e72f95e7df74e98b4ff6b9ab19d52f93,reference,9
e41d21e30a2066de22d0e721487aae7c64b405c4,reference,9
6d8c08328963639f2072e8a5f6039dd74683e147,reference,9
b5a13ef674e96d764fb727074328e9cf36b63d90,reference,9
4248d093d1fa262a935feca6432b7ed44c14b948,reference,9
0f6a6254a4e4d75d398c345de21b7c2b8cba4061,reference,9
ad17e9c70d63b15d10d371aba86ae5376c9d031b,reference,9
855168c95d467340abcf5a6616d0d0286ba4eba2,reference,9
5bf6123ddaf423133ae81e7c6f6d7cca197c9909,reference,9
a568268ddf1e6b3a727bd1e2dcaf7a980e08cff4,reference,9
7a16473c8570cc142e5c6b2c89fd63d6e14e13e6,reference,9
8705389fd69be2a0cecd2242287a08e8280f2c52,reference,9
49c26a3eb8c57ef8bcde697da85e05a5d0ba24d5,reference,9
9e81434435fe1cbb032006334b089c70e863732b,reference,9
c54b6c317cdc13be345fd9e7aa9f9cadc252e7a6,reference,9
4ddfe65f085ed0be6a2f6cb1d4a2ed09bf23e0c7,reference,9
d2ae5d2a7667239db409144a471057208d4b5596,reference,9
5bd91ad4b025cb01906fbf440e757c1baaaf0c93,reference,9
cd6527b71922e5bbbe1f5b40d50c7894ae5ec9c9,reference,9
6fd4cd989d7d49cbe0b2487750a9a79435c2882e,reference,9
0042194b75ba2dce76393af42c4845884325ae59,reference,9
e5968ff7af575e014a4cb76a75f1f0f4378d16d7,reference,9
017e4a43b69340aecf7d002aa1bb5991f9e91ffb,reference,9
174df7d2cc8d49f219d8899c7d75bc929f3a57c7,reference,9
639928ed560350e2700cd582057a675e86707ddb,reference,9
c49f830a35caef242f266e95ddd1ba9d032add11,reference,9
32457b4527dbcce35da25b5fc89b86bd926cc0ea,reference,9
4ca824e792f3a2c777ffa5896a2e7cdf11b9518d,reference,9
54b6e5dcef733c151adef0ac06430f63cb301a36,reference,9
094490a5035c6c151b45d0ad5961186ab0eeb5b4,reference,9
d55b69a533dea69c8b2673cde8de90c6626ee789,reference,9
23b7cde603b5ec8d5d13d46e1c453dc52d7c3f6c,reference,9
35a29c47d5292e8967e5a9a8a21b23d8637b7d07,reference,9
8b12f7d8bae14e17cfb4f803a54fae3b9fd72850,reference,9
1a14185615a3d142f5205edbb2535f74d4f4575b,reference,9
8dbf6d43628ee3298cac40e6926c8dc8c8bf0f29,reference,9
547803d0789c2d2aa1c70bc3e467a71bc1615c38,reference,9
a082c9c93b5cc0d38e7ac14c6c9dfe186bb5c824,reference,9
80c1dc9df0158922bf16e73a9d4f22684fea486d,reference,9
c07f73b66282f19b9a7259eb0728c3f59044936a,reference,9
5f0050c2f2e23d70d59e10d0e4a10616e24303ac,reference,9
20a3833265f13a8d447c7ed436c41ad5db3dea45,reference,9
5e88060c8be3e6c92b93ce9446f81bfa24bcd199,reference,9
a294fdf4cf109397ad4774c8a78f9d4f9d269581,reference,9
2c783e7b1a99393b46b6bd8df8e1208763542b9e,reference,9
c02b51088aa46b4a2e8a2028cb3f13f28fa45c16,reference,9
fc6412d9ec7a6a07ce9ef15273279a0021d09422,reference,5
3e40facc6748eded6796871102afa1c07f27d954,reference,5
398417af52a576dea75893d9bedd55d45d4d7d0c,reference,5
134fde5291ceb00da3869db8040fe8ce136bf5b0,reference,5
2e9b34a58a2148d231857fcb84e2a700f4b0dee1,reference,5
f4d3665b292b0549a6a6cbe4033e1f61b38184ba,reference,5
496a9b996eebc86b7dbeb6881c4bcb725fc1e686,reference,5
6bd70355c5fea6667dbe9e2fd53f62f07508ad0b,reference,5
280e04bffb99c0aeb32370f5ef5148aeab59b6f0,reference,5
ea090c112be388712fc65d5c06420891f03955ad,reference,5
1a63b1aa24d0469082dcf3c2fe0308562b992c88,reference,5
a5670414404b036d2de7c29b47624fce6bbc497e,reference,5
c75199c6dbbcc15fa7c63315fea4ba16f65e4846,reference,5
66efa648fe9162022e7d644cb3d07a62d437f17c,reference,5
fd8c852f07ceb02a1fab80c443f068f159b112d3,reference,5
ed8c8d3d4417a1499c2bbfeda6426a7a6e20e293,reference,5
7c5498843c684cdd48d41d3157ac956171fcd29b,reference,5
63df6cfb96c715b4e8eb28a1f3a6b4ec9e5d33bb,reference,5
2429de2c3f2b7ddcdf1f8b2d34c6eb8b75cc47f9,reference,20
62d4edc7ffafe6cfe6b04f0d0e6191960f018d41,reference,5
7f30845e988d53f90e965c2f65a34c84fe771ea4,reference,5
45ceb2a9187f2eed46eada2f53ec44ab1475d5ca,reference,5
0f90749569824723756f521dcd5007b84a8ebf00,reference,5
be7859dc6cd202eecee25decfdb808a2595f7619,reference,5
b0314bf027b0f35fbcb8af895e7e3561015ee7cb,reference,5
50cc30acab0081860376b33be9752ff9211c9688,reference,5
58a6befd5a3109d922067fbc070a952923dd1c16,reference,5
09348a1bb78779628f37edcb0786d45bc25aa84e,reference,5
6c80b6fd388d671e17d10071971473a5f71d8b29,reference,5
1e20df6cb058af3f647ca1f520806769ce5f86df,reference,5
e53914d6bd7ccfa61749e2c74daaca4e65d23592,reference,5
a5723d977005f03eb0432f71aefe776e65f99b58,reference,5
cdcc1295ea0de4061ba60af23e942471f9fac1a6,reference,5
ba0eb6e108a33ffa7c9a848ec453a84d40932ec3,reference,5
bc29e85f2849a92d5b6a17cb1acc58eb25ba2595,reference,5
ea9a174cd0bf2ed6ba4747d2c8b35e4c839750b5,reference,5
7e384964f7776e67199568311bd8eed8db77d7ad,reference,5
c39b542e2791539450a96778372e6d98909dc953,reference,5
53822dd1e46b1a3755431bd2690f3cf57bf0f372,reference,5
c2bfe417c135acde3f340b787f13a80c0162e630,reference,5
d3e045c5cd56352fb405d7a3914969b3e074f869,reference,5
91de77fa0ed26ac6e30ef62afbd65b6b850536dc,reference,5
c8dc1fee6598a7f9ed8311c865e2bb91e8b878aa,reference,5
c81ee31b4b3980a310f48540dac02a5d5cb9d8e6,reference,5
87918c80365e2ca82611dcd6313915aa4c13ded8,reference,5
a74aa10c1912ac69b0f47d1b33614100117757aa,reference,5
c2c3113f3154e588daa3974e1fe17105351a8ab8,reference,5
b78f735dd937fb38c518360e1c497ec98a3a4ed7,reference,5
b086c3162d5dcb5b665e22f0102f6396794eadb3,reference,5
9709a69c947c561e5792ef843d20052fdb731ffc,reference,5
7913632668760f722a983530c896a4aa1a37c3ad,reference,5
353edce7fb68da762817cdd31880108462580a25,reference,5
611b2d8894cccaa7f0be8fa5fedd3ab582a540fd,reference,5
f420b30ab33f0081b8f8b9e3fbe39c4c412a56d1,reference,5
f3d421d22ca6bab168c618aaccd479aea0a76a8b,reference,5
7ae221d479e98df9667acedec47653cbcbf3f6fa,reference,5
35698b7c792e3420e5b9f89d7f06b76cafa3ea0c,reference,5
c08fa8d84104ec1a8304f75b72bed411100aaf5c,reference,5
d1e202d981f03d17ebaa61f941d4366e4db39578,reference,5
3ce1c4a05f06c18f7c3598c061cb6980253b17ba,reference,5
3a676409c33683540dafd473e602f27f2b4ad299,reference,5
847d63914c51e3855ed7f13e74157daaa4a37d94,reference,5
f48dfd6d0197f51311a7e53d34fda362669cda18,reference,5
a98d89f8398e3d63721e7cb8ee96325f89833d23,reference,5
9d99760b9ec2eaabfcaa1177b5aaca52ad614dc4,reference,5
df32d62d2605d6bd0d9240f6816973400c94207e,reference,5
ae2b6d2f09da32babcbbbcd56031c10cf43f3a80,reference,5
a5003be7d014d2b4799cf6364e201b081f313dc6,reference,5
251c24a045976586f9ae0deb45ec48c112e50d99,reference,5
f26fcc2b9fc8944e054425d19c12b9d5cca64fcb,reference,5
57f0694199b43ccbba9c0d4224bebd450f7c3af8,reference,5
b6110045346334f9634c6413503b4a2f181783f9,reference,5
172b6eba123daa30c6fb23601edd729299772252,reference,5
db09369e9c65bf845caaba7487ae489b34ca24c0,reference,23
78d3cae49ccf413ed11d4f63b4c2a823447c63a0,reference,23
21250e9f6423abdb277aa8d5a11c1a2eb6588b9e,reference,23
e27931b44157478a13c15d501d3d5bb0830f38df,reference,23
5f1fbd52018eadb713cfbef176afc47501d27c4d,reference,23
e3c59c767143ed77828a4307b6a60b4adb5bfe6d,reference,23
0f99a520628825b84ceddb55e069830a7ce84843,reference,23
6053eeaafad579a1febacd8d467d3405f22a4876,reference,23
280ddd7381587671418619c3e2061758f1e337e9,reference,23
a9d228c7f85476828392dc7a5064896841486368,reference,23
d383f267b2b189a92c7dbfcd76a4a5d4bdf70ceb,reference,23
3c84fccff6aada50707718aa5ebb1f8ee990c7f3,reference,23
4f396d87ae6b2b889704fab6910d206228ec0afa,reference,23
067b3c69af06539d6085aa726120c220a0ad3575,reference,23
a060bb54f030286d88fc02d537770065fba0f7e5,reference,23
d9c8a463c5cba6612f0828c2d9247df3b9666e59,reference,23
29a552a6f08913ee3aa5b87032146d11c0140191,reference,23
746bf0932ffbef804ff5cc441320aacf90a522bc,reference,23
94d4f83ab262a96a131595e9af953ce195e01ac4,reference,23
0e4806061b5c8aeafaf71a7e5f632b70b63db6ed,reference,23
a791fa6c69710c623a30cfa325c9ad25e4a9c991,reference,23
1305fe71115390dc38b4c748f8fff9b0862a06fa,reference,23
e3c6d4d82e1c284b20dcbaea320cb87fe730da18,reference,23
3fcba2db9dfbf6f5d13f7831b4c901ddb4815385,reference,23
aa07e23d24db5ab5c6f0fffd40ce86d2200bf3e3,reference,23
efc38d8f4483ce41696dd2af3da60daf032d0526,reference,23
e594ab0b2f304bff1c24da04967273de3102f002,reference,23
94f52c87e499d93338ce886b657e24b71b50c110,reference,23
b859990b1488798f753b923078731036349582f7,reference,23
98c4bdd193213b819ede4f023246c1dc5d2616fc,reference,23
b1199c0d3ac60bd95f0d97087af8d34a12cbdedf,reference,23
b7706c224de6636c46755191b24b5aee72f5a5c1,reference,23
97fcb1b0e89c5baa9c855d6bbd11b767f4213fe1,reference,23
f19f5896685840bab22e29f153b5e20f95a028b7,reference,23
c5f7077a44ca31d4b6aa390df8d5b9047a13c8ca,reference,23
f6b7d692a6085c886472190cba4283af6871aff6,reference,23
56d9d752d353f7b945ed264be455bf2a9cc50704,reference,23
3615a0bcd1ae7efa2460a269bcefa6895cf7f931,reference,23
005dffd585d8d7d3f267b3507916f236b60d8e33,reference,23
843710b453490722afabaebeba83ec7864e3be4c,reference,23
928b8b938b56b4e3ee267aba7802c5210ad8c352,reference,23
dc15825f921307d544762b7388501ba502446df5,reference,23
d207c3902daf3df63281c9522c5ecc09fed16aae,reference,23
81e5ddf1bfdf870169c0d3d5543dfe9ce5a87681,reference,23
84a06589d945e264dd66e20e2fdc1fcab8a6da1d,reference,23
f82783862a3b1cf1ef14e0fbefd117017a82ee09,reference,23
8cec6a58351ffb0aef3e1a870abeb25680cf73ef,reference,23
4e54f8ecb383555c9d3b8b102adb69e13d969754,reference,23
52e6b2a7feac0a0539dde768bce9039074cd289a,reference,23
3dd5ad34012164c4ec9c571a12cc6a7561683dea,reference,23
5a7a91de296aa51339277d0ce44cc9fb3def05e1,reference,23
470cf1812dd539c7106068161507cef1f5ace122,reference,23
f60a151395a24d151b535d3f911388b4be3c403a,reference,23
4406d933f8aab86d43e6efe1bfdc98a382020634,reference,23
7ae8594773a4d89a2f048a6730a3d4ed4976f346,reference,23
c1940bfe2db750b6f8de8785ccbae8bde580ed61,reference,23
081d178737aa25202890af79904e2baaceb3508e,reference,23
1a0c866c373bc68e17163c27ba85d77412414e31,reference,25
ecddb1287f241e4abf2874a7b95172a68c21a2e5,reference,23
465c02d745b18a8a4c21a1254065327e5b88bd7d,reference,23
e20b1da2780a8a5135c69ba075dfd5ee9a26728f,reference,23
e20d52db3d5a0cc901283175656e835a1cc30b08,reference,23
2c7e346aa311fec4dda04bdf3a214ce2026d8807,reference,23
24ac350224f2a863c249e71262e964e709925bec,reference,23
749104d1a207f5bc192c7d95a12856b5e7f84d1f,reference,23
e9f0223f8dce8b04d37d1f56e6c976b5d0cb5956,reference,23
92a63df9582c25418b5de50705a0f68760f6aa49,reference,23
2bc6d41caf81e62eb60b0829a521cfee085715c0,reference,23
9b348715d0311056eee850dd1cce1cdd3c64eec8,reference,23
baa1dc079d98ca76b0173c8d653fed759fd0a371,reference,23
64fa56962dd0f4bbe206be6142fbe0315c4e7c2f,reference,23
8700c5af25450bf8e84b94783344b054d268738b,reference,23
0fe1b1bfd634ee42846afbd64cef1c682e02e5e7,reference,23
ac4d13b6a4f9fb67337099f4602135a0351f5c99,reference,23
8f3138f7ee5127faab265793be8ae278bc49d9b1,reference,23
4d4a96708fc67403176bb2b891b564af7a20c148,reference,23
5d937b7811d8fd4208b2810971cb2e33f64bcfa2,reference,23
880a0029ddeba3e3f8b6bd50cc6843ea760cc3d3,reference,23
da9579539385daedd33a0de0f814e2977ad0d1f5,reference,23
e3c70b0b71b51872bbdaa0f4bf2b56908f97abec,reference,23
508d9b43832790b4d35f4ae1fa76e9712859d6aa,reference,23
b15469d0ab3dc3a9dec037d761817b3fe546bed6,reference,23
db9575e197e6e92262a1b45bccebc10333fe7692,reference,23
10a8e7a7e07256178665f90074c5c41b071e73d3,reference,23
6bdfffbf92d01c8b543088d40d46233610e469a8,reference,23
a54a83a5944ee95e0e59f74724c98c6691c08339,reference,23
9f9caac5e7e524f321c8f468208dc8e64e87d467,reference,23
c546fac8173c42ca80a5fe5c9596a9f2ac26387a,reference,22
ec3d256ab47c1a1a885a2ec9c9e88d8fe0c576b0,reference,22
130213f574fc6e4c987add4aac3240b97113afde,reference,22
6073eef234d6c03747fc175bdb85d9c8dc6ba5fb,reference,22
49227e35f29d44cdc584e059e45e9b0bf31a4891,reference,22
449e3e6d05da946833be2b696a76f4f215c81928,reference,22
28c6b681c5440d469c8b88bc3c252f81c3a54de1,reference,22
483b492f4b248c7abba5b90a41d797adc4390daa,reference,22
63917b69c838c109f3e83c65f0ec8d04e01079ab,reference,22
adc8fc379cba4ef76015ee75251e772cf6792829,reference,22
5f6255697426c5d13eb50f1362e1542d7e8d3b82,reference,22
47d9ffcf1f927f5c65cae08934396f3864ace3ff,reference,22
7ce7f05e00e2ff13bbc2fccebbf24afc036b807a,reference,22
4726019d90d28a36c8ed34170d41427783723ffc,reference,22
920cd8b25373358779fde44f90774533f26d782a,reference,22
3f102d9940c8a844dda82f2ba01c91f46ff2ff8d,reference,22
3b22c61f3cc333a627060ba4eb59eb0299fb7c1b,reference,22
d9dbcd12c21966804ee6bd75e7b36f998135ccc6,reference,22
723437b0316877c18088eca00a3710844881a3c7,reference,22
b4eb4ce3d83bdfb707ac65a8140ec2ed268eee3a,reference,22
1fd282ff3a034ff6113f076b02769c46a7159476,reference,22
18b9de23800e353bd10210d89ec4b2259e55deed,reference,22
a810aa3a515968608f674b72f21c0b084b975b1f,reference,22
9b855f7c183fef3569eff42808866388ba224fb9,reference,22
1a598bf02461a1ce0756514a0f6e35265d78c29e,reference,22
08403e94067827f7914800be360a54d6a25e80b1,reference,22
53aeb7901cae3c91cbceed6da3d1bc7888e3b1d6,reference,22
fc196e3294bf69ce1d3c1437fc4a53253bb93a34,reference,22
f89da2b36bd28c7b86f0318cc6b4e4b2f90d3799,reference,22
75ec7010174da085a5f280eb7e1487bbed19435e,reference,22
eb784a1ead361c676251c42505ee5938c5b1e1c3,reference,22
356bcfd8e4f367363c09ccb05f39018613b26539,reference,22
a586bdf356fea1bda9acb70459a1c0df1c4e717b,reference,22
e34d29cb05d1dca97525ef050f173bad0eddd807,reference,22
34118adda172f6c5a30960b809be548a5bfdcc17,reference,22
279620fbea29f2a72b420636fdf3f43279c4b13b,reference,22
d348244d80f055f00416764fadd231fc42fc1a24,reference,22
eb9c4a07a336e8deefe7b399c550d3af0241238e,reference,22
dd5ef6ceed4e77eb2702b40ba4afece05c1b0af8,reference,22
b2ee9afe5142bd47163c4261a544e77a622023e0,reference,22
603bb1eb011147bed0766c0b0c0bf4bb83ef4b9a,reference,22
bbf7233973fda41617f0603e91f7b292c6c01f13,reference,22
ddb938f86f66478bfde2ef0c871b0a8940e045ed,reference,22
ae8f9f02b090351543e5e0ea945e2993b27d9d42,reference,22
c355d65e1fd49371cab805b32a8405e351dd2cdc,reference,22
e8f19023ff09b42b9de38fddefb6b5a244cfef71,reference,22
600c842b141a4c92b4e1306ff1cdba04ab61e2ff,reference,22
f57fae177e4e6e0a2b306b7b6bef899821ce9545,reference,22
271ff9dbeacd05276f1f192453793e772ad91b69,reference,22
d4bf36cbc5855ea87235d7a64f406717ac6aa3c9,reference,22
a3cfcd731331dc81884be01e28a617fcf77b2fec,reference,22
0f45608ddc01b3e192f3490330f4c4b8de074f79,reference,22
a35f1315e91513ff0bec0c488fe175214fd9636c,reference,22
4487bdcf1eb42bdec83709ba0df5b32dcf388976,reference,22
ab322bef985895df5ebeab6b38d63456e1e38e86,reference,22
1abfc211793c683972ded8d3268475e3ee7a88b0,reference,22
fe425e341cf646689e42adead17f14eeac5d03e6,reference,22
9702aa281204e7a692fb3ecc83981198426ff70d,reference,22
9cef5a098486aeab6ed3700c5e3d29488488d16f,reference,22
b1d51ac8ea0c63530557987535487d417bcd4674,reference,22
2df14dafc8486ff51575f8327159da1a021054b5,reference,22
ed1a1c698706f2fdfb2dc4f1b2965fef50a54068,reference,22
0576e9ab604ba4bf20cd5947f3c4a2c609ac2705,reference,22
c9ccc7f731629817927f01e4a1927feefe32961e,reference,22
8aa98fbfb6f1e979dead13ce24075503fe47658e,reference,22
4aa6c0facdf3766eed4a321e3dc7114fc36569d5,reference,22
0211f17c45f3cade2b5194e4d0e701c9f7f9f12c,reference,22
6b6beed9da4d45666f8203fd9ae2b83140784bc6,reference,22
3b84618a17c4f44b1149ebb865e5971e7cf4a64c,reference,11
e9c3f9f1c7d03b58bc385acc392b5faac0b5ba12,reference,11
843bb6babb73857d41b9ea95c4a316a77ccb3e72,reference,11
e6c3e40973c9f51ebbd36d13dbb6b2470ae5c9b7,reference,11
610201d5bcef1e76a8f37930d3be2c53d3bef4c1,reference,11
2e79df5ee8b80e276a388a7a523eae27373e0501,reference,11
3f487954f58134d7b83e9a3fd57405848a68f722,reference,11
2cd7b7c01f2bfc86a6d97e0976b59b2787c1e5fa,reference,11
a9ee56a07b94e5c1ec1b76ebde2d367908f33a14,reference,11
bd2e46bd9abbff3f94d53de40b59cfc98c21362b,reference,11
4a9ecc2ecefd5cfea22a314b706414bc8c1cac52,reference,11
1b8c0e7ab03cad9c7ac091331db3d58f47ec165f,reference,11
8e376586a910fe1febc2f96984e9e3ae0973bf8d,reference,11
0770e0a362997fd912aad14efce0a3b78227547c,reference,11
993fce9e6428dcfd02c7adc069a28df1e4ab6e99,reference,11
8ca2097fe67c67a848173b809f491c783e7fe08d,reference,11
611277ae5d8474ad2dfe1537370294ddfe59ed6c,reference,11
9caf6305a724217645593a060308a5694a3c2c1e,reference,11
f2e6a2216f81f722f3056c0ba946103935ced889,reference,11
5cdddcc59dd8e4fc0e12a71bdb6b48d4cd9b327e,reference,11
5728992c01b8589ec2339a5cf18dfdd3a7b9daed,reference,11
948872c624a01d54ab486e3f09e9e7c5d9123b7a,reference,11
f0cbb7ec8c2ed947d3e9e21cca1e92cb1d95cb77,reference,11
6d2f8529ecd62b549822a95863030a7e0aa4708f,reference,11
9f4aba794625b3fd4cb11507988421208ab3f892,reference,11
0fdd18ad60691f109508e46de101bb5254f65af5,reference,11
71b88208d78cfda1cde863c8b5f04a5661167184,reference,11
80e36423fddb738403d82ae802d00fb0787bf62e,reference,11
9641b7caceafcb51d27008312af5b729913ed274,reference,11
01a15620229660c95768b1496504837ccb74371c,reference,11
449df67152b7368b45126a675af53632e157ee87,reference,11
f00ec3a6a4556751a59573e1adc387f3cae71b7b,reference,11
f84c2de6cd75b2dfb93e6bc7376525ad6a40aee7,reference,11
c024638d0d3f086f500a0a244f7546eec2d94bdf,reference,11
a2781a5583ca624d569783850d035de8a58ecf13,reference,11
a913c98aa32427ec0a876d39b35b235ba483b061,reference,11
d20f8a7aee38e4ff27d2f0f5a3be8827b4ca8914,reference,11
bdb5e0e26ecbfd5693191b9b94f4f759cce14e59,reference,11
f44f73f43831897e6d953c0f26355d8e7228dc05,reference,11
0c7f74b27457afe442c17966aeb4a52d8032db51,reference,11
82bb4dc5725ca58e3542d5284474fd3311a6a548,reference,11
8f49ee24686cc53f1e3cdb29151c4d1f69af087b,reference,11
6c8eebd04990175911f5d451b37b95e693997dab,reference,11
a41f3b321332ed284ef743cb8aa0c99c92fb66dd,reference,11
f03bd1b959216fa22b3f72ef7f245e57ea7e45d7,reference,11
0365ad3bd3543c330a2dda5c679355cd74a2a372,reference,11
507b6ca97ff1fe33367e34b5b259af1292185d59,reference,11
b453da2b4f5b2864abcfa9d31673267c6eb23988,reference,11
bbcc2ca90b7f852cb2abade5067bc8d0e9351f05,reference,11
4706711dc4e1e16424db9f454a1f3b092b972785,reference,11
687cf44cff1f1d8bdea53bc7750eecb55dd18999,reference,11
d3a23b571143a45c5d7406fbc395750ac5cfef95,reference,11
1482d35685be0215249b54c379d6fe96a606da06,reference,11
a1bcf68d6ed2fec1ecaf16b67f2d19bc20c00ee6,reference,11
9e9b40743767d5d466152fcf92297e26df77a2d5,reference,11
12c66c80aaa43ccee8b66ad502c2fbf8cbad0419,reference,11
eb2bd280367855fa1cd26f1f191f8a0221643d98,reference,11
46ac1bb072e1796afb57b5aba5c92ab007bdc60e,reference,11
7df8feb2f17472f8db17be75f57e5b4ddb36e882,reference,11
259801b7832915cbb6b9760b891991d00498931a,reference,11
5c6a17f31619e42a37676d1780104e1da4ae12fa,reference,11
e3a5da866598c0414dd186085ccd429ac8ea664e,reference,29
50cbc8bcd56169388637d6ac6e7390879968da45,reference,29
836022d3032d1326e1c0716716d79088bd89441b,reference,29
077eb7d3ff24599baba89dbdc0d40a28d7b17d36,reference,29
b0517cd2739494cea8d9a49fe4307cda3b58131c,reference,29
39680c11920648124eaec2b8d753b054e7c727b9,reference,29
ef74151f0410a16ac9a80b9e8c280c07c9ada577,reference,29
1c7753f7584dba3e10ebd538caa4f7bd98120df7,reference,29
d0e1d48d04dab50c0cb91261590b31480d3c69e9,reference,29
2d11d32b51a1c14d6c837fdaef3af32023d4da76,reference,29
2bc5a4d7d2a95565d2662f7c0bcbac5734976442,reference,29
af59d4a3dd61d09a6f01c49d482242d5b9b13eb7,reference,29
a21ee9cc5e8546e3b54ce302e96e019215824bcf,reference,29
f6ca75836d8d9dc5b76baa3a797894febadd7d45,reference,29
485ac73320040449bdd224f2d89732e69c585c2d,reference,29
9f1e2ebfa1a0cf61d6b6982990a0c63c63c4ab9b,reference,29
921c6425b35fa796963febfe2a9464d34600728e,reference,29
b38f0053459fcbc96205f4bd75bf92c8d8917d71,reference,29
31184f3bc8b7d7e1b29120ea57091847ada84996,reference,29
46256677e71f320cbb2cdf5dd596d5c9563ac187,reference,29
af2938916b7491a10db8329371349fb047e35c96,reference,29
3b7409ee9784ea43eceb944b2d678b77557fd8bc,reference,29
7561ab45e9d997178371cbbcc82b8e95463a3896,reference,29
71fdb55b39b8d76fd909f218c0d8de2c4fb6541f,reference,29
e69191b77f00814c8f0579477e9dd188bae3eba5,reference,29
b51d1946a6184946c93809d06942aa410c384203,reference,29
e01af49d646f9e8428467a7f36abae31a4e4b27a,reference,29
e9b156ddf40f660dfb6a9b2a720d0b0735414dc0,reference,29
74f1b67fa18bc9c4033a9e8fd4e11ed38b178a37,reference,29
0c4bf8ba0a17f6066490664e83d28567dd089a40,reference,29
a5f26555194d50955f6b3fdafb04d4330cb272dc,reference,29
f236d6f9c376dc453d7db11d15c8d9bc519adf65,reference,29
822f7a276a4ff7dae59b849f57b95d2603a40d99,reference,29
e6bd2fb1e6ab7628d4810d85d3a8a0d0308e403e,reference,29
a0f15d57cc627e5224aa439fde4e9b78cf7336e7,reference,29
b3cdde45d87a3a90d86ebe20c1ee8c4ef0150d1c,reference,29
f95da5b7be2fac2381eb5dfe26dc7dc5bc2d9a90,reference,29
041ab8f72343db5d50769eeb725398c689b2850c,reference,29
19da1292e830f128f21b8f6b178c803edda657b7,reference,29
2ef23e8b3c07885a850164d86ba748303e335377,reference,29
7d6168fbd3ed72f9098573007f4b8c2ec9e576b9,reference,29
4bebe389dfa85423e5cc089edf20b2c3f572f38c,reference,29
5ee871537ae51e7e2e93d2a70fff5d100649a655,reference,29
dd69049674f41d4ef5314b8f95bacfe59de31376,reference,29
715cd3244bd58ed966bf07c5a3871a46f2666cbe,reference,29
a8568bac56c24b5d25e373a117f947171d5f97be,reference,29
fd5576d95b4feb7aa7ceaf158ab6c8eef8774a95,reference,29
2f0b8410bf643e5dbd62004ef93ffa19ae6b160a,reference,29
b593d14a96cf3f83f0ab8b2cbdbd3fde715948ef,reference,29
be367e710a7a1aae9a0f9404bf7006a445703230,reference,29
c96cbdcbb9a45c0646dcbd6bce29cccbeb150f9b,reference,29
e063519b38fde570726621b6a383f7431b94aedc,reference,29
d1eeba0dfd9a7d60bd390ed5bcfbefe6ff452d17,reference,29
21729b0c7b9af67fb06c6997862098cdbce9e9e4,reference,29
e277bef6465198c2ea2786dbb832834cd9a0dfc3,reference,29
ae08f340db81ce40e08bcb2e11250055b8007025,reference,29
6bca58c3a7b99b6de7551cf16fa3aa5cfe286538,reference,29
8f6a608e712367dffacfde5ec2ec8e194c148689,reference,29
1711fb33bdbb311182913cb1e88bf61a3cbf5d5a,reference,0
c34bf662b38a8467c0a1806161b9867dfef9781f,reference,0
8f46367c6ae1edc1d2bacd7e723509218d373bba,reference,0
81ec48ed515a65f0661581d910541e26a410d0dc,reference,0
83e1ca503efc4308b1b772f7d4ba86bd888bf58a,reference,0
4778e8e5d8c713a017d51b7ce85f520ea248a970,reference,0
dd968b619baea69ea935a700d4e8a724e7ced9e9,reference,0
a0878803d189e62f77e3c2f3679d48d541dedb71,reference,0
74b3ac6983117b8c26e597ffcc0375ae487e2d85,reference,0
43dceda9eb1b15872a939ae34a1c3893b062cfe5,reference,0
5603a24cc64abb0c6deb8b2448b1dab459502bf7,reference,0
4949fae2e8dcb1000462098aa15fe922067932af,reference,0
49d3ba08fff7482820f39dc8beeb158b4e1979d0,reference,0
fbc0c2b7f2eee7721965a790896620dd6d607e89,reference,0
8f980543f8c7520059ee50033fa545ac1f8ad44b,reference,0
df599c84dd41b8ddce22afd549bde826fd368526,reference,0
0a3319a658f2d5c6b929e3dd8703894aa4e8e0ba,reference,0
247ba9d0966b60164498740ab5b9e6d0b28207b6,reference,0
c846076b78da898012ccb9d542172ef6b0c200ee,reference,0
1747aaa8db7354ac7e4e6375014860016c078658,reference,0
42022ebb089d31e372f6fce248fa591dc187b717,reference,0
8f13c95566e1317c8c5c212ce970481a156b860b,reference,0
39771331bd171e9dbd7f0907ceda2e5e15bf5bdd,reference,0
665db8d6eebc0c0f4529d19c589305c4cc2ec0ca,reference,0
1409029f82ecb636cbd4fd65c2f8949d1497cd5b,reference,0
e1f87b2d292fb1750bb6102c2368d934e33fe13a,reference,0
6f11cba039b650637906230e0001f2b02cf2f2e6,reference,0
17c6dcc45ee2ca2ac2e79bbfdbaa1e0ae06fcd6e,reference,0
7ccf1d9c4105390d7acb220c64a5a7654e49341d,reference,0
7c4b6f40d46bad72d96bc1d9f38e73f80bf3aae8,reference,0
cf5c57963cf12dea96d75431e39bc9e12c33366b,reference,0
43551059b1184364fe287ed3282609eb01246854,reference,0
a8ad39fc162c238b5c126a2d350d00dd7ab1ba87,reference,0
cdc655c151aed0be27c7c78a03a1aa0d47c495c3,reference,0
bcd6fe80d38e994746b5cde39134ba194ea00071,reference,0
9e707c3b697e739e94d4a971495661b2ceebbb71,reference,0
2fcc18bdc0d678418bdf8f1985004e89eb68bc3e,reference,0
87875a07976c26f82705de1fc70041169e5d652b,reference,12
2729d18c3906477489f2ddb9c7dd92c1d77b534d,reference,0
0a176ff2fcf08e852903a5bfa158e53a67c0b71a,reference,0
817a47d5e058800f22eb648b4366420bb3415bf3,reference,0
ef9a988712d7ef207fb9824d1e9222834187c562,reference,0
f440cb7a24317ffa4016466d5206c914c7207e62,reference,0
95d47b6f52b74b58048b67a48123445b27001f78,reference,0
405b454ce30d981758dc603191fd58ad413fbf39,reference,0
b775c99601d616628c766a811c91732107bbe53f,reference,11
ea3ee97a34fe0157fc08b1d13a7e3aab1c22b698,reference,11
b3e55455315b344138760e0cb3c35c2bf958bc1e,reference,11
9d119634597f8f12bfd7bb22e956233ad103463d,reference,11
33e30ef1dd6c1a08f3563c052b686756192702a8,reference,11
52a9e21dffb1b9a8bf4fbd368407795aef390d70,reference,11
1f85d55a678204abafe386248899ba7aa3ca005b,reference,11
3fb11a4055bc3157f79a26d7d4ede3187d1cdfc6,reference,11
d1de718109dc23ce34183b557016f24d7872a7e2,reference,11
01085ddff95b81bf6b438e5e03e9313483679a49,reference,11
7b6006bcb9c2507af0ec2c24d4ceaa24b9d87084,reference,11
46b42318a16a2aacb40981de64cb7fdc49f00472,reference,11
f22686d5e2754b92b47987f6c2da7cab6c742491,reference,11
7bfa22572180608a90b1cdc5f8830ad064455fdb,reference,11
bca6d3b61336718f0a89d3ba65ff794e79631917,reference,11
8b940b7685d1dd57b0c815e79c0b616b5a937134,reference,11
7fddd4f0c6108e12fa29d4375eb8fbf7d3699dc7,reference,11
740c46ea0d67e3521aa45982618d6d3e5cb6dd3a,reference,11
9d017a12ea6bac0f4074be937ee29786e54c5464,reference,11
0f658e9eb515e21739f11127a64a4fd9f7b9d53e,reference,11
a1467bd0b11e96f1aac74a91d4842433fd2a9541,reference,11
d116105534980a0e5619c98a66a3b101ea48ed2a,reference,11
85051baa89b05c105257890639e2e8e7c9713cca,reference,11
d4392c0fb9366c13c31b328e4bed838489e05d95,reference,11
2bf8cc907f744c2c8105ce405f8fcf2ee667b1c4,reference,11
f197eb5e3fdbbeef2d7c2b5761eefed4c9e607f2,reference,11
2a28903d52688d7bee05f1f9b8ca4ff83a825824,reference,11
37fdb216cd516a840485aa37bbd4bb072e4bf1ae,reference,11
2358a37d89681089c6f6df7df8bdfa08aaca2c1d,reference,11
668f545fa8133b629ee3463c52c10b02190a2496,reference,11
171ff1986464d30df01167137f767f7e139b1ac1,reference,11
8d60203e3f7fabef7dcd029dff446df0ca7d33aa,reference,11
a7401a78effe175c7d9dbb999c130b36d9ef92a7,reference,11
4dc5dc0f1f49fafc83c4774284efb243f482bcfc,reference,11
3fcbd852b679b3bfa33e6c921cc0704577a38af4,reference,11
0790f66f56948017b66b4ee10279e35d641d9ba9,reference,11
9307d546f9c253d82086a9793f27cd53bdd14164,reference,11
3f89a1d552c2271640d352c860282fabf5694960,reference,11
8152ff29ab2cef35defa2ee343d4017cc975463d,reference,11
210f58cd7804dba7d8be66db88099dbe5a02b823,reference,11
0e47c5ce3590345a4e1093f44c4f66513934efe7,reference,11
6c586ffafcf9bd59544f908e4a045edee7992542,reference,11
97e6047bca99a4aa8a83dfee53594d4165e9e007,reference,11
3ebf80a0afb8db7c6f435f9683a3020451e0dd2a,reference,11
4d0ee7bca07af07e319add08efcdd403e215abff,reference,11
d9c05ef795a82e35280ddc04f9a0c203114f546e,reference,11
147c30c6636e780e3729198dd7fbc09d981e4d3c,reference,11
c2612e3e1cf49d907a1efb8c9ed315387861abb8,reference,11
eddf8c43bf0bc787a3f1faf87636e54051822130,reference,11
a0b938e3e741e998a42463f0cbe19fd3f37607f1,reference,11
d9a7c48e91fe4bf36ed6c544d9200d141afb7f88,reference,11
1d97050663b4a00c5b5d8b2c074aa2586c228754,reference,11
898f10efff8dfdacf06bc2252df166c62d6c1259,reference,7
c1e6b7e5b3bc7804b3b41fd459fd39fb06ed4dfc,reference,7
95a056e51c937e0cfec5fee5588364ff9c75b4be,reference,7
9a0e7fbf52ad90b06d2ebec6ce9b397ee60e2796,reference,7
d1df856c584bc9503c6b6a57ad19e9914e5dfefb,reference,7
ed2ccf2b0c2fa4191e33dbc0b6627f791e640ea7,reference,7
c66e1a82da756a146c298aae50e7792f4192b30d,reference,7
d4e7f4399cbae81823a3652bc9462bfc27666d55,reference,7
428dd4b402c2b2404369188731cbf1d822299079,reference,7
295f8557f4e78ab8fd07de6adc9d1632d88255c8,reference,7
3e776e5cb3a54b894655ea966e13919d62ffaa6e,reference,7
751a23ec4073f146c8e7de9ed19fc0812177230d,reference,7
55c401d0243fdf7f090e97c850a25ccb490ae744,reference,7
e7e44b980823f60d54878949ca11b0cecd09af9e,reference,7
7a9256ca9fc67513e7c9b40d2d47dbd3617a02f8,reference,7
46c5e229aa290f22e3fd28f30d1584f981050974,reference,7
19a2a248831d93741d770119fc5b8926e60e83c6,reference,7
6fc43d71204488aac0ffd58cb86fb82bf0d7b3b0,reference,7
3eadeada86853ee6b04847064318032f555e17c9,reference,7
8f5f24842ca2999346caa4ccb7110558154a3b1e,reference,7
ee5fb340666734ea88ce4348e23c8b82392bc9dd,reference,7
7251c21e8e8422d2f8113e7646d79d457d732428,reference,7
58fceb3d82d08959bc22a809017f842ecda91fdf,reference,7
f3615ec7ae17c133a9d98aafaf84270d03165583,reference,7
e9ffb8357472a077180292a2c930779396658da3,reference,7
b71884092949e1c3ff48944a0fe81b17a90dcc0d,reference,7
775a08a72a65efea1dfe64692036a01e62c4d7a3,reference,7
981d63fc453419fb1f90eb2d1f4b01d42ad4aa4c,reference,7
14023dc6bb8ebf7319013aa31d01bbe6a9c7cafe,reference,7
1bce212f8d3e4505f0f138bf5be8a44579f47e47,reference,7
7bf024694ee3d55465538f6c238179b401fd81b8,reference,7
eb54686209879fd961b7c35739353813277dd5e2,reference,7
fb8b696d821ad39c6d834791298f1409bea1de44,reference,7
5a77da37a46fe7f19872e7a26106a6fa11f54359,reference,7
c08bdffdbda73cd0ce3ef5913d59a0d0aa6c89fd,reference,7
8b19c791a09bfce411eadacb7f5cfaacab386bfd,reference,7
3448e136046d22d4f90d7a4c875890f5fb64b811,reference,7
e97637c25bc7ad66d0428d154a2f296e00e5e2a2,reference,7
d8f8634bd11c68055a40c7fbb01410bbe77b285c,reference,7
a66ff335f5934fe7503a99d3eb3abed493994df1,reference,7
ee79b4da7556cdd69ca188af6d6e883c9e94fa87,reference,7
742a4098ddc25fd3c53d4ebdfc845d1e5d2bbff7,reference,7
199600ce11fffc299c43717ee57c204d361bbee6,reference,7
ee2c4670fc3ed9d6f6b3e583dde19340bdc0e71b,reference,7
d847ab7f4109d0a4c640d5ee34b510a76002fddb,reference,7
19990cf5cff35938a3197fab1039000b2a76eec8,reference,7
6c0240f2d30115e7b6da891fa17134b7f5e6b23e,reference,7
3e66a2069ae94034f595185742b1ec72a6f0fd7a,reference,7
3cd98a010b36832fc2bd8368cd4f34c72cd0ac6f,reference,7
df2db6500995a0bbffd77249ae2680d6897567a8,reference,7
2b1412ad4117688dfcb7c50c64fa29caeefcddf3,reference,7
f75a74c549f95b487381a1f807608e4a76160e47,reference,7
ba5b22dba6cb42028246fec0042c2011fef59a65,reference,7
ef721e478e0314b4a800dd44dfcd6b4a7a49b5f8,reference,7
6ec6f56284232220e5c70e6138228fecf4576d10,reference,7
d1ab937aeb1d9b1172d19eabae30fae9806fdf7a,reference,7
bd4352e16d0de4c5e70022a5432c1457273a843e,reference,7
d39b4b55954f0db0be55f6d5882c9741e6a69883,reference,7
810b62c5123dcc4a773835cd45a252d0bf24adc4,reference,7
dc9a849f56505e6c0e7b971eb81389790b8547b1,reference,7
bf0257efd52561519fd6d12908de88c94777d872,reference,17
eba71aee2eef29c43687dae24f6dbba1397ca0c4,reference,17
0541e064cce0248543203945429abb4562546c85,reference,17
28d9ddc8048dabce5c0c8b373a959c5a1dea9b65,reference,17
96a68d22c4cd83c01f7d9be8e4c7d256bab8e2e0,reference,17
47df61fb2a060ccab5407dde7f6ce237894ec14d,reference,17
dfc1d15965300c9e632822b3ff8cb90653f1e35b,reference,17
303d4a53df7f1daa8150faf5e01562cdde948742,reference,17
642a59982044d5e87cc479b5f529108878beca94,reference,17
57f59779375f700d4288ef2397903d488f49b9a7,reference,17
2097b656b25c9291548fa082b3c433eb81856c76,reference,17
d35f1042defe9a1d69c343ce0237f14d057f48b8,reference,17
93fd8d387432002238822a4e551515af1ce34e6f,reference,17
bc5edab352cfdc6654e292c03ff7bb3c27a407d6,reference,17
d3c3213cdc21facafca8cac3fa7397ea066fc4ef,reference,17
bfc2aee63d20fb19c9a851da9e97fec40c454124,reference,17
5882fd8f5b22a9bc62ab2226597a4d45923c505c,reference,17
5c05b129216e187bcf3499834759b9f23e0ad89a,reference,17
b90abcfbc391c606206b4d32c3887292f0fd3226,reference,17
10d78553cc14f2113e752185d81a37a1ddad5496,reference,17
2985af7568176c4c229e552cb0acaaf3502432df,reference,17
d17f666085018f19f6ab8253979d0d727af43f00,reference,17
d9d3dfce3bfa12fd3f3fb747b2252d57c83ab0f2,reference,17
19933dd9e03058e686ef412262eef7696cce3e8f,reference,17
8b0ed190c5d71a0265266ec965b4adfaff5a8b90,reference,17
5016766c87982f5c62ef6580e120939ab155d776,reference,17
6eb46737bf0ef916a7f906ec6a8da82a45ffb623,reference,17
2e01fdebbc780d3667ec3bf87a44927f0d9c188a,reference,17
4367911d9d28d83fafbcf6c908698dd981ddbe9e,reference,17
d318e0169f649656c71f02a1f84194a734fe1962,reference,17
6173520a1eb2814d067e8c5fd16212b7cbf6ee78,reference,17
c1c663d8a7d78342d8eabb6ca144e5761b6a2443,reference,17
dbdc6909f46413a995fbaf6d331c41613c28da62,reference,17
e60567231ec4b588df0017d496d89f412b2f8324,reference,17
2264c5b9c8fe7c1baab1d7fe0988bce8acaf2fc5,reference,17
3833356a8be4c3334209d521bb4638514239edaa,reference,17
557a5147d88ad361b807d4c93decac6d57d2d5e9,reference,17
9c9d9b026a9497e73624912aa9ea905d70e7d470,reference,17
c8aee1051b6a26ecdb56f1225e62b0b1244d9949,reference,17
40fa6bafaf0ea18ef73e1e05731bdcd3179897f1,reference,17
c43a6f12b062a50617244611af180a8146e792de,reference,17
29569ac41ce24e2741c2d56d18f7dbff946a827c,reference,17
25c1dd5c0276fdb3c46868f91b604049f5182723,reference,17
208814c4f79b1f8ab23f32c43f5d4e99ff87b362,reference,17
8c206a4a0457dfa388898e3bf07d0385d2fdbd5d,reference,17
5aa85e72597e1cc3b851af007af30124b0ca5b59,reference,17
2aec574791fd33e9be32fd5191a66734f805a6a1,reference,17
dfc896a182711b47e8ee3faac34bb54e7a31b19e,reference,17
ede60a10f12f4f1a966abd7fc034f5187c4d6b08,reference,17
46035d8bb6b7a6d026b06a2888a2739c12e673b5,reference,17
e0bf41277d1e03610294424dd0f83b49894d3070,reference,17
226cb3a6b51707a9eeb1c5f2176fdcecc8ff272b,reference,17
dcef5750b0f1b958c3807ed1fe443a8cae723979,reference,17
65f44fd4ec1466761dbc4700ce594db0b4639321,reference,25
2007388edf538d32ec233d37bc7863041c9832e5,reference,25
8a61f300c04a888bdca5b731bd7e9938a0bac21a,reference,25
e2e3df776c68c4cd98025743f481ea84052b81a0,reference,25
715258338526f41003644b324af7c54f9c32b78b,reference,25
d3d765831081c41df9776ee175f755845dcc9a71,reference,25
fbd257933e6b6b0bf3e62dd7474e451338c65fa2,reference,25
13af1f85c4c92df570bea192af7c515cbf68fa9e,reference,25
e3fed506325e3c47d5891410df36c8be89dcf276,reference,25
2a5ff298ee21260efc500f7e0a8651d3cee0b8d5,reference,25
fd4d923ca4a6052fec3ad7ade2cdc210c180caf0,reference,25
84b4a3e0f6c9e8a7f3d20178a9052bc0c972ab74,reference,25
e1735674423e37a32d1c1242bc546df367269c5d,reference,25
fddd386820dadfa0c26949a1a1286057b6336d74,reference,25
eaf12ceb99411878ffdc339998803f98a6dfca73,reference,25
737215b51033b73b93ce2fcf213179516f18e87a,reference,25
ee87cf37023421f583271e9039ba57b384894254,reference,25
9a49b2cbb42772f904edd2f1c9d37b0c353b9f9f,reference,25
88ea65aceadf68b9ac72cea03354206dfcbc680c,reference,25
9473100c47e32c72d2751737350a445f7bf5572a,reference,25
fed48b81fc7e87e8530f033cb327ec32dd525779,reference,25
456b51e996490f3aa39e272a8ad4a2711888e3c1,reference,25
0bcf1931567872aad969174449d3dceee7a8524d,reference,25
025d028a254ebf0cb282517535cb8a023bb828de,reference,25
cd4af99b69ba3fa062e83cafce627bcb6c89db6f,reference,25
a9646ff6f219a2add1c74d1ac9712fe0d30d75af,reference,25
dbf219fda4e0e7d88708270c965d7deecfd8b388,reference,25
86c48bda9e5d4e6a9cbabb94e93e86954adc5009,reference,25
dd589eff6954b9371ecaec3517373ace50815133,reference,25
39cb370560705ae11184a10c28e9a0fb787b470f,reference,25
3333cfb7c27c30ec44ad5d39922fa5c0ddc706d0,reference,25
8450f3b0d77c4657a6827530fb094054b7060e75,reference,25
d8a68d8935ee259e06a52f737ba745d7d0439e36,reference,25
0126fea92578e34ec9e3e1a0047c4e85dc4c93b4,reference,25
441706881df38147fac80681f79efc40a53227ec,reference,25
1cc9ddfa9a43eda19db3130109292430a0bdce44,reference,25
f94155b751d2b01ce86bee0f6fcf57823508c425,reference,25
8f2630c308b46ce02a06ff623fcbc130d481481d,reference,25
d75ab34449b2875511c9eb2aef7417f30512ca76,reference,25
85727f8633e728d23d9c6d9e77a08675465c555e,reference,25
038937be80c561740a47c68157eed3a02548abfe,reference,25
5e5f04a5ab1d22ffad0e96585469e269369ec676,reference,25
f3bce99b1257132b386db8e46177b936440376a4,reference,25
53d1a17fb02f975b380112efe0d4bd3f331d2d1e,reference,25
f177435e79c8e9641139c9b878fce0082609cd0d,reference,25
d5a50700c8850559ed27adb9f59cbf5b3a210529,reference,25
b5358a60e5e36b40970f45824c6be0253de7b4c7,reference,25
69eeb4dfcc971b30119b9f0dcffdac3b4f9c1c98,reference,25
218724f99e35ce70dbfb89f3d262683ee934df40,reference,25
53174067c1b037f6ba5343806b580a2bf35ccda9,reference,25
7014a18435df6b92ac46a8fc89b527f2921cccae,reference,25
d3740839a128291e09c77ba63609870e4a1fead8,reference,25
55f1f256939542f2f7dcbe12e8fbf79d7463ce29,reference,25
d3575a5ae995268f4cd78141833667f4eefcf1e6,reference,25
3d9f124dcaccc058417aa42a166f0997bf5aec63,reference,25
e2d96f8d8052dd92276196f1e98fe14c53f1d20f,reference,25
d32764d479f338e0a1897cc3c35630f4ed0a39bf,reference,25
6fd5dbea7588ee6bca703aa3fea9a487006dba29,reference,25
1638afbbed24441298fede6040ae19be56cdcd8a,reference,25
21067007c7ad88e4e535e6883d1bde5aa64986af,reference,25
6089c4369b222703860d867b1317b4834323c54f,reference,25
ce7628e9428ec7a94005d237f06a814c45a5f9ee,reference,11
131a6031f2eaa21fa58fb8f42e3cc2cde005e20d,reference,11
bb15d15655a41d12c714b3cd88c810ee5bb2886e,reference,11
6fb447eec208a190c49b150a1c103a76fc4fb342,reference,11
1f72c80885acb97f80897641a5773d79946ce100,reference,11
bb36f730698710cb98ba8abff7ac5e120ebf27f9,reference,11
8c5f1d9db616b761c131b3bc6c1346237886d1ef,reference,11
007c8756fdf7182b3bd261305eb98487e2257736,reference,11
fa41d3c017e8d5f9326364cc1771e213bd7403b4,reference,11
29ccab4a37fa0082718308d33fef0ed6367d1ee7,reference,11
eb574cb16208cb0daaa484f85cddb1e1d6b23f44,reference,11
0949425ba826ba18698de74277a818e5f2fec179,reference,11
90edd7a79a263555c7142bddf60f604b12da9376,reference,11
914db1eaeabbf712c406dd02d57379a8f48c7c7a,reference,11
65780e86fa36e354da618499f8b4616ac87838bf,reference,11
91c18d09390e38eef2eec073124bf8037f42c423,reference,11
570e1642ffa3e552b0c100ec10b92bccf3da80e3,reference,11
99e9d31792f8a4667538e19ce0d2c5a1000a2bd6,reference,11
4ee95cee32006ba7e6632863f1c68f3c30e2f839,reference,11
96ea763f233ab7d776012811d2f7735fbe9e603a,reference,11
753dad0908ff2bb6ee75fd0dc697ff9586054d65,reference,11
2109873d8d34f23d67adac59c2f66e24dff5aaab,reference,11
d99ec0428aee7b8500a380918dc074968eac4e87,reference,11
76d29141224857f9450545c8922523c3c436541d,reference,11
b2d3806a2f4bb99af0decb32533ac0d6f1598234,reference,11
7386699a1f1b4ee26069eff62990a43073fa679e,reference,11
e710b63080c45b275bf0ee477c7cf0f5d9a5b6e7,reference,11
f0be7bc99796eb45c45a1077418ed164f5f148c8,reference,11
9fd991b3f371833194256b08ad915593188dd942,reference,11
6bcd708d2e49b34f34f157daa6bf1c3e062f57c5,reference,11
c8424bf742e789de1f7528d6ee418b5d8414b604,reference,11
f121117c8cf3dd9feb16e278915b7ddf658b1961,reference,11
5201913bb3b941e0d42606969da5c1f927aeb48b,reference,11
7fcec68408b759d7826edbd6a0dea0a8bb12f6bc,reference,11
7cfceb098d86ac397761988d4557b241115e95d3,reference,11
52e8f72baf2237c9cc6cf2c23dd6a6882738f329,reference,11
0d3324ecf776c240250a93a0e5aac6be75d61014,reference,11
e6cc6bdc9f7d459c273d5d301277884e687c456e,reference,11
66b1d57a96cebb361096ae2005837664bc98c7df,reference,11
f06f347b28656a5453af8239a705b02a13c8e28a,reference,11
6c67e17fdd763f212e582f8de56b56dd5ed58832,reference,11
03ac842078aea35c59b4212724025e7e477e48e3,reference,11
7318a804566baadc9f4b4ca8255f78744e749a32,reference,11
b1f5087ab3e782f718a1393bed242b4b412e648b,reference,11
d98c87a7d41ba41dc804f8cb1aea74787c02038f,reference,11
6969909e641bd0b0cd007f34e49cdb1edd88a3c5,reference,11
e3fb1c4eac0fbcae83991504a87a9a8c328b9b18,reference,11
d0deaec3e1f74701ac43600d9e64c5c969be7391,reference,11
e60b5445dcfcfeb6fa7df1e0bfbfbfb388cff637,reference,11
26ea13e3558796cfbfd2c38f2c64778f8afa1625,reference,11
f84f0f957f6c393065003de03c1e877e4890d396,reference,11
55e826188a7309a4af356cfa827517220c795e9f,reference,11
bd49df3cab623e34f6378b18c6c61c486e8c2cd2,reference,11
9a73caad673a9652f0e2650f03ac97530bea3afc,reference,11
998dca0b69dd0b08495d90530db2352be3a04d4a,reference,11
48d73af1a5820c5c4fa56a7dc310ee6de7421a3f,reference,11
e0810a36e9a75a935d2faacf4c6bd12dd1844ff1,reference,7
9490cffce0f8d55cda7424dccef0b854ec80abb9,reference,7
a0b661f284f598829d3646f6e639fe30f44d1f58,reference,7
8b91aedddfe1d27d7f1a837c252e3e7c61d1d1c1,reference,7
aa260d61e37348d106b0a817294b2d0690ecd6f5,reference,7
025632d98d464101bb97ca3b1fce5dea50d75c3b,reference,7
bf97cd7303cc58344ba08af8637fdb47502817c4,reference,7
9f074f7c7e9804038c70e55ae1a48c42d1d7c156,reference,15
f7e40bb86ae2e974dfcda7cdce64642d2cbfbe01,reference,7
72b0b2e665bd2d067df7dfe667e14f72ab3f9a7e,reference,7
8920ff71a506b1c32ec77c839f80d9a69f7ba5af,reference,7
50f8f61175bede20fa0c30a958e40effd576f1c7,reference,7
98975797c979110549f3bd7e7fad5f1a0d5fe1a3,reference,7
91a18fd8558f752e8dc51e6ca5a323eb234fe634,reference,7
21aaf5b1f4adcdae9371562fc429550af5b8982a,reference,7
ac2d9d5a71ef57e044ef355a44d249bb9e56d2d6,reference,7
966496693a1c57656375c4866baca14f72d77442,reference,7
b4cac1ddc2f6dd293e7ec6359b77e78f71999e91,reference,7
eee206d70a225d5726a0421263717049727253f6,reference,7
c3d6d75cd3b997c0f96d5a2b5fa075b6728725ba,reference,7
45a2f23802823213d71e87b7edd769e996ce2a2c,reference,7
f0c9ca5e800cd9fc71d723bf9407a7cab61079b4,reference,7
53588c1d80fca59214bed49a8464e9c3a6fd4a4e,reference,7
e16b2eb3e9135b18c9d4168c790ef375a95d086f,reference,7
889a8b6ae16d0b215988dd0eaec0ac7cd79a5c0d,reference,7
adb9dc13a0ffdda8aa5cb472b10c41fbbfcaf10f,reference,7
13b19a4ed620268c99e55818a2f2a2026de51949,reference,7
c120f045da7afa8ecfba59823163f13132c0f79a,reference,7
6cfed267e1b432e668d984ab894055c0b33e93ab,reference,7
3ea6ddd85d557e212daf7f5bd6501dc0bae73748,reference,7
260282639dce1984c1a065aa4feae41cea0fed06,reference,7
b49d8ae7d9f9b0f52dbb57e1dd75ca13087c9d53,reference,7
d3dc2bb42035e90480b15e3651ea414ee9191e7b,reference,7
953b304d0dd3745861f5fa56fd342a2edbd30710,reference,7
cc0c6f4dbbfc163cfae15724da1d7e3042fa099c,reference,7
5ed1c09e27fb35e0b8da4e1afa9ad23c0b517f3d,reference,7
c65583b6848454de5d56668a2788093280e3cbb6,reference,7
9831f8c43efff346d8bb00e9b4cec59ac96bc7d8,reference,7
acee88189ec7a4abc4b9446a5e0c98168d72ad68,reference,7
de90174a0fb0afef56d80b85c01e0cdd84902be3,reference,7
85cd86ae8aef825be20c44f2e52b82f82edd03e6,reference,7
b91bcadc6227f7d61e406bb6957850231733442e,reference,7
8d8631f1ddebd99ad47a96bc04d55a0502218b8f,reference,7
c5f301e6448780d9aea8a99e3b37ce8f3a16e66c,reference,7
7b72dab2d1a8a1d91b6b8ad5f9ddef71a0c29a0e,reference,7
42ee2e495b273d4bfe7a87eb0c64a86222e87424,reference,7
4a170b773144a5a8e3aa8c6be87120f652ab25e9,reference,17
6c0db2bb65dd758a899f0a0661c5f0981814ab12,reference,17
acef200065fad07b8f95798964f341a29ab967bd,reference,17
25052b2594e9fb1edc6ff056d3f887983606a8ac,reference,17
e29f834bb02b0693052290a55130a165f7e9fa95,reference,17
547e851bd281ba396e92999c3a749edfd5530f85,reference,17
70dcd5bda31413c00696a95a769ea55635c32b70,reference,17
f7508f20efdd3d709d3be4f46b964b5a0262fe15,reference,17
b4441dbbf33bccd950542552b11b0b5bb0bc1387,reference,17
8a8dc735939f75d0329926fe3de817203a47cb2f,reference,17
62edcd3612243ffc82a291b6c8b7f69b66cbba45,reference,17
19174942f77857fc9308a877781ce9d4d1944ba9,reference,17
e88a2b613cbbaf7e20a4039e7454b0f10eab3153,reference,17
0f9995ec08e95bea09d512c59e40d19f0f44d7bb,reference,17
a2c0bd1e6afe42a21d039c1bb2285fa92c9d08ed,reference,17
bff3dc34477ac2d10477cdd37c8e71d5688c40dd,reference,17
afee8cdc51e95b50d7574ed1700a797874bf792c,reference,17
16342fd115398bb1bcf2f16baf94f9d4d122d480,reference,17
d1fb9013ed41c67b18755f01f0b7c7c5ef0a047f,reference,17
fdfce2076a0158df0388fcd6762164bb337b05da,reference,17
b3f272d644fe580d18f635be4d6ac4c520ef0d0f,reference,17
c2c7ad3112c4b575e5d8163a0e574f9eb743cb52,reference,17
4115a24474ef5f184f5cbae3f43aca4d3bb07bea,reference,17
9bce3661f01825ad56dc9d2b3d254fd9e3792360,reference,17
74b05bba46db21e589a2cc0f916f81069b0368ef,reference,17
d665588837309ee0956daba3a80027bdd87cfeff,reference,17
c715914c388fa64dd8686cd8755e5adfebbf2388,reference,17
372bc41602bbd21f192305775f0a58de9880e454,reference,17
1e4b6567ff66de6cdcbe58c863538241e2f62b45,reference,17
cb3125e4f63f3d058a2a39270ecb585e86c3d1ff,reference,17
af34181ae916e01c72513f915f984a1d2c7febab,reference,17
4ea413e5a21a743d68c92e7f169535d0543f6051,reference,17
a640cdafc10181517b7694ab589db515595b3490,reference,17
9a76284e28c0bc89cd6bf86d135d6b2e58351b3c,reference,17
538288d24bdad73d831dfed44b706958287ed318,reference,17
2fa11f97ae084591d79013c0cbc65d9931d976df,reference,17
9f89d19d68955e95c95108800aac3053b18f4f2f,reference,17
3679d12929f5cf3a18a3096fd2157210645a21f8,reference,17
a12696e2072db458e3b3cae35209b85ade89ea84,reference,17
b6a2f5f0c41ae933bebb6cd09bf5d065d7f675b0,reference,17
34eea97d5a4dfbc96b37dfe20b4045dc7b6eba6f,reference,17
c8cfaf4733b7380c60a2ab55a30af65b18612eb3,reference,17
4bf3ff7baf970eefd353703fcc69982ca89577d8,reference,22
ed450cebecd6d2e97665451718c0ae333f1b2a1f,reference,22
33a1c680ebce8d6b371a1628af201e5528cd14ab,reference,22
41e6bb5c821604a16402b461234a35ffb5f02101,reference,22
221fa514266f21655436e5c3d5dfe801bc823e9a,reference,22
b5630d3f72e5749eff2d9c88c966f21db367af14,reference,22
71b4046f00521d2412fbca2cda5fcce895371e99,reference,22
966a4b3a5cb3cd6b305fd3fc317c000b1604946b,reference,22
c3f8698adeeae07d81114f08cd178248a49c774e,reference,22
5a26cfd26df2cb3f3576296364e94c951d338ac5,reference,22
a18e83016aaac428d8592f07bf6d6e219aea8d6c,reference,22
06e39ef868a2b5109152efbe71c9808ea595ef54,reference,22
7348536e2197f3aa19387c6e5448af4c8f5acb38,reference,22
219add0ef5c6e6a7073e17df3b210e9c6d594f44,reference,22
dcfd0ad2c25e6b0d5943993421a6df4b28fb9e04,reference,22
77cfb8ffd28b9cd06b4cb50c10f31135c9027b80,reference,22
1f1093fbd6eb15b2a79e0e39d5e3621f8090fc84,reference,22
5c24dd41f46fd7107997b0a46e1207e0fed63b34,reference,22
985593908949db339427c852310c567ae8477b69,reference,22
74c58985723a439df4736a1c7f885a68aec73c62,reference,22
64410909714f421c153ac123f975f86cc15c1fec,reference,22
cd4692ae5a13931a92798df824116263818208bb,reference,22
8e6aa54db2acf4cdb212ebb7b934f00f1f10142c,reference,22
41fa7fa8e12bb4aa72db7aeb2b11656ace18925d,reference,22
3ca8655d4147ec6443c0c90dac7c29d4df0eab99,reference,22
c10ce97f538adecfc0bc15e6ca39dd5d5f002bc1,reference,22
bad287184c6739fd6f476f89cb83e09415982d9f,reference,22
eeab466d688b94133950788eaf8d1bf33bf037cb,reference,22
ad6a1ef3f75bcfda9f7a3567d45f0b5ac108e431,reference,22
12d16f426edc6ab248fb476007bd1646282d4d68,reference,22
12d92ca6cd401b937e3edb307b0cac5e2aa1bd3a,reference,22
d0cbc7cdf5c9a2fd9426f255acb5ee29f3351640,reference,22
1f22de83d912176cb8857efa1c6d65b14d6a2f5c,reference,22
8cfc36f3341325121a95c5f6486ea9e21f03b3f7,reference,22
7fbca8b465fda722179c6379948504d71329b9f9,reference,22
23fa99aa74445a1ec222cfde94189b97a8a70d30,reference,22
f28e5d83d12eadee6aa30e215bddadf1ad1ea38a,reference,22
8075f05df1fef78d0bb2d8eea925c5034e216cef,reference,22
9bc669a0dcf0d8f84b0ed35af4dbddecf0e44ec3,reference,22
e6955ede9e5d6c06ce38fa06bafc128f40a1d960,reference,22
53d971590c7511e1f7b6b401a29493a05f881116,reference,22
6d9971a71df276c51bb0f9c674763c85989432ba,reference,15
0cbdeab036d4c507a5a30257e387b1dac39d0ebd,reference,15
3756d9834d20c316d154d4c9161e32d18d11e4aa,reference,15
eaeefb4cc4825f76cb18513a66a73d1fa3005500,reference,15
9c5cbd4d1e0144dc5e74d13c131e2a5fe9c43609,reference,15
aea576d8b1660a82c40f943f25fddb4ff8113cdc,reference,15
f349febc390d4c08ef52ee937cadfc22a754c6d2,reference,15
9ecdb05e8b451477c32923d28fbc4aed485c1127,reference,15
09992d02d809c9598c192277ec24c918849beca0,reference,15
9be4bad72b4efe5fc84b28c032195e074b20f9dd,reference,15
6e6d7311bdfbc11e5bddb9f1857cf871ec4dfd2b,reference,15
927aa9e1403b9612f9f123066f1ace79ef17ab10,reference,15
caebdf2e79888d9092154a366e29fdccd7d59810,reference,15
25ac9ed6c9393d6742b73b6a41d5a486d2211e43,reference,15
6be2e46c18967da1b8cc550a63041025b2b0c1d8,reference,15
0fc3091301f8b269cdc2c38bad050a3ad91635cf,reference,15
ede76cfdf79f42ce07df8b59efe4a3d24c808b6b,reference,15
c06d00778836faa0f39169b936bdf1e241f5dbee,reference,15
3eae74dde216ff9d31a865441e2289ed5665bf5e,reference,15
c27940b6e619af32cf188daa301ece6cc41ad11b,reference,15
ee413d8143b1fd9beb0c343785ed98de1901c181,reference,15
b43e7d90706aa348896aefde2bc768120edb0128,reference,15
0bc7d2cb5de0ebb4837e37442631ed5427c4f5d4,reference,15
31bdb17910e911b255bdf8f0dd87b045fa6fc644,reference,15
3d43078b0c305e3ced1ddc660ec041db59a0941d,reference,15
47cc7251e4c37d92f1ffda328db78c5f28cb2027,reference,15
4cd491391b5cd1866535ac95cfcb52e1779c40a1,reference,15
a8e2821112b30961b11e782e56aa26a1cd9d82e8,reference,15
508c85097273a26273f6c20ef96ceab629a0d691,reference,15
4af68a3cc8871dfe6fe68f91b93cfd17d81076f7,reference,15
381632c2bc37a52e6c5b6fa7e5b1a372ff660a66,reference,15
9bd2fd209116cd9c2b47edc1040ffc991455220b,reference,15
934635a82a338ddea6e0c0059663250eee259e8f,reference,15
3c632184a105d2a639f8d7e66a7e4999142b6a63,reference,15
88ee6398a970acbb1cab592cbd07c944d8b59b4e,reference,15
7198c0d9e81b273f9fcf9e6c0577641041f4f518,reference,15
4adfef112d0b7868743dfb06a2ff375c9fa276df,reference,15
ea24454853d1a88f3451d6e9094023c2a4deae1c,reference,15
24a56d41df2c939c3223bde7bf26050302c3dea7,reference,15
866009d74c7a553c073c777c8c016c672da21872,reference,15
03eeaad27db9a967b0e204d40c005c21388cb09e,reference,15
893960d503f3f182ddb6b15fb61032a488de87bc,reference,15
d1fc253c083687bda6d19e4d67c652871ff8ad37,reference,15
6e971ff1c98a182933cca04eaa5c49c2168f5f7d,reference,15
704aab4dab0963d96e4fa6a526087ae521900a4f,reference,15
e0867cc69b9efd8a87b5612da532140bbb8f1b0e,reference,15
e6c6836da35dcd93639e49095af1c3191a3b4ce0,reference,15
bbae1617b0d7b82f59b22c5ef6c77754c4bf2ccc,reference,25
9dba6e49d773fd47c4a5572a34de2cee7eab3bd5,reference,25
d12847255873ea75c8ced8fc6565a56561c20ede,reference,25
ad16b50033ec278983b6287b118351758a5ece9f,reference,25
cf89861099246564046ea5c253ff16be00688b88,reference,25
d1f51a4081a68b73024d9741f9cbb3779f1e78aa,reference,25
427781f67ea66a168a323a75fad3f6958451bf8d,reference,25
f33b9d4c9c5afe89bc44824ce104c343e2308f31,reference,25
321e0898d492f6d03d60f4014065a8c810850cb9,reference,25
712cc6d926cd830423d39d1e688cc15cbaa89060,reference,25
9d4a10c751946acb3e16c9ec939ca966ff37313f,reference,25
19efa7b816401a501b51e6278c2b6104634be019,reference,25
5dbd92797287ad1e1330cde850313e718514f87b,reference,25
2d083784999472d9ace6962814823db926c723a9,reference,25
2328293b9a9da591f820b2f2b4a5551c3d44bbc2,reference,25
8821241d9fcd081e24076482cc1272428f28ce27,reference,25
3b451ead6e2e79b2305f7437038d78a43c59b81c,reference,25
06a14542392ef22dcf3e53ff6037a472c70faa2d,reference,25
496043914792fcb16ffbc92c1e77181546fe65cc,reference,25
1fc06763199f217390291209691693cb611bcebe,reference,25
af2006e4abddebe7738527180e0c3ad498184caa,reference,25
9497b514320199cc8afbc9b9cc4d7891831e9ccd,reference,25
e95dd8a8a07470eb19770dad42470a16315b1b94,reference,25
be6f989f0104fb8f6b9322073b07c2cfeffbacbf,reference,25
3cc6c4e88b6135d53938315a262285a501803c48,reference,25
0a898a2772c7c2941b83a737f1bef806710b047a,reference,25
20c6d851621137bb762ae3a0f8a90a4b27e58e83,reference,25
1aa6b543d4133183461d83798f1443a433e82d3a,reference,25
3f4f842a8cc1bf13d682e2604564fe678788f255,reference,25
18b589d146ded994530fd2256bf1b197d4db11f1,reference,8
d29fa684b5d3f0cbb553812ceaabf697714b2e0b,reference,8
8147a33a7bcb94b029a21ecf5a51ba3e15f50e25,reference,8
7fdcee5399f7ea0198b080801a1af19612aed37e,reference,8
6c1c81084aaf0e92d7eedd7e1cf0a91d5a99f8c1,reference,8
06d03e6fabcab2edd76ca415de26a9925afd0086,reference,8
003a46a1516891b8a0e01e593c596bcafb3b953b,reference,8
4f590d3cf12ea874463c1ae179ef2fee926df3f0,reference,8
ecb0f127acb64fedb2c0a4d2e5d10adf719962ac,reference,8
781c473dfef51be4d1638503d7a3f52a82664b28,reference,8
6f5773fe99a7ad04867423bee3709c2e1d9c33b6,reference,8
e949b844426c772d4f83ce286462fd76a5b484fd,reference,8
326c554455fdf0d6fb9636c87341d1c7748cd834,reference,8
a14e189a0e44609708a49b53fdc61920996070bb,reference,8
c0046a6c7f5769227413356d925d37339fffc134,reference,8
6283498386b6486a2bb7d8d3d8043a1ebf03cc40,reference,8
5884b53446686c6b01462daa8d1dacb20f685019,reference,8
4eb0857fd1232b4db9fad01435f3ee6c0276477b,reference,8
1068dfc3985863ad692cd59a48596847aac8754f,reference,8
b815d5d44e9f700a8b83d62233897a12cac6e85e,reference,8
fe2673a2b6bac27d7a7ca5b6261fb5bb23943095,reference,8
aa00170f631ad7e732875d3ff13d2c2dda0419e5,reference,8
3cebcaae3e3c20bbff0bd487488e0558d63c842b,reference,8
f54ab591fde1d73bc25b09e9afe0a9ae43915fee,reference,8
2018a64911680af735172e3bab2719a80927279f,reference,8
37e3992869212c6434b0cd251fc6e1d219ac485a,reference,8
032efa36fb05babc4a6ab1ce0558a282a3549e8b,reference,8
c76a0746402af9a7cf237de24b196ea9597895e8,reference,8
ae9bc76eb8e0aafca5fde681a9d2329c809a26f8,reference,8
34bf88d2a353a37b83cadee31fa39c0146aa9ed3,reference,8
d7fc6c7ee8bc07de753afcda09d5eda138c6fa64,reference,8
a734b27bb1e6f37ba45744de4bf5b37f46f0d75a,reference,8
43cd3c9429969fa9fea0cd4f9bf328d773666961,reference,8
9966fd996a7809a9ac0bdaadb7ed0b9843464bb9,reference,8
64d0b10acf299e5f7eb2fe66774e8b84ba21a740,reference,8
abfa2928b02e492db01b56182eb581adca7528c9,reference,8
677727c49b7742ba6d19a4a34af6ba21cca4a574,reference,7
9f12711898fcfc4d6ff5bd26d6926b61f9fdcc06,reference,7
039625bbc94ffa91291699e1f0c1d2a5e254a236,reference,7
57a4b0acff65e0b7150f30c791180c5acd0acc6a,reference,7
9f7ad009bd87a940ee8cacc19a0e43a697707d63,reference,7
9cb6f501e355d9a2596f047981f59edae2c0092f,reference,7
85bcb86f60fed38ca11d22d2acaea381954a663b,reference,7
71f02f7e6fc59b8769f56d71c880e398fae78299,reference,7
53f1b69c8a2c665235509e468ad805981e98a5d7,reference,7
b8d21a01963e2a1c49f8eb04581bbfb2919189e9,reference,7
20baaf93291d2108bf397439c3a4e12b6609afba,reference,7
302666c5d4b0dc69eae60e3cd36a53aadd4e0cd8,reference,7
93182c5fb50e47d4a29093db4935c19de38b2030,reference,7
f0bc9acd04ee62a7f5ed62a0a560b5608874dded,reference,7
618c672932cf32410ddc095e1408f4f5af992548,reference,7
2a8f1df269ade918c317b08b87ec64ed2ed5794c,reference,7
9fd4318fe607fc654fa969da2ad097fb20edf353,reference,7
691bf1d82adbf6063321ef986ae250a1e8146cb4,reference,7
f34cb468cc4c2f6c13f4b6fd527e5c5256218c77,reference,7
839f2e7ce5f5a7fc2eb9d209ac9b310441f9f850,reference,7
87c0b759783d919539860a0de7bb13fd0879687e,reference,7
611088d69b8d1e829e9f0d9d0f63c460c2b76674,reference,7
38f94f882255732b4ad4a154777382a8bf0d0648,reference,7
191df526eb5373215e2767ca0df5b4ec7d8db844,reference,7
3500dbcea3de9880b195c6114c6959fcfa9719f7,reference,7
6a8f8224f102fcda62448424acb7bf3a50b26b59,reference,7
0f7308fbcae43d22813f70c334c2425df0b1cce1,reference,7
897940fb5dd4d739b88c4659c4565d05f48d06b8,reference,7
48c3d9faf41dbbe407287ce94df9cd73834ab169,reference,7
dc99e13f81558e1bd127af1b83e2e2021ea6335c,reference,7
33131a681855e28de10e0430cdce803ae88a9a21,reference,7
ee8c83b22cbcbb8b6e9feed000dd49252d69ae46,reference,6
4917d795483efc23bb8e785cf1f5e61d9421b3aa,reference,6
970fad23d98a25e57f0f25ab0fd911a73e80793e,reference,6
b7f9d15da6474987ef16453d82e55d1558231f8b,reference,6
822a5e984729dcd5ed89c0e2ba622b9d6bfbd068,reference,6
501c0056dba3d271df812c30d59e00238d7746f5,reference,6
d020489409f6523b7a7c6be63e883eb7bf307e2e,reference,6
c83c7f1f3c859d5516d55afa9eaac7e83fc34001,reference,6
be3ad3f3b0593c9557119aa47f8b17176e0dc9bc,reference,6
834205d9a45739b1c19e9ae16598828020e56318,reference,6
8f14ba1ce827a174916098d78b396c863d2ee7d5,reference,6
583d69cf7972371e8d7fa0d45b5610a9af51b817,reference,6
0dcff9166676a566bd714713b00e100d351c7112,reference,6
7f3d0d944df0a3039e62aee1ef6d99cae15fe903,reference,6
97fe7f16a0fda06184ab978b2465f99dcde7c3b4,reference,6
219bfe83d4a57575b9787b90242f94b0eda0ece0,reference,6
77e2ef1aa674354212cc2524df1c5c27c20b5109,reference,6
be13163f560e0f372e04f82811245e891276eff1,reference,6
afa675fa04003499283987328d30f5d0d7b2f17c,reference,6
50fa489f8730124dabb7dbd5cc1029fb215a83f1,reference,6
e692672bc299848a1c35d953bc025091f371e070,reference,6
8b5e6cc2fefd2d4997cf6778c55ff7015db3929b,reference,6
e967a695d9d6b3dc2bcc0ad28f2a614c05c406ac,reference,6
c0d41b0a0212fa0d8aed0c1b48d618d056d10e32,reference,6
f617bfd0d37f891776c50f3ad397a2495eebbf08,reference,6
58596d14c7e3f9e415bba3e15779490e6cf5a1fb,reference,6
91069678f5ba6da66b6868288ad97cb4e65b5643,reference,6
89ea4fae1d1c5a3067c55170d7ca263ed75c6e30,reference,6
632163b213e95ddbf6b6fc1398d9c98938d1c41c,reference,12
d958efcd72e5d6501db24aba54888bba88857a03,reference,12
3890a568127a7d398612e850175feb775148b1c3,reference,12
8698f69e656097a7df28cd9a331660d6b9f51b23,reference,12
33a7bb26825560a0b13c955152ff14f27979c026,reference,12
ee88a623365270dc72f906d85c371d3084db7f3d,reference,12
35c6180900555279944f1faca8ee348bf55135de,reference,12
81d0a2c6001e2b9a8770d36737ec4022436a9e4c,reference,12
013b17368b4ecd6d019fa0004a4948450b2c437b,reference,12
e62ac00c01e863d5f06b98b456c671d433a29d12,reference,12
cdee27ca18f11adae733aa9baf1b1377b864cfa1,reference,12
ac62f95e60a42bbceacfb390abecd95659947bc1,reference,12
a57162ae7f03e875cf4e2ea130f696b58d967724,reference,12
3b10d18fbca2b59e7beb3038c658926d2e384879,reference,12
4e11d368fdc8eb44c889c4bad502e09d5fa220c2,reference,12
6e16277781f81a492b9bdf8ac42559bd8499f724,reference,12
60e7adbd62c1e28f30e029ad9dd0b0c4cd46b010,reference,12
599d91ba5ddf19c775b2d63c3d5d42c1242f2592,reference,12
ffcef91b1c25d2d740b335f9b4b3c942cd8d79de,reference,12
6c076122ea53e18180255bb96c9ad547bb88d283,reference,12
c4f8b3e629ddf851020666b85fcdd9439d52c7d6,reference,12
eefcfb6854b61dc9f1ee41e0f4b9e6488f057141,reference,12
341da3f8af6edd31edd8f5a3d9452957aeaaa744,reference,12
8ac6eb0273849f0fe3d29d193cc5cac731000d17,reference,12
c844694387a89a477e7a8bbf918171cdc3b85672,reference,12
15db0eb3ac8de9084d26156b0c82369efe9593f7,reference,12
c115984c2b28e0d17d722c55a132459a87224ccf,reference,12
dd0612ce863f64b0f69d0d9f708c52e829f6f859,reference,12
7bf72a3b5fbac8bc0f461780810fbc781c28ef53,reference,12
642633541ecde885c85d08aa917a038509cfe710,reference,12
8caa5fbd27b8073ffee4e6093419049a6dcf5c89,reference,12
5ce94181ea702f69c3651dce721d6bd8026b8106,reference,12
c5139fb5780c7fae745ff3a4c55bb6528d316c78,reference,12
c1dd8652f6094957a76d45c52cc74f3c1856f86a,reference,12
7c9ff4a4360ad562e9bfff00998b2232752e3dbc,reference,12
2a76d9aea66a7446def7a7252c34c7c497505e9f,reference,12
02753fddd7c8ab3045f4d0f7975290b6307b61df,reference,12
bf08d2d4923d64272fc4be2f0bea6da26f9bc6c3,reference,12
d2dd268d3c1ca33f4ba6f02337f61e4962b68e1f,reference,12
79f2dcea1f249c62230f5483d0b08ebb775d6ca5,reference,12
ff57dd3a69e6bea6ed5a7aa45333b7e1190ce9b7,reference,12
8d8ed23be9525cf54a6defb889983abefc2de252,reference,12
6ff06d054217164cdda7fb31c93665e431dec554,reference,12
f364b095a9ad79fc13a3cac94597fd8e31372dba,reference,12
febee146fcd391c7e4e7d566db909426caefd81c,reference,12
9504e2f28fd2316124d45bdb216f58781e1b81b6,reference,12
15894307dd6ca9a436288e9a954ec1fe793049d9,reference,12
ddf5cde146afaf61076aaa364f02be79bbbcb26f,reference,12
94148e89386943323b2e5acf22444a75ebcb5f23,reference,12
628f204c7f136f5328a5d2a5ccd89d0b834c5637,reference,12
69bbeceb6c9dabd5a9917eaf55f4f01b68835e2d,reference,12
b6aca622200ad7f722c667058d1dd664946d241b,reference,12
ddd0364abf5499d08b32d9ac89ad9d1f246e563e,reference,12
d2ea21e36ea31d9bd880b161b91986c94a46af3f,reference,12
cd4f264a72bcdd6ab519fe7d0a407679d85278c7,reference,12
95dad62c52800600e571b4197314578fd441ca28,reference,12
c43d571f11247b05c2356105214c8d4ed458ac9c,reference,20
177e89bfb6c99614c3d06451afb4217c3d0df93d,reference,20
010a10a75a2fa4f1c22aa1dea681b0897fd60969,reference,20
c9ef1083b9314d4ceb2a05480c9682ed4318a7f2,reference,20
39aa25abb5ea0037cb09993da4c1aa081d6d06f8,reference,20
e612cfbfafdd1f48aeac2f36c59f6cecab020dcc,reference,20
dc397b7458c47f757398a9723134ef40424dc68f,reference,20
3894deeeac73598826afed6d294549035b80a9ff,reference,20
54425716a75516cbebfca211642af40d59ede28b,reference,20
1316a54aadb508482b21c841de4f1c5825fbc3a9,reference,20
3e8c60dbf74fa53b5006b071e6c3202ffde484f2,reference,20
c6cdfa6b103980fecfdf185ef7ab2bc6e61625de,reference,20
c5aabd927143a00e13ca4e003f1cd98996e07d42,reference,20
4a934786d5a6ae7c38cb9a107281cc89d2811d39,reference,20
2befabbf128909202d80e450322385c49f4775c3,reference,20
2721c748cea1d5802a6834bf7e7121d13ae36183,reference,20
3409a29c7287a5e0010f48f8bca42679e3b10c12,reference,20
647d64679501b9c161d39f9872d255b8dec95def,reference,20
980ae53726fb0360fc9f8535e3e6d5848e8c22c7,reference,20
3d8a3517231643c1df79bc32c8c2664a4cba3a41,reference,20
3de99f885cfc0c2145cd584df7df4230cccaea04,reference,20
f0e9998ddec97b5275eada7308104d867a1dda19,reference,20
78665358e27c6c09fbb99b7642b70834666993b9,reference,20
b3cd294dee1f0fbbe8a494a5a2c3cfeb4df697ff,reference,20
92b37b91483fa3a52563f409c1345a1615a551cd,reference,20
473e55ded26b201b834ae73966474299528ec48d,reference,20
b517840872197e2eb7a62cdd07a61107275ab1fb,reference,20
ed5ebed7ff668fd7362d531a40b49b3aea33b3a9,reference,20
ef7c46616ee01223ed9249edb5ae081ae7a84623,reference,20
2058fd89a7dd22ef9c533e8cc66f8a052897c701,reference,7
ec404cc4f7c01e6dc195ac813feba7cc872fff1c,reference,7
2ab26db9d7c2d42ec928658afee8b4645a0a0185,reference,7
c6917bf684f4c14be1bb75562840652a56bce82c,reference,7
dc104ce413ec1fda9134b0fcae29bb183615555c,reference,7
3f03a01b9ab3339c73761abe29c10a6362de4b0c,reference,7
308d3642c7f1127f71228f2163deb4708f899869,reference,7
2870d47100e930356940917682ef5aedf32e3a75,reference,7
d39db65d7e6a839ce68c211e7f5bbd309a1d0f9a,reference,7
d026ae01965621aef6721075e809f2b6418179f2,reference,7
c7839ff7c9dbc526522cf3f8d759e3aadb333ead,reference,7
147d1a6bc340d4a93762bcdf846760d73532621a,reference,7
e6f8fe66aab5d5953325b05026e768f4510dd6c2,reference,7
e6487b8c6824554c87fe64ddf4970cad98818b7a,reference,7
ceed7bc3f2f4234be1ca285e05a30975fb91ca1e,reference,7
95c87dc09770dceb45ef786511a59fa5aa15e61d,reference,7
a2e525288279b53df880e6b9c0e1650fdaaf99b6,reference,7
7b404f264725173da15d440cff59a847054fdbb4,reference,7
06dc6e7c32480aff7085f32de22206a62f5893fc,reference,7
68ed29e5d398e6030cddcc575f1977973c8b0791,reference,7
d14aa448b17fdc8d4ea12b43ee1a2b1254c38703,reference,7
e2339eca72ebaa196bd3163ddece35c8262cfed4,reference,7
59822f384f790b7d1ddd3e15bf0869b684525093,reference,7
fab90c57448d2619136f3479fac094b2353e487d,reference,7
79d816428b72c8bef5ef48d90fc7dd6edfd5ab02,reference,7
db8e9bcfd2b9a9c8367e215faa5b2390ada8dcbb,reference,7
7628141803a0c63482012ee8406a1d0091219294,reference,7
dff0b016d8e5def84bacf9a007f0aadb1076dd2f,reference,18
a130e841803b00e7693b03114b0388cca5b28663,reference,18
ce3c4434838096830a3a6e83f607d8cb0959d2ce,reference,18
ee3779890d674beb2dd002de3e5bcc6d1e6d0bcb,reference,18
442cf4097fbcc1cd905516df43fa70721120c4cb,reference,18
a60082b6ebe795bf88d4e9681b27aec1b5fbd706,reference,18
904c814bde725fdf3d1be502fa1c2837f345937c,reference,18
a875514abc7447d94f1e6ccfe84ee9a88ca791d7,reference,18
f59546e4b3b437dd83e38a370ed99baefe12c6d1,reference,18
d2ee87cb6bff301445b39d2414cf955062412cde,reference,18
cbb742b79f99e262d1d9c30396868082428df8d5,reference,18
f716a18b462826004899010dfc30947f9c01ef90,reference,18
2a35b18c5e697d1e7f7c5173128715dda3d39df5,reference,18
eca625b2d3488c4f5524f12a277bef5896e3cbc6,reference,18
41d235c8fc04f7873bcfa3c9c63c2c6cb166c338,reference,18
67475bd33373c1a957b748f8cc886f603698bef0,reference,18
7e9dcdec2d29bdc45f16127891c54034214ac39b,reference,18
6ec6b0c37206bd086e5ebe80ffc69f1e06a13d82,reference,18
721ea8aad94376db2489428334c7be98b0c53878,reference,18
e5277304069138f6273ed433986b25828078237c,reference,18
b137709522bc70b42b026cae192de2a45000b22e,reference,18
7faaf3adf9b69f98fc40c5fbfc574f634e6ce98b,reference,18
07157bf872e655607f9477a2c1d4f57c10388a8f,reference,18
bb14b1c2cb84399919b2f0c337744468531a745d,reference,18
02cb76afddf10d6b1b26fbf76f8fd3b38b1026d0,reference,18
cd2ea0b740b18d78c0d6cfeb6931efa057f3f5a3,reference,7
f8d64c0c2d8002ce9f9356a5145830bb9070533c,reference,7
58bf6733ac9808a45eb5c01b9239273465b244bf,reference,7
6f1ed30093cdb43e24fa2a7b037c026a60a821b7,reference,7
23d1b2ab1292543b3a102593d2fa72776dec4adb,reference,7
a519a158acd03983a22bdb9240b8885cbbce32be,reference,7
64cafb1e330b3e47a6a5ee71aa24faa9e842a286,reference,7
0949c505ee13b1388d7575efe72b2996bd7155e3,reference,7
867ad91d60a298ea425169d260184e1bd1691c3d,reference,7
277562cda7b4404e7cb0b7cc6eb688ea7772df18,reference,7
60c13c22a02956447bfbd9a4732e9df34068afef,reference,7
68cd5ac0b42670a0fc134e6a0d306ea83aa584c4,reference,7
f41baef16e08aaee020673339a56f4add722fb64,reference,7
84c86e775f2ca4b2e49d18c25ea8fe6f025d32ce,reference,7
e8383ee0a2eb8192a8e69009325c8074c3bc5f04,reference,7
4d769193cb2f13bfed9719e35bb688e8901058fb,reference,7
ed9b2ca6d5741a9af8c3f2c368cfdf68eed98a48,reference,7
9470724ce131e4894618e11091717f8a9d6e701d,reference,7
7c522588dae5cb340d8350efa422542515260735,reference,7
61153e1774638a04a1ade089579d861f3dfeda62,reference,16
a913706684d1469f8d7e1debdcec547c156d56aa,reference,16
061697ba029e8133a2e9edee03473b075a0e3e0e,reference,20
f53c54b7b98f01d894af6aef944fb66583793242,reference,16
48ed322670e9e87e81d47b9778bcb952e070e7ae,reference,16
5339ad75a607ec7c88344a16cbb931d3f30db966,reference,16
01b881d5a3471d4c0270b07c77604b9ebdf5fc95,reference,16
610b661bf3fc9ad6ce0ea8083929a05a5e8d6524,reference,16
a0fd2200b3002235690bcb728c10b5b12b5bc38e,reference,16
bc530c3b2357a1c466876159a7f14164a5f895a6,reference,16
74e73f8b904f0f4d2e3e09acf30a8f29d6a8f996,reference,16
08f642ea816aa471fc6de7808a689406b65e0f9c,reference,16
7f5e4b71f450b6fa7926e0c18ef8b36d0b7c4f37,reference,16
c8489831a5bcc19fe48dfa889c243a987675b920,reference,16
425d16205b28ce175c8429965a964d19b6f390c1,reference,16
c25bba999112e6314c9c0dbabac60df7549fdb37,reference,16
5584dc0d11a1c4db185042de5bb122a8f14c7432,reference,16
87b74b9ca7471a50f151626324e3e8ddb564607d,reference,16
b136c19e880252635989000684a679a672e7571f,reference,16
5801902d78c75b6790709f876002c304bd1e9805,reference,16
a02ba017b9bf33b35f2ff2ba55afa3359f65ba10,reference,16
9d961a306edb08e6eb92c12bfad0547442a070ab,reference,16
17d8182ba27714ce9c8e78a66c5607cb1126533b,reference,21
de5e36a7dfa674fde9f0b413a0fb68a680099fc6,reference,21
cbc46bd7daacd45536b24d2f3472f1facbc48034,reference,21
f100df7dab0ec03bb17df2186461f7ed31e6f6c0,reference,21
0ece54fbd88cdf69296ecd3ab0d116299ac7b8b6,reference,21
ee41f3e7e45b4affa92371478c8b875d045baf40,reference,21
483eed7480608e81fa42814cdfc92589eb96e77e,reference,21
141ac408da7deb6ec1f68fe18bb536e7634d9f8f,reference,21
bcd59c64730f630d27c88e4698ba9df0a30a25c9,reference,21
29342327112d48d017ee7f4d7cc59c73508b8441,reference,21
4121336bac5c915ec14d197756fca56b1857df72,reference,21
79a0fbd79d2f6f0931aa874cb6303507b3e748c0,reference,21
f5777a3a4ef62f4d00d47d1a1403f6c7927dfdb4,reference,21
85f4f2b9c49949fd5135f983368e7553a89ac9d0,reference,21
91904f09dbac39edb650195aeb7759da3923a9d2,reference,21
de3cefcd6d142afa8e7ac59523ceb116ec136248,reference,21
2b484369a527cea3c0d2e0b65f7c27c4c93146d1,reference,21
af61c4f2c9e4ed58d1cd3daf8cd4dbf916f5f4e7,reference,21
7b970d01fe4bbc936efb2a7842d2e85690e3cd3d,reference,21
9de49fb23025973a562c8183d045779da0cb2efd,reference,21
7264c2568f1c1825a3b73be5a80caf2159de8284,reference,21
4805671397fde5bb0b42651beb247ae790f5094e,reference,21
1a9dab797448242d8d3b3f5942a1b7983de92386,reference,21
118705a0fb360d6e6c63d8b3ab52a9ec15de51fc,reference,21
54a56eca91c22c3adcbe1e7f8872a809910a99dc,reference,19
34de7d90fd4f63a71366b09a3e448c6dac366209,reference,19
c85a0267e6d5a3846617c422b3fed16430664e0b,reference,19
9946dd720ab01435bc2c375a21691fa52fed8158,reference,19
1a5b46e07f6f0f89261f1cd26314dc55ad6d6950,reference,19
844ca5b0c914d972f677665f84c48617fae1bc5e,reference,19
0d5c940429f95406723d54360a11d29ed0276107,reference,19
fc85ea4159fd874a1edf1788deee850101f61862,reference,19
ba4dab6286acd814e5d13738c74d6f322250dfca,reference,19
1a8ea8f1fdaf47ccd637915efabc6f60e63c2525,reference,19
911389ea781f778fb9fed7e8dcaf8728a8852477,reference,19
f1fe6c676388ecdc4baf44362ce9c0efa24d8399,reference,19
24c689eb568e8d46ea7e60eab79f74353d1d00b5,reference,19
9d000c472a5d41ea8b668f90ebe08c45d154198b,reference,19
02abe0e78429dec63825dbd04cc84c2b3af1f808,reference,19
f9dec11784bd47fd51859d0e21f9914ca8ee2e1f,reference,19
cb9c1274d0e35a7e3edf259df1b1312e749fb647,reference,19
8908187651f164e278f87c2fba0fc14e1240ef02,reference,19
ae668f5d1570bc46d1cb431d3c9c44b5704f2254,reference,19
711bfe60d90857f983a4ac415cf2c0e32cffdaa9,reference,19
958307693960f661bbaa2b403321b45b3f6dbe9e,reference,19
ffe42f9d4b6baf35808ef1b171fd8b5836c51d74,reference,19
b05db2040165af1ce8cc92f097f6d7e4aa57002d,reference,19
3431c071e169ffe8400b0c58e830ec1a83e00a95,reference,19
e3585fe50904142378e3f2fcb97657a6fdaae175,reference,19
3d2189fc18e58589b8666f9884791d0e056424d7,reference,31
29ee3e657a96039da0390535982543109c69c0a7,reference,31
11a0f76fe24c7e2662cb2188d690c23963d14b08,reference,31
cf6806f348aaeee7c2757037d1eb9f1c181236a6,reference,31
8a14eb12768cca2bfaeff283d34a2ad61945b457,reference,31
6daad254195fe31be54a42fc714be3349bf79dcc,reference,31
60c55a3c704f3b110acb508f814ba4ddbebeffe7,reference,31
efea100a6ed1eab51e7996098d8a342704b693ab,reference,31
fbe894b6a62bf470e30d8a676133406c056fa9c6,reference,31
c2d2d5872357f2d4b95cf068ba9703f925040ca1,reference,31
8343b21520c5d048422b936b2b75156fa8f767bf,reference,31
3848f2363bb17461f700583b772eb48dd1893e85,reference,31
bd0eeba9ed341c56dd9dbc0d80585a53f77f4657,reference,31
bb77c50a8b4849487b7321d254255b802dd768f5,reference,31
8c0b256d966f975c39791a9a29362d686f7ebbc3,reference,31
38d00f8474a120c0748bbd6697481ea37e2fa390,reference,31
897444f7d51b1d36599ac30a79cf8974d21d2c36,reference,31
2dbec8020b9111f1c70e90b112e6318f7d02426c,reference,31
b17978c9f60bd857a87ee1967ca4939b8e68c868,reference,31
ae6c2b9a18be5893bd1f3070631df4d00ffebe62,reference,31
7bd78700829c69a480895346a8d916cf4e93f435,reference,31
ec13c45db0a60e4916fa0a9b8d029f1d03715963,reference,31
9cf6d8ad63fd43658d4cdae58a78013852a759ff,reference,31
439dfba3da8026559ab8ba5d088c2e601c11de74,reference,25
1b32e08949b23866a1fe7c7895f615bc7e4bf425,reference,25
40397ad1fb8ed8baa7eff11a01a75ebba3c87af8,reference,25
84fd0cb0d8e4c5a2198ea4b169b561250af2596d,reference,25
9c57c944439d95d936155e526c1fdbf5da6ae4a3,reference,25
2fc3227fcd9d3e90e5eab44cfb378e11870fa8fb,reference,25
71ac06efb5c42063e9f8a4df4e487d07c0b53f81,reference,25
e017d3f4841c01b2fcb15c4731758081cd519f2d,reference,25
0e1ca1c99b776e8394bc520cb9ca594f43c99d57,reference,25
3f97c3c28ed58fe20b5d0144a4a03fb0ed24c690,reference,25
feac701797be018483f6eb2286c1169c03d6b019,reference,25
4563b4e5fa8ed408cfc0b150f0f6e1a5eeba18b6,reference,25
e384f513114d7e6c20d007b4a3ad13fa58cf83dd,reference,25
b13c96e6e3ead456e6d804207be4360f6706fda8,reference,25
9f261d49ef7e9a792761aab565a4c6fa28aded00,reference,25
07e4c2e47ea2f7934fd0055f6d9e6965eaf0b6e1,reference,25
0ce98d9600e4dc450747689222685b5fb5f16c81,reference,25
82b8e64c49e99dc605062172cd4ae2a0135afb21,reference,25
5cf2dbe2e0affef3e033dd6cdd0707756bf3ee04,reference,8
ac497fb83ef8c7d97a08038f9b6471015957652f,reference,8
99f783c8011ac1e523aecea84965aa94757ecd34,reference,8
1717ec916c1e092facaaeb22fd8fe26b172eb388,reference,8
074dddc6e3600b16e73732832c07f494be9c8cc8,reference,8
ac83e152cabdfbd911b550dd712f20afae5402cf,reference,8
422b00c330a16a00ef182abfd1d66e12369db9e8,reference,8
4982fd72f48f3c88c3c384515535dff91aa650e9,reference,8
8611e5d153d89a6db22223bdce3676fe2f398ba5,reference,8
5d80cf68ed66a0769d3ec2f2550d2fa95d9044c8,reference,8
66c86c8268e7b83a6de88bceb561535a50433d5d,reference,8
eb99bbc67f3b8d0981554298e6a4e90ccbef8624,reference,8
b073eed9b2b62187238e96a0e40b29067a160916,reference,8
319f5f2bbcce49a883f07d17c63c75b8cff63efe,reference,8
3d505c7e85517f866b3db5c09bd457df38daea6c,reference,8
25b5416c84d185a29dc4bbaf0bfff9dc5ac0fa9c,reference,8
06a88fa779a4ce198d1d90507651122d1a0711ca,reference,8
6e3f277aa40615f3eeaf3d8b9e5d6f108e005bb0,reference,8
702e786c2c95511d2706defcb88b732c5981e895,reference,8
d90c16f90dc465020454ac70b21cae60a66f731b,reference,8
0f9a80ea6f49e1c530986758df2004cdeb5e6395,reference,8
7735e372643bf040a33d838808d259f06da41b69,reference,8
1d6e6a7c253e519be25095aae984db9d58036d04,reference,8
f379415f85010a25de250b1d73ec481f13ff7bc7,reference,13
27c4ec855ba9646b12e548742770fea53f786440,reference,13
7c3826623d2645c6b1d6e55fe93520fe88497be5,reference,13
d500a5edc84eb021e4c31c8ab5e3acdd342987f4,reference,13
ccbd7815efd2c6641e6bbe1c62fce366b5bc95a1,reference,13
6261f893f4b9ea9fc581935e173365b5965da8a3,reference,13
c775beca5738854f88b623bfa0eda78caa11991c,reference,13
3c379d442943527026abf85603bb670bc8a2bd94,reference,13
781a8472e1e08554fd7810b5e4f90bf80a4bae2d,reference,13
3366fa153e9985d4e2225a45cc90da9f683a5509,reference,13
a65449a42faeecef25cd8d83899d4ea3c40a8920,reference,13
e433368c0af019440367ed84fcc46bf09503137c,reference,13
a3d02b3cacd4d285093cef4a9c384f6fd658a3c9,reference,13
bf82d8ffa41b7d7aa63bf0804068225109971040,reference,13
5ee935c981bb74d08f0054f2fd3022f455821088,reference,13
33a427acc931d896101bd24462588da4d79fae73,reference,13
a983fb56e6df7060ed80829f7757bfbef096ac6f,reference,13
c031d4be71b965ca6d9e5f6da8ef9d8eef22ddb7,reference,13
2486965c7c84c9817ce4f93f1143ec9bc42a73f0,reference,13
d5758a2c09e3a064295704b8774cde4dd6fb2899,reference,7
2e7b07be22eb622325a9400a69d49900e1c6f14e,reference,7
989badb7d1f0d8bbfa7653f470c988b3ad5eb69b,reference,7
ac9874d5da84fcbb238c69c2e6b144ad0a2a0a2a,reference,7
4fb1d7ad2cae60f01c44597cef58fcef734b785e,reference,7
fc36a0017c613f915e86187ce51358ff1a71cc6e,reference,7
632dc69c2e504d693533fc434b8122a2a8a42844,reference,7
86fef48c65249196d68484e9ed0565484db22271,reference,7
4b8ff5dce5cddce0f868d3ab50bcfe841ea1d725,reference,7
3b16a709a5b18e52b0b6741cbc3c0e68a03ecd8e,reference,7
bad6fa523ecf782c837a2eecaaffa4e1f7477c24,reference,7
6147a20d5aeafba322494e897827b5e303f4a2f9,reference,7
19aee395feeb9e8b8bdd66fc095a1021d5b5fbac,reference,7
aa3cdaac0dc02e90b9ca0073dd27f41944b8f1a9,reference,7
ae198895948e4fcef43a38c4fb67dcae4798939c,reference,7
d78b3af53e690f094747b72d42dbc84b45f571a9,reference,7
369894365a56c25781fc7da2889e9f226ee439a6,reference,7
8c715e1349fabcea3668abbc241022b2f3504e20,reference,13
6282d347e0eaec653400fb4331213f30c2b0c617,reference,13
d97385fc92f42d5864a383637b50e1eaa5c0d15f,reference,13
c5615ac883cd1da4fa4dd748319c261059db311c,reference,13
4f51d7a89c1547eb474bf5c24d27d8056531ab49,reference,13
8ccc8bc8ec4d32e93d7a89f1c004083f36cc0181,reference,13
4d0b1304e565a8ebd4d8251e643f47d46dd1ad9f,reference,13
58827c6cf138afd8326c538aa8344ba3a589b8ed,reference,13
29b97763ddaa8621672753e91a6b2ef1c002784c,reference,13
dadce48f668c8de39716e6d18bb4f6367655f6f1,reference,13
610b0ca319906fc4d765ab557c060f9bcc683a7d,reference,13
523f0acf24ee8f4283dcca3bb6b8580d67722239,reference,13
c64e8dcebefc18d3b0159a0893aba0a4cd93d6dd,reference,13
436b05a34c13dfaa357dd93661b474c151098506,reference,13
e8448c6d4302c782870bc150b28754959c730219,reference,13
82d9b7464c07b0554bfd1a156ce048250d9af435,reference,11
856d9de20cc653a649e091f8344d6b1f1a9e4f0e,reference,11
b09d87068d109acdc09764b8dbde5a61ef6508e3,reference,11
bf4b8d28775f0307da6152e119142a0071b03842,reference,11
89505a0699f10ff8e9161040ba0c25196997a055,reference,11
af10c8525572d46900aec22c0a10ecef300e6491,reference,11
b01940f91aea82155705b9e8b551c9c2330e5023,reference,11
f16bed8d09a2dbad3b58bc17619122fb41bd5322,reference,11
0dfa0598fddd03b4e1a1445f9c9f824c93512054,reference,11
2e07bd64973d0a96f1f709ff2936ba7d0cb88e3b,reference,11
bf3b6d33344230b54be4c2fbbec4b8dbce6391a3,reference,11
c261fc18d4ab21d02917e146f292247158ea6da0,reference,11
11ad4ccaf40a1c72f393a44f8ca727645c34d583,reference,11
b8384139339e4487840fef42e73b4ead65f227d3,reference,11
487e986b8ff213420debbc50ecd4e7ed8f7cb965,reference,11
b8fbc0015488d795755ebd3ae02672030a76faaa,reference,11
2c332fb0adfbee3b40cfc1e009c5ff3169e5226f,reference,11
fd40aec11564b150b176852bf2fa552a96f8e840,reference,11
cc7fcecf41ba93cdcb41369efb6ef6de90cc19fb,reference,11
c42c18823e53fc5f979391ebe707d5189cd38c26,reference,11
7f4fdea2819e6c17184fa02e70397bb2cb4b0684,reference,21
5ac356f05da025fa27b43d5df4ab88d7f59452c4,reference,21
e96f6647ff6efd6b37b2f15e9895234d7381052c,reference,21
7ae0521556709ca98a5867e4e12673e2088faa4b,reference,21
9fe84d384a566ba4dbc6fa33ac2c7ddcc0f8b222,reference,21
1bf25c92326631938bda5ff2919e7c5eab1d4f0a,reference,21
ae06e1d800359c06e7d5140d381ab9e619699970,reference,21
b20531c07fa8517ae0d2eace3cf6b431ee1e3e31,reference,21
7eed0ff6549e284aa7b44dd4d6f6aafa366a8ac3,reference,21
117b5eccd7163e7bb4d2f1bf05df0c08f6d79f8a,reference,21
d2df0049dd6a789f214cb7d69f8990c8fda898b2,reference,21
6d5c1ee8072bd2e861a9b17c298ef17f08969c66,reference,21
52aac3083c5577cdad33ff67e671f7f84a8265e9,reference,21
388309f1e772001a28ec95d19816dfdc6a3a63b8,reference,21
92743fca569cdad9ff0aa104eee661aba368a215,reference,21
747c0fd3934349cc09f45ddc6b031ce45b572ca9,reference,21
62101d2a850d6e442d814ccf8e19e21ea6cb543f,reference,24
80d7537b13283c55af7c3a2279903a00d74289d4,reference,24
3d880896d7a0a213ba390b2ee50cc64a3962dea0,reference,24
b0b668b142d232d102b4cf105965651b7e1fea7c,reference,24
c0e5585a05a6e78a8d1178ec1e711de75ca904a6,reference,24
33592110e3f6e40ede21ae3bf7bd0e5b4b24602e,reference,24
0dfb89e8a88ac729503eb151526e5c463391b1bd,reference,24
2780ac7088bfbc4e2e681f0053f4f014065147a4,reference,24
bd08a1da0eed319f743cbdd50973b11126894f01,reference,24
30e03dedac5dea10c09bade07a407911cf7c2ba9,reference,24
9568effdf3cf8b6076ca3c810d2cbc6f9b19bd51,reference,24
14f0bd6764d6b2d6d05b7bb35c493f01d87eebdb,reference,24
8f2b579deb894149248a9ee11f8142874bdd7169,reference,24
895d499cbba208e7742d8139c07f09cc9209d81b,reference,24
b513816372e7e09c2869200b863a5d2eddd9b105,reference,24
f15a818235735793d4a798aa07e5243b963ade0d,reference,24
aaa11bd40cedc7504f3ad8caf90d31b2dd35000f,reference,24
355942e58b7609b178797cc43d98b84201e2cc56,reference,12
5547533af523dbabdec503b914fca9362e3f85f3,reference,12
c1cf446669891ba97ced9121246f56aad4e2c637,reference,12
d7c561960db46635d24678b171daf472fa72d9ff,reference,12
4bc54934aae663bf373f93b296e107c262e52267,reference,12
6ce4fde6e82256ef843c2d8c4385249c3e4147e8,reference,12
53cd612f5046901ca454f3c72dcad45a84f4f31d,reference,12
6c78bf485367b4cf0968504a0595550e65389327,reference,12
a9a44aa498dd9e205c3f6c0d39e4e6b08d8c14e7,reference,12
fae57797d357bfa3b39b220336d1a2e8deba5318,reference,12
c83ab1e8ff0716a7bc622e9f32bc81492884d902,reference,12
fa9482793ab5f9ad6f7429476db6e11f502e2440,reference,12
2dbec38fe353ab0e495ad09263389dbc9260824d,reference,12
77c4bb571f2104a79b258e9e76c417c47b9cc050,reference,12
bff8d4689516d7506b16117c7b2583a4f0788137,reference,12
34aea4e31ba8f7d96df3c47cf6478101aaeee144,reference,23
851038ef49adc2b0392e533c800ff4f0336f09fb,reference,23
4a2e7acfd2cf81c34359b0324e1ac6bfa0caf888,reference,23
f95cd2389befeb25bec12752c7b34437f057816e,reference,23
35ccd2d89650f10d781057452a54d58e21f88b85,reference,23
dc68c7289c04774c84146b0053237970e556427d,reference,23
276b93f350d9b87ee24eff3eba79dee419fe9d56,reference,23
cde6063980f54cdcb75f5f20a8ed5a817b970c91,reference,23
555b07a98e490d396b9f2f5df7a3719d56f1ca35,reference,23
c41fc1603cc46930d6b33f275b832c8fbcca3153,reference,23
3a0e3775f9f8870f4b2301d897b63d4ef789aa95,reference,23
f61bd5a20c0f137821802deec7fcdfd0de250471,reference,23
c7cc6d07af9a0c7a0edd9c7fc1fbb00855557527,reference,23
e6b73412685618b38e7114268342cde4f3b1271a,reference,23
83b95829433b68e1d1cc2afb3b05343ebd0e6ebb,reference,23
67b3d2755f7ee61f934969a3d8cd0023ff91af38,reference,33
ae1e0b1c480c2f3d7490e34b5400b9ec3ef65fb0,reference,33
429875094b8c6657fd6d9e2a48219eb2d170622d,reference,33
702ca2c13e131c6babd25c1ad93b6a50c2812f7e,reference,33
8172db31401ff31276d8a9512b27b90a963de962,reference,33
3d60d8273cea724226d4dd62f469bc77374d3656,reference,33
a8d96e89e7fcd72710d9c1a854d09a416bcb06ca,reference,33
7732b090aea481b1eedf78baec23b61c2cc96218,reference,33
c9bf416ddef00c9467052e075722a7de223f462b,reference,33
f0204dae7095ed5b68e498830afcda33a2536faa,reference,33
7b8b8a4d107eca5109aad90a2697486d4b8ea276,reference,33
e5085607cd1fd39eabff670a8a003b4f37cb05b3,reference,33
7fa7de14b68d0ee367a4c20cf8eb8b11bf84b12f,reference,33
5f84d19f5a648b02fc1e77bbea5eaa45612f25e5,reference,33
ce37888b9c00ad4d688ad237e84fca3d0b6eab19,reference,33
78937c571ad2ee71288f087df466ff1e9c335c83,reference,33
5b7dcf469c285381a83b1bfd85d2b22da121e0cc,reference,33
5535ae4e0fa1443bee6a6e86bbbd3306cc8d6cca,reference,33
734148d6868c395eb943eed8e8464b93693b424b,reference,9
1f16a5cc58d69a02f4e1b329ea4843f8925dca11,reference,9
715b70660d691708a6540aedde5c322d772dbe90,reference,9
eaf38a01433a42f4d1f84d9d34bd596bb28b42e1,reference,9
9ca1d8cbe2835cd0aa6174c0237d1df43738411d,reference,9
bfe181ddd73427e8b9132cb1dae5dc22845e5250,reference,9
8c29c751830a8a5f8c4e9a0dbeb004a91dd9f3a7,reference,9
c9771ca614af14f81b1fd38849c4e33ab4a4a9c6,reference,9
434e07ab531835a9b60170aa80aafb15f4e1b0a5,reference,9
7bd62f5ff592f432f1494699fa7fb7998adad7d2,reference,9
79d4baa77791e7add9aad2da03abfbe0c16c64b8,reference,9
ea51ca0a421bbd8fc866b77018eec02f961fb41c,reference,9
6d6eeb60b8e32a9e86f80f6400c62a07e8e4cec4,reference,9
67a21e7b30a51a09e758be8e5b727dc50ebbb6e1,reference,9
33ddf2f41717a7be032d6cbade08058123a2628f,reference,9
c672860227d49b4eeb67382211e6e0a4ce489158,reference,9
969a5b11d22fadb672b56c640d6dc5e6d787d48d,reference,8
708d820657bcbbe8cec5118d967791f282e26340,reference,8
e41a4abbb067bcb6fbc7dfebf8d4a20573b4e84e,reference,8
e06f72ec485c85472d1380d5667adb417635c981,reference,8
c69afb7b405dd96d6f38b185269a2e5f32a2ec8c,reference,8
c946a5b9f887ca66ab84851c5ca4391dd00fb373,reference,8
816aebd5250ced52db5d1d14f75a288d329bb623,reference,8
bc2dc0afd73c3a39ea750f48a7a5ee98178c48e6,reference,8
8663871588271b4f20645fefcc7d25d9bd1547cf,reference,8
01c438352d262c09eed6d7beb007b9a81d4000bd,reference,8
18a7a8c086201217a494466b56e74c45ad495ca0,reference,8
6918bb01ce17a6ea4a957213e0b24eaec21ac0ed,reference,8
ff312b6027d012403760c288fd6531145006cb9f,reference,8
7df85d933bf695b79022ab3419adf6559c42959e,reference,9
c7e11b42124fe2199b0c640bf36b779a5173dda1,reference,9
b38c17d4c1cf719f110e811190255428fe7a53aa,reference,9
55b7cdd97169bb241bc258f4fc03892d51d00e26,reference,9
f3dabc09b27cf99f6ff0c1ce8a577d247a18b3d6,reference,9
f9b959313e9881ecead246206aa4ed6a479e0986,reference,9
73d1bff2768eecde45bd0ba7ca71976fd825948c,reference,9
3856fce2fca56e2d7be0134889bf6f9d2f01b931,reference,9
bc9f1025246efeed568650934b6e183415aca279,reference,9
d1679b6e552d6bd5f4674eeb9f306104723546de,reference,9
7cdebb73662387d9040da4f27a7dc04dbffa3c3e,reference,9
22d314c347a6c5c0bbf528a102455229ce0b36b5,reference,9
43ac025b3d9f0dce5008d970ce08ac9127108bfe,reference,9
e795264864cedfbb42b448c5d473a286e8296750,reference,9
a4c5afd6b051cf4867a2df225e83ba8725f7f042,reference,9
6e5b4a13b762cd2a3582b6126fac76ce7ece20e0,reference,20
8f2cf6fa89482eaf232b629e3939b62b83964d9a,reference,20
843a3924de7a24689bc080362e9ddd610fd25507,reference,20
ba9798f664f09c48a5e6e3b88f1e86ebf6aec5b4,reference,20
da87eca82bfdb9fe1234fe395ee4f305fa83029b,reference,20
a8faa332ac5e3e8d3f798b89858732f8ab95a470,reference,20
df02a738a0daa6fbdabe9144762b9ed1ef9d4cf8,reference,20
677b1bde3d39f71722d967546e34d7ada0cbe0f2,reference,20
7e8ecfbbf02e118c2654226053518a168241d410,reference,20
96a5094f58f7becb20dcf990a2a6a2b8bbd6676f,reference,20
1ca48d1afd78b413ded8a0ba24a9500ddc73ab27,reference,20
2826d0b58115dee4c6236bcefe35ca76bfdf5e29,reference,20
6ee3d942e86d35cf4478686100dd7ad7273b768f,reference,20
3a359f65a8ff8c84601c27e7c37192b518a9f8b7,reference,20
edb9301f00526c4b9e140adaa264d5714531d82d,reference,29
160a751009641c41d00a87e3e8e3b503037da853,reference,29
2c9ba4411ecf6600c20b6d4c588a8853545299ac,reference,29
3e641b481ca29fddb3b4498abad6806ff47357f7,reference,29
a442f84e5224501725a726b83dd1b712b64825a9,reference,29
cefd220658769a3d7e83d0407df3ee244cc4c419,reference,29
cff773771482f49633cc69155ebfb928c152f40e,reference,29
a81a8d16a4af3627ae12443d1e717ce0653efed4,reference,29
e0f7694ce4b7f82608d2408668bc4679e546dd6f,reference,29
741e35b536463037391373d8a4e9cdd8c420f242,reference,29
e9ec20e456c7b086f221cda4708d1bc2a4c94d68,reference,29
0df93fe3698db24262615209febe36428c484257,reference,29
5777a9a702801e032442a39a11987b9f8ed37aea,reference,29
ca01cb09c81af738b8108615115e7bfe96f44ec9,reference,29
a0faaeb08c25c43d03ee470981092dab5053e589,reference,22
a235b19c2abf2782d09ec042f657db3fd779f4f7,reference,22
02de82606f11f68815b83141a0fdb790bc30adff,reference,22
0d7a65846223842b42d95bd19af3d3cf2af185fa,reference,22
cd74fba20c3fbca57c3b4107d00ee67e007dc0ec,reference,22
e3bcc9d98aee8f3217aa0302cfb6cf00a7f32ca7,reference,22
a09521156c5d2efd40e5ca8f0d1e0116f0d41ce4,reference,22
1481d79027543fb4bd36615f8e1b0b10fb7cdfa2,reference,22
910030ca46241fb2c63b6e87312fa1ec88c75319,reference,22
ec5af7d421e7b4397640b1530a9ec3bbd09937cd,reference,22
e154b7e066f638c0f5cf7653e2c514cbbbe5f175,reference,22
088ee5ec7ebb0515481325d1b459896a7266c4d5,reference,22
004faac0cab5ae4bd5cb9e4ae2e90f3927f117be,reference,22
91d182508bb8d4ac2c7706dfd9e745dbe858ded7,reference,22
09abc85f33293d95e5731026e78177587fcd2bff,reference,20
7bab5ca540dbbc4677f019649e04409f7350976a,reference,20
d2a186f47b7977439fa5a930645ae06165af955f,reference,20
a157fe4836a3f0f8d61dc64c893bfaf963de5173,reference,20
d4c4b2eb2cec8655191a7f4fa42a95aae1c980f3,reference,20
25c8a4df271129fb59d81fe06e35fdb220f7145f,reference,20
b0fd9d79ee1951ef6f5c3a4225ee3d7274a01acf,reference,20
b82480623b20b16db13da20e4ce6759502e35ef7,reference,20
1109379532df6ded63db92b0814c8a6967e35b99,reference,20
e43de397a9b0a6f0c2969ecc0a2569d67e0b996f,reference,20
03bb360196b18912ce051ee8c8ebae243626a360,reference,20
4f5df7a417e8f55779782d93fbd44dc11cf7662d,reference,20
d8bfd6a1ce82291cb323544994544774a6b71768,reference,20
c17f3218e3b85f3426e981edf80135ee05f82ecb,reference,8
101ef9e177ed1e1544a6cf5e9ae2be5fdd5394ab,reference,8
79b998c0ec731f89396e6351d9785d1704cd18bc,reference,8
26246d0f6337eb541433c1633bff107d65bd0273,reference,8
ef8d40aa7aa36cc9683b55e0285a33e02322b223,reference,8
1beb1905aa54ce6c07989a80faae94ba066a6091,reference,8
9cfdb3cdb63d41de52b68f0ad6219b822a4b37d5,reference,8
e55207228244079447f688566a4dd3c88cb36afa,reference,8
aef234095eb56f3510737df572fd155668523bb0,reference,8
17aacc6c5cf471fdd909277a89141534fe668d6f,reference,8
4c8e341c91bbd8dcbb2d3bc18f0e60d41e34035f,reference,8
0e7b259cebe9aa0765fd502345753a658849f870,reference,8
404659e2fe5e673d0f1e63092718e94e22f151ff,reference,8
34318363e340f3b02f5bd87fa058a24e46f7dc7c,reference,31
a1d011bb65c787aaf2886e1196e12613ee2a36e4,reference,31
588ecce3b81bcf1e5611dfe537240dd9eaf5f73f,reference,31
901b2e5b7ff4905965a07b970e9e0923f8d5afe7,reference,31
9d86296956d9e6c2cde61e582f9617b5360ac0cb,reference,31
fc2086f5ee7b14730ed5360ecf3339aa973021c3,reference,31
b1879fcb6e881fc6e5a766d6cde00150f36ad854,reference,31
d940284945299f87316695617ca2c81c9fc942b7,reference,18
674e6bd91af20d518845b9d40b9c55c3500821ca,reference,18
ab6d0aee1a859b88ece0cf6e3a072788825c86bc,reference,18
7dd590cd978431ffe9fe5356f8cf7e591ff6ca6c,reference,18
9e09a624a5efb44ac5595b69c611ec3dc79a3e88,reference,18
711c2eb00101c5e7ae2336bf0ae2c52e3882f12d,reference,18
9c1721f7b55f489ab2c14b3b2361c418dc652d3b,reference,18
c6da4ac46e041e13627276e04b9a0900f4d35c96,reference,18
ab08495f575c7616b316b86a5e4cdbe84fb5d0e6,reference,18
92066405c027c837f5eac95df8e9b2d7d2ecc5d3,reference,18
de991da24670e206b0f0cf6b857d1d54f524b983,reference,18
29d0e22287b05661cc7d9c90eabadd6733ef6946,reference,18
4386c19a10aeeccb0a9fa6e0cd279c91cc661fe4,reference,18
a2e732278b640aaaaedaaecb333ad8a04bc7305b,reference,13
ea735586156567fc260b71b59af56026f4ac6726,reference,13
4b093ee5e2460bb7dc0b8b2dbb551efefc882510,reference,13
2206fa230a34b9e36ee1e48889df172fb02180e6,reference,13
ebe4287b201c9cfa790b3e204f67039360056b94,reference,13
c62552df77fd45cd40b36b6f17b2d16ef2a95432,reference,13
6064e01abf9fba9c240ceecea99c12bb7f72b2c7,reference,13
fbaeee09a437023f60f6e8d9db1ed37e859ae928,reference,13
9f256a7fd8ace1bf4bea7742eb329ed2be4bdf93,reference,13
bc132307a740ff0eb6c6389e54b3dfafd5c06f45,reference,13
01e0d60b7ffe7ce2d488488e09ec84c920881d54,reference,13
1a4998827622e0b0c2335912a7e5ff2a7146e87a,reference,13
c5fa36317e25777950541f2d0d31018a1d27c5eb,reference,27
988ea957df78ae2dcb89b4126cfed56a065ccbea,reference,27
cc19e7f988364ade31eb990b5830198e2451d679,reference,27
bed3c7440201358f1fcd87c736e0a72576d6be64,reference,27
19041db7b50dfc0a4c46c6aacf09652c162e8bc4,reference,27
29baba62f95432a016a7712a9e9968526fdad02b,reference,27
9e3b8b8b97416f4a075aa114a076052f370dfb00,reference,27
0176a64b895de803bbf1d4628e4f8cd6fa82d6d7,reference,27
ecc59e13006f58c02261b38e76319e95096c1869,reference,27
fdeecc5ffb3fc467bc8ab7e9e4ac4df685b8000b,reference,27
4639d5fa583688e6fa0d287aefa7dd0bc3dc632f,reference,27
b6a4d227eae44bdb10b98fd030fea500425e5b61,reference,27
8da1c4430335e12e359b436e9200a89abb93145f,reference,32
2e50f56c49b10266aa0c77944039a748f87566cd,reference,32
d587027861ae2ed5049b3efc71f1a08eeeca93f9,reference,32
0c2a7a4d30dc5f1f1a63b278231c265544817e7d,reference,32
186c07ec9489e2257f00f8060be91b51ce0360bd,reference,32
0e78674016ed80fd0a1c0b79d6ac1842e5c49a1f,reference,32
3c5470149173a6343346694d8da09a09c33c7d49,reference,32
0534fd0ed04acaa60f820b730bf3c4816767fa43,reference,32
4705da4d4a7043aa55078a4b3286246e03973c3f,reference,32
563238146241cf8e0c146620be6da70cc21eb754,reference,32
4bbdf236cab90ef7e8abeffcec91807f40fc746d,reference,32
05975fa0eb5e7ac66e572e32b1e461f2c1eb0e09,reference,32
2a36c6ab43e03b8c43017ff0ae2e52781a32af4f,reference,32
26293539e4f08c8123b55d64ac8563979c4923e1,reference,20
ebfa0176bebcbf1fa3af260c8a62699c22baf221,reference,20
fa2e4ed21da2de18b8a090c0de20d672d934befb,reference,20
d348648c1c8d0511e4267d30b0fb6cc0cf01ff21,reference,20
09e55d5223104aa5726ff0fcf4043a1beeee410e,reference,20
1f822428428482ca1bf6bbe09169a65304e1f1fb,reference,20
06b52fe23e385b74ef4387999557da87a4d20522,reference,20
641f1e845c5baa1b6282a803a928c83290ddf669,reference,20
a722010cc6bb9fffe3b9a06bf9586b5d40bc50f7,reference,20
1c0d4c6193d7322de038c5780e9deca61321a6d0,reference,20
8d37e69694034bdd181ed48a0a59c9455b5cc208,reference,20
a9f0157258acef7bf282780a4cc46b1fe425aca1,reference,20
2caac500049f55ffad0c99afa5e677bd72a1a9a2,reference,2
bdce736d7e75888865ac29ba6b18c3b86c8864d1,reference,2
cd245068a71294b7ff6feadb27257e59532eff0d,reference,2
3caeb811e020c4579a8432df1c7fc7b065894116,reference,2
1dfb3d555d15675dcec9a8ffe07cafd5e203137d,reference,2
4d08d652a80050d3682a626ca0fa388534a160b4,reference,2
593b42c628b49937bcd7f7c4a7d54d5f97e6b414,reference,2
6c1fa4ad807820ad0361a6db424ff757e3b79a6d,reference,2
ef65bc91d689a7419b493f91989f101a5fdab62e,reference,8
f64538de1c2506c693e6979450ced5d509b5a988,reference,8
86bf7c958d238e6eac4ee236bf54e198fa01a0e4,reference,8
a17ace1a85ccb4be885697766d74e6a13fdd5321,reference,8
e91dc06be39092892fe40b5f468b9af9ba501b51,reference,8
0c3c85fbf95f3b895c14438ec7893af1ceca04f4,reference,8
0a7fbee0c153c232d8f7b149cfff8218a57a64b5,reference,8
c8e734f0ce83464ecb8564d25287abac6e163af8,reference,8
5e88b92ac0659bd2ebc6fe3fd282488645e18bbe,reference,12
4288cd19b3d52174da488f45cc00c2abf108ef51,reference,12
98e9304ec45b831e139a7658f6740596f144757d,reference,12
127ab36cee7c8c1b5e7ec4a8cd40963402803825,reference,12
b6ae787a2a2c91f2e8e27ad1ec195a37c513622f,reference,12
bea0b80cb694442f06f43fdcedcf2d528bd335e5,reference,12
d96ce80541b552fd703291594939bc9d624bb7ae,reference,12
9139c2b8e5077be3c2ff480e19ff06d67a8790d4,reference,12
586d6ce78db521e00b2951818fa21614fbdc62b6,reference,12
a6bd9994f60d5a7e76ebcfc6803cd9c95c8cf922,reference,12
9e4b5e8f03402a096d3e14e81165dc2997a7c7eb,reference,12
2b7883ac8d9d57a6d00c67561e3cb31445905c8e,reference,24
55c75bdf1555bcbb272facff08f1ab7020104c66,reference,24
3eb6def25cfa3db0ca27e15563799be55bd0b58d,reference,24
53500898fe8edb61f8e947f7d5e953c8f09b3301,reference,24
b5cb2b0f0583d86f3eedce9e60a6b09d2e941a99,reference,24
0ed35c306f6987bf5d930dbd463549dd9eafdbb7,reference,24
45c0cc80a04a839489084e3eed81704adacab413,reference,24
5b1f3b1445c2e08f67e183ab4b8af4e199668bb7,reference,24
4bd25b9d7045a88bad4b40e6feda9e01ab93a72a,reference,24
b467a9a95840110cc6fd1174c523cc6cb574636b,reference,21
608b0785aad9c2698327de144b54fe261f783c2c,reference,21
6d59b17d55ebc04542753fa3860d6375161e9e4f,reference,21
9dba177c10947340b16897d3febe0b8c8e1c4a1a,reference,21
36aeb8484c92f1690f842a77275f6066a02b67d0,reference,21
cd005afc1a75b7df6770b4cd594688cc805160a8,reference,21
a1fc1bdea014ca4de09ccf452528020873e59d53,reference,21
0ee9ec5d2f824290068c9b3575aceedc16d4dd19,reference,21
8bb847abfcc757c6f07d873c084e2be96fc38a73,reference,21
165bac3d7bcf6d8b4d472281890eed82f526f99d,reference,35
5e2c55f7dfb57fafe461bfc821bc52d11d07d658,reference,35
6877f6a3718c9ef3dc6bb91de6586b36f1dd964c,reference,35
e67dd9230cd4a8199ca6c9c9ebaa31ab29be23d2,reference,35
b69ae70abf1e8519a565c40bed07ab499576a8f6,reference,35
cf50b51e98446de12e073fb909a53870307661a2,reference,35
24185cef6cdbf428fd8cdda56a7ee578142f446f,reference,35
aa9ad5cd399434bd7e7d6fcd1ddb8f4b58b953a3,reference,35
e7de7b37ca976b383c46b9cc60cdc6bd98cbf08b,reference,35
612a8cdcd3455da83d3172ca4648e734db6e007c,reference,35
91dc45427d7c90a4b73da81d48730bda5c511cf8,reference,18
8d8fe8e48097b54ea8285ad2a08554d2f3604e3a,reference,18
beae4f5257c93661e49e5835d258a12362ee212c,reference,18
66695f55cac63ed3d111bbcf2f42370e6ce2af23,reference,18
701548fb4c4ae0d823b5d67dba274e06e045391c,reference,18
b7374847f50403b25d1fa16fce090b5fb44e9a9b,reference,18
0a76aea9ffb7c9607a8c1d0d88685e1385151089,reference,18
f1cdf45ac76c7f9d129bcc7ef839f5ec0b3c7b82,reference,18
8d99d86c51935de5f6638bda3ab447cad6f6747e,reference,18
c9b4eced000dba11518f0d3677054dee1eb06323,reference,18
8d9cccd1e4ad406cb25c6b0330cefb96c406dfab,reference,31
6668bc26bd5f74456a39ccc2ca70a909dd0658a6,reference,31
9af5c9e89f5f6c5bc3eabfba22e420db323a7696,reference,31
e3fe2236717a275aeda8a637ddcab7d17b75ff58,reference,31
2e3af58e8946b0b42726fb8e5e8ec0df7339e0cf,reference,31
217ca3773eda5ad29e02863d854aa4e31f2c8a33,reference,31
2e3457cd143b265e73de93d097021f9e96eeedd4,reference,31
52b245e7a3ddcb892aea9d8b37da3f427ba572b9,reference,27
94639e06761b1099cae99d70922eecc7f7f3f07b,reference,27
9a8ae2b7ac81605a9ebe82c78837efab2d6cd0b2,reference,27
a08e44eb8f8e88bfe5f3b175f5dad448688b7ce3,reference,27
89226288dde952552401631f2ebf3c0a5470fff1,reference,27
4bc407094641946f31b46b965734ddc465f7a4e3,reference,27
b5d3bbea2176d89eb977db68f14249cc9bde51ce,reference,27
086610ef6882a03de603db0a9a96013322eef6f5,reference,27
74863c3d2b2bfd572c028e2aeb1b25db08679a62,reference,8
068f211d4386215ead05f200f064ac4ecd551d45,reference,8
a52dc37f15c1b6787a68724b345718fa2f9489ba,reference,8
ad6f917ef94044ff8d1802da9d7dc77e2a9ef8c0,reference,8
b937d10085f2fb9f73a3a443ee4b915aa4529179,reference,8
02f83d87f41ff165020f4a0a55f8f8964c824b90,reference,10
ace349613a1ff64ec9fe0c87e534e06d6bba8008,reference,10
42cf4b9da6de6bd899657cf5f311dadea78e40ee,reference,10
75b36aac0d93218fc2a7911788124e18cd4f129c,reference,10
d06fc21256ba23dc62fd2d42790e20ccd3adc4bd,reference,10
986e813f4c4f36786c3642cb9c8718586e47bdcf,reference,10
b7f4b21895f4623aa03b2b00cc9603bd8ecd02bb,reference,10
ad1da44493591bd4392bee01f27e605191666e0e,reference,10
abaa5e1b059aaccd0f6e0fa8e2a94bce720da7ce,reference,10
3f9f08031bf2304244dd96a9e30f02ec1c0fe1ce,reference,6
5c99d39232269f636d26d249d084fa4975a5fd73,reference,6
2ef6504dee5744864595d16d2b22d09d70a1946c,reference,6
847d08a408b9a8bd7e9071cc97071bc8fbed29d7,reference,6
ff4bf05757a17d0cc79c53d19a30234f52a002b3,reference,6
e8e478cfe47f2c044fe8e685b4fbc319b2e91236,reference,6
e0bc38b999f04024caab96977423218fec8e2447,reference,6
a267ef39513cc8328d958e576ba92da4c790330a,reference,17
708897c6ee81ca4ecdf9afdc57ae8b6b5af4f987,reference,17
3d0557ed32fa648e6977faed9a60c655a7e33164,reference,17
addc34e1db56c46c399a3b319153be0b73186d19,reference,17
2d150229a539a1d398b9dbd9475af64d3931b278,reference,17
accbeef7b1777d5e59e1455b1cd0e64df43175b9,reference,17
ee7db4936ab89c5d63404731c121f531a76557ea,reference,24
e69d9cc3f9ae5cb91a1ef2011813d38ec9adc452,reference,24
dfacc4cb11d520d3b509a708e01266947d363b65,reference,24
ea9994526369201543d82f15df6df21504ce4654,reference,24
53a08ce52eb6981f665a05287338e6a2884de1fd,reference,24
e57650598489b3e7483b1327f8ba41a3a855a668,reference,24
47e39f3d5f62dbf4079be48a77f540baea3f689d,reference,24
56b85239e23889cfff40cd29241cb97ba67f5cde,reference,34
e1017a9c862959da964cd1c044485c05d67d65a8,reference,34
002f44bed2836003ca3979780880b7934243eccf,reference,34
3a0cb7f987c3af8eb72c61a72ceeb15e9a28a1b9,reference,34
f85ec64b14494216702d5218f58e725224ad80aa,reference,34
b5142d7f7282be6aec15c1d30091eeb442268bbf,reference,34
1b7f140242f0df95733b08414551d85208c0f7b2,reference,34
f4ed9658fa19fecd63e0daf83b3a83255ec1eac2,reference,15
f8e08a20d14cef9f41c00e5f1540f4b7e5b756a4,reference,15
1e347df2b6c2decce102147d0b84c1d271f2bcff,reference,15
3fc248638c83201702b1f8b31dd84ed2c95dad60,reference,21
cfd83a99d395a8d509dba0044e1ac17220ac61ed,reference,21
3e0879780a97a286b67cd26a9ada5ce79a03e2f7,reference,21
8602323b33c5f1fa91d414f4f8b8ffd457d4f403,reference,21
1bffb16430a9ae710b8e6a23ae64c9ac961e8503,reference,21
d7159f4a93316c361a21e8e1beac1f960cf53d8f,reference,21
ae1f8cbbb355a534416fed7270f600ae78b46ae0,reference,21
00d4f7455ead3b823e3a650f6bc02c02e19647ad,reference,21
947d9202098ee92d540230f74e36008e39cf3eb4,reference,5
0163c34cc797f76ed9cdf47918cdfb42636ae5c7,reference,5
fc8cff0cbb167f53cc73a4b3572c43b3341a4761,reference,5
039b99b4715148e7f4f875c14d0c54e3ac23ef2c,reference,5
e3e345499763162605cded6d99eb9963d356ef5c,reference,5
93e4ef1cbfe3149d66d78f39b8a29f45bfe809a3,reference,5
34935c45d16613a958a7cb6ade87002f289fa8ce,reference,7
7df49feb714afa512b52c471e4c404bdc52eb65c,reference,7
548261f54b4f04522b6019c708f53a08d0207777,reference,7
fa9d7eaeae877d58273549c1cb580c0cf0dc9b41,reference,7
5b9a72da74e1fb88f49b2e87c09a727ccdd05e40,reference,7
f9b1fce6c0411287c017f36c9bb89152ce6e0bf2,reference,7
a8a4b4bfe1bcb806fdba4f2db737e79ede976444,reference,20
14a94d055d2bb1503128fda923d7f79284ece44a,reference,20
b51d017af65d92762348f8e921b53bbeb3f59102,reference,20
96d64fabea8ec5cf11630844050411dfa3c7248b,reference,20
0d028f69cdb23a4d408364b5ba0f621892a61d75,reference,20
e4c4a10a626777727be28b6640cce030487fee86,reference,15
4a35b7ef1f2cfa98f7c089f09f68958d368e501e,reference,15
b78c87615f7fdd50d729a54f67e93843dfc2566f,reference,15
66b77f195218c5c47950c33a35db08af373b1b7f,reference,15
623a8ddaf39aeecc97843f6de813c2d515a4f63a,reference,15
751a9541292c735ff25b3d4f674f472582af1e8a,reference,15
c0f240c9c244747dadd05e1d44be7ed499bc1896,reference,15
6b38e03d67eb8c15eb13b16980ed50edc2152c13,reference,7
2cac6a4bde1362552f264e003a09cd244ee8df6e,reference,7
e037b7989f19c11059dc8bafdf506a9987981725,reference,7
c985adb25b3586182c21dc61e87211279ae969c6,reference,7
4417c8641f69062c46649f39e44c16c619481036,reference,7
f683084fbeae140b4b3d79dd276f7dcb5b571a08,reference,7
43175e690eb5b4685a68212231396b2d85860104,reference,7
a8c3f6c8f7a6f5fd71cb5fecd1c1cf34e72d9d89,reference,23
7946be3a8cdc5ae7d6016169f17d10fd4a9f60d7,reference,23
c4d9a22b18998af0d0e591c12b6c9e31161d8e06,reference,23
c5a61c709a234adc1815197a64d4b87f8bc97e8e,reference,23
2d565b1456b0c17a3d13339b6e96f477dbfb0d16,reference,23
c5fde70819eece74fd3a7a2492f1eddcd2120b07,reference,23
5a3eb4d4132e74be84031e617c23a326e6de612b,reference,23
0d7cd55bccf6696a955ffdcc10dbced411cbd042,reference,8
32770de7d680fbc5633d01a39027debb88d12a97,reference,8
f8b95c16cc4d39ec60ff87ec1af9f3fa705d0a55,reference,8
fb28d19392f4ec4c5589e19caf94a3ac877a3e90,reference,8
0b7cc8ebc8d7478ce6f3ecc9300f1af8c53984c7,reference,8
4b02c700123a19a8834b716a42eef123ef7b52a2,reference,8
c99db9d46e08305026c85fdb4abbc5e84016a242,reference,8
6cfb86f053c20fd043ed54248c5a48d983022a6b,reference,30
400acd20bd5e0cf007d4fbf7e2cc2e8643b47cd0,reference,30
b8fd52b7727af8bd2ec1c80c638d5bcead9acad1,reference,30
cf1a21f6837f84193d548afa2dba93fb79e714c7,reference,30
c0212f15cc33b4270b3d06a50e3e2fa577d24a39,reference,30
24f78a9d174a18cbd24cd80adf15b6a15afad567,reference,30
b28fc4877f94b1275bfe7ccbeebb6861a3cf95eb,reference,24
8ef570f049bc5b93c246976ab99b93d57fbb9897,reference,24
9350c86904197b314043ba06f7de0111975215d6,reference,24
e6c6662ceaee0360a23e325cb7eecf4f65573d7f,reference,24
3499d9d150b4b1deb0e44b524c9427ed94764110,reference,24
5271534544553225b9cc13f10f3558b34aa48041,reference,24
33cdc41bc537d32f9f71e8dcc1799ecc55059109,reference,13
6c2e2c9dc00aab1886b4a28de31813bed229174e,reference,13
d109ea87573241c28427be70dcf4e8ff7201b980,reference,13
85c4badd3e854796757e9ae704bc0315df859276,reference,13
974906b8df0f4a1f92c7829d6132a92182a7ca34,reference,13
ad9bf03d6669db474748c68d949f02294437f57a,reference,15
ce07863f357fed3181a052443041759efa609744,reference,15
589cd2a84c7e5cf8c8994ce90810d6b0182097da,reference,15
25da1ec7098652e30165af4f362eb88149166b37,reference,15
17119907bf9c41863ac664eb505e61c17b6ece78,reference,15
66a0856882713193f8325bdee932ef1d38290fa9,reference,15
e8e3f17e235d66ab0dab5c5676f078e31d52469a,reference,36
b257ad37940f72f2b9d62722fb5dd84fd8aeec0f,reference,36
1a21ea83ebe5b2cd6a824e71e0225d94b3a3b4ef,reference,36
01f4447b813d9cb7d77e5a5ccb5d14307771853d,reference,36
a904aa2037d5508792c74858157349884134601e,reference,36
3eadd1387e29d2b5b749099ca9457228e844df9b,reference,36
a37e910b88386491ae0b67f544722c914fee3aeb,reference,12
4883fb9c38cfaad5efe81eecbedd579d186e9758,reference,12
96e75871dc4ac7bcd21ca092de0a3854e4cb50f9,reference,12
2fb605f67fee79cad94952ddfe0f686e926f49f5,reference,12
12a4c41b087629548b07d0dadb9da05147fa4f81,reference,12
447bbdbeb5dfa9252b51a833eafe5e8f4d3b632e,reference,12
