source,target,type
arXiv:2204.01691,2763b888dbff47c7c6e095287453edb94941cf82,reference
arXiv:2204.01691,f3cf71c51b882fe3111d71c4bf104297d38197f8,reference
arXiv:2204.01691,094ff971d6a8b8ff870946c9b3ce5aa173617bfb,reference
arXiv:2204.01691,c9bdc9ad2c3cf3230ba9aac7b5783ab411f0d204,reference
arXiv:2204.01691,d766bffc357127e0dc86dd69561d5aeb520d6f4c,reference
arXiv:2204.01691,44d6c201a4056e260e9844bdbb01461ea9b1a011,reference
arXiv:2204.01691,1d803f07e4591bd67c358eef715bcd443e821894,reference
arXiv:2204.01691,b9b220b485d2add79118ffdc2aaa148b67fa53ef,reference
arXiv:2204.01691,1b6e810ce0afd0dd093f789d2b2742d047e316d5,reference
arXiv:2204.01691,266cc7ff4856b6a2ce9cc0a3e5f6c155ecc448a2,reference
arXiv:2204.01691,b3848d32f7294ec708627897833c4097eb4d8778,reference
arXiv:2204.01691,92a8f7f09f3705cb5a6009a42220a6f01ea084e8,reference
arXiv:2204.01691,68f141724814839d556a989646194be88641b143,reference
arXiv:2204.01691,0213fa01c7b8aa7668b11fd9edf283fe10d5719e,reference
arXiv:2204.01691,2d4ca959cb3d544473cb661cefe76daabebcdff3,reference
arXiv:2204.01691,69ee9b3a915951cc84b74599a3a2699a66d4004f,reference
arXiv:2204.01691,06858604cc652722ca5092072c50a066000c565e,reference
arXiv:2204.01691,ff0b2681d7b05e16c46dfb71d980cc2f605907cd,reference
arXiv:2204.01691,20e6909ce6c5f12b61e5c9022d97134137360273,reference
arXiv:2204.01691,76e9e2ec3de437ffb30d8b7b629f7fe3e61de5c2,reference
arXiv:2204.01691,0af51c6a6041a439796a334f65327a992c8a3e63,reference
arXiv:2204.01691,c0c9f77cb097f2ce53feb91802bcfbae57fcc42f,reference
arXiv:2204.01691,36c95e3ef362742a5c1844257e8b79d3251a781e,reference
arXiv:2204.01691,6536f36648d39f0f9f6105562f76704fcc0b19e8,reference
arXiv:2204.01691,90357a6dc817e2f7cec477a51156675fbf545cf1,reference
arXiv:2204.01691,32feca141fce06c6588b4014d27953a3fc25f19b,reference
arXiv:2204.01691,e41e00bf48c896c57608e49e468545d5496ddc7b,reference
arXiv:2204.01691,25ddddbd0bd1cfebf1548b2ee91bb1bbd05fdff1,reference
arXiv:2204.01691,408cc1103ab953a26c7071ffd9ce808469f77a01,reference
arXiv:2204.01691,cf9b8da26d9b92e75ba49616ed2a1033f59fce14,reference
arXiv:2204.01691,3e85d208b1b927fdb69ecf8336c70995818aaebd,reference
arXiv:2204.01691,677b103eecc4d34e378502d60147456875e8741b,reference
arXiv:2204.01691,ca2f1088d3e581b2c6c75cf0ebc96506d620f64d,reference
arXiv:2204.01691,6f870f7f02a8c59c3e23f407f3ef00dd1dcf8fc4,reference
arXiv:2204.01691,950fdf14b46d5b00e8e854d9cf415804c883cdb1,reference
arXiv:2204.01691,7ca4abace88db259faed67686ed7bba02b46eb82,reference
arXiv:2204.01691,72c034e53213cc2f4913d73dd838b64d7b641585,reference
arXiv:2204.01691,826b2efc9e3f563e9aa1845e5f88ea725bcefd9e,reference
arXiv:2204.01691,02eaaf87f9cae34cca398fed146079e6eeb1f868,reference
arXiv:2204.01691,90abbc2cf38462b954ae1b772fac9532e2ccd8b0,reference
arXiv:2204.01691,1ccd73d95b5e23279929866bc15ec2983f9fa700,reference
arXiv:2204.01691,8095bdd5861d1dbe43b77997bc0dbc2fd51acb93,reference
arXiv:2204.01691,bc23dfb70e109dbe666b979f995e2779b96e1073,reference
arXiv:2204.01691,8c7bbdc11225ac234f0117d317c823f61cec61b9,reference
arXiv:2204.01691,8946c35672fdc04174fe36b5d479756b98280fe9,reference
arXiv:2204.01691,f4cf4246f3882aa6337e9c05d5675a3b8463a32e,reference
arXiv:2204.01691,22263ce73a19d6e514318fc678a9b98619aa927c,reference
arXiv:2204.01691,2bd423f7a15f28fdf59065df3c8b623fa7e74477,reference
arXiv:2204.01691,6c4b76232bb72897685d19b3d264c6ee3005bc2b,reference
arXiv:2204.01691,e43dbd76c0c7d5c4b8efa3e1fec2ea6dca65f0e3,reference
arXiv:2204.01691,4d40f7df809576d4db22b95c4ca9cc4c66e6928d,reference
arXiv:2204.01691,ced1ed8a50cffcf5ed57ce4cf5584c97a8c74d96,reference
arXiv:2204.01691,5aec474c31a2f4b74703c6f786c0a8ff85c450da,reference
arXiv:2204.01691,65a9c7b0800c86a196bc14e7621ff895cc6ab287,reference
arXiv:2204.01691,c2c8482c713b94073f3d59895b373db4398ddfbb,reference
arXiv:2204.01691,e0889fcee1acd985af76a3907d5d0029bf260be9,reference
arXiv:2204.01691,7dc156eb9d84ae8fd521ecac5ccc5b5426a42b50,reference
arXiv:2204.01691,c41a11c0e9b8b92b4faaf97749841170b760760a,reference
arXiv:2204.01691,d8f647fb2e3500d11289d47ecce9cf7e34552075,reference
arXiv:2204.01691,5df5561b55ab872f2b3df559ddd475299f660b42,reference
arXiv:2204.01691,0e03fc69fdfb33742dd4ae0977298b3cabdf579b,reference
arXiv:2204.01691,a76706d350b8c483a3aff73e61b91d15b5687335,reference
arXiv:2204.01691,c0d96d1ea69855a5a3abf614f17095c29b3339a4,reference
arXiv:2204.01691,7c747f7fe9e1e811eee4430febb7787384bf35e8,reference
arXiv:2204.01691,bf48f1d556fdb85d5dbe8cfd93ef13c212635bcf,reference
arXiv:2204.01691,019923afa86036b69c0e423f3c2188bfa7050923,reference
arXiv:2204.01691,30834ae1497c35d362eea14857d93c28d2d12b57,reference
arXiv:2204.01691,204e3073870fae3d05bcbc2f6a8e263d9b72e776,reference
arXiv:2204.01691,4558b932075a862c72bb98bbce5f08590f563b14,reference
arXiv:2204.01691,bc9f3c466c6f6b386f4ef1195853d498cf3c182e,reference
arXiv:2204.01691,3a13f7c43b767b1fb72ef107ef62a4ddd48dd2a7,reference
arXiv:2204.01691,13d156f37ecea807706fd117547ac1b805d5c5aa,reference
arXiv:2204.01691,c6170fa90d3b2efede5a2e1660cb23e1c824f2ca,reference
arXiv:2204.01691,9939d9b4549c04cbfbdc636ce1c88d6647c8e108,reference
arXiv:2204.01691,80f15048f9774191c3ae2ab8950b6d49f2d05295,reference
arXiv:2204.01691,680345b8799e659b60018c77cddcfff2b781d529,reference
arXiv:2204.01691,8cb52a0424992807dceeaf2af740364b2e80c438,reference
arXiv:2204.01691,f95e21fade86c3e9d6d420bfe89eb9c169e9a15e,reference
arXiv:2204.01691,58bd0afc8a1b98e16a67ebda436e60c6f6410f56,reference
arXiv:2204.01691,b14088a744640a5bfc39dd136a02eea65f4092f6,reference
arXiv:2204.01691,a389456fdc46e458d0a813a608b71b44b2ff8e62,reference
arXiv:2204.01691,46cd76f721fe0a7635c5ff61492012efc52039b4,reference
arXiv:2204.01691,a5b1bf6584f24fe3ccc8d67e5bba369783f817f0,reference
arXiv:2204.01691,33d0c4dd77288625923192e7c533def3c8b14edb,reference
arXiv:2204.01691,851f27df3a1ec8daa693f6642194562e3fe9769a,reference
arXiv:2204.01691,6704ead9baeff735cb33c203df4458c525eb9cf9,reference
arXiv:2204.01691,aab73524b4d699fc0f5aa5c0f25f6f8cb68e200b,reference
arXiv:2204.01691,cf43b0c55eaea386965ccbaf6e52c7229f951ab2,reference
arXiv:2204.01691,54aaf902fcd112d91783bf35861cd9137b342e4e,reference
arXiv:2204.01691,c547e1f79e6039d05c5ae433a36612d7f8e4d3f5,reference
arXiv:2204.01691,424cf0cdf8015640ab36d80cd15f92476aac46b8,reference
arXiv:2204.01691,0b22f92be890b720eaa97fa75a49560f11ff2ab2,reference
arXiv:2204.01691,df2b0e26d0599ce3e70df8a9da02e51594e0e992,reference
arXiv:2204.01691,9b19b116dfb01a59c5bcc0fe7f792162a2cb3614,reference
arXiv:2204.01691,de4961a6431b9553d9f13319236570a9f033fcab,reference
arXiv:2201.07207,bd1331b233e84bab7eba503abc60b31ac08e7881,reference
arXiv:2201.07207,b9b220b485d2add79118ffdc2aaa148b67fa53ef,reference
arXiv:2201.07207,b62d63580b81a2cbb20c3c1593dd62d118e4cb07,reference
arXiv:2201.07207,f9838a3be5c94bb2674a0e224de349b50e18f3c4,reference
arXiv:2201.07207,d6045d2ccc9c09ca1671348de86d07da6bc28eea,reference
arXiv:2201.07207,2d4ca959cb3d544473cb661cefe76daabebcdff3,reference
arXiv:2201.07207,4698fc4712f0212c8a3810fd67b41ee8b8896aba,reference
arXiv:2201.07207,76e9e2ec3de437ffb30d8b7b629f7fe3e61de5c2,reference
arXiv:2201.07207,0af51c6a6041a439796a334f65327a992c8a3e63,reference
arXiv:2201.07207,acbdbf49f9bc3f151b93d9ca9a06009f4f6eb269,reference
arXiv:2201.07207,01b5412f3d17e90e09226d7c40ad4d4468a1414d,reference
arXiv:2201.07207,2a6da67a4fa92b0925cfce8888b080b55923d5bd,reference
arXiv:2201.07207,ac879df2cc36f3f824fa24149517622b6bc7bd09,reference
arXiv:2201.07207,1ccd031f28dccfb226f6c0c588c93a97a50bf95f,reference
arXiv:2201.07207,3f0f6c19c6f5d4e4d5066984c5f3e922a2c2ff85,reference
arXiv:2201.07207,3544650f12a05cf4ed3bf2f7e22fc5c02fcabf50,reference
arXiv:2201.07207,59641c10ed7431a3cf841f308367dc2dc0281b74,reference
arXiv:2201.07207,85e7d63f75c0916bd350a229e040c5fbb1472e7a,reference
arXiv:2201.07207,398a0625e8707a0b41ac58eaec51e8feb87dd7cb,reference
arXiv:2201.07207,0cd0c3c76578deb7dc2c779256cd1b1f48ea2567,reference
arXiv:2201.07207,90abbc2cf38462b954ae1b772fac9532e2ccd8b0,reference
arXiv:2201.07207,1ccd73d95b5e23279929866bc15ec2983f9fa700,reference
arXiv:2201.07207,1301e9d11b728268ed1ff3f1a9adc155308d5250,reference
arXiv:2201.07207,8095bdd5861d1dbe43b77997bc0dbc2fd51acb93,reference
arXiv:2201.07207,467ac47b2e01ce6ae74e8d70561ca0f8f66c7b8c,reference
arXiv:2201.07207,d1ac487f21829ef56c8ffdcd37ea414bce68c809,reference
arXiv:2201.07207,80376bdec5f534be78ba82821f540590ebce5559,reference
arXiv:2201.07207,5e0cffc51e8b64a8f11326f955fa4b4f1803e3be,reference
arXiv:2201.07207,f4cf4246f3882aa6337e9c05d5675a3b8463a32e,reference
arXiv:2201.07207,a75649771901a4881b44c0ceafa469fcc6e6f968,reference
arXiv:2201.07207,6c4b76232bb72897685d19b3d264c6ee3005bc2b,reference
arXiv:2201.07207,53c8b98eb9180ed9f46820627715c7ae2803cee7,reference
arXiv:2201.07207,d0086b86103a620a86bc918746df0aa642e2a8a3,reference
arXiv:2201.07207,f98e135986414cccf29aec593d547c0656e4d82c,reference
arXiv:2201.07207,93d63ec754f29fa22572615320afe0521f7ec66d,reference
arXiv:2201.07207,077f8329a7b6fa3b7c877a57b81eb6c18b5f87de,reference
arXiv:2201.07207,f68e35cdd571c3cf66f071384725135191ebac4d,reference
arXiv:2201.07207,cf4aa38ae31b43fd07abe13b4ffdb265babb7be1,reference
arXiv:2201.07207,b4a35e548de27b6924e5f2ee41d37238a5c4a1d5,reference
arXiv:2201.07207,758311575a6385bb15d4f9af8c0e671cb98184b4,reference
arXiv:2201.07207,c66b8e508718f4b7f14829e5c2cde0add31d2693,reference
arXiv:2201.07207,7139a5f730652abbeabf9e140009907d2c7da3e5,reference
arXiv:2201.07207,893186c6bc08a17cb3f9f94fa3f14e9ad20b0525,reference
arXiv:2201.07207,89c8aad71433f7638d2e2c009e1ea20e039f832d,reference
arXiv:2201.07207,c37c23b12e00168833eccff8025a830ce27c5abc,reference
arXiv:2201.07207,a23fa96e7217ba0e9405d9e1fe3cdedd57b6e096,reference
arXiv:2201.07207,204e3073870fae3d05bcbc2f6a8e263d9b72e776,reference
arXiv:2201.07207,24c143f88333bb20bf8b19df97520b21c68829ac,reference
arXiv:2201.07207,f37e1b62a767a307c046404ca96bc140b3e68cb5,reference
arXiv:2201.07207,8cb52a0424992807dceeaf2af740364b2e80c438,reference
arXiv:2201.07207,cde902f11b0870c695428d865a35eb819b1d24b7,reference
arXiv:2201.07207,6495c355f1c30458fbb074e79003b038c20feedc,reference
arXiv:2201.07207,2e9d221c206e9503ceb452302d68d10e293f2a10,reference
arXiv:2201.07207,df2b0e26d0599ce3e70df8a9da02e51594e0e992,reference
arXiv:2201.07207,9405cc0d6169988371b2755e573cc28650d14dfe,reference
arXiv:2304.12244,a0a79dad89857a96f8f71b14238e5237cbfc4787,reference
arXiv:2304.12244,acf90b4d165690fe27c62c4af1a28d540c784000,reference
arXiv:2304.12244,3b508a48a4b48d2a16dd790a2a04ffcf51c0b4a6,reference
arXiv:2304.12244,e0dc8e113dbdd2896fb6420ac93e0b976c47f2a2,reference
arXiv:2304.12244,e01515c6138bc525f7aec30fc85f2adf028d4156,reference
arXiv:2304.12244,c77d908ba29567445a9a4ad1bd4461d441cce174,reference
arXiv:2304.12244,3487c12512fa41d3a4d64f00cb842525a8590ad3,reference
arXiv:2304.12244,8bc617c9139648d7a92991d70c671230bac7b2e2,reference
arXiv:2304.12244,ca6a2bc279be5a3349a22bfd6866ed633d18734b,reference
arXiv:2304.12244,d2b4b4804479714ad0e406e8ab73fa3e72069216,reference
arXiv:2304.12244,31efded912389bcff148c3205b42669ad434f7d9,reference
arXiv:2304.12244,a5036f31f0e629dc661f120b8c3b1f374d479ab8,reference
arXiv:2304.12244,748698bd4387afd08594e0dc8150c2afa210d9ae,reference
arXiv:2304.12244,bdb68c5e2369633b20e733774ac66eb4600c34d1,reference
arXiv:2304.12244,f9a7175198a2c9f3ab0134a12a7e9e5369428e42,reference
arXiv:2304.12244,70da4fb798a86cbe8cad96c27ced0415885bbd9d,reference
arXiv:2304.12244,138fa5f64fe54376022998fe553b6156a93ff19e,reference
arXiv:2304.12244,3436ff7a1dd4c6547ba78968d3eec2545a6dccb9,reference
arXiv:2304.12244,7c1707db9aafd209aa93db3251e7ebd593d55876,reference
arXiv:2304.12244,57e849d0de13ed5f91d086936296721d4ff75a75,reference
arXiv:2304.12244,f2b0017ddd77fa38760a18145e63553105a1a236,reference
arXiv:2304.12244,e65b346d442e9962a4276dc1c1af2956d9d5f1eb,reference
arXiv:2304.12244,cdbd4f9b6ab2e2fd1ddf5400d5ed2c18960635d1,reference
arXiv:2304.12244,06d7cb8c8816360feb33c3367073e0ef66d7d0b0,reference
arXiv:2304.12244,d766bffc357127e0dc86dd69561d5aeb520d6f4c,reference
arXiv:2304.12244,842104ef0575823498f26cdd57b4b4dba655df9e,reference
arXiv:2304.12244,cbf98ebe967e0f3f3236e7932f37013b98244e94,reference
arXiv:2304.12244,d6045d2ccc9c09ca1671348de86d07da6bc28eea,reference
arXiv:2304.12244,17dd3555fd1ccf1141cf984347fa1b3fd6b009ca,reference
arXiv:2304.12244,ff0b2681d7b05e16c46dfb71d980cc2f605907cd,reference
arXiv:2304.12244,acbdbf49f9bc3f151b93d9ca9a06009f4f6eb269,reference
arXiv:2304.12244,814a4f680b9ba6baba23b93499f4b48af1a27678,reference
arXiv:2304.12244,90abbc2cf38462b954ae1b772fac9532e2ccd8b0,reference
arXiv:2304.12244,6c4b76232bb72897685d19b3d264c6ee3005bc2b,reference
arXiv:2304.12244,8b0f27bb594b1eaaf493eaf1e2ee723a2b0a19ad,reference
arXiv:2304.12244,88bb0a28bb58d847183ec505dda89b63771bb495,reference
arXiv:2304.12244,e99603b5b524485bcf1afb2f01acadc34dfb033c,reference
arXiv:2304.12244,7861f1bed8e8b93c84135add06cf22796baba248,reference
arXiv:2304.12244,511901aa2aeba02c555045f8841275a74964400a,reference
arXiv:2304.12244,7db7fb25a8753c9efc6b3722d178f94fcc1f82d3,reference
arXiv:2304.12244,f7ad35a51c59ff24fcd2d7f438a96bbfb922bde5,reference
arXiv:2304.12244,1c46943103bd7b7a2c7be86859995a4144d1938b,reference
arXiv:2304.12244,810b9ffea4c74db3923336a22dc9563679cfe564,reference
arXiv:2306.13394,37525ac5228387bea899710b97fec196b7f68dfc,reference
arXiv:2306.13394,77500a64b0e6b005b30265dec25f00ac584ab156,reference
arXiv:2306.13394,0da15253f25c1b3581216a818f1c2709adae1f51,reference
arXiv:2306.13394,178d99818f7df16fdca49725cb8bf96c27445b6b,reference
arXiv:2306.13394,d02b9420df66330620f8853d19de610c98d2e1c1,reference
arXiv:2306.13394,10d3c1cfb98f4e547f579a30b31f2361297983f1,reference
arXiv:2306.13394,bf7405dc35cbf9e04f8ef1998f4898b3ef6d12dd,reference
arXiv:2306.13394,76a3f4a79ae9a00db2f2b5f6877021d8deb96ada,reference
arXiv:2306.13394,ad13b213681b6f634bc83a264df246e83dd9a9d9,reference
arXiv:2306.13394,3df2b2a90ed3e3db6abc6c0d36165d1778cdcb37,reference
arXiv:2306.13394,807f336176070bd3f95b82a16f125ee99b7d2c80,reference
arXiv:2306.13394,07d639b011f48615c1154cb6cdbc067bfe331348,reference
arXiv:2306.13394,3803d1f291e162bdaa4678a2c5a2bbcf63c050f4,reference
arXiv:2306.13394,54c68b8623505dc6bf7a0b08aaa77ca9165f2d7f,reference
arXiv:2306.13394,30cc95639cffca4ffa8c0eafbc502636c0c88fa5,reference
arXiv:2306.13394,cb712ab2b3bbaef6bff02efa7295ea420b58f654,reference
arXiv:2306.13394,b37b1dc72b1882858f5120f2cd6883134089a6ed,reference
arXiv:2306.13394,ebddfdc5d845a788e8062eddbbf7a335737cb99b,reference
arXiv:2306.13394,ebedc4d7a2356090904baba4104ef0832bc236df,reference
arXiv:2306.13394,a8d02ff6d075c3cc48f0b97801cc52765c8f9ac9,reference
arXiv:2306.13394,fd755dc7b5b206c17fd953db04e1c888d45b6e4e,reference
arXiv:2306.13394,d47524cd5c3c4b57af2e5a29f6f91c420310f236,reference
arXiv:2306.13394,8ecdbfe011b7189fa0ee49ffc4e42a93d728a371,reference
arXiv:2306.13394,d3f79210b54e168c76b8c311488f42d7d1048b81,reference
arXiv:2306.13394,c6ac708b65b24c20f80831d518c1795ce8133ad5,reference
arXiv:2306.13394,9c3a9b4821daa03cb5369041d59d2714329a3811,reference
arXiv:2306.13394,42a30dc5470f54ec249f25d3c31e05d7c376c8e3,reference
arXiv:2306.13394,206400aba5f12f734cdd2e4ab48ef6014ea60773,reference
arXiv:2306.13394,8bd6a2a89503be083176f2cc26fabedb79238cbd,reference
arXiv:2306.13394,7dc6da87eaa6f830354feb2db14023cab8678c91,reference
arXiv:2306.13394,81e7e82245c2f230eeb8aaaa1a2b2604c143754a,reference
arXiv:2306.13394,d6d3604f369bb0415cbe814e43ca3131323b03e2,reference
arXiv:2306.13394,0046306876ff2d5600699327e52bc29fa5e9ec91,reference
arXiv:2306.13394,570079bbdd8758dfe865097e05719313c9c1301a,reference
arXiv:2306.13394,7e32aac43e9f1df49e116add03327ee6f365dbf3,reference
arXiv:2306.13394,ca6a2bc279be5a3349a22bfd6866ed633d18734b,reference
arXiv:2306.13394,a5036f31f0e629dc661f120b8c3b1f374d479ab8,reference
arXiv:2306.13394,f9a7175198a2c9f3ab0134a12a7e9e5369428e42,reference
arXiv:2306.13394,163b4d6a79a5b19af88b8585456363340d9efd04,reference
arXiv:2306.13394,af997821231898a5f8d0fd78dad4eec526acabe5,reference
arXiv:2306.13394,38fe8f324d2162e63a967a9ac6648974fc4c66f3,reference
arXiv:2306.13394,57e849d0de13ed5f91d086936296721d4ff75a75,reference
arXiv:2306.13394,fbfef4723d8c8467d7bd523e1d0b703cce0e0f9c,reference
arXiv:2306.13394,3f5b31c4f7350dc88002c121aecbdc82f86eb5bb,reference
arXiv:2306.13394,0c0300f53c01ae609c97395c98de4c9d85d92876,reference
arXiv:2306.13394,d3135733aa39dec20ce72aa138589dda27c8406d,reference
arXiv:2306.13394,60ee030773ba1b68eb222a265b052ca028353362,reference
arXiv:2306.13394,26218bdcc3945c7edae7aa2adbfba4cd820a2df3,reference
arXiv:2306.13394,1b6e810ce0afd0dd093f789d2b2742d047e316d5,reference
arXiv:2306.13394,a8ca46b171467ceb2d7652fbfb67fe701ad86092,reference
arXiv:2306.13394,26738278bfee3cc9e5b9b82d199ef3bf83e7e56e,reference
arXiv:2306.13394,0732df185bdfcb9c908ec30bb441252593f58875,reference
arXiv:2306.13394,90abbc2cf38462b954ae1b772fac9532e2ccd8b0,reference
arXiv:2306.13394,f3f5db6241f37b6302469c4b712a2260146bf84b,reference
arXiv:2306.13394,5292c4596b5f10a0acf6682b15eb566cd981ae77,reference
arXiv:2306.13394,a440bcf181c7f7b072ef178a067497c55805685a,reference
arXiv:2306.13394,28ad018c39d1578bea84e7cedf94459e3dbe1e70,reference
arXiv:2306.13394,a7ac99d7cf3f568ab1a741392144b646b856ae0c,reference
arXiv:2306.13394,23e0b92df3a877b5141c066e69db483370169176,reference
arXiv:2306.13394,7e232313a59d735ef7c8a9f4cc7bc980a29deb5e,reference
arXiv:2306.13394,97ad70a9fa3f99adf18030e5e38ebe3d90daa2db,reference
arXiv:2306.13394,696ca58d93f6404fea0fc75c62d1d7b378f47628,reference
arXiv:2306.13394,9667f8264745b626c6173b1310e2ff0298b09cfc,reference
arXiv:2306.13394,71b7178df5d2b112d07e45038cb5637208659ff7,reference
arXiv:2306.13394,d1120d67b700e4dfe8b39eb1e48fbdea4e1a0c43,reference
arXiv:2306.13394,5ddb51ae85deca14dc7fc8adc07305c22a1ebe0a,reference
arXiv:2306.13394,84dc889beff9d51fe429cff8c92735e7410ee3c2,reference
arXiv:2306.13394,0bb30ec681b92b1a2690c48ddafa1e8d8464401a,reference
arXiv:2204.06745,094ff971d6a8b8ff870946c9b3ce5aa173617bfb,reference
arXiv:2204.06745,1ed66e048bb025e75aa5ea660545285212e5341f,reference
arXiv:2204.06745,8342b592fe238f3d230e4959b06fd10153c45db1,reference
arXiv:2204.06745,0b0d7d87c58d41b92d907347b778032be5966f60,reference
arXiv:2204.06745,d766bffc357127e0dc86dd69561d5aeb520d6f4c,reference
arXiv:2204.06745,28c7e583d90ccfc5c3078dfc1d6b80a9ad90248d,reference
arXiv:2204.06745,af46b5ee6d0c1aada1c482d53018a50909aa4c90,reference
arXiv:2204.06745,55c36748f2a7c060c3313349c730b053ed03fbf7,reference
arXiv:2204.06745,7cbc2a7843411a1768ab762930707af0a3c33a19,reference
arXiv:2204.06745,92a8f7f09f3705cb5a6009a42220a6f01ea084e8,reference
arXiv:2204.06745,bd44f34b47c8a4b6947695853fc2814ac69664a6,reference
arXiv:2204.06745,39c77e29a232a9fb62b3a3c89c50f487d73e27ce,reference
arXiv:2204.06745,fb01415a0decfa3f3d6339930e95028ae1ff4170,reference
arXiv:2204.06745,68f141724814839d556a989646194be88641b143,reference
arXiv:2204.06745,3dc7dc1bea9a4f70c02b6759a0bda7aca0005a9e,reference
arXiv:2204.06745,92173d081b15824d22a9ef070e118744ceee8052,reference
arXiv:2204.06745,337f93eea5a89f81fcc71800a396490efdcc5afe,reference
arXiv:2204.06745,c3c3d371a19c693783cc3a9d9f8227cbbdcfc232,reference
arXiv:2204.06745,bc031724d5323b294e22a895977928b79fbe8a29,reference
arXiv:2204.06745,17dd3555fd1ccf1141cf984347fa1b3fd6b009ca,reference
arXiv:2204.06745,5548d8a116dff78827d658ef0bbf3fa0dcaec8f1,reference
arXiv:2204.06745,267f1de5ff863ab03f8c48c7ac3df1d422de7c3b,reference
arXiv:2204.06745,a6d8d04962f84ae6225e72723869a002b9fc8036,reference
arXiv:2204.06745,77d956cdab4508d569ae5741549b78e715fd0749,reference
arXiv:2204.06745,ff0b2681d7b05e16c46dfb71d980cc2f605907cd,reference
arXiv:2204.06745,4566c0d22ebf3c31180066ab23b6c445aeec78d5,reference
arXiv:2204.06745,acbdbf49f9bc3f151b93d9ca9a06009f4f6eb269,reference
arXiv:2204.06745,319b84be7a843250bc81d7086f79a4126d550277,reference
arXiv:2204.06745,4b5b46ad3a50c10a46a77c5bc9f3a6295482774b,reference
arXiv:2204.06745,5aab57cc0530560d82c74c055f664280619d7e81,reference
arXiv:2204.06745,44ef6cf919250001836ed73c0d58b20ea1e2d308,reference
arXiv:2204.06745,78bd4518950e3f0bcd6aa9f7f8e09cbbf13eb11f,reference
arXiv:2204.06745,66c10bf1f11bc1b2d92204d8f8391d087f6de1c4,reference
arXiv:2204.06745,2c871df72c52b58f05447fcb3afc838168d94505,reference
arXiv:2204.06745,1adadbfa95e43a70fcd17e6ce947a0652b86bfc3,reference
arXiv:2204.06745,4b0ec90dc10e51c1fc983edcd57bb86636d7b3ca,reference
arXiv:2204.06745,73c85c91abc67aa875ae9aef1e635664041353b4,reference
arXiv:2204.06745,6803adc7d8b891be652d18815f830f7a42a0f5b5,reference
arXiv:2204.06745,7e5008713c404445dd8786753526f1a45b93de12,reference
arXiv:2204.06745,57d1e7ac339e783898f2c3b1af55737cbeee9fc5,reference
arXiv:2204.06745,ca2f1088d3e581b2c6c75cf0ebc96506d620f64d,reference
arXiv:2204.06745,fdacf2a732f55befdc410ea927091cad3b791f13,reference
arXiv:2204.06745,db1afe3b3cd4cd90e41fbba65d3075dd5aebb61e,reference
arXiv:2204.06745,355300e8b9c921fec04216a121ef198c8c751221,reference
arXiv:2204.06745,3efbcfeeb0ea1051a71101d3318da4411081f0b8,reference
arXiv:2204.06745,74276a37bfa50f90dfae37f767b2b67784bd402a,reference
arXiv:2204.06745,814a4f680b9ba6baba23b93499f4b48af1a27678,reference
arXiv:2204.06745,053b1d7b97eb2c91fc3921d589c160b0923c70b1,reference
arXiv:2204.06745,725264948d7b6946259af5b8d966e996b9570f99,reference
arXiv:2204.06745,a942cc84412d6a52adab325909b52296c017df48,reference
arXiv:2204.06745,90abbc2cf38462b954ae1b772fac9532e2ccd8b0,reference
arXiv:2204.06745,dbeeca8466e0c177ec67c60d529899232415ca87,reference
arXiv:2204.06745,07363dd18fed7feb8de6cbf2e5be164c19655723,reference
arXiv:2204.06745,e6c561d02500b2596a230b341a8eb8b921ca5bf2,reference
arXiv:2204.06745,46d4452eb041e33f1e58eab64ec8cf5af534b6ff,reference
arXiv:2204.06745,04f4e55e14150b7c48b0287ba77c7443df76ed45,reference
arXiv:2204.06745,f51497f463566581874c941353dd9d80069c5b77,reference
arXiv:2204.06745,207da6d2c07289bf72a2b5974bb3f011ebb5dd0d,reference
arXiv:2204.06745,6c4b76232bb72897685d19b3d264c6ee3005bc2b,reference
arXiv:2204.06745,b3ea2d9c8e5ea3b87ace121f0bece71565abc187,reference
arXiv:2204.06745,703685e969fed715e13937c11d7ecc5cc7c4dfd0,reference
arXiv:2204.06745,70fe1f854bc59092ded4bf2939a6624a80e5e4c3,reference
arXiv:2204.06745,8323c591e119eb09b28b29fd6c7bc76bd889df7a,reference
arXiv:2204.06745,401dc39c2c8c910253d47980cfa3b4d2f7790d9b,reference
arXiv:2204.06745,3c5f1ab37f70db503636075e15b3173f86eea00b,reference
arXiv:2204.06745,572b6fe8d75032c159896c644319dacdf594e9c6,reference
arXiv:2204.06745,04234cd1cad396f76b96042227041abc9e525b0a,reference
arXiv:2204.06745,d6a083dad7114f3a39adc65c09bfbb6cf3fee9ea,reference
arXiv:2204.06745,7ee12d3bf8e0ce20d281b4550e39a1ee53839452,reference
arXiv:2204.06745,d9f6ada77448664b71128bb19df15765336974a6,reference
arXiv:2204.06745,8b0f27bb594b1eaaf493eaf1e2ee723a2b0a19ad,reference
arXiv:2204.06745,21da617a0f79aabf94272107184606cefe90ab75,reference
arXiv:2204.06745,afed6dc6900d3b37e528b9086661bba583d60bf6,reference
arXiv:2204.06745,fa8cc007f4169f0ccabebf38267560a475b54950,reference
arXiv:2204.06745,eefa0df7c5678fa6004f8b48dbbc1c2696702fee,reference
arXiv:2204.06745,ba618ec05a9dbef75310c5e4bcce8a559e0270b5,reference
arXiv:2204.06745,1536e8958697c5364f68b2e2448905dbbeb3a0ca,reference
arXiv:2204.06745,c314d97d75b4a988b106ddcec8a40a4d3bcdb8bd,reference
arXiv:2204.06745,88bb0a28bb58d847183ec505dda89b63771bb495,reference
arXiv:2204.06745,80939dd8a5cad405053c88ed856c28791bdc0582,reference
arXiv:2204.06745,cdabff298e9467de9babf0baad04c19789cde44b,reference
arXiv:2204.06745,d07284a6811f1b2745d91bdb06b040b57f226882,reference
arXiv:2204.06745,45dfef0cc1ed96558c1c650432ce39d6a1050b6a,reference
arXiv:2204.06745,61c368138b0211323e8773174ac3132122da07ef,reference
arXiv:2204.06745,932a5de79d8a8ebb75ea0c43493450fd9922e738,reference
arXiv:2204.06745,6b93cedfe768eb8b5ece92612aac9cc8e986d12a,reference
arXiv:2204.06745,f010affab57b5fcf1cd6be23df79d8ec98c7289c,reference
arXiv:2204.06745,e0fe9b2f77288bc5e6f778611a49e62e98231f8c,reference
arXiv:2204.06745,5ed791f810da580c78df6a052c6b9f2e258f6b0a,reference
arXiv:2204.06745,e11edb4201007530c3692814a155b22f78a0d659,reference
arXiv:2204.06745,d7b321d8d88381a2a84e9d6e8f8f34ee2ed65df2,reference
arXiv:2204.06745,4e8ff3b4069a12a00196d62925bab8add7389742,reference
arXiv:2204.06745,00beaaa3cc933ecafd815727eb082c28f1338a2e,reference
arXiv:2204.06745,6d78d67d4f7f5fe2e66933778ab1faf119d21547,reference
arXiv:2204.06745,56010a55d49ac1f42355538f494427fd22402be1,reference
arXiv:2204.06745,a6582abc47397d96888108ea308c0168d94a230d,reference
arXiv:2204.06745,21abb6f22851e5447cd810dd9e70a4b8691cee51,reference
arXiv:2204.06745,8c23e7627896b7571648896b7d61b6ef76ece982,reference
arXiv:2204.06745,d801ea85c8d0c80aaf2499a040b22173b3b7ce26,reference
arXiv:2204.06745,3199d37b172a09f94840c0ade103fd4a9b4b9db1,reference
arXiv:2204.06745,df2b0e26d0599ce3e70df8a9da02e51594e0e992,reference
arXiv:2204.06745,9405cc0d6169988371b2755e573cc28650d14dfe,reference
arXiv:2204.06745,cd18800a0fe0b668a1cc19f2ec95b5003d0a5035,reference
arXiv:2204.06745,236f14013e4c961f69e1ec0c755cc97ee56bc24f,reference
arXiv:2204.06745,694b3c58712deefb59502847ba1b52b192c413e5,reference
arXiv:2204.06745,64c22174a3a43c1224c88ba37eae6421a0086730,reference
arXiv:2204.06745,0ae623749b30de53a39cf05813f5f3842e422c01,reference
arXiv:2306.08568,0b0debb710366cdff461938c80763eace1651af6,reference
arXiv:2306.08568,40e0b9361d88b1879891eb6d16de110b30bf6c62,reference
arXiv:2306.08568,84109e1235b725f4bb44a54bab8b493bd723fdd3,reference
arXiv:2306.08568,e0ca43a635d35fd0414ee76ca1e7c287715f5b00,reference
arXiv:2306.08568,7a1e71cb1310c4a873e7a4e54d1a6dab0553adce,reference
arXiv:2306.08568,32ac52069e562d4f900afee70bdca63f53461481,reference
arXiv:2306.08568,b6d6c33298b852cf63edac233deca70530d69a2a,reference
arXiv:2306.08568,9ada8fa11b1cdece31f253acae50b62df8d5f823,reference
arXiv:2306.08568,3e4085e5869f1b7959707a1e1d7d273b6057eb4e,reference
arXiv:2306.08568,886e0962479ec6dac563666399ca4c96a468fcaa,reference
arXiv:2306.08568,b45ec1cb2ba6b2d1ac24723fa836aee06a3db97a,reference
arXiv:2306.08568,08a80cb34d785258c770acecd302ab41ead46eed,reference
arXiv:2306.08568,bafe023fb072045dc0cd50316382a61c8dcb9fae,reference
arXiv:2306.08568,163b4d6a79a5b19af88b8585456363340d9efd04,reference
arXiv:2306.08568,57e849d0de13ed5f91d086936296721d4ff75a75,reference
arXiv:2306.08568,1786a2f9140ed7211b21302977de64e948b92308,reference
arXiv:2306.08568,e65b346d442e9962a4276dc1c1af2956d9d5f1eb,reference
arXiv:2306.08568,8a4fc5f00cd4aca61e148e46a2125c3a406719f1,reference
arXiv:2306.08568,cdbd4f9b6ab2e2fd1ddf5400d5ed2c18960635d1,reference
arXiv:2306.08568,1d26c947406173145a4665dd7ab255e03494ea28,reference
arXiv:2306.08568,d18287d5ef8653aa1276a11957f2b3934c7c93e1,reference
arXiv:2306.08568,13a0d8bb38f739990c8cd65a44061c6534f17221,reference
arXiv:2306.08568,e37018d3cfab9cfc29a7b78404e6c86ea18a907e,reference
arXiv:2306.08568,5288b9f3a9f575543f44c39e1d3b78b3ca4c99da,reference
arXiv:2306.08568,8342b592fe238f3d230e4959b06fd10153c45db1,reference
arXiv:2306.08568,38115e80d805fb0fb8f090dc88ced4b24be07878,reference
arXiv:2306.08568,d766bffc357127e0dc86dd69561d5aeb520d6f4c,reference
arXiv:2306.08568,5cbe278b65a81602a864184bbca37de91448a5f5,reference
arXiv:2306.08568,2c3111cbd1327e9b8616082eef39dc0a3a516b2a,reference
arXiv:2306.08568,b3848d32f7294ec708627897833c4097eb4d8778,reference
arXiv:2306.08568,842104ef0575823498f26cdd57b4b4dba655df9e,reference
arXiv:2306.08568,68f141724814839d556a989646194be88641b143,reference
arXiv:2306.08568,cbf98ebe967e0f3f3236e7932f37013b98244e94,reference
arXiv:2306.08568,17dd3555fd1ccf1141cf984347fa1b3fd6b009ca,reference
arXiv:2306.08568,ff0b2681d7b05e16c46dfb71d980cc2f605907cd,reference
arXiv:2306.08568,a30f912f8c5e2a2bfb06351d4578e1ba3fa37896,reference
arXiv:2306.08568,a38e0f993e4805ba8a9beae4c275c91ffcec01df,reference
arXiv:2306.08568,acbdbf49f9bc3f151b93d9ca9a06009f4f6eb269,reference
arXiv:2306.08568,90abbc2cf38462b954ae1b772fac9532e2ccd8b0,reference
arXiv:2306.08568,ad5970584754cc7a1d91c95ab84a1e210258183a,reference
arXiv:2306.08568,6c4b76232bb72897685d19b3d264c6ee3005bc2b,reference
arXiv:2306.08568,1b4c19168410fb2690d285b205ab2281793db81a,reference
arXiv:2306.08568,f40aeae3e522ada1f6a9f326841b01ef5c8657b6,reference
arXiv:2306.08568,810b9ffea4c74db3923336a22dc9563679cfe564,reference
arXiv:2306.13549,bd0fae435b93819d407f36d9d52565d5dfb5f87c,reference
arXiv:2306.13549,887306ee7ebd9eebd7faea24106ec8e8f1a50987,reference
arXiv:2306.13549,5c16889e9479dcbed8d0325c8ab464c9a8f86414,reference
arXiv:2306.13549,15ef0417570a190241caac0615eabdff11abb4de,reference
arXiv:2306.13549,6675bcf6dc97c87da7afda223938ec7e51ecc3b2,reference
arXiv:2306.13549,1e0049ecb981fa356f984641585b21fd19e4e254,reference
arXiv:2306.13549,14191e9f12913ad8c7ac6e1188682afac04aad09,reference
arXiv:2306.13549,f6b9ccd7533b58e14d284191f1a576b0c764b3d5,reference
arXiv:2306.13549,a1714677252a39d1835824efb185beb0113ca189,reference
arXiv:2306.13549,a091bf215c716a146140f81c751712db628c8e20,reference
arXiv:2306.13549,cd1d7f5c4ce2d31ce9ee72db165a8272624da7d3,reference
arXiv:2306.13549,c5db6c2726911b72d534f97bd4d1ed63f6431340,reference
arXiv:2306.13549,1524b7ff78755a3445d22400a8d6c75ba8c0cd65,reference
arXiv:2306.13549,5502d769595981009e43344f8914e287acca2359,reference
arXiv:2306.13549,61c723e7d91ca308b9eeacab35a2fce7548ef9fc,reference
arXiv:2306.13549,c672ec79f55cef8f7a32cd8dddfa981b893f1567,reference
arXiv:2306.13549,53036b0c70eee0a7e211702b6b2f6c49a4c4f925,reference
arXiv:2306.13549,2b14d9e190022e388476ebb24eb1a84349ca0de4,reference
arXiv:2306.13549,b5503967d39557a77c70076c308183e92d6d775a,reference
arXiv:2306.13549,e6468cc92f5093bd4a794f690795210b1999d1d1,reference
arXiv:2306.13549,e50583008fe4ec049e42fdc01727ce98f6d86a35,reference
arXiv:2306.13549,d1f925c65d56ff4de5d317a54d47d6df34b17d4e,reference
arXiv:2306.13549,06d2de84ae766fb5483796fd2b1edd836ae46525,reference
arXiv:2306.13549,769b794fe9f97268007676171f246d45e0631014,reference
arXiv:2306.13549,3581306549a4506c2b1976ebd131cda70ffb2acc,reference
arXiv:2306.13549,0f9a3c5c6a54fca6be2afa0fd5fd34eed96a31e8,reference
arXiv:2306.13549,ed4e20bcd73b1138d3bb2ed4dbbf5e8b224ef5c7,reference
arXiv:2306.13549,fc53f8f3a84f1fc4993689d8f98cf6551d07a22d,reference
arXiv:2306.13549,328eb183007bf4aefbf42437b42a15db375803e3,reference
arXiv:2306.13549,b50d19c5c298f6562c3b3c6c3822a351bdc89260,reference
arXiv:2306.13549,b037bb09aa162d8a543e64ec777ca0edc732d2af,reference
arXiv:2306.13549,f68f6f2a057c4e6e5a3c91fc8563533d9bf6e560,reference
arXiv:2306.13549,13d12b26db345f62e8e512db181b96a7f8763b47,reference
arXiv:2306.13549,619184447595337a9fe3dca72c4e951e7ab7467c,reference
arXiv:2306.13549,76a3f4a79ae9a00db2f2b5f6877021d8deb96ada,reference
arXiv:2306.13549,18940a4ccd955c72930ee0f8771ff710a9afeef3,reference
arXiv:2306.13549,bf14244669d5505f63343d4365d99d24aa6c5e82,reference
arXiv:2306.13549,c85845796afd368853cb9ac51c308f2f9356bab1,reference
arXiv:2306.13549,2313afae52d98e569da2dedbf14daf9efc74e7cf,reference
arXiv:2306.13549,6ae4705139494fcb6b790b6dd6c4225b40ee40f8,reference
arXiv:2306.13549,0b3e7b5cbef627b1ceedceadc5f58787f432163b,reference
arXiv:2306.13549,f8b8f926bbfa327c86c40796131fe2695db81126,reference
arXiv:2306.13549,807f336176070bd3f95b82a16f125ee99b7d2c80,reference
arXiv:2306.13549,458111ac5a0f73bb35a2acf55298268be25ccfa2,reference
arXiv:2306.13549,157958cb8a4a33f8f051b45c2e0b0da8e26d4ab8,reference
arXiv:2306.13549,69b90bd79bb0fc87d39180161926964ae9dd7cbc,reference
arXiv:2306.13549,124d4d374fbef2016fa9880489871a58a7450644,reference
arXiv:2306.13549,8946891e94831adc8cddb0d32311cce2445c96d2,reference
arXiv:2306.13549,32aa3741f0983ab438fd17d09dc24a70595bb67a,reference
arXiv:2306.13549,696d6b667926a559e63989d45eec53c3a15986be,reference
arXiv:2306.13549,93c525267e93c78309a5b28a3eb0780704125744,reference
arXiv:2306.13549,3e6a74a3e96133a3f488b50dde2d1f6d04d78a94,reference
arXiv:2306.13549,54814744b42b06c855c97b23de1366e0bcbe775a,reference
arXiv:2306.13549,5fc1a3a49e8f1d106118b69d1d6be3b6caa23da0,reference
arXiv:2306.13549,f2f9c02a7eb484dd7b7ac46892856e3f278eed77,reference
arXiv:2306.13549,4f5c4ae2026b2bd97e26c6969e54cc634895e477,reference
arXiv:2306.13549,844bb298d49ef4a07b5d4929dfdfd170f6a1d5f5,reference
arXiv:2306.13549,d7d712e507c1c6273b05c773c825a668c5cf1504,reference
arXiv:2306.13549,7a7128e9696dfedc24bf432c4b4c3aafa5e95a1a,reference
arXiv:2306.13549,3803d1f291e162bdaa4678a2c5a2bbcf63c050f4,reference
arXiv:2306.13549,fa75a55760e6ea49b39b83cb85c99a22e1088254,reference
arXiv:2306.13549,54c68b8623505dc6bf7a0b08aaa77ca9165f2d7f,reference
arXiv:2306.13549,6bcc6ab9c28805d4067e99b2cdc7524550fe80e1,reference
arXiv:2306.13549,bb1083425517bdac8d9a6438fcf5032543acb20e,reference
arXiv:2306.13549,fc6a2f7478f68adefd69e2071f27e38aa1647f2f,reference
arXiv:2306.13549,1245ef1926416d649b62323975c6fa22dfb885ee,reference
arXiv:2306.13549,d7e92d03dfa5427c0c5ef2b59de54733e0589606,reference
arXiv:2306.13549,30cc95639cffca4ffa8c0eafbc502636c0c88fa5,reference
arXiv:2306.13549,1fd31b74f5e1eeb67341982fd35a613c6fad10e0,reference
arXiv:2306.13549,94972e30504017156ef5b5debc419bf6edc67384,reference
arXiv:2306.13549,7fbc502441d66daf1f53765d5d86a8dfba9ab0ce,reference
arXiv:2306.13549,ad113d8b6f8f6dace7abd12dc88af520aaaf3fc7,reference
arXiv:2306.13549,4309d572a37d655779f9dce6a2c98c66334132de,reference
arXiv:2306.13549,c9dbdae8146b9f97e254f5d26fd6efde96eaa703,reference
arXiv:2306.13549,92b9d8b8c81c4c53ea62000c0924500b2dd11bce,reference
arXiv:2306.13549,104b0bb1da562d53cbda87aec79ef6a2827d191a,reference
arXiv:2306.13549,b37b1dc72b1882858f5120f2cd6883134089a6ed,reference
arXiv:2306.13549,94053805cd59f2e9a47fe3f080c7e7afefb337cc,reference
arXiv:2306.13549,094883e42bb9a41f602c0715c1059bc431e33fb2,reference
arXiv:2306.13549,ebddfdc5d845a788e8062eddbbf7a335737cb99b,reference
arXiv:2306.13549,ea566f87f6253bb2d32cf7b61cd3e2535a0c3f42,reference
arXiv:2306.13549,e2a58fd18961c3941102989e3a3d0d27c615e015,reference
arXiv:2306.13549,c7a7104df3db13737a865ede2be8146990fa4026,reference
arXiv:2306.13549,3b6179c293df29e31d31cea46476f104ab6950f2,reference
arXiv:2306.13549,f3bb383872813ce532d6dd68c6eaf9af43ed1e91,reference
arXiv:2306.13549,697e0add95e880bd42e00bef838181e105f91981,reference
arXiv:2306.13549,3efb81de24eb88017d6dbcf22cb4215084223fd8,reference
arXiv:2306.13549,a8d02ff6d075c3cc48f0b97801cc52765c8f9ac9,reference
arXiv:2306.13549,0983883619a0ca597d055d0e58da2f514052913d,reference
arXiv:2306.13549,fd755dc7b5b206c17fd953db04e1c888d45b6e4e,reference
arXiv:2306.13549,bf7025a2e5dbb3c09deae02a1aa98a256ca559e2,reference
arXiv:2306.13549,d47524cd5c3c4b57af2e5a29f6f91c420310f236,reference
arXiv:2306.13549,6a2a756c60dbc99f666ae6e32b0dd1a58e1e2de8,reference
arXiv:2306.13549,5d321194696f1f75cf9da045e6022b2f20ba5b9c,reference
arXiv:2306.13549,f6c494234a818b2aec286b257ee6117f2894bcf7,reference
arXiv:2306.13549,f22d71c7ce9720ba1f717a4f1181488200e78198,reference
arXiv:2306.13549,b458fc5261595f44b36325e5eaea1f874d65138f,reference
arXiv:2306.13549,0d1c76d45afa012ded7ab741194baf142117c495,reference
arXiv:2306.13549,8ecdbfe011b7189fa0ee49ffc4e42a93d728a371,reference
arXiv:2306.13549,c6ac708b65b24c20f80831d518c1795ce8133ad5,reference
arXiv:2306.13549,d3f79210b54e168c76b8c311488f42d7d1048b81,reference
arXiv:2306.13549,dbfd154190667087ed1cd6c7f75a81858c2f397e,reference
arXiv:2306.13549,7cf64070fd3d7e53d80f260c10e6bd7018d580e1,reference
arXiv:2306.13549,9c3a9b4821daa03cb5369041d59d2714329a3811,reference
arXiv:2306.13549,00cb69a9f280317d1c59ac5827551ee9b10642b8,reference
arXiv:2306.13549,0744783bbefc12b2b1383bed137e8a80061274b7,reference
arXiv:2306.13549,7bf902fb94a577d15293ac4f90d8967163850fb1,reference
arXiv:2306.13549,2ad8183c72a90511383a32ccaeea313eb85f4085,reference
arXiv:2306.13549,ad22af138fa1d1490cda0301abf8159a7c30c5a2,reference
arXiv:2306.13549,42a30dc5470f54ec249f25d3c31e05d7c376c8e3,reference
arXiv:2306.13549,5cac6430bd379c9d2fe13137dfd6ae7721a2679f,reference
arXiv:2306.13549,f4793adffd6f67ffcb93ccfc5672ab301b8a2b96,reference
arXiv:2306.13549,206400aba5f12f734cdd2e4ab48ef6014ea60773,reference
arXiv:2306.13549,8bd6a2a89503be083176f2cc26fabedb79238cbd,reference
arXiv:2306.13549,d48cb91b9e555194f7494c4d4bb9815021d3ee45,reference
arXiv:2306.13549,7dc6da87eaa6f830354feb2db14023cab8678c91,reference
arXiv:2306.13549,81e7e82245c2f230eeb8aaaa1a2b2604c143754a,reference
arXiv:2306.13549,43e6e8d6663d83f1b74cf5a2be7b040b0928f867,reference
arXiv:2306.13549,d6d3604f369bb0415cbe814e43ca3131323b03e2,reference
arXiv:2306.13549,6f8b9192b1f215254ee7625d752710182c05d2f9,reference
arXiv:2306.13549,0d043b0bd4a981f7e6135a79dac6d71a809af8cb,reference
arXiv:2306.13549,570079bbdd8758dfe865097e05719313c9c1301a,reference
arXiv:2306.13549,7e32aac43e9f1df49e116add03327ee6f365dbf3,reference
arXiv:2306.13549,ca6a2bc279be5a3349a22bfd6866ed633d18734b,reference
arXiv:2306.13549,170c97c7215f42edfb20c2248f954879e91ef86e,reference
arXiv:2306.13549,a5036f31f0e629dc661f120b8c3b1f374d479ab8,reference
arXiv:2306.13549,a8680b3419f3cbe6650f72b1023aed0ad0becb9e,reference
arXiv:2306.13549,5a9cb1b3dc4655218b3deeaf4a2417a9a8cd0891,reference
arXiv:2306.13549,9e8cb8c91a0acb6e661b58ad724aa758490f2bea,reference
arXiv:2306.13549,7470a1702c8c86e6f28d32cfa315381150102f5b,reference
arXiv:2306.13549,f9a7175198a2c9f3ab0134a12a7e9e5369428e42,reference
arXiv:2306.13549,3dfed62c61f650eb114f0f0aa26b4e7d37b963a6,reference
arXiv:2306.13549,a757999ed260d7bc45484dc6b4456bf33fe6f679,reference
arXiv:2306.13549,a08b7123a7158f1a7fbbc18e8b5aaebd47980ecf,reference
arXiv:2306.13549,c7a9c7302a72301ed79a7c0696d5af2e03ad3ac4,reference
arXiv:2306.13549,163b4d6a79a5b19af88b8585456363340d9efd04,reference
arXiv:2306.13549,69cfdc8df16ae63b7acba4ac6f727f78b86893c3,reference
arXiv:2306.13549,af997821231898a5f8d0fd78dad4eec526acabe5,reference
arXiv:2306.13549,38fe8f324d2162e63a967a9ac6648974fc4c66f3,reference
arXiv:2306.13549,be7b764fe1c9c32cbe349bde1fbb19321fd1d71c,reference
arXiv:2306.13549,57e849d0de13ed5f91d086936296721d4ff75a75,reference
arXiv:2306.13549,53d128ea815bcc0526856eb5a9c42cc977cb36a7,reference
arXiv:2306.13549,780a7f5e8ba9b4b451e3dfee1bcfb0f68aba5050,reference
arXiv:2306.13549,3f5b31c4f7350dc88002c121aecbdc82f86eb5bb,reference
arXiv:2306.13549,e965e93e76a9e6c4e4863d145b5c007b540d575d,reference
arXiv:2306.13549,0c0300f53c01ae609c97395c98de4c9d85d92876,reference
arXiv:2306.13549,70feb009bc1e8b1cb8dff64bf9fd67789636438b,reference
arXiv:2306.13549,e65b346d442e9962a4276dc1c1af2956d9d5f1eb,reference
arXiv:2306.13549,16de2006e2960ba410772c6b6d460b83c0a5cc4b,reference
arXiv:2306.13549,ffdad9a5493e8d4c6c529b7b6f85eee91ca0bb79,reference
arXiv:2306.13549,534cf115f2564bf7272a5f39d48163d49063203c,reference
arXiv:2306.13549,af1c871282ec122869d03f5420ef5d9143358a91,reference
arXiv:2306.13549,6c1e1cc1e0e1f8fd026fe517607b2d4535565fa7,reference
arXiv:2306.13549,78281482c1fdad8e167bab39cc9955c73d58ae8f,reference
arXiv:2306.13549,cdbd4f9b6ab2e2fd1ddf5400d5ed2c18960635d1,reference
arXiv:2306.13549,e5c8960eb2ec034ffbd353ef39fd1cb541d3c7c9,reference
arXiv:2306.13549,90350aa626bed47b02d0c162462e5b0ca82be6b2,reference
arXiv:2306.13549,3e565c544a8639cc9c7568833e484d7610f5e5d4,reference
arXiv:2306.13549,d3135733aa39dec20ce72aa138589dda27c8406d,reference
arXiv:2306.13549,354bf043179e3e9f05df73e3f04517e53c326d1f,reference
arXiv:2306.13549,e7ad08848d5d7c5c47673ffe0da06af443643bda,reference
arXiv:2306.13549,5437e8adab596d7294124c0e798708e050e25321,reference
arXiv:2306.13549,26218bdcc3945c7edae7aa2adbfba4cd820a2df3,reference
arXiv:2306.13549,ada81a4de88a6ce474df2e2446ad11fea480616e,reference
arXiv:2306.13549,9dc481ec44178e797466bbad968071917842156b,reference
arXiv:2306.13549,d766bffc357127e0dc86dd69561d5aeb520d6f4c,reference
arXiv:2306.13549,fe0e647ac5bbe9b127caddfcb52b9f723d6f158c,reference
arXiv:2306.13549,1bfa62ddfa3f6691e0e40c06f8ead594b6449cfa,reference
arXiv:2306.13549,1b6e810ce0afd0dd093f789d2b2742d047e316d5,reference
arXiv:2306.13549,a3b42a83669998f65df60d7c065a70d07ca95e99,reference
arXiv:2306.13549,c10075b3746a9f3dd5811970e93c8ca3ad39b39d,reference
arXiv:2306.13549,2f3efe44083af91cef562c1a3451eee2f8601d22,reference
arXiv:2306.13549,ec8afc75ec219f2a5f9ed9d7c9dde0720f69b5a2,reference
arXiv:2306.13549,b668ce936cff0b0ca8b635cd5f25a62eaf4eb3df,reference
arXiv:2306.13549,17dd3555fd1ccf1141cf984347fa1b3fd6b009ca,reference
arXiv:2306.13549,2672777d25562c9df6fc13b653181db62d39bece,reference
arXiv:2306.13549,ff0b2681d7b05e16c46dfb71d980cc2f605907cd,reference
arXiv:2306.13549,5e00596fa946670d894b1bdaeff5a98e3867ef13,reference
arXiv:2306.13549,b82c5f9efdb2ae56baa084ca41aeddd8a665c1d1,reference
arXiv:2306.13549,01b5412f3d17e90e09226d7c40ad4d4468a1414d,reference
arXiv:2306.13549,0adec918885dff698acf359988ed79a543157f80,reference
arXiv:2306.13549,6f870f7f02a8c59c3e23f407f3ef00dd1dcf8fc4,reference
arXiv:2306.13549,93b6b79b4ef6c345f31722ce7c829385c6dce0d6,reference
arXiv:2306.13549,394be105b87e9bfe72c20efe6338de10604e1a11,reference
arXiv:2306.13549,cb596bffc5c5042c254058b62317a57fa156fea4,reference
arXiv:2306.13549,fdacf2a732f55befdc410ea927091cad3b791f13,reference
arXiv:2306.13549,053b1d7b97eb2c91fc3921d589c160b0923c70b1,reference
arXiv:2306.13549,5c126ae3421f05768d8edd97ecd44b1364e2c99a,reference
arXiv:2306.13549,90abbc2cf38462b954ae1b772fac9532e2ccd8b0,reference
arXiv:2306.13549,962dc29fdc3fbdc5930a10aba114050b82fe5a3e,reference
arXiv:2306.13549,fc0b46a0f3720e6c29c1a913aaa3de4a0699f713,reference
arXiv:2306.13549,26051e0070a59444eefe5bed36627703235405b7,reference
arXiv:2306.13549,2b37cc68c9819cf0f980676935007d4135d8ac8c,reference
arXiv:2306.13549,dfc7b58b67c31932b48586b3e23a43cc94695290,reference
arXiv:2306.13549,7a15950dc71079285a4eaf195de5aadd87c41b40,reference
arXiv:2306.13549,8a1744da011375d711ed75fc2d160c6fdca2cf89,reference
arXiv:2306.13549,3c54b796cc10cb530f77caa4d18e1c80ac863822,reference
arXiv:2306.13549,e9b13731027418ed38103d1dfc8a70f6881bc684,reference
arXiv:2306.13549,6dfc2ff03534a4325d06c6f88c3144831996629b,reference
arXiv:2306.13549,4921243268c81d0d6db99053a9d004852225a622,reference
arXiv:2306.13549,1553084dcbf2235428e7dbf57b57e567c5ea4d1f,reference
arXiv:2306.13549,b4df354db88a70183a64dbc9e56cf14e7669a6c0,reference
arXiv:2306.13549,3ff40f0760bd8d3c46d72147b0f5b0d4aee2a24f,reference
arXiv:2306.13549,5a8bb7b192373d8222a6efd99de4f9042da06f37,reference
arXiv:2306.13549,a82c1d1ccaa3a3d1d6ee6677de0eed2e93ddb6e8,reference
arXiv:2306.13549,561ed7e47524fb3218e6a38f41cd877a9c33d3b9,reference
arXiv:2306.13549,204e3073870fae3d05bcbc2f6a8e263d9b72e776,reference
arXiv:2306.13549,29efbe391950ae438c63d86ad5c82b2942efb0b4,reference
arXiv:2306.13549,b8e2e9f3ba008e28257195ec69a00e07f260131d,reference
arXiv:2306.13549,afcf4dbd2ef300e5c4b35043d4fbe516807cdf7d,reference
arXiv:2306.13549,e65142010431ffc089b272a1174214e00693e503,reference
arXiv:2306.13549,7da9c26ea68a31d119e8222d1a5c33ef136ebed8,reference
arXiv:2306.13549,11c9c31dff70de92ada9160c78ff8bb46b2912d6,reference
arXiv:2306.13549,97ad70a9fa3f99adf18030e5e38ebe3d90daa2db,reference
arXiv:2306.13549,55e022fb7581bb9e1fce678d21fb25ffbb3fbb88,reference
arXiv:2306.13549,258986132bf17755fe8263e42429fe73218c1534,reference
arXiv:2306.13549,71b7178df5d2b112d07e45038cb5637208659ff7,reference
arXiv:2306.13549,44040913380206991b1991daf1192942e038fe31,reference
arXiv:2306.13549,0407b605b8f55db72e2545586bfe8e946b691b70,reference
arXiv:2306.13549,8e080b98efbe65c02a116439205ca2344b9f7cd4,reference
arXiv:2306.13549,79ad463104c7b7afeab11c2046fe7c18d5108ac6,reference
arXiv:2306.13549,5ddb51ae85deca14dc7fc8adc07305c22a1ebe0a,reference
arXiv:2306.13549,65d5728ea17f016382870aa27aac1e78d590b50c,reference
arXiv:2306.13549,d1120d67b700e4dfe8b39eb1e48fbdea4e1a0c43,reference
arXiv:2306.13549,7637ed79d30d0139901175ae4abedd822c217ab4,reference
arXiv:2306.13549,fbae34c21a6a0cbf3f9e2710b7fce0e011aec72c,reference
arXiv:2306.13549,698d83e2ba10d94c2a0723e907eb297ff4a6249d,reference
arXiv:2306.13549,dccd764ec820c13369e91c53890dfc8cd0334355,reference
arXiv:2306.13549,fe0825f9ddb1cccb545f4249da55b6b55e577bbd,reference
arXiv:2306.13549,8b55402ffee2734bfc7d5d7595500916e1ef04e8,reference
arXiv:2306.13549,18f9a6045ba01cb079c4fa49a630d71bbd27cd92,reference
arXiv:2306.13549,cd49acefc8d51e324aa562e5337e1c2aff067053,reference
arXiv:2306.13549,84db9aa99d2024a73487e6343368379e2fe3640b,reference
arXiv:2306.13549,0c0a778e6fdf7e36b1750c533dcc916f86608607,reference
arXiv:2205.12689,1eeb28e450772ee0ab0adcd60056480faf99d150,reference
arXiv:2205.12689,4e5f7cd537a1bbcd090f9887b1b59f39a3715dba,reference
arXiv:2205.12689,dd36ff1bbd79eb9990e3429f5050d76fa10d6a2a,reference
arXiv:2205.12689,7cdaa08890895e1ad92afb5fad429690ad7b1dac,reference
arXiv:2205.12689,08c43a7b09cead543bca41d2f4f64260f3b9d574,reference
arXiv:2205.12689,13a0d8bb38f739990c8cd65a44061c6534f17221,reference
arXiv:2205.12689,cfc12c38a4d848ff3c4225488a2c72e7d4300f4b,reference
arXiv:2205.12689,d766bffc357127e0dc86dd69561d5aeb520d6f4c,reference
arXiv:2205.12689,b159dffadb69940e14693e812bdaa32e3957717f,reference
arXiv:2205.12689,f4df78183261538e718066331898ee5cad7cad05,reference
arXiv:2205.12689,7cbe7c4bad376c9097a17ca4015c309bf1b17993,reference
arXiv:2205.12689,17dd3555fd1ccf1141cf984347fa1b3fd6b009ca,reference
arXiv:2205.12689,d3640eb3b542eaf36fee2261f037a6bf0d8eac9c,reference
arXiv:2205.12689,3ba529f732d3c4a31e9ce57f1c78ddf911846bf4,reference
arXiv:2205.12689,d9f74cbd7949b3453fdaf1271f8dd7fa38fc5de0,reference
arXiv:2205.12689,3ac5aa6ac59253611ef3cb72a95cbe21ef5dda1b,reference
arXiv:2205.12689,e971e606785b6fddffd3aea2c44eded70bb0ea7f,reference
arXiv:2205.12689,2122ed4a82bc7d8affc5f7ae5026d174ea34ea52,reference
arXiv:2205.12689,ff0b2681d7b05e16c46dfb71d980cc2f605907cd,reference
arXiv:2205.12689,4e263b4cd6998bff2501dd143e685f413179b12d,reference
arXiv:2205.12689,28692beece311a90f5fa1ca2ec9d0c2ce293d069,reference
arXiv:2205.12689,ce498651107588db67adcfbb5479bdb416f4de2f,reference
arXiv:2205.12689,33655c00769627f9b533f3f6a0d9c2fa651dfea3,reference
arXiv:2205.12689,531819f267c1b7fa6dc37e29c8fa4ba0dcf4a6e6,reference
arXiv:2205.12689,d173495d30116505acbcbb7a30c865ceede9d19e,reference
arXiv:2205.12689,4fd75d18b231f73e9c878cb6029900e4b0e327bb,reference
arXiv:2205.12689,aac5ce0dfd22f8d713e74b607ce849f632260023,reference
arXiv:2205.12689,a2f38d03fd363e920494ad65a5f0ad8bd18cd60b,reference
arXiv:2205.12689,8654ed76b25e4e211801e9b7599806ed14682db0,reference
arXiv:2205.12689,90abbc2cf38462b954ae1b772fac9532e2ccd8b0,reference
arXiv:2205.12689,29537a1ce472bdc30da5ec1e9e2e56240cd49d58,reference
arXiv:2205.12689,641a9749fe546a02bbab9a86bfc91492db1c3bc5,reference
arXiv:2205.12689,8ae9a17c87a4518b513e860683a0ef7824be994d,reference
arXiv:2205.12689,a2d2a482ccd62a705c8fafeb5f93bca33a4d796d,reference
arXiv:2205.12689,d1f407b16fb8d99487baee37ed0805676c58e7ac,reference
arXiv:2205.12689,73a5605ce482bd639078ebbb19baac7b903017e2,reference
arXiv:2205.12689,53c8b98eb9180ed9f46820627715c7ae2803cee7,reference
arXiv:2205.12689,2c5ec74fb56fbfbceaa4cd5c8312ada4e2e19503,reference
arXiv:2205.12689,fddbcabe0fc9be0684855ae3dd059fb525a69e5b,reference
arXiv:2205.12689,2a567ebd78939d0861d788f0fedff8d40ae62bf2,reference
arXiv:2205.12689,de28ec1d7bd38c8fc4e8ac59b6133800818b4e29,reference
arXiv:2205.12689,1e43c7084bdcb6b3102afaf301cce10faead2702,reference
arXiv:2205.12689,89a816719613e220a64ab2590c938c23bbfe187e,reference
arXiv:2205.12689,0a78873e41615798d09391d9f40d41666b8c9beb,reference
arXiv:2205.12689,649def34f8be52c8b66281af98ae884c09aef38b,reference
arXiv:2205.12689,47dba53fe8ec69f90b4abfa263be70eef3fdee7f,reference
arXiv:2205.12689,1f7baa19b4b719d02ab27e0b28e5f28d4c481361,reference
arXiv:2205.12689,3febb2bed8865945e7fddc99efd791887bb7e14f,reference
arXiv:2205.12689,d07284a6811f1b2745d91bdb06b040b57f226882,reference
arXiv:2205.12689,18bc1d4271abe8dd6e16179cdb06524a4f396e16,reference
arXiv:2205.12689,8ae1af4a424f5e464d46903bc3d18fe1cf1434ff,reference
arXiv:2205.12689,c9d36e6f06aacc1307bbfe0f5737f0c502fcd34d,reference
arXiv:2205.12689,450cbd8dd38b91b40c809b76aadbfd4ab1d17585,reference
arXiv:2205.12689,9eb3cb54ffb141317630fc9869a86138c7b3a434,reference
arXiv:2205.12689,95cd83603a0d2b6918a8e34a5637a8f382da96f5,reference
arXiv:2205.12689,2133d4d7410de5385b577698bd7dbccad41b5fdc,reference
arXiv:2205.12689,fcbfd0636b0555de70254f5adcbf01236a3d37b3,reference
arXiv:2205.12689,89074cbac806dc4abef6ce836045f15ed551f03c,reference
arXiv:2205.12689,87f40e6f3022adbc1f1905e3e506abad05a9964f,reference
arXiv:2205.12689,98e8750f5aa9c4965ceff9947538af136e663d5e,reference
arXiv:2205.12689,53b05287170bbac61b7ac4975ef414e97d98b99d,reference
arXiv:2205.12689,1c58b14d14142acd4efd45aa6fb958f4cc92de0f,reference
arXiv:2205.12689,2824adb4b1f63511fa3cc4bf8c38e8b09c854673,reference
arXiv:2205.12689,3eff9e60cb12777f30747698e63294722348e43d,reference
arXiv:2205.12689,7e43a5f104d45260d3812be291ced8cc069f6351,reference
arXiv:2205.12689,bfa0f6b62c93744799171974f28abc6d1f3282ba,reference
arXiv:2205.12689,b2dc2f1e870c04dbbd0bdd4605b2843aa171d01d,reference
arXiv:2205.12689,3ef14b5d72a802267a35beefc2e6f67b0d8a0805,reference
arXiv:2205.12689,2fcb288693f784019335352859d9b2d08638a6e8,reference
arXiv:2205.12689,3142d6d2c60634b714e40207fe3da7b9cadecf1d,reference
arXiv:2205.12689,8429c515e1d3913310952adb1a54d1a2f5756c67,reference
arXiv:2205.12689,b10b8ee710a78274d940543f832ddd592a16254d,reference
arXiv:2205.12689,79e7c4f4803905f64ced6d0f2a3d4482f7044638,reference
arXiv:2205.12689,df2b0e26d0599ce3e70df8a9da02e51594e0e992,reference
arXiv:2205.12689,98fb9fdf71f212a5d2ce810ceb6ad6abbda7cacf,reference
arXiv:2205.12689,f84fc762a3229f436f2a472bd90ef5070b5d31fb,reference
arXiv:2205.12689,1f1eaf19e38b541eec8a02f099e3090536a4c936,reference
arXiv:2205.12689,1838d008ff2b8ac53c0b196cbdb6e4c637fed748,reference
arXiv:2205.12689,00d11d0693a8bf38dc46d6cd8b6ebe8519d77c59,reference
arXiv:2205.12689,076531351a4516718e97ca809a45064a8a7cf342,reference
arXiv:2305.05658,24d836bbc35413d76c3c69cb30bfc0f1449f5207,reference
arXiv:2305.05658,8f2d4758e6d525509ae36bb30224dc9259027e6b,reference
arXiv:2305.05658,39e40821b7207125e54e6ed7112e55cd38c6f0c3,reference
arXiv:2305.05658,99832586d55f540f603637e458a292406a0ed75d,reference
arXiv:2305.05658,8f84dcbad8cd3b5b4d9229c56bc95f24be859a35,reference
arXiv:2305.05658,c03fa01fbb9c77fe3d10609ba5f1dee33a723867,reference
arXiv:2305.05658,e00867c7108395d56b823bc5c75d2f4591e2878d,reference
arXiv:2305.05658,91deaf9d324c8feafc189da0da03e60a60287bca,reference
arXiv:2305.05658,5f5b855f58da599c2730120e55d8320fac867279,reference
arXiv:2305.05658,28dca13befd068dfa1cf498bba45020cf22ec16f,reference
arXiv:2305.05658,f3cf71c51b882fe3111d71c4bf104297d38197f8,reference
arXiv:2305.05658,cdf54c147434c83a4a380916b6c1279b0ca19fc2,reference
arXiv:2305.05658,61f56aab33e0463059ac5eef6e2568ab279417d8,reference
arXiv:2305.05658,dac3a172b504f4e33c029655e9befb3386e5f63a,reference
arXiv:2305.05658,e7ad08848d5d7c5c47673ffe0da06af443643bda,reference
arXiv:2305.05658,7890ece03cfb88e0620f8e791105569bd7128c76,reference
arXiv:2305.05658,9dae204dad41633188022002a04c8aa67c79a4e1,reference
arXiv:2305.05658,094ff971d6a8b8ff870946c9b3ce5aa173617bfb,reference
arXiv:2305.05658,cb5e3f085caefd1f3d5e08637ab55d39e61234fc,reference
arXiv:2305.05658,ada81a4de88a6ce474df2e2446ad11fea480616e,reference
arXiv:2305.05658,1b6e810ce0afd0dd093f789d2b2742d047e316d5,reference
arXiv:2305.05658,92a8f7f09f3705cb5a6009a42220a6f01ea084e8,reference
arXiv:2305.05658,92173d081b15824d22a9ef070e118744ceee8052,reference
arXiv:2305.05658,7d7faae13b994f6d1f470b5fcd68a85f357cd6ed,reference
arXiv:2305.05658,5fe2b2e9f9b1731f60ff4a46ded9f4e265f3e96f,reference
arXiv:2305.05658,aeae048c7d8d4ea03bb9cb1b75c65903c915909a,reference
arXiv:2305.05658,c0c9f77cb097f2ce53feb91802bcfbae57fcc42f,reference
arXiv:2305.05658,3dff71bcfeed38d68f93d48919482144060974cb,reference
arXiv:2305.05658,acbdbf49f9bc3f151b93d9ca9a06009f4f6eb269,reference
arXiv:2305.05658,4aa88c1406414cda3ce9cf76c8af0abaa8391760,reference
arXiv:2305.05658,cf9b8da26d9b92e75ba49616ed2a1033f59fce14,reference
arXiv:2305.05658,6b45c8d03a20c5ae4fe5d6136cf01748b4bd7489,reference
arXiv:2305.05658,6500df35e30461d857103b3e3fa72b2913049a56,reference
arXiv:2305.05658,69625c4aa0ade91a4b8758e720fb27926835e25a,reference
arXiv:2305.05658,6f870f7f02a8c59c3e23f407f3ef00dd1dcf8fc4,reference
arXiv:2305.05658,b4caa67681cbe4973b21e96e69ad7b213b19f28f,reference
arXiv:2305.05658,ea1a0db4173bc3ef4b45dd0b478cdcddd80f6e83,reference
arXiv:2305.05658,398a0625e8707a0b41ac58eaec51e8feb87dd7cb,reference
arXiv:2305.05658,9da4446a65a2af38ed9568f258464dbbdd65697f,reference
arXiv:2305.05658,90abbc2cf38462b954ae1b772fac9532e2ccd8b0,reference
arXiv:2305.05658,d03e3517c5028b2366855bbb29249d0b75e8a0c0,reference
arXiv:2305.05658,9a2bdd8852377340040ecb6e6ca1565b33babd14,reference
arXiv:2305.05658,f4cf4246f3882aa6337e9c05d5675a3b8463a32e,reference
arXiv:2305.05658,a54b56af24bb4873ed0163b77df63b92bd018ddc,reference
arXiv:2305.05658,93d63ec754f29fa22572615320afe0521f7ec66d,reference
arXiv:2305.05658,077f8329a7b6fa3b7c877a57b81eb6c18b5f87de,reference
arXiv:2305.05658,0f8ea32dbb913045b16d8fd6d1d669f548cce015,reference
arXiv:2305.05658,8bd45f64e3c7a878289f04749df39cad38a87583,reference
arXiv:2305.05658,42bfe1fd848644059061ec4ee47f96af14ec6184,reference
arXiv:2305.05658,e6356667081cb114baf829b9afc0d8b3d8474b73,reference
arXiv:2305.05658,d4c8b707f0360183f2efd8118a07fa46abb58646,reference
arXiv:2305.05658,7139a5f730652abbeabf9e140009907d2c7da3e5,reference
arXiv:2305.05658,89c8aad71433f7638d2e2c009e1ea20e039f832d,reference
arXiv:2305.05658,bd27f44e0b158f732395830dfb39e24de6e20e46,reference
arXiv:2305.05658,bb874c1188b51109054260f17ac3f56364751a31,reference
arXiv:2305.05658,4f261a73a8f1ffc3e20c890a8db99fc974a89331,reference
arXiv:2305.05658,2d90537b709ae92e07856b93aab70614ac5af561,reference
arXiv:2305.05658,e80eb120b5798558ca86ac7e6132737d685a9a25,reference
arXiv:2305.05658,c2023b97ee421db90432c2a34fefbb2df97a5936,reference
arXiv:2305.05658,f2453a66b15979fadca773d878ffcb0a7fd4e1ae,reference
arXiv:2305.05658,68c03788224000794d5491ab459be0b2a2c38677,reference
arXiv:2305.05658,978ccef3159742ff1a3dd33c0ebf9ab2f2ccd8dd,reference
arXiv:2305.05658,69764fcc646e4c608ac08eeb4c784cf8465268d2,reference
arXiv:2305.05658,0d2d8bbe84925c32c0607f944e77c072aacc81e6,reference
arXiv:2305.05658,6d7caa11da0ff2dd1f2c1a8740c5b0858da636f1,reference
arXiv:2305.05658,34b9635d7779e219e9d60e0d3d33919ca9bc123c,reference
arXiv:2305.05658,ee756e53b6a68cb2e7a2e5d537a3eff43d793d70,reference
arXiv:2402.07841,ac45bbf9940512d9d686cf8cd3a95969bc313570,reference
arXiv:2402.07841,ad1bb59e3e18a0dd8503c3961d6074f162baf710,reference
arXiv:2402.07841,d349f4e924f6cdcbafce75f159437920495cd8a1,reference
arXiv:2402.07841,1a3f7e23ef8f0bf06d0efa0dc174e4e361226ead,reference
arXiv:2402.07841,5b5e8b284cdf9d6474447c09a42292513338935a,reference
arXiv:2402.07841,227b5f8206b64858edeef6723b96af14133077e3,reference
arXiv:2402.07841,c871377b208814713c18e25633866323a2982136,reference
arXiv:2402.07841,3422d5e0cdfdc935d6a84a1e3d3f96659265fe3a,reference
arXiv:2402.07841,bc9705f7b05bc415a0c6514c4873750ed1fdbe36,reference
arXiv:2402.07841,6a7aa40ad830b043f2600d4b3431468ced008337,reference
arXiv:2402.07841,aa853d6ddf598266a4c48647dae7b0a8e8a8ff49,reference
arXiv:2402.07841,cfb7948c8a09d0a64afecceb7efe3362318dbe17,reference
arXiv:2402.07841,104b0bb1da562d53cbda87aec79ef6a2827d191a,reference
arXiv:2402.07841,85b6d229b5ee21840116d9b0520ede1e73c25174,reference
arXiv:2402.07841,cb754310302086dfbbcd098263200e2a03f65874,reference
arXiv:2402.07841,9e16d8cc6096ec0d2733a4ecf41ce09d9a4bd19c,reference
arXiv:2402.07841,1567bcac0ab09269c9d0ff33c9a406132417fab9,reference
arXiv:2402.07841,b45c477e9d736e10b68d564509be262f6ff4d6ad,reference
arXiv:2402.07841,c47f0a5feb18b036004b5404ef78ac94a65fa489,reference
arXiv:2402.07841,deb8f26509ae320fc975b32922416cb156c61bbd,reference
arXiv:2402.07841,02801b64c80cd8233ffb2ac2320a7d96ab2e38e2,reference
arXiv:2402.07841,be55e8ec4213868db08f2c3168ae666001bea4b8,reference
arXiv:2402.07841,d1101476c85ae324142440e9f568ecbf41625be5,reference
arXiv:2402.07841,8dd7861ffb563d7768c7b77a5988bd4354be73a3,reference
arXiv:2402.07841,6c46b7b401be5ada79f00b36cb8e5b41286ae2aa,reference
arXiv:2402.07841,8b293973061026d9d0eed90e71e30928e029171e,reference
arXiv:2402.07841,cc3b41c4d2ededb94b481089633ecb43d6b2162f,reference
arXiv:2402.07841,28c7e583d90ccfc5c3078dfc1d6b80a9ad90248d,reference
arXiv:2402.07841,55c36748f2a7c060c3313349c730b053ed03fbf7,reference
arXiv:2402.07841,54d7ae7cfee56b0e19fd42c45d365f760a41794d,reference
arXiv:2402.07841,e22cc31d0cfeb3dcc12d053e991d0322cf717be6,reference
arXiv:2402.07841,5d96e9061337fcaedcfba2ee2ceb6daa85151568,reference
arXiv:2402.07841,0d80869892bd9d2f3d377a0d3c491effa68de6ad,reference
arXiv:2402.07841,8725d4f3222bcb03690e59129ce7cfe49de3fe59,reference
arXiv:2402.07841,4566c0d22ebf3c31180066ab23b6c445aeec78d5,reference
arXiv:2402.07841,1d5c07e7415a7e9be078717197ddf9f3c70a2875,reference
arXiv:2402.07841,7e5008713c404445dd8786753526f1a45b93de12,reference
arXiv:2402.07841,db1afe3b3cd4cd90e41fbba65d3075dd5aebb61e,reference
arXiv:2402.07841,e74635db3e988425a97b017c68a9f2eaf35adc3b,reference
arXiv:2402.07841,df7d26339adf4eb0c07160947b9d2973c24911ba,reference
arXiv:2402.07841,90abbc2cf38462b954ae1b772fac9532e2ccd8b0,reference
arXiv:2402.07841,43f2ad297941db230c089ba353efc3f281ab678c,reference
arXiv:2402.07841,ea415809bf87ef4b99966c6c50de6cb996a02a97,reference
arXiv:2402.07841,6c4b76232bb72897685d19b3d264c6ee3005bc2b,reference
arXiv:2402.07841,a54b56af24bb4873ed0163b77df63b92bd018ddc,reference
arXiv:2402.07841,572b6fe8d75032c159896c644319dacdf594e9c6,reference
arXiv:2402.07841,ae8c317961f2b72266ab343c78cbd1100f6173f6,reference
arXiv:2402.07841,b50fff2325c542e399a3b9012b28edea55651560,reference
arXiv:2402.07841,520ec00dc35475e0554dbb72f27bd2eeb6f4191d,reference
arXiv:2402.07841,c8f216f663660ff3bc195ecd3a8ad61f0ed1d9d7,reference
arXiv:2402.07841,f0dcc9aa31dc9b31b836bcac1b140c8c94a2982d,reference
arXiv:2402.07841,e9a986c8ff6c2f381d026fe014f6aaa865f34da7,reference
arXiv:2402.07841,e4ce10063cd25447dcde75c2d9ce327446ced952,reference
arXiv:2402.07841,0f75e25cef78d7f84d20812d3b617fa1a5bbd471,reference
arXiv:2402.07841,06a6be404587092b558d97a2e697049a850f3c37,reference
arXiv:2402.07841,51256ee5425d5c425b84e7fac011775d8eff0d1c,reference
arXiv:2402.07841,bb0656031cb17adf6bac5fd0fe8d53dd9c291508,reference
arXiv:2402.07841,9405cc0d6169988371b2755e573cc28650d14dfe,reference
arXiv:2402.07841,df2b0e26d0599ce3e70df8a9da02e51594e0e992,reference
arXiv:2402.07841,5e537c4d988d55f74d0bd5bb5015208977fc52e6,reference
arXiv:2502.17419,f3ec0ee1538796c8d5e5633958106fbe394a32ad,reference
arXiv:2502.17419,ce94353b5c402ef0defd9bfe65cc71c8ef2fdfe5,reference
arXiv:2502.17419,532c7d150d7bfece96e3c51ad0c8e4e18271912c,reference
arXiv:2502.17419,63ce2e127e363be53f69e1c5eda622ea921f9180,reference
arXiv:2502.17419,b12998ee8a2d2feba5e17eec7c437b4243b4aeee,reference
arXiv:2502.17419,89e3017e1ffdf5f7cedd3b5bb08fcc0ab48200ba,reference
arXiv:2502.17419,8f982fb9fc6d038181ec015fbba4ea6fbc86fece,reference
arXiv:2502.17419,3c0bd90ffb0c26e3fdedb45574b17b2fd5f97cee,reference
arXiv:2502.17419,9a3799afe5b8ad041be8f5b71d0f8342d04be6d1,reference
arXiv:2502.17419,8f4f03cc1ab97cd0474e75cad96c150dfd006b97,reference
arXiv:2502.17419,70cb3adf46d64c685ef1a2673183e5c7b3ae2f83,reference
arXiv:2502.17419,790689cbe7d44fa50f67238ae0c408a04426be0a,reference
arXiv:2502.17419,b12b7e05de83d3a3b345cf9392e79a03f8c2712e,reference
arXiv:2502.17419,8dbe31f472346eb7c127c56e478fa68cbbb79ce5,reference
arXiv:2502.17419,8d56d827c096ee0cdf38f90e289701ce7ac37d01,reference
arXiv:2502.17419,f5d194b600e4e4021564f3647afde07308ac41d3,reference
arXiv:2502.17419,94359a10120024b3b2dada5d3b4257edf4e083b3,reference
arXiv:2502.17419,1738bfdda961ddc9d31b39f3dd38b1f425199e94,reference
arXiv:2502.17419,5b08060d9efee18b235b4d49bb1f58898f3fc24f,reference
arXiv:2502.17419,d981ce332586e6a29f595cbdfa9347cf425e5cd0,reference
arXiv:2502.17419,9e9be507fcda5177d87160d5b62c9998585c37fd,reference
arXiv:2502.17419,38ae4151a187cfe760f2ecd9176e7f778b7c8067,reference
arXiv:2502.17419,305a7422a34a89fb79a84a9cdbecbae5021d6d83,reference
arXiv:2502.17419,db96f3bfe9b32eea74e89eba6e45f6fe0b5694ca,reference
arXiv:2502.17419,2f066326c0d5e5ecd7dc646224272f1e13948579,reference
arXiv:2502.17419,836fd2382c4f8bda0f55204b89c776a8453f8ebe,reference
arXiv:2502.17419,e275d6715064db3054d175f45a9930c219db5a21,reference
arXiv:2502.17419,e21ea6a240fad32d9ddd03d70e2f40dae78bcd1e,reference
arXiv:2502.17419,4d76d602d913852327d576b0af92ae4ed0ca1d2f,reference
arXiv:2502.17419,fb970ce4383a78ad52c641bc38815d78ad737aad,reference
arXiv:2502.17419,837397b65145a6107d6a15d1336c21df9b4fe7c6,reference
arXiv:2502.17419,8b8b9ccee62407fe733ac4d2e8d106f8cd0eab28,reference
arXiv:2502.17419,cc769ab935638777a99f2a965b368c86d2cf52b4,reference
arXiv:2502.17419,dd4cfde3e135f799a9a71b4f57e13a29de89f7e3,reference
arXiv:2502.17419,38e3a5747bce4275e7830cca5baeb208349c3086,reference
arXiv:2502.17419,0af4359948693c7aa60caf5e13aaab9d32fced92,reference
arXiv:2502.17419,d37915f3eefcd87529eae6b13d75fa3c27d2e926,reference
arXiv:2502.17419,3eda2b6dca596d52b3db4d259524ecb050a511fa,reference
arXiv:2502.17419,20b6241fe78e35b2e1877a954a95309ff93eb46c,reference
arXiv:2502.17419,e1774446423a18d0731642aa49a5875f6aa425a3,reference
arXiv:2502.17419,1fcaafeb72142fe3d1a5d698a072d69778d244b0,reference
arXiv:2502.17419,967e51b71304a8a7e27e56f73f5bc781d2864e72,reference
arXiv:2502.17419,942328473407147f609761dc22128a503713df58,reference
arXiv:2502.17419,d4992e3f68fce85e16c7a93ab37364307121cb9f,reference
arXiv:2502.17419,78f85a3a4e9d1b83ac33179c777e6eb2d756be82,reference
arXiv:2502.17419,35c639be8599d72834a76b89746eba8fa2544d28,reference
arXiv:2502.17419,78a6748e26fff8ead21327eb4384112a88cbd6a1,reference
arXiv:2502.17419,d98fa95cb4c22f404ea12e68f540bfd583ad2e46,reference
arXiv:2502.17419,81f5c250a984cd7460b03b8245d75c55a7758b1d,reference
arXiv:2502.17419,29d2be00dea3b214ac5a9bdd6f2b7388702b351b,reference
arXiv:2502.17419,1a5d0e368660bd638f804e6e837c97765b72f561,reference
arXiv:2502.17419,0681d80cd58b6135534cf279a69f5f999f47ebca,reference
arXiv:2502.17419,b87f2fbb88c7dcf3a4a96dc690f8f4da831112dc,reference
arXiv:2502.17419,550300f63860fc347fb97401cf55015fd369056b,reference
arXiv:2502.17419,e63b95ff7f1bbaf7c3ac95d69df33d008bdec910,reference
arXiv:2502.17419,2464e287e6f92738fd5627819597172e8674e36b,reference
arXiv:2502.17419,4ff7ac8363b2e7ec41ef7e62c0cfbc5398953f5f,reference
arXiv:2502.17419,9c5718032de470df3dec34a629816c178f54d05f,reference
arXiv:2502.17419,89feca0d880993c92a60feff565bd3c2b396f407,reference
arXiv:2502.17419,6e1f1333b36d2ccb562b7a8d981b952e152548f6,reference
arXiv:2502.17419,e8c5b9a2c800f232a91a84badd6530d955a669f1,reference
arXiv:2502.17419,344ea934835aec1b883210eeea3855c279549927,reference
arXiv:2502.17419,b38ce6f380d188584712c99b82ced55ecb085fea,reference
arXiv:2502.17419,196f38764cb1b6b2796f167a22b1fd451e9ee397,reference
arXiv:2502.17419,986839c6cd0f3cbd3dbb68b5376ea4c9c1d58765,reference
arXiv:2502.17419,c0c14e6f5652940a64dab4a37345fad225103933,reference
arXiv:2502.17419,ded8cf8b28bab1930f5c57b31f7906835dfeec38,reference
arXiv:2502.17419,dd951242ebc94bf633eecc4994c64f46146a1413,reference
arXiv:2502.17419,00cbeb2fdfc7b81a4ddf70056fbe8fefea9db9b1,reference
arXiv:2502.17419,36a66619288a7be96f4bbd40f238e9e39956d8ba,reference
arXiv:2502.17419,56a9aa8825b6c6441b0d22b9bc04852e1af80852,reference
arXiv:2502.17419,900cd128482bbab4d2752d01ce80c55498b78dd2,reference
arXiv:2502.17419,73f60e2190180fbffd678b63993b56e95a2cf994,reference
arXiv:2502.17419,c22323a784c3408185076841b341dc9b83a943a9,reference
arXiv:2502.17419,f64b05541089ef72baea0db056a7bc6e8becf597,reference
arXiv:2502.17419,446c3356b95a29dca4b908533c088ce63f2275cb,reference
arXiv:2502.17419,eb8a62b5c490112fd73255a26976cdd84819691e,reference
arXiv:2502.17419,93fe0cb7b219f759d3163e6889a889fa35a331d2,reference
arXiv:2502.17419,c4c9f7a2e76a1edfb4ab39eb78b99ff72763111c,reference
arXiv:2502.17419,dddd33f1e83220f5c4736644490e483f9de32ed1,reference
arXiv:2502.17419,f61cc9b5583c6295d5cd756ec0f34e4c003aab29,reference
arXiv:2502.17419,7ecb773db1f7ce8053710986189d4bdfa38a46ad,reference
arXiv:2502.17419,c1fe3ddae2443ffd11cb62e76537af0ee207833f,reference
arXiv:2502.17419,e495cdd1c62281b67677103650b885d4eaf151c5,reference
arXiv:2502.17419,d410f37fcb58d4b2712aeffc02a876a0e1d04aaa,reference
arXiv:2502.17419,7aad17634aa3a04c15c50c368498361ba619def1,reference
arXiv:2502.17419,6508e62ee67ecb48fc1534f7f8cf2f687ae68bab,reference
arXiv:2502.17419,7e159c96a3b6d87625fa123f108f336312e99121,reference
arXiv:2502.17419,6b3062b7e2f0bb4f85527ede6f294946fc035639,reference
arXiv:2502.17419,5373cbd50d00ef7bc1b628355c7f73a7707fa91c,reference
arXiv:2502.17419,2a8b3b839f1c22270b0deab9fc75af6ac62ffb1a,reference
arXiv:2502.17419,bb6426f40b7a5323423826afa0485fd940ec3c78,reference
arXiv:2502.17419,0d11a9674b68216b92e08cf7617a93fbd3fb91f4,reference
arXiv:2502.17419,979905a2073f74bc3a303b8e599115c50795cec7,reference
arXiv:2502.17419,8e8e761be9087be8499f9ac641e35727344fd556,reference
arXiv:2502.17419,7deaa55c18b1cbb315df8ac7a05441c0ec6b38a0,reference
arXiv:2502.17419,a922ecbc9f440e5547117a7f188a76de7996eb3c,reference
arXiv:2502.17419,2039018e618ccc34744addf94c2ab8ad141d7f24,reference
arXiv:2502.17419,00e4098e8cba9fb2342109ba3028294c8b687c03,reference
arXiv:2502.17419,bd07e9cdd94ea56e18dd48311f6bd189ad29b17a,reference
arXiv:2502.17419,eab7c48a4592d8a347d520affbc1b52f50e88be7,reference
arXiv:2502.17419,5d2ffdc8a0970642372f6742e191c892e41a6a9b,reference
arXiv:2502.17419,25eeafa6bf11950caadf09d400f081839b00ccb8,reference
arXiv:2502.17419,bdd117d8e09b0a5c5530f4469cabadabe41bb7d1,reference
arXiv:2502.17419,ce9280163da1b7a646b5b1ca9a2bca40c5b522d5,reference
arXiv:2502.17419,b62d0605137463ea591a0619840305cb98f6958f,reference
arXiv:2502.17419,7244b9b0868e400617334e392d071d406acc0ca5,reference
arXiv:2502.17419,45e1c99a1c8935bf137c0b51a08a03ffb6821993,reference
arXiv:2502.17419,7c8a43b48db962a9bf01800663cc81857679905c,reference
arXiv:2502.17419,ec0b78cd2d2ddbe69f0b487049e1754c9350b2ea,reference
arXiv:2502.17419,8cdb7845b94fada3be213e2abcafa7da6625879f,reference
arXiv:2502.17419,d83f326e5c0aed1d0cb82a6e9a9e09d3b72394aa,reference
arXiv:2502.17419,c89257cd21e6c6d70ca1171f8fcedf65796bac3f,reference
arXiv:2502.17419,e23379a9752f57732d311f7a97af2c69af6fae7b,reference
arXiv:2502.17419,ea2da86fd9d6488a4935b6c135658accc8f64d6c,reference
arXiv:2502.17419,24e8029197b5f99126f0ef4e577d55a275405b36,reference
arXiv:2502.17419,0050896a62a43aa725addcdd36af4974806d0d76,reference
arXiv:2502.17419,5318666c359d0aeabc22d0f6d3006d3e0989d48e,reference
arXiv:2502.17419,ef8a8bd193b1a0a5e2c834a7a28869a2ec85bab7,reference
arXiv:2502.17419,ccf92ec10b578411bb0c4950fc4e747bed31c17d,reference
arXiv:2502.17419,e9b5df0922f99af0874e01c6667c790004a952e8,reference
arXiv:2502.17419,cd87853737a4e89ed737018d889e4f5867c661e6,reference
arXiv:2502.17419,1c568d65dfa2b22362946baccdde055004b1448d,reference
arXiv:2502.17419,a5524d085ac586d531021dcb1ec156eaf942b109,reference
arXiv:2502.17419,34471a2fa18ea22efad5287cf4aeb18542c98a9b,reference
arXiv:2502.17419,668075792a7ab40457d92e09da28d35c879271c3,reference
arXiv:2502.17419,09cedd18546c334891df025aa3a4e21658affa23,reference
arXiv:2502.17419,8bab0efb18280c5fe105c24168a9185932a1ed09,reference
arXiv:2502.17419,5ef88560c5961c69e6da2a2e0a0ad57a3bff22e2,reference
arXiv:2502.17419,a1bd323f1b2b76fcf2c093678adb6393ab01504e,reference
arXiv:2502.17419,52babb057c4c6493bef95ae7a67984d7f365e2a8,reference
arXiv:2502.17419,80f06ce2be5dd43211045627aed587baac109007,reference
arXiv:2502.17419,225721f407a7a8cdefd4ba6bc61c43acba5a3b6a,reference
arXiv:2502.17419,d1932021a85b36144f6c355897b5ba55403751c8,reference
arXiv:2502.17419,4a7e1870fa76329da369211ab0630ce4960402f6,reference
arXiv:2502.17419,42280e4374616c5f0305a8ab843fea630c0a02f9,reference
arXiv:2502.17419,c45db9ff25d2acb92611412ebbd58b93931776f6,reference
arXiv:2502.17419,5a3b3a91e5d8900e082b128306f600b879223ac5,reference
arXiv:2502.17419,5b86fbaf12fd50710066e3995e33ece2185f8ada,reference
arXiv:2502.17419,6b9cdba25a6930d82958d2404350f12c1550ddc4,reference
arXiv:2502.17419,0e63a3aebf14fc7a68c0df7a922770bde5b77360,reference
arXiv:2502.17419,cca431c69807196211c657a35697644743944b12,reference
arXiv:2502.17419,24f9efbd9e229a085d4db2f477282f8ad80f1ffe,reference
arXiv:2502.17419,f6d9b2dcde4cc646d2b5eb2ad0642cdfa0c0b4bf,reference
arXiv:2502.17419,2f5b0b4885ec68c17f50e4b83b887d138077171f,reference
arXiv:2502.17419,c286fe443c32144b843628407e7f32b6056b8b9f,reference
arXiv:2502.17419,0763d6c644b80aba0ee66706c4de88aed2d1d126,reference
arXiv:2502.17419,84c149537dee8ef3a7ff54b6bb01e9a4c8eaa17c,reference
arXiv:2502.17419,c271ecaa482b4f0f9608eea24eea410f49bfd43d,reference
arXiv:2502.17419,285f38de28b79df0bb64a859ab0d79048e860f30,reference
arXiv:2502.17419,19ac2750cd1e02362f25fc2bdd88110fa127db34,reference
arXiv:2502.17419,a9161bb1bf727532e1a4aacb7ba1d7cf175edde0,reference
arXiv:2502.17419,3bbf541c2a3ce0ffaed3703cd486f0e1b2febb27,reference
arXiv:2502.17419,a63ab6334c8d91c92904288a4369b1a2acf1fb9f,reference
arXiv:2502.17419,d65e47d3cfce21ff1e2b51f0b18efae61570ccd5,reference
arXiv:2502.17419,96c90a0c76f361fc45af33569d9f58aa3ea7350b,reference
arXiv:2502.17419,3a8192a2cea57217b15ec80c2dea66db56eb5238,reference
arXiv:2502.17419,e83a58f93fe5e6b618cab3a1038374261f29d1f2,reference
arXiv:2502.17419,b4ab16793520c9ab8db307677a4b9ae77220bf65,reference
arXiv:2502.17419,88aa6b1f37d1fd8e0a40499ce9bb87873f03aaa8,reference
arXiv:2502.17419,f2ec0e0ad6f1ff295ca9a133f3dbcec1af52c918,reference
arXiv:2502.17419,c169a98b65c6cf5ec916dea11ab51c1552bbd0e2,reference
arXiv:2502.17419,f1b1dd002edce21ca241d5df7caff05567af37a9,reference
arXiv:2502.17419,fe56f4fc2bc24cb2b2eaf439454cc7253bbef6f3,reference
arXiv:2502.17419,2e70bc1746833bb46853de7f47407509d54fc42e,reference
arXiv:2502.17419,2cd94b619034ae0226f4391e3ff628fe9ce780a1,reference
arXiv:2502.17419,a89fe3c6749c79354b30a154c6298a7ff2bec9d6,reference
arXiv:2502.17419,d74bf37c83797c7a7fab19428ff014f2f0d4e035,reference
arXiv:2502.17419,a9d9aef1e82a0fcc0761ce1dfc1f8683b53ca61e,reference
arXiv:2502.17419,dccd3899dd16beec8adcc97b65f6e24e7927d19b,reference
arXiv:2502.17419,673fbdd957cada770d10dffca5e45b53da43a3c6,reference
arXiv:2502.17419,983c01d00102075dae128b8ef9f01abef98720b5,reference
arXiv:2502.17419,124b40ec883eb59e89be76e5da5489dbed89275c,reference
arXiv:2502.17419,9e576b3d5afd79791ead4d2a2a8bf5640b2de513,reference
arXiv:2502.17419,5fa192ca3659eeac5b96d70bebff1767bbe92268,reference
arXiv:2502.17419,5bd36b2c701056984a6353edc8ebdd3a3864bc34,reference
arXiv:2502.17419,92056d644aed7caa6c5367fe77774883246af793,reference
arXiv:2502.17419,1bc3afa6f78f3f1891fd34e8f07d39d1c8f7fdf8,reference
arXiv:2502.17419,594ce625033d3fe2568e05f567aa013fd484eb76,reference
arXiv:2502.17419,dbdfd6516e58bbb2621ec9facbe1c34c0a7d988b,reference
arXiv:2502.17419,c3d6722c69d623be8370a0b58ea29d62ab3ab999,reference
arXiv:2502.17419,b368528a18d8f7b377e6fc74c1050df8c0348a1f,reference
arXiv:2502.17419,ab649ecce8e85a7ac00e1cce9c1e4b605c1d8d0a,reference
arXiv:2502.17419,c668db954a6c9cdcc36f3eb612694ac169a68b15,reference
arXiv:2502.17419,e7fadf3ba6f389d9db67fe578c466e7f9610e0fc,reference
arXiv:2502.17419,00275447a1d15506d56f3c0b66c2cf4f0631ea1b,reference
arXiv:2502.17419,36e87fcc7289e03f5a306e4bb95830e45b82ccd3,reference
arXiv:2502.17419,64f5265fa0cf844fe6a61c0889e4e8edf29da6a2,reference
arXiv:2502.17419,9ceadd197cea2cd1b45e12983d528daf2b24efaa,reference
arXiv:2502.17419,864b530b17373aa4e6f09a00614cf2f6c2be707d,reference
arXiv:2502.17419,794d50a7ba63e7a6800d05998708f93a12614aa4,reference
arXiv:2502.17419,62f1620deb9d2d68b3fd13148cecdea53f613414,reference
arXiv:2502.17419,088ab579bf490691eea7ac92e122ee11c9b9d131,reference
arXiv:2502.17419,e32e66e504095826dce718a3446cc6508651845f,reference
arXiv:2502.17419,7c44b7fdcec2e517799f6c54f6ba42bf1a89d2e6,reference
arXiv:2502.17419,43982aa7065a13bc1c58029926827d1907c8c525,reference
arXiv:2502.17419,1c4b489f203b7eab37fbc7264f04718f1e879a73,reference
arXiv:2502.17419,58f614941629541c8c04acdb8acb9e3fb350ac5a,reference
arXiv:2502.17419,9fc8ea29aa813acce4e26f8bdcc4090ac98271e1,reference
arXiv:2502.17419,d084517f14ee247883de0f4dd58bb923e418157d,reference
arXiv:2502.17419,0155527cbc523bd3a458b91b41b6ba06aa74aebe,reference
arXiv:2502.17419,1cffb1289d048caecb939ebbbb143ed863d6712f,reference
arXiv:2502.17419,39c5b07079e3b92aca9629d7cce694f276b9d9c6,reference
arXiv:2502.17419,1190475124f300d53612d427cd5d243337b2a11c,reference
arXiv:2502.17419,a768f7f3a4542b0909ee43ef402b55f7273b78b7,reference
arXiv:2502.17419,2c2396e96e88f8ff0b7f37ad243675913761d58d,reference
arXiv:2502.17419,0710f4d42f29bae38bb413097f92a8ac6e04227f,reference
arXiv:2502.17419,4814f1744ebfbbf0e987ee4242a930dd2d3d09a5,reference
arXiv:2502.17419,bdc8c92a44714b468b40ef3d77e96d966f93141b,reference
arXiv:2502.17419,84da5687bdb173c1ca00078c17317f1532e7a033,reference
arXiv:2502.17419,9345e55a21959948499cee997522aa5eac7ed588,reference
arXiv:2502.17419,f02c466bdef9bb273f92b41f4c1d31e5d332ab25,reference
arXiv:2502.17419,3812b3ae347abfd2644878fc34a330d0417d4b4c,reference
arXiv:2502.17419,774d01e152003f342596031c0c0fbf1936dee41a,reference
arXiv:2502.17419,501f8a0200a12a6f3906c1e4f3f40715e0e7d23a,reference
arXiv:2502.17419,9b3239cff17327960804098e33e1ca903e7b9e85,reference
arXiv:2502.17419,b190ff60af7ee4ca177ae67d8eda91e00a24f121,reference
arXiv:2502.17419,e93f1fdaecd63298d60fd2574ae4f241912edb37,reference
arXiv:2502.17419,b0ce75fca254a50e5b6e1eca757a67706d2f91db,reference
arXiv:2502.17419,b92166c63eba57a5d3d225c2db43d81accd4911b,reference
arXiv:2502.17419,02668ef164ae5c693cabc848300eb648262b2d85,reference
arXiv:2502.17419,0513d9a10c0c06caaad30f68bf5051884f5a2327,reference
arXiv:2502.17419,250043fdae97d2ac87245a44923682e7a3decd50,reference
arXiv:2502.17419,2c27967c92fda392cdf0654281df5a902bb62240,reference
arXiv:2502.17419,cd27f45bc760447fb4de3209e2381ea3493bbd57,reference
arXiv:2502.17419,3072ad4982cd916606ac88ea1883d4d725c4eda4,reference
arXiv:2502.17419,b00d92a2ebb024dc6c82d2cefbcd0782ce32f74c,reference
arXiv:2502.17419,f32bcc2155997110a7905da050df4c8404867b24,reference
arXiv:2502.17419,1406bb4cb6801bc4767b661308118c888a9b09da,reference
arXiv:2502.17419,f82f49c20c6acc69f884f05e3a9f1ceea91061ce,reference
arXiv:2502.17419,bfe1057e5bdd2ed6d7b5564cf644a7a11fb8387a,reference
arXiv:2502.17419,e90ef7365673367ebc1e96a37a5da7b52d9354e1,reference
arXiv:2502.17419,9619cb4055ad8777cf5323b27de7a197beabb858,reference
arXiv:2502.17419,acb53707ebc5ce954d9821fc721382d997befbe7,reference
arXiv:2502.17419,36e6a2fecd40f41e3c45d79d3ed44e505ea10ac3,reference
arXiv:2502.17419,ca6e4f2be5d595623298d62682504571d8882b5d,reference
arXiv:2502.17419,323849c020407861bafa48fb8b6f3e208cd25111,reference
arXiv:2502.17419,9f405d2a43d4c62764b5a9a1630a20afbeb52450,reference
arXiv:2502.17419,e852785ce2acc2b79aad22f7b2585585a9c88bfc,reference
arXiv:2502.17419,5f4317b03c3624bc686d9e270038c4c58fd6fc4d,reference
arXiv:2502.17419,dcebd9de6fb8ffd5e5fff7734e277abd6f3858ce,reference
arXiv:2502.17419,95a52dd5adf6eb8d918cdfbf6189aab4eaa8e607,reference
arXiv:2502.17419,f7c52828269016f47c5deb466118b1c9e986a642,reference
arXiv:2502.17419,38333f6e8f0388968edc4b2ea7a683ce69677e69,reference
arXiv:2502.17419,6bd8f3d617fa0c6e38eb0f042d20bc571dbcea96,reference
arXiv:2502.17419,ff3e4f7c2481fb6df539f02be5945235101cbc19,reference
arXiv:2502.17419,335909d11433363ad73f91513aeb173fc92474cf,reference
arXiv:2502.17419,d5e9532d12a26124f019de5f1a1d6a9a6eab3d03,reference
arXiv:2502.17419,ac8bc36c253c8593492afc2db620c01b152dc778,reference
arXiv:2502.17419,b2688b3a0ddf190cd99b11b6bf589a6e071c5369,reference
arXiv:2502.17419,d5fa9118d56a6e19b4620a9e75c7c4bd031f2e74,reference
arXiv:2502.17419,094b6847434be00e41686529f45d895bd632f68a,reference
arXiv:2502.17419,4bfb6070f6a80de6a85b9edab1fb332fd0a56e69,reference
arXiv:2502.17419,ee8c1a46c90f1261c23479e15c6bed7f67ad8943,reference
arXiv:2502.17419,6d017adda6b2b1ea627dde2f0e85401ebb9fe566,reference
arXiv:2502.17419,699ea64f92e05663457e7ae9c4b410e3d30c86d4,reference
arXiv:2502.17419,f8359e7d74b2be343379472be3d2b452fcfa4801,reference
arXiv:2502.17419,b5bffe41155052a43010ec7197f832e81c546268,reference
arXiv:2502.17419,ab8e6df5001dbb9b48445220099425aff536b3e8,reference
arXiv:2502.17419,afe0998d191f3ea8490c7df100a3ffc5dcc62c5e,reference
arXiv:2502.17419,c811bedbe8f4c21d0cba9f9175f7c2eb203284a7,reference
arXiv:2502.17419,fc5eb6a11987bcd0bf0460ff65b46f15cee3a911,reference
arXiv:2502.17419,0ef6788f630ed121e52265b048fcdf97a930e923,reference
arXiv:2502.17419,97994e4526ef7eeea59190aa466fbab05fad9187,reference
arXiv:2502.17419,6dc5c6190dfbe55c8b45b7b23800614c21e5b51c,reference
arXiv:2502.17419,e96c86407b3acf09e5d7729bec201824b717b476,reference
arXiv:2502.17419,6f24e0782300dca8a4cefcb5a3ccba94bfbb1395,reference
arXiv:2502.17419,5eac2a40422a7085cb6f03285ad08210b6f6744b,reference
arXiv:2502.17419,bcf2c7e3f4ed64c8294c35a59220a26dd4f40060,reference
arXiv:2502.17419,efe7ae42bd2d234989f95cc3824822e13f21b3dd,reference
arXiv:2502.17419,c3f079f9f59f255e032a1239aea02a2affe93be8,reference
arXiv:2502.17419,f54aa5a594d054e9564413ed4c30d18f2e747bc7,reference
arXiv:2502.17419,4fe4f0f9d39d708a6c3d7b8dfbfa2616cd376e1e,reference
arXiv:2502.17419,35b142ea69598e6241f0011312128031df55895c,reference
arXiv:2502.17419,a050c9b0c321839e4427ab9defa3463be7825ac4,reference
arXiv:2502.17419,03092a3f26ed774af11cf05082a3d48e6ae1429d,reference
arXiv:2502.17419,7ca300c16abbd38382dec5b7ea6809fee570be54,reference
arXiv:2502.17419,65d1ebaa9e42e1aaf243eb5c86d717436bcd63df,reference
arXiv:2502.17419,16d6e1ed1cf72212f6154644f3aa59d18bc95fda,reference
arXiv:2502.17419,40c0d1f38ab081e21cc3b1e2e5334a9b54b6ff08,reference
arXiv:2502.17419,9b093787f9be3d480cd11f8ec6ca5b0e44050d6d,reference
arXiv:2502.17419,c672ec79f55cef8f7a32cd8dddfa981b893f1567,reference
arXiv:2502.17419,4ba57555bef02f988f2ed3bab2f102733dc55221,reference
arXiv:2502.17419,d32ba88571141ed0ebe7aeefbaa4ccaf8cda7be3,reference
arXiv:2502.17419,eb95c327260725498404eb43ec370d419b8d92c7,reference
arXiv:2502.17419,48362b169a235ca650918c489c8cea4c597da645,reference
arXiv:2502.17419,0f9a3c5c6a54fca6be2afa0fd5fd34eed96a31e8,reference
arXiv:2502.17419,7bbc7595196a0606a07506c4fb1473e5e87f6082,reference
arXiv:2502.17419,b50d19c5c298f6562c3b3c6c3822a351bdc89260,reference
arXiv:2502.17419,e99de66608a3b060d54548b9e9a7c39961872cd7,reference
arXiv:2502.17419,210b0a3d76e93079cc51b03c4115fde545eea966,reference
arXiv:2502.17419,288e64e8adb23d81e291a2cb51e3a56b315023b7,reference
arXiv:2502.17419,adff39f3972d349afec4bc7bcbc580b670a99097,reference
arXiv:2502.17419,0725b276e351bba6b2a52ecb64f3c964b9acc2f9,reference
arXiv:2502.17419,07cdf957a11506f87fbc030dcfaaa6399847648c,reference
arXiv:2502.17419,98b607e7cb84e1a5c87c8a49562ae35435e6722d,reference
arXiv:2502.17419,32e11cf020021c225782a3b77b5cfed4ae8e14a0,reference
arXiv:2502.17419,c96645997967df130d425932f06f3cfe89962d0f,reference
arXiv:2502.17419,8868a6d452b06bf4ad33237d0f3952d895ca20e7,reference
arXiv:2502.17419,a419e1d74cfc2b5ff400963476bda5c6ae66e172,reference
arXiv:2502.17419,3eb74feac121bfc3641a42bc02d7be883f28dd58,reference
arXiv:2502.17419,908dad62c0e43d80e3e3cb3c0402f7c71c70499c,reference
arXiv:2502.17419,94a5f96308729e31c1ffbc0f0618db87795092fe,reference
arXiv:2502.17419,3784fd84b61d482b52f7ef72aac66bcb886b892b,reference
arXiv:2502.17419,8946891e94831adc8cddb0d32311cce2445c96d2,reference
arXiv:2502.17419,3f4ccf64ffe23b5dc095ae0401eecf9445deb024,reference
arXiv:2502.17419,f8b5ee53c3410f20049e7def47bd52403fa388e3,reference
arXiv:2502.17419,bfeda6c7aa7899a80adb01894555b09d24756a59,reference
arXiv:2502.17419,e8df1cf6742b50a15500b8dd3dde3942e9c91418,reference
arXiv:2502.17419,1671d70a135b1e28b3a9cbc830feaa9b0c57df32,reference
arXiv:2502.17419,83b90f4a0ae4cc214eb3cc140ccfef9cd99fac05,reference
arXiv:2502.17419,ed5020eeda1fbe8c29b1282d654b34abee22d90f,reference
arXiv:2502.17419,537335d9aad0ddbaef93e7f88b0db096671ef6ec,reference
arXiv:2502.17419,dd18782960f9ee4c66b79e1518b342ad3f8d19e7,reference
arXiv:2502.17419,aade40af0d85b0b4fe15c97f6222d5c2e4d6d9b3,reference
arXiv:2502.17419,ecfe2becc1040d3810c10f006d4be43b4eef3c41,reference
arXiv:2502.17419,ca261cb681b082e90ca6c7a9d325b4265ed1dc28,reference
arXiv:2502.17419,182c7b40ff7560a5545764814338f55a2098e441,reference
arXiv:2502.17419,ba4aa83248a1d08b521392eb971e47d10b7c74e1,reference
arXiv:2502.17419,868b7ea007786ec07af2d8ae96f89e04508dd167,reference
arXiv:2502.17419,1e6102c981b9464c632ef0b00dbd11dfb0564e4e,reference
arXiv:2502.17419,e41482f4ee984f17382f6cdd900df094d928be06,reference
arXiv:2502.17419,d62c4d00b277e948956b6610ce2644e88fe1577b,reference
arXiv:2502.17419,888728745dbb769e29ed475d4f7661eebe1a71cf,reference
arXiv:2502.17419,e2e52461194bc81351da7caa978ac42e9e9549cc,reference
arXiv:2502.17419,be8db99310602d66bba64bcf41a572c45816fbfc,reference
arXiv:2502.17419,0d1c76d45afa012ded7ab741194baf142117c495,reference
arXiv:2502.17419,ea420d673697697295ba0102488c5bdaf0454b9f,reference
arXiv:2502.17419,5dbffedcabe3fa43060ebbe2b1789500edfd871f,reference
arXiv:2502.17419,7cf64070fd3d7e53d80f260c10e6bd7018d580e1,reference
arXiv:2502.17419,c226a4acb42912054d498bcf771023b0ba2da001,reference
arXiv:2502.17419,5d32c364088733c6e8dadc9cf0baa26e10506d61,reference
arXiv:2502.17419,e468ed6b824e60f45ba9a20b034e4090c6630751,reference
arXiv:2502.17419,cb6cc7d28d06a0d7c0d3f0d7ee551bbc86dbc3aa,reference
arXiv:2502.17419,0a90d5f56150eafd3ac88e4406b17496fedf529a,reference
arXiv:2502.17419,026b3396a63ed5772329708b7580d633bb86bec9,reference
arXiv:2502.17419,bcdaf6c98ddbd6809cf6241aa77200d7394db163,reference
arXiv:2502.17419,8bd6a2a89503be083176f2cc26fabedb79238cbd,reference
arXiv:2502.17419,ef018d9fad6167cfddb7d6654c5422df1e953730,reference
arXiv:2502.17419,a5036f31f0e629dc661f120b8c3b1f374d479ab8,reference
arXiv:2502.17419,f9a7175198a2c9f3ab0134a12a7e9e5369428e42,reference
arXiv:2502.17419,3aaf6a2cbad5850ad81ab5c163599cb3d523436f,reference
arXiv:2502.17419,163b4d6a79a5b19af88b8585456363340d9efd04,reference
arXiv:2502.17419,916437f03195d740ba3ebc20d283869ce11f17a4,reference
arXiv:2502.17419,57e849d0de13ed5f91d086936296721d4ff75a75,reference
arXiv:2502.17419,5938abafd61881f6b23a2ba318d2d3d0327402c0,reference
arXiv:2502.17419,08b85bce712168998004ee80ce4e475390413c74,reference
arXiv:2502.17419,3f5b31c4f7350dc88002c121aecbdc82f86eb5bb,reference
arXiv:2502.17419,db4ab91d5675c37795e719e997a2827d3d83cd45,reference
arXiv:2502.17419,35922cd0d6b17e45320917338e9f98cb5c1a4f6f,reference
arXiv:2502.17419,6845bea94b2fb17d4377b3bb2bd10f73a959f9cc,reference
arXiv:2502.17419,7715ba5e75f5256e1061c7473afe61bb0dbb9065,reference
arXiv:2502.17419,b1b8c3e47f44158d22fb70bb453d2494ed013b70,reference
arXiv:2502.17419,d8e9f8c8a37cb4cd26b92ad0d942d641cd512644,reference
arXiv:2502.17419,6d7b8a478801bd9d21df82d5f33ae6eced90da5e,reference
arXiv:2502.17419,6c943670dca38bfc7c8b477ae7c2d1fba1ad3691,reference
arXiv:2502.17419,6c1e1cc1e0e1f8fd026fe517607b2d4535565fa7,reference
arXiv:2502.17419,d33504263ff0b263a1562075711264228d83b181,reference
arXiv:2502.17419,663a41c866d49ce052801fbc88947d39764cad29,reference
arXiv:2502.17419,90350aa626bed47b02d0c162462e5b0ca82be6b2,reference
arXiv:2502.17419,07955e96cbd778d0ae2a68f09d073b866dd84c2a,reference
arXiv:2502.17419,3e565c544a8639cc9c7568833e484d7610f5e5d4,reference
arXiv:2502.17419,d3135733aa39dec20ce72aa138589dda27c8406d,reference
arXiv:2502.17419,23525374cfd3af714f3ffb7a203b1ef3253333fe,reference
arXiv:2502.17419,e826ac71dad8c4ce36d82fb7add43e3d306bb7e1,reference
arXiv:2502.17419,e7ad08848d5d7c5c47673ffe0da06af443643bda,reference
arXiv:2502.17419,5437e8adab596d7294124c0e798708e050e25321,reference
arXiv:2502.17419,26218bdcc3945c7edae7aa2adbfba4cd820a2df3,reference
arXiv:2502.17419,5f19ae1135a9500940978104ec15a5b8751bc7d2,reference
arXiv:2502.17419,0e41fd22d483047bd8fdb1757d90c7702493567e,reference
arXiv:2502.17419,d766bffc357127e0dc86dd69561d5aeb520d6f4c,reference
arXiv:2502.17419,f4df78183261538e718066331898ee5cad7cad05,reference
arXiv:2502.17419,5cbe278b65a81602a864184bbca37de91448a5f5,reference
arXiv:2502.17419,1b6e810ce0afd0dd093f789d2b2742d047e316d5,reference
arXiv:2502.17419,6296aa7cab06eaf058f7291040b320b5a83c0091,reference
arXiv:2502.17419,80d0116d77beeded0c23cf48946d9d10d4faee14,reference
arXiv:2502.17419,d6045d2ccc9c09ca1671348de86d07da6bc28eea,reference
arXiv:2502.17419,ffdbd7f0b03b85747b001b4734d5ee31b5229aa4,reference
arXiv:2502.17419,238eb420c472bfdb1b4d34f9f53abec51f307a6b,reference
arXiv:2502.17419,c7fa68b000db6bca4ba10ec42565497f7df91f02,reference
arXiv:2502.17419,6f870f7f02a8c59c3e23f407f3ef00dd1dcf8fc4,reference
arXiv:2502.17419,2cd605106b88c85d7d8b865b1ef0f8c8293debf1,reference
arXiv:2502.17419,fc97c3f375c7228a1df7caa5c0ce5d2a6a171bd7,reference
arXiv:2502.17419,90abbc2cf38462b954ae1b772fac9532e2ccd8b0,reference
arXiv:2502.17419,361c00b22e29d0816ca896513d2c165e26399821,reference
arXiv:2502.17419,8323c591e119eb09b28b29fd6c7bc76bd889df7a,reference
arXiv:2502.17419,077f8329a7b6fa3b7c877a57b81eb6c18b5f87de,reference
arXiv:2502.17419,4d357ffc1cf60d3f34b5345899619882791474bb,reference
arXiv:2502.17419,c27db32efa8137cbf654902f8f728f338e55cd1c,reference
arXiv:2502.17419,204e3073870fae3d05bcbc2f6a8e263d9b72e776,reference
arXiv:2502.17419,745c614dbd23bc1e3def79f600680b88cee28700,reference
arXiv:2502.17419,5694e46284460a648fe29117cbc55f6c9be3fa3c,reference
arXiv:2502.17419,846aedd869a00c09b40f1f1f35673cb22bc87490,reference
arXiv:2502.17419,2c03df8b48bf3fa39054345bafabfeff15bfd11d,reference
arXiv:2502.17419,340f48901f72278f6bf78a04ee5b01df208cc508,reference
arXiv:2502.17419,a6cb366736791bcccc5c8639de5a8f9636bf87e8,reference
arXiv:2502.17419,cea967b59209c6be22829699f05b8b1ac4dc092d,reference
arXiv:2502.17419,abd1c342495432171beb7ca8fd9551ef13cbd0ff,reference
arXiv:2502.17419,f48eed915cbb9c6592cdb9df80c1edaeb46959af,reference
arXiv:2502.17419,c37f1baac3c8ba30250084f067167ac3837cf6fd,reference
arXiv:2502.17419,c542aaafcf80a87b37ffa350344e65fe19b9c0ce,reference
arXiv:2502.17419,8978cf7574ceb35f4c3096be768c7547b28a35d0,reference
arXiv:2502.17419,674aae795b11a895e5fc2699a5b97fcb725cedfa,reference
arXiv:2502.17419,ba6e3b28090d935205ed0e1d398206906b5b8905,reference
arXiv:2502.17419,94066dc12fe31e96af7557838159bde598cb4f10,reference
arXiv:2502.17419,563e821bb5ea825efb56b77484f5287f08cf3753,reference
arXiv:2502.17419,2e9d221c206e9503ceb452302d68d10e293f2a10,reference
arXiv:2502.17419,03b7e51c52084ac1db5118342a00b5fbcfc587aa,reference
arXiv:2502.17419,10642d9cc58de426a1bd0dc27c7a5704b3efc28c,reference
arXiv:2502.17419,d78dc3f6f35df1922f6fb170fa9f6e26e218d424,reference
arXiv:2502.17419,052b1d8ce63b07fec3de9dbb583772d860b7c769,reference
arXiv:2502.17419,73e46a1a4d6c16f4165b8b9e806829e64bbc4738,reference
arXiv:2502.17419,0a5d68c28727e3f4bfbfbef12dbfc3bb41093800,reference
arXiv:2502.17419,6d801505d744dff6bb787b284ded9c2ef901ebbc,reference
arXiv:2502.17419,0a1f1365d6dbb82054525c0fcd6fa8d0f8a53cc8,reference
arXiv:2502.17419,1ae151a7f82ebb1873a74f9984e3faa39d0f69b9,reference
arXiv:2502.17419,0d38227805325c625c72defba576d62d19e2bfc6,reference
arXiv:2502.17419,8d8a2d7295cbc5b9dfa24c0ec736b717d7effa0d,reference
arXiv:2502.17419,8b191d96db9248c8284d6146976ca3b5c4858f00,reference
arXiv:2502.17419,0b08c58b9c3574d1034a3c3ae6f6ac4aa873f6e9,reference
arXiv:2502.17419,1527aae5ed83e33dcf2cbafd353625128862b981,reference
arXiv:2502.17419,79d7246908bc1ec870a02f45946c2b2588c5d9bb,reference
arXiv:2502.17419,1a2063aa3c29aabca3e264a4fb04b31f3e33c6a5,reference
arXiv:2502.17419,2ff02f446eb61b74fad0925b6482125368b2cbfe,reference
arXiv:2502.17419,d0644b9538931faf6e81a4f4b30c9cc1f144053e,reference
arXiv:2502.17419,cad882e8277df123d335a769ddfc61ba622723d0,reference
arXiv:2502.17419,695f14438675e4bf6a5250b87776fc209cfdfd2c,reference
arXiv:2502.17419,bfe83b9e53dfb4a9f8e0bfdc8c008783f8ef49ea,reference
arXiv:2502.17419,657771ac5125b19583fd9d460673b8f3f2f82164,reference
arXiv:2502.17419,c7cb597cfa87981277529f69b7c1b7d0ef7e5e05,reference
arXiv:2502.17419,5b6fdb2aea424d02c141da81d62b04d739d62b96,reference
arXiv:2502.17419,e0c7da7c849f6daa94055081d5209275c227c207,reference
arXiv:2502.17419,9deda73da446cbb21550abaa62b41f5a3acd92fc,reference
arXiv:2502.17419,9c88ed70df79151ce9df4c5907d7e6f6fc6e9040,reference
arXiv:2502.17419,cfdc21f9a6695aa4fe7aff3312c57d2496606202,reference
arXiv:2502.17419,0c98c94659a41c795981dce510edbca9c0350b74,reference
arXiv:2502.17419,0be6c17b47256fee1e960c94ff9c13118e85576e,reference
arXiv:2502.17419,9d7c0a27e6750a8f8f265867d9301faf30032c24,reference
arXiv:2502.17419,3d473cbb7a377cf960abff31748a1a39bb6c7d7c,reference
arXiv:2502.17419,a230273e0f9f43c3fefb11b191b4e23ae21aec3e,reference
arXiv:2502.17419,6e3166d917b40dc6533b4c47885a2abdbbd34d2a,reference
arXiv:2502.17419,9405cc0d6169988371b2755e573cc28650d14dfe,reference
arXiv:2502.17419,df2b0e26d0599ce3e70df8a9da02e51594e0e992,reference
arXiv:2502.17419,5226dd210f1e252b2e678f920e98e7e57b8639ae,reference
arXiv:2502.17419,cd18800a0fe0b668a1cc19f2ec95b5003d0a5035,reference
arXiv:2502.17419,0c0a778e6fdf7e36b1750c533dcc916f86608607,reference
arXiv:2502.17419,4f8d648c52edf74e41b0996128aa536e13cc7e82,reference
arXiv:2502.17419,34f25a8704614163c4095b3ee2fc969b60de4698,reference
arXiv:2502.17419,02552a8b40f3a82a5353f596264db71d899a9b4a,reference
arXiv:2502.17419,a3088aee08638a275394c575aaae318a08adfb9f,reference
arXiv:2502.17419,97efafdb4a3942ab3efba53ded7413199f79c054,reference
arXiv:2502.17419,1cc7a45f41fd8085929970b0486c378cd63e07b9,reference
arXiv:2502.17419,2422cd3a832b91b352bbdc11f8bd760f7ca11b91,reference
arXiv:2502.17419,ec74eaf722b5fb9c49e3fe38fe30ddf3dda61d72,reference
arXiv:2502.17419,c68a1f45858e180f6de8593557958072dcba129f,reference
arXiv:2309.01446,da9e8b168817b4101fc166a11b2db74d7cafcbd9,reference
arXiv:2309.01446,30accde19fb3066fd8856ad6a262a9a51269f623,reference
arXiv:2309.01446,896845aa992d50182227e4eb2883f784e16fe60b,reference
arXiv:2309.01446,8cf9b49698fdb1b754df2556576412a7b44929f6,reference
arXiv:2309.01446,1bf7a2a27fc1f8db6e9404db1be3d355d65722fe,reference
arXiv:2309.01446,b8b8d5655df1c6a71bbb713387863e34cc055332,reference
arXiv:2309.01446,47030369e97cc44d4b2e3cf1be85da0fd134904a,reference
arXiv:2309.01446,e01ab53663e5df5961a021506a9cb09f4efc3788,reference
arXiv:2309.01446,104b0bb1da562d53cbda87aec79ef6a2827d191a,reference
arXiv:2309.01446,929305892d4ddae575a0fc23227a8139f7681632,reference
arXiv:2309.01446,f7bcd0279f7f65112f1bcd13e539e26803b86bfc,reference
arXiv:2309.01446,a0a79dad89857a96f8f71b14238e5237cbfc4787,reference
arXiv:2309.01446,0244aeb7c6927e2fb0c2e668687e160a00737dbe,reference
arXiv:2309.01446,7a1e71cb1310c4a873e7a4e54d1a6dab0553adce,reference
arXiv:2309.01446,32ac52069e562d4f900afee70bdca63f53461481,reference
arXiv:2309.01446,fc50a6202e2f675604543c1ae4ef22ec74f61ad5,reference
arXiv:2309.01446,31f6efb33184428b890d60999b7624212ce42b2d,reference
arXiv:2309.01446,6c489a9dc649298aea729c91822a3c89de503729,reference
arXiv:2309.01446,232670e4ddac21ff2d276ad0553debd14ef3ecf9,reference
arXiv:2309.01446,3936fd3c6187f606c6e4e2e20b196dbc41cc4654,reference
arXiv:2309.01446,7e03f90aeef01523cc3b20e2e6f81ef1f6c3e0d5,reference
arXiv:2309.01446,7d645a3fd276918374fd9483fd675c28e46506d1,reference
arXiv:2309.01446,964bd39b546f0f6625ff3b9ef1083f797807ef2e,reference
arXiv:2309.01446,74eae12620bd1c1393e268bddcb6f129a5025166,reference
arXiv:2309.01446,936816b38eb2a362f300d46ee0c7426e2a0a8516,reference
arXiv:2309.01446,05c0b2d72a943dc0be26ef9e8fedd1380f2ff9ba,reference
arXiv:2309.01446,094ff971d6a8b8ff870946c9b3ce5aa173617bfb,reference
arXiv:2309.01446,d766bffc357127e0dc86dd69561d5aeb520d6f4c,reference
arXiv:2309.01446,2b1c7d99750d41b531b72f72655c94234e254138,reference
arXiv:2309.01446,59c2b4ef91d4ce23cd4f270c8750a00de9054ec2,reference
arXiv:2309.01446,f9a578728f32bdc8926779750c79f74381ba468a,reference
arXiv:2309.01446,b68b2e81ae2de647394ec05ee62ecf108bf2b50a,reference
arXiv:2309.01446,11bd044e8b8067dd43daf4125eaa40244196e78f,reference
arXiv:2309.01446,f7774f83d0dca26b0403fc76912af3484eb6c4b7,reference
arXiv:2309.01446,8733fe2371b615609b04e2e910b1ecfa8e77cbc2,reference
arXiv:2309.01446,14d48df8d474f8846f1b43525684ddadb1e92ba7,reference
arXiv:2309.01446,ae04f3d011511ad8ed7ffdf9fcfb7f11e6899ca2,reference
arXiv:2309.01446,f7f73185e3975bb62a3c42b2ba6bd4db57fee8ed,reference
arXiv:2309.01446,1f2f462ae7e2fd915a0a125a57ef62f7ea393643,reference
arXiv:2309.01446,2fff1d71c751ad8bdaaa96b625d2b65eb2fb5eaa,reference
arXiv:2309.01446,0a4953f980813d6eda3061a5929febb9d7501f44,reference
arXiv:2309.01446,20f85256555ad612148e52f9363e52f9d661728b,reference
arXiv:2309.01446,1b9c6022598085dd892f360122c0fa4c630b3f18,reference
arXiv:2309.01446,c68fbc1f4aa72d30974f8a3071054e3b227137fd,reference
arXiv:2309.01446,9ab7319dbe80549ba80e3320d0546d741a7a5791,reference
arXiv:2309.01446,410cfe48846dc45d33345c46a6307a90cf5588ed,reference
arXiv:2309.01446,ffb949d3493c3b2f3c9acf9c75cb03938933ddf0,reference
arXiv:2309.01446,7aa38b85fa8cba64d6a4010543f6695dbf5f1386,reference
arXiv:2309.01446,cc2f46ae72fde28b1b7ec0dcba4fb435e652606c,reference
arXiv:2309.01446,df40ce107a71b770c9d0354b78fdd8989da80d2f,reference
arXiv:2309.01446,52693bcf4627bdbc31734e7f3dbcf5ea7eef4d35,reference
arXiv:2309.01446,bee044c8e8903fb67523c1f8c105ab4718600cdb,reference
arXiv:2309.01446,d891dc72cbd40ffaeefdc79f2e7afe1e530a23ad,reference
arXiv:2309.01446,a7c31b6203949bd8ee6db0ebd4e075b980e9569f,reference
arXiv:2309.01446,033c08ca48aaed2d5ab0a17d668d410538678ed8,reference
arXiv:2309.01446,d2c733e34d48784a37d717fe43d9e93277a8c53e,reference
arXiv:2309.01446,ac771182d1780c863954243809d1e144433919f9,reference
arXiv:2309.01446,c68796f833a7151f0a63d1d1608dc902b4fdc9b6,reference
arXiv:2309.01446,5d90f06bb70a0a3dced62413346235c02b1aa086,reference
arXiv:2309.01446,e1bbd52a6de0b0d7b4f513a88c617d47f52d2095,reference
arXiv:2309.01446,5e3c86ea60f68a485d0801c7bc90274dbe7463c2,reference
arXiv:2309.01446,162d958ff885f1462aeda91cd72582323fd6a1f4,reference
arXiv:2212.06094,53d128ea815bcc0526856eb5a9c42cc977cb36a7,reference
arXiv:2212.06094,d39023d4935f766d382bfbb6f87d87026737b8f7,reference
arXiv:2212.06094,6c943670dca38bfc7c8b477ae7c2d1fba1ad3691,reference
arXiv:2212.06094,6c1e1cc1e0e1f8fd026fe517607b2d4535565fa7,reference
arXiv:2212.06094,4610ffb1b016acaa82a2065ffd1a3adbae1ce722,reference
arXiv:2212.06094,99832586d55f540f603637e458a292406a0ed75d,reference
arXiv:2212.06094,370cea8b4220917f45a69358c0303df71f5063c7,reference
arXiv:2212.06094,e3a9af420cd2c0c8241856da92374027fefb87be,reference
arXiv:2212.06094,bd1331b233e84bab7eba503abc60b31ac08e7881,reference
arXiv:2212.06094,13a0d8bb38f739990c8cd65a44061c6534f17221,reference
arXiv:2212.06094,5f19ae1135a9500940978104ec15a5b8751bc7d2,reference
arXiv:2212.06094,0f733817e82026f7c29909a51cb4df7d2685f0e7,reference
arXiv:2212.06094,9b1f4492a663c7f56f2b43ae1ed167d3857aacca,reference
arXiv:2212.06094,1b6e810ce0afd0dd093f789d2b2742d047e316d5,reference
arXiv:2212.06094,b62d63580b81a2cbb20c3c1593dd62d118e4cb07,reference
arXiv:2212.06094,614dd2ae6db71cd5b2a6069407d3e0705ab2c19c,reference
arXiv:2212.06094,d6045d2ccc9c09ca1671348de86d07da6bc28eea,reference
arXiv:2212.06094,5fbcfccd3736969d95ed660d8e6962c86b7a9113,reference
arXiv:2212.06094,64a1dbdd7653eaca25c78e87335ee156b6f6959e,reference
arXiv:2212.06094,ac3cdb50606f7770eef8e4cd951840a4f71287a0,reference
arXiv:2212.06094,db1afe3b3cd4cd90e41fbba65d3075dd5aebb61e,reference
arXiv:2212.06094,90abbc2cf38462b954ae1b772fac9532e2ccd8b0,reference
arXiv:2212.06094,52fa450740913a6cdcb4d9395b45e203f46cab79,reference
arXiv:2212.06094,22655979df781d222eaf812b0d325fa9adf11594,reference
arXiv:2212.06094,204e3073870fae3d05bcbc2f6a8e263d9b72e776,reference
arXiv:2212.06094,27257ce47e22553e4b3aefd45afe3d7737f2b8b7,reference
arXiv:2212.06094,110b99487cbc9a0951ff868ed752100da2bdc66d,reference
arXiv:2212.06094,9dfe937f405b95bfc5e8e3679329a1f16b37e276,reference
arXiv:2212.06094,9405cc0d6169988371b2755e573cc28650d14dfe,reference
arXiv:2212.06094,df2b0e26d0599ce3e70df8a9da02e51594e0e992,reference
arXiv:2401.10034,96021c3cab6dc997c970e158e666c74a34e7d757,reference
arXiv:2401.10034,d35335e2d46366d36bb6cc253f2d1d8a9fd77ab5,reference
arXiv:2401.10034,83966695259b92aef85933b630173a7ee278de57,reference
arXiv:2401.10034,d96b2cfc111c3d7469eb8dde02182a9fc10b01d4,reference
arXiv:2401.10034,860ba78f9789bbfc99c299b18558ca19430d8fea,reference
arXiv:2401.10034,66804b3bafdabda9ffd8503c52fa58346a4b6d00,reference
arXiv:2401.10034,160b6bf8fc4604aac8f0d05c7d9f2cd96b04e26e,reference
arXiv:2401.10034,1b2e2a355916f61eea1f30fba1135509950118ba,reference
arXiv:2401.10034,248198e2fc080cdebbc0c88508ebaa5c604655d2,reference
arXiv:2401.10034,cccac4f608135832f67eda24b377811d3bbe5416,reference
arXiv:2401.10034,c95b6d5b5a767f032226cc28ab35f17221f3fa8a,reference
arXiv:2401.10034,109f09386d4785b39ccff0e94a4a04a5bdb6516c,reference
arXiv:2401.10034,5b46ebad43c6bbd45249fd1490b9bd7a86d1acda,reference
arXiv:2401.10034,505e68432c0cb1e5676964a5f021e71e61d6dccd,reference
arXiv:2401.10034,828f98e0feba2baa55a5486f354fd074cca0880c,reference
arXiv:2401.10034,7627c830f8a3162ef8ba46251655ef50c57a5cc4,reference
arXiv:2401.10034,a467d2c79ff319aaa5361e8b1fc1e4ddb6305048,reference
arXiv:2401.10034,9e19a6a6586116b0b5363c197c3c37f864549967,reference
arXiv:2401.10034,72b1a78ce2aed514d3eb38631582ee49474e5095,reference
arXiv:2401.10034,c878f0343c398ac4a9c29c8fdb0e354584333ca8,reference
arXiv:2401.10034,31f45214129b624fdb61c829855f7712eacc4a61,reference
arXiv:2401.10034,01bc5281e65273718750619f23483974c3f98868,reference
arXiv:2401.10034,b671934871fb9a2db3ba729647f298d46958804d,reference
arXiv:2401.10034,218e3fdfe1b5c266d0cb50dd20dd0211e16580d1,reference
arXiv:2401.10034,0c8ceccdb1267d1d2a5e6ec50cd4360dfb512d33,reference
arXiv:2401.10034,789485978d69e248832df358ee0fb062012925b8,reference
arXiv:2401.10034,c9603ec967879c24973b5bd48861df2e5555932e,reference
arXiv:2401.10034,61567da465bf0121d5b02fc6894e4cca59f7b5d3,reference
arXiv:2401.10034,94a65279140b3b1702a63e549152454078399e5a,reference
arXiv:2401.10034,b290f29d7cf4c77b23a460d935ac98930ad8cd55,reference
arXiv:2401.10034,5b17f9c781b26ad90ca4e2a2926d71e5385121c4,reference
arXiv:2401.10034,f859b66e55aebdd4d460e2bc1e74640eafead5ad,reference
arXiv:2401.10034,be7a88babf78512b545f585517704cb597388cbc,reference
arXiv:2401.10034,a146d2f73b308d6e69793af07d199faa254aba2d,reference
arXiv:2401.10034,797597040167622a126c3206bbf94459238e2c19,reference
arXiv:2401.10034,ce37a3c0a233019da9b97a6f607aff5c1997ec91,reference
arXiv:2401.10034,dd653f0d5f6335625fb2429216bed33524a71256,reference
arXiv:2401.10034,a2e128be33b85f8f91515e205bf0237ecc0546cc,reference
arXiv:2401.10034,d32ba88571141ed0ebe7aeefbaa4ccaf8cda7be3,reference
arXiv:2401.10034,5759d7c7038bfb7b5f1d47539c8348b04f5e0ee7,reference
arXiv:2401.10034,6a4719871c5d51ad2cd140561652500df06409bd,reference
arXiv:2401.10034,52941cadbd340344f3e0a6f50719fe55b3de5088,reference
arXiv:2401.10034,451539c0d0f5f5785ff58d09ca5e67a5f129f9de,reference
arXiv:2401.10034,c874aa93efe663ed31f2ec72d45a5dd4b4cdffba,reference
arXiv:2401.10034,da17ec7b2867c3e02951c5598936b891ebe865ce,reference
arXiv:2401.10034,1c259361caa85c2d95a7d04e5e42fa98693da85b,reference
arXiv:2401.10034,ca90f73d94bc48607e60d777f97a7fea7088f437,reference
arXiv:2401.10034,c441638fd136ab630cbdc0989d7d8710e028de2c,reference
arXiv:2401.10034,d9a47e5bd80268a1b879917d90b042db5e3de6af,reference
arXiv:2401.10034,339a9ef4187c33e9cc7ee867c7ce98a1f6f43735,reference
arXiv:2401.10034,49f302e9a76eb39c88fcd861bdd0d954bd3d76b0,reference
arXiv:2401.10034,6ca16c1c2c60ceda87242c8f8e522d12cc4a13bc,reference
arXiv:2401.10034,213d79556c2d50f6b4113a2d85309ebb5e3909f5,reference
arXiv:2401.10034,a378e5e4cb035dd63268c0cb626577edec82f2a9,reference
arXiv:2401.10034,3bddda884c5264d2d3ae7087c2d570243dbe1db4,reference
arXiv:2401.10034,37a30e97ae043075f09738984a59991ff20ecf0c,reference
arXiv:2401.10034,09f9d0cbff77a8b12b271a469552ec35bced1fd8,reference
arXiv:2401.10034,f3f23f7f9f5369aade19f20bc5d028cce7b9c9aa,reference
arXiv:2401.10034,3aa13d6313d49dc634b28bde15fca4d3d3032694,reference
arXiv:2401.10034,e1dafedfbb55cd2200411841c2ec40e7ea827773,reference
arXiv:2401.10034,4a706c22a6c58d8f0f34a4bb351db9bdfe62ac0f,reference
arXiv:2401.10034,7fe071ea76e49bc3e573beb53f07721630954247,reference
arXiv:2401.10034,460fc460695bce86e66da0f1e4f7a7a7a3b1481a,reference
arXiv:2401.10034,a9c75cf664f675a1b4034b0256ec3c5168e293df,reference
arXiv:2401.10034,8db921900955a447d389582143912eee3046fd3e,reference
arXiv:2401.10034,f8a2dca1e8fe56e698984c077f7ff58d8ca867e9,reference
arXiv:2401.10034,f846c0c59608f0a8ff18f4c52adba87bf49dc229,reference
arXiv:2401.10034,3e30a7ac4886b28eb50151f58e14a1d698cccd0e,reference
arXiv:2401.10034,1b8d8ad3202572c916cf1bb75a3a348a4ab0a7a2,reference
arXiv:2401.10034,558f81f3fb2284d9561482143aba363c624de559,reference
arXiv:2401.10034,a3fd45f6a54c179ae6ddf94114fb7a23b363d617,reference
arXiv:2401.10034,97dd91310930c3f3384ca15586ccf6b67a89d0be,reference
arXiv:2401.10034,7d46a13a1edd02dd6ae2b9f713e6f91ea001dfb4,reference
arXiv:2401.10034,d269d928495b3bc89cdd8c781283b6dd9dc20c86,reference
arXiv:2401.10034,d62c4d00b277e948956b6610ce2644e88fe1577b,reference
arXiv:2401.10034,c494b5d73fa8cf79f352c5195a179925e9159f75,reference
arXiv:2401.10034,ebedc4d7a2356090904baba4104ef0832bc236df,reference
arXiv:2401.10034,9e8b7b0d4c628c12b6a65ab56ac5f33a35eff2e6,reference
arXiv:2401.10034,454c8fef2957aa2fb13eb2c7a454393a2ee83805,reference
arXiv:2401.10034,822f41fdb57c57db614a27936474644daf12b715,reference
arXiv:2401.10034,b842ec712ff4ac7793016c5d4c03c0b0b37b998b,reference
arXiv:2401.10034,b486982fa7c68a8a08df1111ba9607119419c488,reference
arXiv:2401.10034,fdb361ea83c010ed0011d179567de5a1112651ac,reference
arXiv:2401.10034,ce913026f693101e54d3ab9152e107034d81fce1,reference
arXiv:2401.10034,4fbd174e80502f8f3c4b9f48054872b028e2445a,reference
arXiv:2401.10034,c77d908ba29567445a9a4ad1bd4461d441cce174,reference
arXiv:2401.10034,f9b301daed4205af692a1b1389d86238610de270,reference
arXiv:2401.10034,c0cee431f37402f9cd8edfc446d9319190b1eaf3,reference
arXiv:2401.10034,131c6f328c11706de2c43cd16e0b7c5d5e610b6a,reference
arXiv:2401.10034,08a80cb34d785258c770acecd302ab41ead46eed,reference
arXiv:2401.10034,7a12fe8bb115dfbf6c9ee889ecf005be5d6f555c,reference
arXiv:2401.10034,fa0b17014e5c1b4c38ae5feb20f2047853728813,reference
arXiv:2401.10034,0f2d05007f866f716acdb3136135c39904c6ab19,reference
arXiv:2401.10034,4651e2cff4e4f20bf6039c4719dbbe8cbe05b278,reference
arXiv:2401.10034,381ab7a640f5b46b62f7e08d1af4a8e0d3eadd55,reference
arXiv:2401.10034,a9e155fda1d97baa2b8712f580cc61887cc64e9b,reference
arXiv:2401.10034,6d3f29545fa059f7d24e27aaa9351750636d12ce,reference
arXiv:2401.10034,163b4d6a79a5b19af88b8585456363340d9efd04,reference
arXiv:2401.10034,411b16add23976ffcdf6422f932453f6ebcca119,reference
arXiv:2401.10034,3841234dd49250c4fcbba79eed6593d3b57932c1,reference
arXiv:2401.10034,bbe197158adb4b6e85a6eeab4619ea0fc6857941,reference
arXiv:2401.10034,0cf694b8f85ab2e11d45595de211a15cfbadcd22,reference
arXiv:2401.10034,c3c7464acb90049c5f520b0732dc7435ba3690bd,reference
arXiv:2401.10034,66476832701361c9f9b2a7eb2354ee8cd9f72e67,reference
arXiv:2401.10034,37f0f1f55f44bff84aac27a346dd47d0c6c136e3,reference
arXiv:2401.10034,aca584d4e5f4e80ef471cceefa8600b4daeddb2b,reference
arXiv:2401.10034,21aa701e0f71d243a2e823619162f87a60f1e810,reference
arXiv:2401.10034,17bcb1edbe068e8fe6a97da552c70a77a15bbce7,reference
arXiv:2401.10034,e61c6213bd7e4d3ca3156723c2146294ea1b4414,reference
arXiv:2401.10034,746b6108a72b2b1bd78f70d4b1a211cdebfd8f49,reference
arXiv:2401.10034,f588a173cb6bae00a3d4f04440afb86a561b0406,reference
arXiv:2401.10034,4baac6b8fa7731352004bc45d2ba2b6bbd04a4e7,reference
arXiv:2401.10034,dac3a172b504f4e33c029655e9befb3386e5f63a,reference
arXiv:2401.10034,0f30612423381eb5d271c4ca4f4254149b0d22fa,reference
arXiv:2401.10034,5288b9f3a9f575543f44c39e1d3b78b3ca4c99da,reference
arXiv:2401.10034,094ff971d6a8b8ff870946c9b3ce5aa173617bfb,reference
arXiv:2401.10034,38115e80d805fb0fb8f090dc88ced4b24be07878,reference
arXiv:2401.10034,cf934ddd3c852ba9c67cdfd21bf41e7723fc6d9e,reference
arXiv:2401.10034,436278ce3b85265dc5cface29e63c714fe979d23,reference
arXiv:2401.10034,5cbe278b65a81602a864184bbca37de91448a5f5,reference
arXiv:2401.10034,5faa744dcc28cbbdd9bd67eb703320c6e2d85e52,reference
arXiv:2401.10034,6d08ec2735e7c12c4243955bb979a84efd1263e8,reference
arXiv:2401.10034,002c58077a1f1b296468b117230a1199e91f35c2,reference
arXiv:2401.10034,c23d9d44e8bc68408cea9f305d1f24d915bc0d0d,reference
arXiv:2401.10034,17aff1f49a8a6788aae224bb7efb4bea8a1300e4,reference
arXiv:2401.10034,ef18db2a18ac61e72783a613328842ce86ef00bf,reference
arXiv:2401.10034,28692beece311a90f5fa1ca2ec9d0c2ce293d069,reference
arXiv:2401.10034,a7158076ef5a9b74ae31a5dc211cf0a84c5231d9,reference
arXiv:2401.10034,47354f49a4768719add414ea853977cb868faf25,reference
arXiv:2401.10034,acbdbf49f9bc3f151b93d9ca9a06009f4f6eb269,reference
arXiv:2401.10034,23b048f750fab14266dc907340ce3a9e55227898,reference
arXiv:2401.10034,4af237dfdd94d9c4e725e0816e4188e560b2e751,reference
arXiv:2401.10034,f60aeb63e63d4ebaae5dde9a027ba1c2a0a33166,reference
arXiv:2401.10034,a50d31c082521817a1e74cae584963a63163ca70,reference
arXiv:2401.10034,50544ed8e618368d025a4ed32d604cfc21932c59,reference
arXiv:2401.10034,c3adb024751773fed2f9b7f6ac79e71434d2ef58,reference
arXiv:2401.10034,0d5cb85a6825ce7cd48c9b2ce49f3c1dc0daf8e1,reference
arXiv:2401.10034,90abbc2cf38462b954ae1b772fac9532e2ccd8b0,reference
arXiv:2401.10034,5d94e85859426b88365ad51f0ed1de65afc89d63,reference
arXiv:2401.10034,15b3ccf3daa45be191de5b0b75cc78baa510490c,reference
arXiv:2401.10034,6c4b76232bb72897685d19b3d264c6ee3005bc2b,reference
arXiv:2401.10034,077f8329a7b6fa3b7c877a57b81eb6c18b5f87de,reference
arXiv:2401.10034,1e83c20def5c84efa6d4a0d80aa3159f55cb9c3f,reference
arXiv:2401.10034,16c844fd4d97f3c6eb38b0d6527c87d184efedc3,reference
arXiv:2401.10034,da986080ad454a32b69132e68bd5602890312340,reference
arXiv:2401.10034,0cc3ded5184f413f7718281656d8341ebd3ac238,reference
arXiv:2401.10034,0943d656221144bf063a538f6c667ac006c303cd,reference
arXiv:2401.10034,32e2171f7f981f438ab24a474bb9da791e369d2b,reference
arXiv:2401.10034,cf253ba9dfd2fc47ee920728d343604d3deec01f,reference
arXiv:2401.10034,eaa518ad767dae7875f7f8fbc9eca6e05f9d11d0,reference
arXiv:2401.10034,40e9dc5809a606d91b9ff30e3e67a7d440dd8987,reference
arXiv:2401.10034,13644ed54e278caa6e75a4661f73d0e11d494697,reference
arXiv:2401.10034,45373921f06a6efebefa6189d2dd80362ab0836e,reference
arXiv:2401.10034,1a632fb89b6b05dc16fbc026d86e390e22ca6ac3,reference
arXiv:2401.10034,f16eaaca6120e1c2de2683111d70fdebcd066d06,reference
arXiv:2401.10034,216b98bb3d9221d5f5d261864975612e4d0faaa6,reference
arXiv:2401.10034,e3504ad0646241fa161a81921d24b73564d88c24,reference
arXiv:2401.10034,698fe1da46e077cb3a0050ab986bcfdd82af114a,reference
arXiv:2401.10034,25b8211adafb5a1863558992adc2a693fb082eb4,reference
arXiv:2401.10034,b44e79fac0e7d389b09cfbeb6d5f2ded8bc11bbe,reference
arXiv:2401.10034,e38a41c92e8cd83b2ea4254691e2f303bda636ec,reference
arXiv:2401.10034,26afab5607f4bfaf2fb9f786e4ed4f2d93c88e84,reference
arXiv:2401.10034,6eddc19efa13f7e70301908d98e85a19d6f32a02,reference
arXiv:2401.10034,e2b9dcd4e75379a59bf7e761ac0710f42bde2f14,reference
arXiv:2401.10034,767ef8e81bba3a470f7c220b1d23fa9dc63c8590,reference
arXiv:2401.10034,80688843352321e8e7fe500f9bca32ddc7b2971d,reference
arXiv:2401.10034,499d72d7fea80590a3474462e6811ac48be9a412,reference
arXiv:2401.10034,3f7983818b76a5f1b5daf9b605877ed401c8e73c,reference
arXiv:2401.10034,c4028f56b7eda912ba0d8471cd752eacddeb131f,reference
arXiv:2401.10034,dd5061631a4d11fa394f4421700ebf7e78dcbc59,reference
arXiv:2401.10034,6d91f344e9c80df5c69311abfc63b74b42c735c3,reference
arXiv:2401.10034,c46386993e22b67462182cb65637e14a83fe3cae,reference
arXiv:2401.10034,391ba9a9491b3a85ef952bff08cf482c171420d4,reference
arXiv:2401.10034,1588694efe9274c586b75449b1f55c7f2263665a,reference
arXiv:2401.10034,7d7567340337b89c995c3525d89a6c713d1481e6,reference
arXiv:2401.10034,af9f5838b3c234f984d0f689b39fc93dbe7f7fe4,reference
arXiv:2401.10034,e0328f17e5626bc4e370a2ecd1104b61408070e5,reference
arXiv:2401.10034,0b8265a63570d08d8d84aeacbec5495611ae3312,reference
arXiv:2401.10034,7f8d35f6d64a2bffd01ad770d4b61f70f1479126,reference
arXiv:2401.10034,182c6d1d30859f227dca3606c743e178e8ae6780,reference
arXiv:2401.10034,7ab0d76a2a0ba7491f06a6cd2d264b8f50037305,reference
arXiv:2401.10034,df2b0e26d0599ce3e70df8a9da02e51594e0e992,reference
arXiv:2401.10034,cd18800a0fe0b668a1cc19f2ec95b5003d0a5035,reference
arXiv:2401.10034,fb144a1d31aec3b2bece6a59bd11a876a9fafb34,reference
arXiv:2401.10034,9cda05ec89c89e25f8e3082273dccd10a80fdefc,reference
arXiv:2401.10034,bdbff9a75074fee3401f17caa8839ddc0801cb31,reference
arXiv:2401.10034,9d770551db219ffebee3ce2f13a611017707a27b,reference
arXiv:2401.10034,df6ee94e2cf14c38e9cff4d2446a50db0aedd4ca,reference
arXiv:2401.10034,b0a4c6ad8b6988d2c23fc66cbe2c5a0dc3fc104d,reference
arXiv:2210.03162,023edab4738690444e3924e224c2641017a0d794,reference
arXiv:2210.03162,02f033482b8045c687316ef81ba7aaae9f0a2e1c,reference
arXiv:2210.03162,ffdbd7f0b03b85747b001b4734d5ee31b5229aa4,reference
arXiv:2210.03162,ac3cdb50606f7770eef8e4cd951840a4f71287a0,reference
arXiv:2210.03162,db1afe3b3cd4cd90e41fbba65d3075dd5aebb61e,reference
arXiv:2210.03162,399e7d8129c60818ee208f236c8dda17e876d21f,reference
arXiv:2210.03162,07bcda1dff9bb696ea9cbc69303eee8bd3d85bd6,reference
arXiv:2210.03162,053b1d7b97eb2c91fc3921d589c160b0923c70b1,reference
arXiv:2210.03162,c1e49d830e67269d4d2053a5f124ea773c79b740,reference
arXiv:2210.03162,1728cb805a9573b59330890ba9723e73d6c3c974,reference
arXiv:2210.03162,90abbc2cf38462b954ae1b772fac9532e2ccd8b0,reference
arXiv:2210.03162,d08463bd665589d04619f04dbde84183ffcf2e63,reference
arXiv:2210.03162,00485008bda96930a1616e373dd6428b9d31dc53,reference
arXiv:2210.03162,388e2fcdcefbe0834e153ab2a0be127092f9674d,reference
arXiv:2210.03162,4e40cdf1e44c820096865da63180ddaf583e1ed5,reference
arXiv:2210.03162,6c4b76232bb72897685d19b3d264c6ee3005bc2b,reference
arXiv:2210.03162,e04a80263d252a3d8a382ba37a249b9345620570,reference
arXiv:2210.03162,75acc731bdd2b626edc74672a30da3bc51010ae8,reference
arXiv:2210.03162,8963317176fa81e185fd7a8f8cd001d7e11a4868,reference
arXiv:2210.03162,cf4aa38ae31b43fd07abe13b4ffdb265babb7be1,reference
arXiv:2210.03162,c4744a7c2bb298e4a52289a1e085c71cc3d37bc6,reference
arXiv:2210.03162,63cdc70c4930eb469c7ecf64f251ccce76ab2333,reference
arXiv:2210.03162,b5d7a19bd0bae10917a8e294960fdacf224d64fe,reference
arXiv:2210.03162,dce6f9d4017b1785979e7520fd0834ef8cf02f4b,reference
arXiv:2210.03162,204e3073870fae3d05bcbc2f6a8e263d9b72e776,reference
arXiv:2210.03162,5966d7c7f60898d610812e24c64d4d57855ad86a,reference
arXiv:2210.03162,9405cc0d6169988371b2755e573cc28650d14dfe,reference
arXiv:2210.03162,df2b0e26d0599ce3e70df8a9da02e51594e0e992,reference
arXiv:2210.03162,1d174f0e3c391368d0f3384a144a6c7487f2a143,reference
arXiv:2212.11685,2c6ac935c826002976722ca8d3319f691975687e,reference
arXiv:2212.11685,f0b8479d2d09dda3a07aa6fc2149dbfcd0f4608b,reference
arXiv:2212.11685,764a616937a5923aaf22288b35f6b991ae41521d,reference
arXiv:2212.11685,69144d537f90f214d5b07a7c79121d16afd7da16,reference
arXiv:2212.11685,1386b8a11929cf02da291c56aca353e33bbc22ed,reference
arXiv:2212.11685,9695824d7a01fad57ba9c01d7d76a519d78d65e7,reference
arXiv:2212.11685,67dc33f02c8b5f24cd213b6b5fb5c74cead581aa,reference
arXiv:2212.11685,c57293882b2561e1ba03017902df9fc2f289dea2,reference
arXiv:2212.11685,3b2a675bb617ae1a920e8e29d535cdf27826e999,reference
arXiv:2212.11685,7dbb386a617eacc954940c9540d9cb262529b8b1,reference
arXiv:2212.11685,d766bffc357127e0dc86dd69561d5aeb520d6f4c,reference
arXiv:2212.11685,c10075b3746a9f3dd5811970e93c8ca3ad39b39d,reference
arXiv:2212.11685,3e8f037d1b2c893f4df37deda1da3dcc577a8bac,reference
arXiv:2212.11685,399dd1ba62228d4723e16fcc70338e0ccee37665,reference
arXiv:2212.11685,014576b866078524286802b1d0e18628520aa886,reference
arXiv:2212.11685,5c126ae3421f05768d8edd97ecd44b1364e2c99a,reference
arXiv:2212.11685,3835af1e41e0883edce96beb70e80c115bb513ae,reference
arXiv:2212.11685,43f2ad297941db230c089ba353efc3f281ab678c,reference
arXiv:2212.11685,0119a57cf88ef16e6dc291252fae340bb6b3953c,reference
arXiv:2212.11685,25db56fc85fe15625c3375064a35e908ba6dfd2a,reference
arXiv:2212.11685,395de0bd3837fdf4b4b5e5f04835bcc69c279481,reference
arXiv:2212.11685,6c4b76232bb72897685d19b3d264c6ee3005bc2b,reference
arXiv:2212.11685,077f8329a7b6fa3b7c877a57b81eb6c18b5f87de,reference
arXiv:2212.11685,f87de21b46683b5743c4d82af3c9cb8bbcd26f21,reference
arXiv:2212.11685,145b8b5d99a2beba6029418ca043585b90138d12,reference
arXiv:2212.11685,cf4aa38ae31b43fd07abe13b4ffdb265babb7be1,reference
arXiv:2212.11685,5efadc9019ce3378a0eb6c8f939cdde6c8918b1e,reference
arXiv:2212.11685,58d34a4fb936ffe95917d8fb4016ff5e3520429a,reference
arXiv:2212.11685,305b2cf37e5dece81e95c92883d5a6e28ac93b22,reference
arXiv:2212.11685,c51d13034b2df47dae8f33bd0efad996de99ed4c,reference
arXiv:2212.11685,b4812702a7c1c47e2af34d8752b2103505089fc2,reference
arXiv:2212.11685,29de7c0fb3c09eaf55b20619bceaeafe72fd87a6,reference
arXiv:2212.11685,9c5c89199114858eafbe50b46d77d38ffd03b28a,reference
arXiv:2212.11685,15e81c8d1c21f9e928c72721ac46d458f3341454,reference
arXiv:2212.11685,204e3073870fae3d05bcbc2f6a8e263d9b72e776,reference
arXiv:2212.11685,e4dd95c4341ec7d14317a3d97022773a0822906c,reference
arXiv:2212.11685,02534853626c18c9a097c2712f1ddf3613257d35,reference
arXiv:2212.11685,1ac30af5522c7a50ec4d1ee43fd2bd8652a9bd52,reference
arXiv:2212.11685,d1505c6123c102e53eb19dff312cb25cea840b72,reference
arXiv:2212.11685,a7976c2bacfbb194ddbe7fd10c2e50a545cf4081,reference
arXiv:2212.11685,a6cb366736791bcccc5c8639de5a8f9636bf87e8,reference
arXiv:2212.11685,a6cada3417aae1488138e96e876c6afc331349e6,reference
arXiv:2212.11685,df2b0e26d0599ce3e70df8a9da02e51594e0e992,reference
arXiv:2212.11685,9405cc0d6169988371b2755e573cc28650d14dfe,reference
arXiv:2212.11685,cd18800a0fe0b668a1cc19f2ec95b5003d0a5035,reference
arXiv:2503.21614,de23d38bc2604dcf334dcc46aff217eb6bcd1fe1,reference
arXiv:2503.21614,4f0e4a313a3f777b4b6aab4f364b9bc51a6aacc9,reference
arXiv:2503.21614,7afd72dd2706f3b9aa7660d6c9cb6c05af5deecf,reference
arXiv:2503.21614,2d7d5b0535c041852af9e32495df1aff241dc8cb,reference
arXiv:2503.21614,dd4cfde3e135f799a9a71b4f57e13a29de89f7e3,reference
arXiv:2503.21614,cce886854084ecfec8badc26f275fabfe69176be,reference
arXiv:2503.21614,c7366ca5d0d826df68e6d3bb1e25955f50f006f2,reference
arXiv:2503.21614,42b2027f68035845f599f43f85ed26b237a8b832,reference
arXiv:2503.21614,71a32535bf1dd2411940a25d0cfdb066ca852b84,reference
arXiv:2503.21614,edd5d458e230bf36c2dddcc634995c454e2b9e93,reference
arXiv:2503.21614,bd7194d12ac0f458044df7adcef969df4ddb71a1,reference
arXiv:2503.21614,5312fec64ae16cd2a32bdc8c1fa6605bf77333ed,reference
arXiv:2503.21614,eac5e8965f20425cbe6e9ef689792cccc1ccbcbd,reference
arXiv:2503.21614,f0e4978448c668a78af77c6dc062c940ec8c9d62,reference
arXiv:2503.21614,34ec49e7e903c4170f69aa9c4f6aec4c8e9d043e,reference
arXiv:2503.21614,68e63d7210a9191cd79412af3cca5dd858ab52ca,reference
arXiv:2503.21614,d4992e3f68fce85e16c7a93ab37364307121cb9f,reference
arXiv:2503.21614,ba849b0840a82ea4f7061f3c8d7cbab60eb355e6,reference
arXiv:2503.21614,125456ddcd8bc9a8a5d8c98679d87cf39508a557,reference
arXiv:2503.21614,35c639be8599d72834a76b89746eba8fa2544d28,reference
arXiv:2503.21614,90f2a86c37db66fcfbd2d2ec8df2ec136caf7df6,reference
arXiv:2503.21614,d98fa95cb4c22f404ea12e68f540bfd583ad2e46,reference
arXiv:2503.21614,0681d80cd58b6135534cf279a69f5f999f47ebca,reference
arXiv:2503.21614,488fe2687a3c737510308f3a37c1ade57dc86938,reference
arXiv:2503.21614,1b46abffbf3d9591617bafc796af669cfb2079da,reference
arXiv:2503.21614,06383a484fa325f757bf4971c5738862c902dcac,reference
arXiv:2503.21614,d6d561786eb06df93e29bcecfc569a3eeb95af10,reference
arXiv:2503.21614,5f2f7305a467e01f76b1dbf5867fa34bd90edc19,reference
arXiv:2503.21614,2464e287e6f92738fd5627819597172e8674e36b,reference
arXiv:2503.21614,e72e38d9c69b4d0547a36becffb622c8276885c5,reference
arXiv:2503.21614,a5e78e7d0c97121dc852908b62a1b932c0bf6bfd,reference
arXiv:2503.21614,b38ce6f380d188584712c99b82ced55ecb085fea,reference
arXiv:2503.21614,9ba7158d20f54a24c24dea101bd9607407eb9ad4,reference
arXiv:2503.21614,16a096e663c5aa661f26bcabe212a53d86ef3eae,reference
arXiv:2503.21614,56a9aa8825b6c6441b0d22b9bc04852e1af80852,reference
arXiv:2503.21614,73f60e2190180fbffd678b63993b56e95a2cf994,reference
arXiv:2503.21614,c51764fef5909d3a8bb58a179961989e9652fe83,reference
arXiv:2503.21614,f68c15c1411572833bc31015c19384f1c92cecbe,reference
arXiv:2503.21614,dba0d1b4a411e518dd0a72f1ccc949d9cb7a6365,reference
arXiv:2503.21614,68f2ff43581e7292993e5322c99c4c342fed4472,reference
arXiv:2503.21614,bde174c7fa13c4fc50355bf29547137d293ab23c,reference
arXiv:2503.21614,d281440cd94ed477c4a07e63d3149c377eaa0798,reference
arXiv:2503.21614,0d6ed66982727b8209b583965742deae8e926cb2,reference
arXiv:2503.21614,49ac4b6cdb2db61c575e246c360259937a27ce81,reference
arXiv:2503.21614,23c2e21b6a5789724715f2986fdc586a517ffe57,reference
arXiv:2503.21614,fcd65e4387fe8a49a11fb818e5cb8994b87da757,reference
arXiv:2503.21614,2039018e618ccc34744addf94c2ab8ad141d7f24,reference
arXiv:2503.21614,ce31151064003530fd21ad5395bb48eff50dd63e,reference
arXiv:2503.21614,bd07e9cdd94ea56e18dd48311f6bd189ad29b17a,reference
arXiv:2503.21614,c522bd549085563f17109836cb4b5fc68cce2518,reference
arXiv:2503.21614,41c1e54f605bea3450810c44b071724ab0270424,reference
arXiv:2503.21614,501c4406c4aa977a6687c1c91a5da8d576350900,reference
arXiv:2503.21614,03fa0740512a47758940415a6b3c1a635d9aca98,reference
arXiv:2503.21614,45e1c99a1c8935bf137c0b51a08a03ffb6821993,reference
arXiv:2503.21614,b2fe504e9f15de9438d22e7b632e81e57bfbbc06,reference
arXiv:2503.21614,f0a3835950ca893547d3688e50da1dc77326b22c,reference
arXiv:2503.21614,b17c04d54567c6ed441fbd38dfed43bce4a43832,reference
arXiv:2503.21614,ef8a8bd193b1a0a5e2c834a7a28869a2ec85bab7,reference
arXiv:2503.21614,c29f96a5258052e9b189d469549224e715d4496c,reference
arXiv:2503.21614,933a91ec61c20393b6deff5b6e09051eb9a3a655,reference
arXiv:2503.21614,668075792a7ab40457d92e09da28d35c879271c3,reference
arXiv:2503.21614,09cedd18546c334891df025aa3a4e21658affa23,reference
arXiv:2503.21614,2dbcc86ea36580b17dac939252029b85cddec34c,reference
arXiv:2503.21614,a1bd323f1b2b76fcf2c093678adb6393ab01504e,reference
arXiv:2503.21614,b4d0f1237431cbc73db16685771790541c8c246a,reference
arXiv:2503.21614,4a7e1870fa76329da369211ab0630ce4960402f6,reference
arXiv:2503.21614,c45db9ff25d2acb92611412ebbd58b93931776f6,reference
arXiv:2503.21614,5b86fbaf12fd50710066e3995e33ece2185f8ada,reference
arXiv:2503.21614,24f9efbd9e229a085d4db2f477282f8ad80f1ffe,reference
arXiv:2503.21614,b03c7c157d57c778c94cf27ab8661fccfcd1e2aa,reference
arXiv:2503.21614,5e7a795d89910634f001cc3a631023f1dd4e2e23,reference
arXiv:2503.21614,84c149537dee8ef3a7ff54b6bb01e9a4c8eaa17c,reference
arXiv:2503.21614,e83a58f93fe5e6b618cab3a1038374261f29d1f2,reference
arXiv:2503.21614,c169a98b65c6cf5ec916dea11ab51c1552bbd0e2,reference
arXiv:2503.21614,fe56f4fc2bc24cb2b2eaf439454cc7253bbef6f3,reference
arXiv:2503.21614,2cd94b619034ae0226f4391e3ff628fe9ce780a1,reference
arXiv:2503.21614,11f3bcff50c490412db59bd34b1a6045b7821715,reference
arXiv:2503.21614,a9d9aef1e82a0fcc0761ce1dfc1f8683b53ca61e,reference
arXiv:2503.21614,ec81cfb3c35321a7aa1e4c0dfd1bbcf7c4b97ded,reference
arXiv:2503.21614,968ea1c7f681592ce6b0830eac0b7fda8db71792,reference
arXiv:2503.21614,fb498ce0560e7360b585afa0c9b4d41f77cb217e,reference
arXiv:2503.21614,b6b7a7fe30623f06a627d3ddbe34f40cb96a982f,reference
arXiv:2503.21614,f67fc0ac665d7b999ce4d67866688f564fd0f55f,reference
arXiv:2503.21614,a411079fd5331f0eb2a1278c1a2cc6d2ec77cb07,reference
arXiv:2503.21614,8b7a1271768f36a972d273fd43b3e7e7f3518391,reference
arXiv:2503.21614,da1630b8e02de660c0baccaddbb790ce94623327,reference
arXiv:2503.21614,864b530b17373aa4e6f09a00614cf2f6c2be707d,reference
arXiv:2503.21614,3b6f5200de63ae5c96c2711e1a0bf1cd4464447f,reference
arXiv:2503.21614,a5af3507ca363f3c84f16388502970ffb3188aef,reference
arXiv:2503.21614,8f3d959238e67bf6b9bc9818025d0d2e403e478f,reference
arXiv:2503.21614,48472a217174053a146b0ebd3821e71b53f05a36,reference
arXiv:2503.21614,f5fd52fba92bb83d8549c1eb898c81ef1bfe6998,reference
arXiv:2503.21614,c10f85e85f0595dc63fc39004e29b29399238880,reference
arXiv:2503.21614,13241422a6fef4e41dbb4d0f3e40e39363e07826,reference
arXiv:2503.21614,7362b81b808ebafd403eaec6f60a124340d68d71,reference
arXiv:2503.21614,a22b23b65cdbc0335b872ed7c7a7206c710f8997,reference
arXiv:2503.21614,3d3b13ae755b87aa1425e2294263186bc8723740,reference
arXiv:2503.21614,e5f7e3d55790f2031ecb0c24e6e53c21c7013bb0,reference
arXiv:2503.21614,19e00674c3b767f5388a7a9e080b2b97485099a4,reference
arXiv:2503.21614,82256b0680c7b683566d54541816e8817b49a44d,reference
arXiv:2503.21614,bab5d963ba2d59fd74cc22f36bf14924025f1b5a,reference
arXiv:2503.21614,2c2396e96e88f8ff0b7f37ad243675913761d58d,reference
arXiv:2503.21614,8292083dd8f6ae898ea0ee54a6b97997d1a51c9d,reference
arXiv:2503.21614,171807aeeb88f0c7983bc6cc960b5605441d7121,reference
arXiv:2503.21614,40e8af970329135ec95057d73e239dab805ad128,reference
arXiv:2503.21614,56088d8601afdd524029c5c151f7d13ed3f1a5ee,reference
arXiv:2503.21614,a77d28e13ff34f34b8d1114e603bff074ee2b056,reference
arXiv:2503.21614,7ac673e51c89a3658496bb0e22572f58650f23d5,reference
arXiv:2503.21614,0aca82aae56e8c86be39f9333c1fe072ec6b9213,reference
arXiv:2503.21614,7080139d78e718b0efe91cf1bbfe17f288100596,reference
arXiv:2503.21614,f15a1a87c345a0b0b2b989064ede053d1411bb03,reference
arXiv:2503.21614,9e4e3132dd293b12b18fb1d7a82b28509d1cd0e6,reference
arXiv:2503.21614,35ab93f41115e860bee5e202b71061addfd0fd5d,reference
arXiv:2503.21614,9b3239cff17327960804098e33e1ca903e7b9e85,reference
arXiv:2503.21614,cab58a0263d454604896dce6b8fbf4df1dd99ff0,reference
arXiv:2503.21614,685283f452856d3d70902860e5b0634e695d9a42,reference
arXiv:2503.21614,05830547cfd19b734777b8546f4d606fd79ebd2b,reference
arXiv:2503.21614,952fb6413499bc377faa51bf71e4d558ac6f6387,reference
arXiv:2503.21614,b190ff60af7ee4ca177ae67d8eda91e00a24f121,reference
arXiv:2503.21614,d610e066e5c3cc7eda13313554e25a340ce18f71,reference
arXiv:2503.21614,84f4ed2029085d2e009e6f262537c4201738737e,reference
arXiv:2503.21614,5bb74befb93e69bc59683ac572f12e48d9cf9846,reference
arXiv:2503.21614,7afaabb73bec969c0937be46b9f0f757e07c8534,reference
arXiv:2503.21614,ae16c93bf3a33c43e8f57293530069e77c89bcaa,reference
arXiv:2503.21614,ca9f5b3bf0f54ad97513e6175b30497873670fed,reference
arXiv:2503.21614,0479547a69ffa48fe106137eba8358a9d8a2cc48,reference
arXiv:2503.21614,f19f3869dabb6e4019b91b65b82a442373cd40aa,reference
arXiv:2503.21614,dc0005e3fb9ad04e43dc60b12df8e27f29dd04c3,reference
arXiv:2503.21614,e1b62c7ee4e22ab63e3b0c9968563e6675833e36,reference
arXiv:2503.21614,ccf6d9d7cec0d4aa9b50c99659765668d6e7c6c2,reference
arXiv:2503.21614,83d721abd07298ef0f5d05575410ae386b77bb4a,reference
arXiv:2503.21614,eee108b3e51e89d160d1116935e062c4d169b475,reference
arXiv:2503.21614,46732358e98ce6be0c564ae11f71d556a64b4c35,reference
arXiv:2503.21614,157ed5647da39a7f5d33a84a90414b2a9e97e301,reference
arXiv:2503.21614,ab15463babf98fffc6f683fe2026de0725b5e1a9,reference
arXiv:2503.21614,c36f638781953f995eb3079f882174846b9ac16a,reference
arXiv:2503.21614,6f24e0782300dca8a4cefcb5a3ccba94bfbb1395,reference
arXiv:2503.21614,3868e87a24f671f8789b9ef2f788506126d4fd8c,reference
arXiv:2503.21614,7e281e8ab380affd3c5724feae038274df378511,reference
arXiv:2503.21614,8fb92f51434543c4a8cd4980f84cf04552c712cc,reference
arXiv:2503.21614,cfb0a89ce5295ddc6ea568295611f8baf17d8c25,reference
arXiv:2503.21614,1b5db3170c195508ff24fee8eda0d4987e806f0b,reference
arXiv:2503.21614,21e53e51ff77a5f34f43cb8ca029909c3ad9f71e,reference
arXiv:2503.21614,36260206be303b3820df8fbba161591da0ca987c,reference
arXiv:2503.21614,57e7af0b69325fafb371ef5d502e39ef9c90ef7e,reference
arXiv:2503.21614,72f77a393079431e4207b3afe678ee80b420e6f8,reference
arXiv:2503.21614,06d860a5bbb99a4eafdbbb2d5f6aa8dd5fd32cf4,reference
arXiv:2503.21614,ee802ccb7fc3a322b824310ae6f29fc6a1e4314b,reference
arXiv:2503.21614,6a33e58ef961a3a0a5657518b2be86395eb7c8d0,reference
arXiv:2503.21614,46f9f7b8f88f72e12cbdb21e3311f995eb6e65c5,reference
arXiv:2503.21614,62b18cc55dcc7ffe52c28e1086aee893b7bc4334,reference
arXiv:2503.21614,827123d59a7dba54e06a6ca22612bdb5f72083fd,reference
arXiv:2503.21614,7bbc7595196a0606a07506c4fb1473e5e87f6082,reference
arXiv:2503.21614,ad9146d98ae95bbeeef460abe083ecc2c4798672,reference
arXiv:2503.21614,abdb0f9d1486dbb024c4bc9f8f9dc40464c58715,reference
arXiv:2503.21614,b29134737a0c81c13d31fc0263b3c4d4f05ccb78,reference
arXiv:2503.21614,58fdf550600fc3873729d466601c5d08a51ba8a0,reference
arXiv:2503.21614,fdc53c2c10742464087c0525f77e32604827a21d,reference
arXiv:2503.21614,c1e450284e7d6cac1855330a1197df8537df653f,reference
arXiv:2503.21614,edb548fe7574d99454b352ffdb61bca93c3072ba,reference
arXiv:2503.21614,dbcced1c0f3b01f66f1dc1b820f084d440b28d1e,reference
arXiv:2503.21614,f0950a3f27c0fefffba60ae1c9a8ee360d5eb55f,reference
arXiv:2503.21614,aade40af0d85b0b4fe15c97f6222d5c2e4d6d9b3,reference
arXiv:2503.21614,7142e920b6b9355d9cbacc9450818f912eca138e,reference
arXiv:2503.21614,2a38daf98d506477f8180806f503409d5036eaf4,reference
arXiv:2503.21614,827afa7dd36e4afbb1a49c735bfbb2c69749756e,reference
arXiv:2503.21614,be8db99310602d66bba64bcf41a572c45816fbfc,reference
arXiv:2503.21614,385c74957858e7d6856d48e72b5a902b4c1aa28c,reference
arXiv:2503.21614,4780d0a027c5c5a8e01d7cf697f6296880ffc945,reference
arXiv:2503.21614,9e9e4df2996bac794c4f04cb887df3e553bae4fd,reference
arXiv:2503.21614,7dc928f41e15f65f1267bd87b0fcfcc7e715cb56,reference
arXiv:2503.21614,a98862ffe4c18634a67a3df8a965a35e5e0d7ec8,reference
arXiv:2503.21614,163b4d6a79a5b19af88b8585456363340d9efd04,reference
arXiv:2503.21614,b7d12aec8a0152ec4921dfa43ab525a63b334385,reference
arXiv:2503.21614,35922cd0d6b17e45320917338e9f98cb5c1a4f6f,reference
arXiv:2503.21614,e65b346d442e9962a4276dc1c1af2956d9d5f1eb,reference
arXiv:2503.21614,5f19ae1135a9500940978104ec15a5b8751bc7d2,reference
arXiv:2503.21614,ac2618b2ce5cdcf86f9371bcca98bc5e37e46f51,reference
arXiv:2503.21614,d6045d2ccc9c09ca1671348de86d07da6bc28eea,reference
arXiv:2503.21614,27042304bed6d4e5b1de84ce3e9df7e9d6e7a8f0,reference
arXiv:2503.21614,1c83f3f9789df43bf937ae2618721e2da83dcc06,reference
arXiv:2503.21614,55635aac4cd439a00356f83dad52bd8d7b0ea87e,reference
arXiv:2503.21614,9c404d02aefd850ac3d5a8bdc5860738e6cd2b04,reference
arXiv:2503.21614,57d1e7ac339e783898f2c3b1af55737cbeee9fc5,reference
arXiv:2503.21614,f13e41d24e5d0a68ca662c1b49de398a6fb68251,reference
arXiv:2503.21614,6f68e1bb253925d8431588555d3010419f322e04,reference
arXiv:2503.21614,f56fc41eff96afbc64030ce5e97d444706e4997c,reference
arXiv:2503.21614,020bb2ba5f3923858cd6882ba5c5a44ea8041ab6,reference
arXiv:2503.21614,925ad2897d1b5decbea320d07e99afa9110e09b2,reference
arXiv:2503.21614,83b8108014e3db4f46354a28ae68193f143c4e7e,reference
arXiv:2503.21614,f6a4bf043af1a9ec7f104a7b7ab56806b241ceda,reference
arXiv:2503.21614,204e3073870fae3d05bcbc2f6a8e263d9b72e776,reference
arXiv:2503.21614,2f2961362355e45fa014ca0bb8ce4495aedf8824,reference
arXiv:2503.21614,7f40afffe476c38ff17c8a04a33f0d4b24fc85de,reference
arXiv:2503.21614,c73b58599d7dbbb3db987507218a67779dfc0c09,reference
arXiv:2503.21614,77e339750747c6497ca47b596c2cdf07fa2d979e,reference
arXiv:2503.21614,1a2063aa3c29aabca3e264a4fb04b31f3e33c6a5,reference
arXiv:2503.21614,7fd30cd5552ae6e783d48e3cbeae6a63147b8a5f,reference
arXiv:2503.21614,3bf29791bd995d17ef0b1e1b876260fa93f2a51b,reference
arXiv:2503.21614,88695b5bb6462872ce1dd946cff00dd6ebabf2d9,reference
arXiv:2503.21614,3e2e30dead442f92b49873215825f62bfcef2b2f,reference
arXiv:2503.21614,2730f394c334f31bc37dfc6261983c31ebe142e7,reference
arXiv:2503.21614,3e2734025037fc626873c56e05ddb43ccccd3858,reference
arXiv:2209.07118,4ef3d9e492479e28fa57d107e52acc6a0c803de2,reference
arXiv:2209.07118,6351ebb4a3287f5f3e1273464b3b91e5df5a16d7,reference
arXiv:2209.07118,94ff111c4d81bd03f159321728ceec8b4711c89d,reference
arXiv:2209.07118,5e00596fa946670d894b1bdaeff5a98e3867ef13,reference
arXiv:2209.07118,d0b59b3e34a79c8c79a31bf3944ded8ab7a803ae,reference
arXiv:2209.07118,b82c5f9efdb2ae56baa084ca41aeddd8a665c1d1,reference
arXiv:2209.07118,63c74d15940af1af9b386b5762e4445e54c73719,reference
arXiv:2209.07118,d9317660e2a538d9c018028956fd114d55330f82,reference
arXiv:2209.07118,3c83f80f06633ff4598d33c2959f8e4cdcad3e93,reference
arXiv:2209.07118,17c2bb358169541f2d0a769f80779f46d1cd3d37,reference
arXiv:2209.07118,6f870f7f02a8c59c3e23f407f3ef00dd1dcf8fc4,reference
arXiv:2209.07118,93b6b79b4ef6c345f31722ce7c829385c6dce0d6,reference
arXiv:2209.07118,0839722fb5369c0abaff8515bfc08299efc790a1,reference
arXiv:2209.07118,c9074d9719c5ce0dd3a7369dd0749cd08d7f67ed,reference
arXiv:2209.07118,268d347e8a55b5eb82fb5e7d2f800e33c75ab18a,reference
arXiv:2209.07118,5ba77a5bdeffb62aa0902ae68997bbc38db8a722,reference
arXiv:2209.07118,b8d5b853f2212cbb48a43f1edec9b96d76d388ec,reference
arXiv:2209.07118,7eda139d737eea10fc1d95364327a41ec0cee4a4,reference
arXiv:2209.07118,ed2a06388dd14b052f33bac5e3bfc0fa26243b55,reference
arXiv:2209.07118,bc996a4dbf9d4234eacdd0b930a94de1d158e256,reference
arXiv:2209.07118,90abbc2cf38462b954ae1b772fac9532e2ccd8b0,reference
arXiv:2209.07118,b5ef0f91663f0cbd6910dec9a890c138f7ec10e0,reference
arXiv:2209.07118,598a2ee223e2949c3b28389e922c1892b4717d2a,reference
arXiv:2209.07118,56cafbac34f2bb3f6a9828cd228ff281b810d6bb,reference
arXiv:2209.07118,6007bd2a34385132a7885b934d90b519a1f65bba,reference
arXiv:2209.07118,33301b25a297b701bdc287e985c006375cb7bb21,reference
arXiv:2209.07118,dfc7b58b67c31932b48586b3e23a43cc94695290,reference
arXiv:2209.07118,06a73ad09664435f8b3cd90293f4e05a047cf375,reference
arXiv:2209.07118,bfeb827d06c1a3583b5cc6d25241203a81f6af09,reference
arXiv:2209.07118,4aa6298b606941a282d735fa3143da293199d2ca,reference
arXiv:2209.07118,79c93274429d6355959f1e4374c2147bb81ea649,reference
arXiv:2209.07118,5aec474c31a2f4b74703c6f786c0a8ff85c450da,reference
arXiv:2209.07118,65a9c7b0800c86a196bc14e7621ff895cc6ab287,reference
arXiv:2209.07118,077f8329a7b6fa3b7c877a57b81eb6c18b5f87de,reference
arXiv:2209.07118,5f994dc8cae24ca9d1ed629e517fcc652660ddde,reference
arXiv:2209.07118,031e4e43aaffd7a479738dcea69a2d5be7957aa3,reference
arXiv:2209.07118,156d217b0a911af97fa1b5a71dc909ccef7a8028,reference
arXiv:2209.07118,de28ec1d7bd38c8fc4e8ac59b6133800818b4e29,reference
arXiv:2209.07118,3d29ce781f297dc543e44dfb39990baff3a3acca,reference
arXiv:2209.07118,a564fabf130ff6e2742cfba90c7a4018937d764d,reference
arXiv:2209.07118,a5d10341717c0519cf63151b496a6d2ed67aa05f,reference
arXiv:2209.07118,ff65e3bf34e892ef75d91c5e3d7294e0b64d867d,reference
arXiv:2209.07118,d07284a6811f1b2745d91bdb06b040b57f226882,reference
arXiv:2209.07118,33998aff64ce51df8dee45989cdca4b6b1329ec4,reference
arXiv:2209.07118,8e9ad6f8b2bc97f0412fa0cc243ac6975864534a,reference
arXiv:2209.07118,79baf8cf6be6510f69be8c515516136138678cf5,reference
arXiv:2209.07118,c6850869aa5e78a107c378d2e8bfa39633158c0c,reference
arXiv:2209.07118,2c03df8b48bf3fa39054345bafabfeff15bfd11d,reference
arXiv:2209.07118,2c1890864c1c2b750f48316dc8b650ba4772adc5,reference
arXiv:2209.07118,2582ab7c70c9e7fcb84545944eba8f3a7f253248,reference
arXiv:2209.07118,519799a9e2a72b808d81c6bcba5de263503de053,reference
arXiv:2209.07118,e5d143ae82ede67726aa1a9aeac3de4bf53d8920,reference
arXiv:2209.07118,df2b0e26d0599ce3e70df8a9da02e51594e0e992,reference
arXiv:2209.07118,9eeeb23546d3d2bbc73959bffc6819f2335f3c83,reference
arXiv:2209.07118,18f9a6045ba01cb079c4fa49a630d71bbd27cd92,reference
arXiv:2209.07118,441281c07b5e5949aeb56375e25623ddbdab94f4,reference
arXiv:2209.07118,1f1eaf19e38b541eec8a02f099e3090536a4c936,reference
arXiv:2206.08082,2145fcceeb69385e108bf1796d52f974854d4c0b,reference
arXiv:2206.08082,f9838a3be5c94bb2674a0e224de349b50e18f3c4,reference
arXiv:2206.08082,a8ca46b171467ceb2d7652fbfb67fe701ad86092,reference
arXiv:2206.08082,0adec918885dff698acf359988ed79a543157f80,reference
arXiv:2206.08082,d7ac65d335b5d847f4f5826313a8732bc7abc7a8,reference
arXiv:2206.08082,59641c10ed7431a3cf841f308367dc2dc0281b74,reference
arXiv:2206.08082,90abbc2cf38462b954ae1b772fac9532e2ccd8b0,reference
arXiv:2206.08082,9808d59113029d96f48a0376b1578dbab5427bb4,reference
arXiv:2206.08082,d08463bd665589d04619f04dbde84183ffcf2e63,reference
arXiv:2206.08082,8ae9a17c87a4518b513e860683a0ef7824be994d,reference
arXiv:2206.08082,93d63ec754f29fa22572615320afe0521f7ec66d,reference
arXiv:2206.08082,39e801ca0dbc69c3697f118e24dac964abb63d4a,reference
arXiv:2206.08082,29ddc1f43f28af7c846515e32cc167bc66886d0c,reference
arXiv:2206.08082,0c908739fbff75f03469d13d4a1a07de3414ee19,reference
arXiv:2206.08082,687bac2d3320083eb4530bf18bb8f8f721477600,reference
arXiv:2206.08082,e808f28d411a958c5db81ceb111beb2638698f47,reference
arXiv:2310.00034,464cf829eaaeb2b3bafc84cc9203790e95102049,reference
arXiv:2310.00034,eb2c2330177f765038a2b17e2ee3498965865797,reference
arXiv:2310.00034,338d8f3b199abcebc85f34016b0162ab3a9d5310,reference
arXiv:2310.00034,56b828717f32251a5e0f0be9c0113077f23c8429,reference
arXiv:2310.00034,3b7ef6f9f27e33e6a4e3bfac90dcb01ab09718bc,reference
arXiv:2310.00034,51db4c39dc0bdf5c95c8bbe89bf4211b48d0b4df,reference
arXiv:2310.00034,1cea4b269fb2d6a79c5a28af3ecf11a839663aa6,reference
arXiv:2310.00034,db9507cdd3e2d7d9c90ed185bd831e55c62dcec9,reference
arXiv:2310.00034,6bd3ee1ca608bc66a490f63f2fb107d79b44f3e2,reference
arXiv:2310.00034,32ac52069e562d4f900afee70bdca63f53461481,reference
arXiv:2310.00034,2a44c6b7f291f625314a82ba3131e605009fd533,reference
arXiv:2310.00034,57e849d0de13ed5f91d086936296721d4ff75a75,reference
arXiv:2310.00034,f39f01f39813fd8ed791f88ec7378a44dbf2a175,reference
arXiv:2310.00034,909ad57ce8caa6b390a65ae09db352d27d8f3996,reference
arXiv:2310.00034,2c994fadbb84fb960d8306ee138dbeef41a5b323,reference
arXiv:2310.00034,964bd39b546f0f6625ff3b9ef1083f797807ef2e,reference
arXiv:2310.00034,7da0f2501034522e3d50af7e9b8fa7ec9d7b65b6,reference
arXiv:2310.00034,3f6243097a58e386aea1215fed4f372dee07a100,reference
arXiv:2310.00034,4be7d1524edb0137599a5cc95f72844b85a52fe1,reference
arXiv:2310.00034,e03609f2587f690867e7ea0bedaf0db25282c548,reference
arXiv:2310.00034,85167901371c71519241f8681db13fd85ba961e2,reference
arXiv:2310.00034,13a0d8bb38f739990c8cd65a44061c6534f17221,reference
arXiv:2310.00034,fb2307f7ce7c6868429ee3ee15d6eaf311ecba5c,reference
arXiv:2310.00034,d766bffc357127e0dc86dd69561d5aeb520d6f4c,reference
arXiv:2310.00034,24160840d800329abc47960f4c015c10bfacde6d,reference
arXiv:2310.00034,5a09edeb26f9f116f2c0503cd020f38fb943f79b,reference
arXiv:2310.00034,c8ca3f71a5471eda41b19036cf54f9f15f0c1058,reference
arXiv:2310.00034,6ded1348c76d25a420abe85a70b91e9ed6f6c2b8,reference
arXiv:2310.00034,c375e121926db9551f224ff235018ea38bb159b7,reference
arXiv:2310.00034,90abbc2cf38462b954ae1b772fac9532e2ccd8b0,reference
arXiv:2310.00034,bc3706d600729f1b9007c91052258c7c22864f69,reference
arXiv:2310.00034,ed9aef35fd6b96f0f357d703143c0941331b5968,reference
arXiv:2310.00034,1fab639219c601ddaf73430249035c827fbc1d7f,reference
arXiv:2310.00034,43f2ad297941db230c089ba353efc3f281ab678c,reference
arXiv:2310.00034,04f4e55e14150b7c48b0287ba77c7443df76ed45,reference
arXiv:2310.00034,6c4b76232bb72897685d19b3d264c6ee3005bc2b,reference
arXiv:2310.00034,c304745c22b4cc70578eb1b86714d358565ca102,reference
arXiv:2310.00034,c1e8d9df347b8de53fc2116615b1343ba327040d,reference
arXiv:2310.00034,099f4ef673778856bddb8638657aa6cc3eb112c9,reference
arXiv:2310.00034,9770fff7379a7ab9006b48939462354dda9a2053,reference
arXiv:2310.00034,8b0f27bb594b1eaaf493eaf1e2ee723a2b0a19ad,reference
arXiv:2310.00034,1a858b96d2fdfeadf8c0f7126cbd55825223fb9d,reference
arXiv:2310.00034,b7c7721e5f19e02ef56c17cd74d24476a53856dd,reference
arXiv:2310.00034,1536e8958697c5364f68b2e2448905dbbeb3a0ca,reference
arXiv:2310.00034,88bb0a28bb58d847183ec505dda89b63771bb495,reference
arXiv:2310.00034,d07284a6811f1b2745d91bdb06b040b57f226882,reference
arXiv:2310.00034,efbd381493bb9636f489b965a2034d529cd56bcd,reference
arXiv:2310.00034,b649a98ce77ece8cd7638bb74ab77d22d9be77e7,reference
arXiv:2310.00034,a5733ff08daff727af834345b9cfff1d0aa109ec,reference
arXiv:2310.00034,84a6cb632ceb27e69e537e7691006d7e71e07dcc,reference
arXiv:2310.00034,62c76ca0b2790c34e85ba1cce09d47be317c7235,reference
arXiv:2310.00034,d2c733e34d48784a37d717fe43d9e93277a8c53e,reference
arXiv:2310.00034,4eb48417f74a6c0cf156841a7375b8634fe27ac7,reference
arXiv:2310.00034,343d24c4dcfaff2132373d218561a23fbd53e934,reference
arXiv:2310.00034,81051b830a4f5606106765902a51ba281c9230f9,reference
arXiv:2310.00034,d7db793f9824a179518a3eb4ea3bd8bc620f6b6f,reference
arXiv:2310.00034,df2b0e26d0599ce3e70df8a9da02e51594e0e992,reference
arXiv:2310.00034,92e121c6e114fe3cfb89370df03847c66a9b4e28,reference
arXiv:2310.00034,28135fd3e80dda50a673cd556f10b9b972005d27,reference
arXiv:2309.02144,22ab4219371366a4e890382bc0ca606130840ca7,reference
arXiv:2309.02144,a3dd7d33dfaa9e02e43d92e900cba01f52d8c4b9,reference
arXiv:2309.02144,412fe1f135cb20c952962133ca1e534a71bfd27f,reference
arXiv:2309.02144,dd18782960f9ee4c66b79e1518b342ad3f8d19e7,reference
arXiv:2309.02144,182c7b40ff7560a5545764814338f55a2098e441,reference
arXiv:2309.02144,91206346edbe28abb606d7b3425cd455d4019d4f,reference
arXiv:2309.02144,e01ab53663e5df5961a021506a9cb09f4efc3788,reference
arXiv:2309.02144,104b0bb1da562d53cbda87aec79ef6a2827d191a,reference
arXiv:2309.02144,19db2d61f20a6c439cc79f28ef4c9e4bf26cd20e,reference
arXiv:2309.02144,a0a79dad89857a96f8f71b14238e5237cbfc4787,reference
arXiv:2309.02144,fbd2c8089870814449f9254a711041bbae145a82,reference
arXiv:2309.02144,6a2a756c60dbc99f666ae6e32b0dd1a58e1e2de8,reference
arXiv:2309.02144,0244aeb7c6927e2fb0c2e668687e160a00737dbe,reference
arXiv:2309.02144,e2e52461194bc81351da7caa978ac42e9e9549cc,reference
arXiv:2309.02144,38d64919ba526868a850a0e5f6239d4c474b7e7e,reference
arXiv:2309.02144,0d1c76d45afa012ded7ab741194baf142117c495,reference
arXiv:2309.02144,f197bf0fc2f228483f6af3285000d54d8d97f9eb,reference
arXiv:2309.02144,b6d6c33298b852cf63edac233deca70530d69a2a,reference
arXiv:2309.02144,58af2d4fcca54c14334d1efd975554b4eb78cd4d,reference
arXiv:2309.02144,aad167be3c902388ea625da4117fcae4325b8b7d,reference
arXiv:2309.02144,3ab661db57d924f4ff1706e05ac807873ca00e0a,reference
arXiv:2309.02144,748698bd4387afd08594e0dc8150c2afa210d9ae,reference
arXiv:2309.02144,f9a7175198a2c9f3ab0134a12a7e9e5369428e42,reference
arXiv:2309.02144,163b4d6a79a5b19af88b8585456363340d9efd04,reference
arXiv:2309.02144,db4ab91d5675c37795e719e997a2827d3d83cd45,reference
arXiv:2309.02144,6845bea94b2fb17d4377b3bb2bd10f73a959f9cc,reference
arXiv:2309.02144,f3a6115e5fb2237df938976e005468f0b18da797,reference
arXiv:2309.02144,cdbd4f9b6ab2e2fd1ddf5400d5ed2c18960635d1,reference
arXiv:2309.02144,99832586d55f540f603637e458a292406a0ed75d,reference
arXiv:2309.02144,5aafd2e036b64403a79c2674dce97bdb4e46a7a9,reference
arXiv:2309.02144,e826ac71dad8c4ce36d82fb7add43e3d306bb7e1,reference
arXiv:2309.02144,14c2611ab6c858cd3fab586f553eac6a10212fc3,reference
arXiv:2309.02144,58c9838b45edad4b7fc11bd7119f113ea5a3d7f1,reference
arXiv:2309.02144,5f19ae1135a9500940978104ec15a5b8751bc7d2,reference
arXiv:2309.02144,d766bffc357127e0dc86dd69561d5aeb520d6f4c,reference
arXiv:2309.02144,1b6e810ce0afd0dd093f789d2b2742d047e316d5,reference
arXiv:2309.02144,d6045d2ccc9c09ca1671348de86d07da6bc28eea,reference
arXiv:2309.02144,db1afe3b3cd4cd90e41fbba65d3075dd5aebb61e,reference
arXiv:2309.02144,e5a1d41e6212951cb6a831ed61a59d00b7ff6867,reference
arXiv:2309.02144,dce6f9d4017b1785979e7520fd0834ef8cf02f4b,reference
arXiv:2309.02144,b123a0d46ad917b79c43c5ae981e03ed2458ed11,reference
arXiv:2309.02144,ed9943d73eb42116fe33564b5065c78b5ca0b16e,reference
arXiv:2309.02144,ac771182d1780c863954243809d1e144433919f9,reference
arXiv:2309.02144,d9e0b07313a04b033a9f2dcc74c41b2bed8c3614,reference
arXiv:2309.02144,0edd4d2a71e92faf4b818722464d5917ce0e9308,reference
arXiv:2305.07766,d72f328592b1fcb44dfcfa24345f431ddc8791f1,reference
arXiv:2305.07766,8dbd57469bb32e6d57f23f5e765bf1c9ac8e080c,reference
arXiv:2305.07766,754449b934480dd701de5b5a7b01aee40e8e6ecc,reference
arXiv:2305.07766,d48b29889241551e1ee6622fa78c3fa4159255dd,reference
arXiv:2305.07766,094ff971d6a8b8ff870946c9b3ce5aa173617bfb,reference
arXiv:2305.07766,eff01a0ae739367bcfd7326ab96eb53c602fa8f9,reference
arXiv:2305.07766,b90d7bb9fa54ffceabcea9353edd419fe5d688cd,reference
arXiv:2305.07766,acbdbf49f9bc3f151b93d9ca9a06009f4f6eb269,reference
arXiv:2305.07766,5a08cd9cca3f208283f5e913037df875ca24ef03,reference
arXiv:2305.07766,85242225a739d8e0bfe885affb4afa3cd48a96fc,reference
arXiv:2305.07766,f397cde61a2ab402c373e3212048ca858885087f,reference
arXiv:2305.07766,f2001dbd83c92be784b67744161d66e2f25a9d2c,reference
arXiv:2305.07766,90abbc2cf38462b954ae1b772fac9532e2ccd8b0,reference
arXiv:2305.07766,bc23dfb70e109dbe666b979f995e2779b96e1073,reference
arXiv:2305.07766,6c4b76232bb72897685d19b3d264c6ee3005bc2b,reference
arXiv:2305.07766,5b537435ec84b3371640c79ad802c16e8ee2e348,reference
arXiv:2305.07766,8ff1b64639cba085e22a16521c55ac19879f22a0,reference
arXiv:2305.07766,4f82413cfc46d99897f2dddec7933fca0df83d0c,reference
arXiv:2305.07766,204e3073870fae3d05bcbc2f6a8e263d9b72e776,reference
arXiv:2305.07766,5008b3f036f903aa980738c6946161a7d8bca968,reference
arXiv:2305.07766,57c9375a484a55ec8b2492aef9c8807425b24291,reference
arXiv:2305.07766,3a2692cf3836445bb2543a110efcbbbac37ebec1,reference
arXiv:2305.07766,00f00870c5de7fd0329c4fa562b960e83914ddfb,reference
arXiv:2305.07766,f3421b03dcd43f267c3c312f543f24283de9fa24,reference
arXiv:2305.07766,68f1e16f6266ea17b054bac800a931dcc1ff2f57,reference
arXiv:2305.07766,56010a55d49ac1f42355538f494427fd22402be1,reference
arXiv:2305.07766,d7871c349ef0c2f8f22faa44b9f907340a426470,reference
arXiv:2305.07766,5c8cc309444a2d7d49e7ee2e40eeb6d5dc1f7412,reference
arXiv:2305.07766,fe3abc47ea9cff302018ec7840a2463e661987b1,reference
arXiv:2305.07766,025ccc762d5f742232e2e575d403ddd4119d9794,reference
arXiv:2305.07766,ce98b5de700b51f949f521220634e1b0677d3786,reference
arXiv:2305.07766,16dbf42028fc4dbda19bfeb5f420981345b249a3,reference
arXiv:2402.14800,00e18c603e60d861c4e99c541e4d65ef442d5945,reference
arXiv:2402.14800,cddb552f6c3464a54a02b0b64b2d1af56c086606,reference
arXiv:2402.14800,a3dd7d33dfaa9e02e43d92e900cba01f52d8c4b9,reference
arXiv:2402.14800,1dbd58bd8768ba0dada2e7c84aa2fe0b9f418ebc,reference
arXiv:2402.14800,8c7b0b0d4b2a6c20a58c3b0878fa35117fca3cca,reference
arXiv:2402.14800,57e849d0de13ed5f91d086936296721d4ff75a75,reference
arXiv:2402.14800,909ad57ce8caa6b390a65ae09db352d27d8f3996,reference
arXiv:2402.14800,77638cb15b7c2cbb031eb103081ce881297904b3,reference
arXiv:2402.14800,43014fc85c4860487336579ec98f509fec1803f7,reference
arXiv:2402.14800,7da0f2501034522e3d50af7e9b8fa7ec9d7b65b6,reference
arXiv:2402.14800,a262a3d81f72e4b07558e636489e85ca88045156,reference
arXiv:2402.14800,0fb8e89e34f00365a56c3e67f7e862fdcf935f2c,reference
arXiv:2402.14800,c26bb68806a992bf4fc85b5639e1657a445c4781,reference
arXiv:2402.14800,fb145e1e49d3269d8223c7710e22b45438613ff0,reference
arXiv:2402.14800,d6045d2ccc9c09ca1671348de86d07da6bc28eea,reference
arXiv:2402.14800,d52977458284acce166bb1291a9d79143aa59070,reference
arXiv:2402.14800,90d5e6f8d3b9f2617b3a3cf00fb02e730eb011cb,reference
arXiv:2402.14800,57d1e7ac339e783898f2c3b1af55737cbeee9fc5,reference
arXiv:2402.14800,b4d207a2096aee4a3764933373eef6edb574c952,reference
arXiv:2402.14800,5e38dc1ccf33ac1df09b8eb6476f110cb3d1966f,reference
arXiv:2402.14800,fdacf2a732f55befdc410ea927091cad3b791f13,reference
arXiv:2402.14800,1882f194cb43828852cc052887671e55a80f945a,reference
arXiv:2402.14800,90abbc2cf38462b954ae1b772fac9532e2ccd8b0,reference
arXiv:2402.14800,6c4b76232bb72897685d19b3d264c6ee3005bc2b,reference
arXiv:2402.14800,ee53c9480132fc0d09b1192226cb2c460462fd6d,reference
arXiv:2402.14800,510e26733aaff585d65701b9f1be7ca9d5afc586,reference
arXiv:2402.14800,c8d90974c3f3b40fa05e322df2905fc16204aa56,reference
arXiv:2402.14800,2b7c9fd2a94deaee3e7e56dc57bab0bd39d3683c,reference
arXiv:2211.03263,063d9fa4861356500219b7e81d5a654aa921da6f,reference
arXiv:2211.03263,c3cfcd42b76ec6a18376f3975198c76e964b664f,reference
arXiv:2211.03263,078b1e3336e1b1dff62fd174185af67d3e3ef053,reference
arXiv:2211.03263,e6b9c2fcff6dcfef2a9cb5019ae6040949616c62,reference
arXiv:2211.03263,ecd9168526d1a82ac2348c8de52bff6323322da9,reference
arXiv:2211.03263,a421ba0a9150cd35e231dddc323bdd9a59b3af93,reference
arXiv:2211.03263,b57da3ccf214e8dad49116c8db9590c2c89629f5,reference
arXiv:2211.03263,05c22ede1e011c551ab0639ef52c8c852d7833b1,reference
arXiv:2211.03263,c360814d32fe45b7db2fcbaebb5d01402aff9b4f,reference
arXiv:2211.03263,74276a37bfa50f90dfae37f767b2b67784bd402a,reference
arXiv:2211.03263,fdc0d45e08319a3078775f92048543d16f4f6e8a,reference
arXiv:2211.03263,0e141942fa265142f41a2a26eb17b6005d3af29e,reference
arXiv:2211.03263,6fec3e579c7cd4f13bdabbee2b6ac2e8ff5941c6,reference
arXiv:2211.03263,c20c68c45127439139a08adb0b1f2b8354a94d6c,reference
arXiv:2211.03263,ec4eba83f6b3266d9ae7cabb2b2cb1518f727edc,reference
arXiv:2211.03263,838fbfd9066dbbac6c10059c5b183046fb1cd9d1,reference
arXiv:2211.03263,2a957bfcd11761cabb851e8a59fc4d022d92cd73,reference
arXiv:2211.03263,204e3073870fae3d05bcbc2f6a8e263d9b72e776,reference
arXiv:2211.03263,da5c65b0ac8b525c3d3d4889bf44d8a48d254a07,reference
arXiv:2211.03263,144f00a70a093b616e4b567fbcb6add0ea3f7da2,reference
arXiv:2211.03263,0e6824e137847be0599bb0032e37042ed2ef5045,reference
arXiv:2211.03263,2c07bffd89cfa70d855da4e9c3f738540cd8d106,reference
arXiv:2211.03263,6f675a01bf53a4353887084d65a33309be7b5f62,reference
arXiv:2211.03263,02dae5f4d413f4764a240616b0eba0bf124e3b3e,reference
arXiv:2211.03263,b2474a00d7de3373bab934c09acef1994fa82207,reference
arXiv:2211.03263,df2b0e26d0599ce3e70df8a9da02e51594e0e992,reference
arXiv:2211.03263,10ee8400d9aa94d369bf30ecfa69ae4ca5ba9a99,reference
arXiv:2204.02515,6013502525070b5d925310e4c6b1fe3b24699729,reference
arXiv:2204.02515,1f52deff193c7c3dfc77c48cbdc653c94f093a92,reference
arXiv:2204.02515,f4cf4246f3882aa6337e9c05d5675a3b8463a32e,reference
arXiv:2204.02515,53c8b98eb9180ed9f46820627715c7ae2803cee7,reference
arXiv:2204.02515,9b8d9c83f06570e05f3f3fbef9c48c97638900fd,reference
arXiv:2204.02515,758311575a6385bb15d4f9af8c0e671cb98184b4,reference
arXiv:2204.02515,11f4765ea4404742dc12dbdb06430873563a0a9d,reference
arXiv:2204.02515,4a4b71ff918ca8eeffa5dfe66be2db7fcc1291da,reference
arXiv:2204.02515,893186c6bc08a17cb3f9f94fa3f14e9ad20b0525,reference
arXiv:2204.02515,82f93fe25ab59164c8dbb571de7afcce1e43c839,reference
arXiv:2204.02515,2012c176d7b003eb57a282bfd8681190704fb965,reference
arXiv:2204.02515,c37c23b12e00168833eccff8025a830ce27c5abc,reference
arXiv:2204.02515,d07284a6811f1b2745d91bdb06b040b57f226882,reference
arXiv:2204.02515,baf47cd0b471a9bb7b2230fec0b680fc9b3c4783,reference
arXiv:2204.02515,59094d64844ee21e32560fb08db6d53cc3af0c51,reference
arXiv:2204.02515,bc9f3c466c6f6b386f4ef1195853d498cf3c182e,reference
arXiv:2204.02515,1ae84940e212e2e3ca132c7aa0878baf0fda06cd,reference
arXiv:2204.02515,59a951788f0fdf47566240d403c36b6eb816ba49,reference
arXiv:2204.02515,2e21c7e5565b92079686fe852047f1310d54fac1,reference
arXiv:2204.02515,b81fcb25cc5c4b0a850411fc6181eb96dd78b2b9,reference
arXiv:2204.02515,945e97dcab001986d233a61a233fc524543182ad,reference
arXiv:2204.02515,13d156f37ecea807706fd117547ac1b805d5c5aa,reference
arXiv:2204.02515,c9d65eee1b5df8ccda87c024b88e1b620099b316,reference
arXiv:2204.02515,37b1035fdf9b9e4672bf0b01f880fbe10ecb10a3,reference
arXiv:2204.02515,9258e806499e1dc81c91fa7e1d37ad49d9b2a7bc,reference
arXiv:2204.02515,2a16ace054364557c8b8b4bf55f7293cd6d1a9ab,reference
arXiv:2204.02515,57c9375a484a55ec8b2492aef9c8807425b24291,reference
arXiv:2204.02515,80f15048f9774191c3ae2ab8950b6d49f2d05295,reference
arXiv:2204.02515,a6cb366736791bcccc5c8639de5a8f9636bf87e8,reference
arXiv:2204.02515,cbe3e102d908f72fcbf6b8d8893587c010de100d,reference
arXiv:2204.02515,cde902f11b0870c695428d865a35eb819b1d24b7,reference
arXiv:2204.02515,2a26153354119ba1e21c3c42050cb1546f886410,reference
arXiv:2204.02515,a389456fdc46e458d0a813a608b71b44b2ff8e62,reference
arXiv:2204.02515,4b17662f21c6313907a022af20f88616d11620eb,reference
arXiv:2204.02515,615f70728d7176acf83e310cdbcd763bbf6d5633,reference
arXiv:2204.02515,cc1648c91ffda21bbe6e5f08f69c683588fc384c,reference
arXiv:2204.02515,c8221c054459e37edbf313668523d667fe5c1536,reference
arXiv:2204.02515,851f27df3a1ec8daa693f6642194562e3fe9769a,reference
arXiv:2204.02515,117a50fbdfd473e43e550c6103733e6cb4aecb4c,reference
arXiv:2204.02515,dd6960d576da0d769ca30de6eb6607a66806211f,reference
arXiv:2204.02515,df2b0e26d0599ce3e70df8a9da02e51594e0e992,reference
arXiv:2204.02515,6b28fcf2ce5e0558550389b14d3075d23e54ff29,reference
arXiv:2204.02515,3962a66e72775ddb496b2425c7451394d02b17b1,reference
arXiv:2204.02515,3954a3f80cf1b1f76430d80e924d85f2f1ba6799,reference
arXiv:2204.02515,b25e5bca74d74abb1687315fa3c637bb9911554d,reference
arXiv:2305.18098,b6d6c33298b852cf63edac233deca70530d69a2a,reference
arXiv:2305.18098,e5adc219685c9941b9a3d029480af4a51c0ea05a,reference
arXiv:2305.18098,dfd8944d39b378489b878d6e105d040fa0e524db,reference
arXiv:2305.18098,68850153b0210615c86f9a72624f34e2913bcddf,reference
arXiv:2305.18098,381ab7a640f5b46b62f7e08d1af4a8e0d3eadd55,reference
arXiv:2305.18098,163b4d6a79a5b19af88b8585456363340d9efd04,reference
arXiv:2305.18098,72f1e6509bcfeabeb33e31e10c6926dab05f3e8b,reference
arXiv:2305.18098,57e849d0de13ed5f91d086936296721d4ff75a75,reference
arXiv:2305.18098,ae3d869719c15099889c02c03b922516b3b60aa0,reference
arXiv:2305.18098,780c99d13537370f63c03feeb1343bed9d98a4f9,reference
arXiv:2305.18098,7d645a3fd276918374fd9483fd675c28e46506d1,reference
arXiv:2305.18098,964bd39b546f0f6625ff3b9ef1083f797807ef2e,reference
arXiv:2305.18098,1d26c947406173145a4665dd7ab255e03494ea28,reference
arXiv:2305.18098,e19b54ad4c1c8af045069e9cac350ffc2ce60e1a,reference
arXiv:2305.18098,87c5b281fa43e6f27191b20a8dd694eda1126336,reference
arXiv:2305.18098,1f32937d02f8e2665af37f7939bf6a556c7ca07b,reference
arXiv:2305.18098,13a0d8bb38f739990c8cd65a44061c6534f17221,reference
arXiv:2305.18098,094ff971d6a8b8ff870946c9b3ce5aa173617bfb,reference
arXiv:2305.18098,8342b592fe238f3d230e4959b06fd10153c45db1,reference
arXiv:2305.18098,b6d553cfdaa31456cb17259c3190dd0cf68e0b30,reference
arXiv:2305.18098,17dd3555fd1ccf1141cf984347fa1b3fd6b009ca,reference
arXiv:2305.18098,9b3a071734cfecb2880105d84bde6791b48bf4a3,reference
arXiv:2305.18098,ff0b2681d7b05e16c46dfb71d980cc2f605907cd,reference
arXiv:2305.18098,88a72a9bc844ceb809f0fcf94ae3a0ba69e558de,reference
arXiv:2305.18098,6ff5ea40e0d1be8c71e5b675db64fe730018db03,reference
arXiv:2305.18098,cbdb45fc16b0885905b91d84281c310e6cb49e9c,reference
arXiv:2305.18098,50796b0f3edf9cb5ff1e447c298b33755378aa4f,reference
arXiv:2305.18098,725264948d7b6946259af5b8d966e996b9570f99,reference
arXiv:2305.18098,90abbc2cf38462b954ae1b772fac9532e2ccd8b0,reference
arXiv:2305.18098,4789355a00650afa29682d331d7d9a49a301b43b,reference
arXiv:2305.18098,18318b10e7c2dd4ad292208f4399eb1d4dca5768,reference
arXiv:2305.18098,de413d73899369c8ae5002a5ed0dfd5f6da0402e,reference
arXiv:2305.18098,b5246fa284f86b544a7c31f050b3bd0defd053fd,reference
arXiv:2305.18098,a486e2839291111bb44fa1f07731ada123539f75,reference
arXiv:2305.18098,942deb7d865b7782c03176d95e3a0d56cb71009e,reference
arXiv:2305.18098,1518039b5001f1836565215eb047526b3ac7f462,reference
arXiv:2305.18098,8de174ab5419b9d3127695405efd079808e956e8,reference
arXiv:2305.18098,3f42266cb07b5d603aff32fb9f9394a80e74b508,reference
arXiv:2402.12065,13261129251c9e8891cff02c3aee15c4df6a5630,reference
arXiv:2402.12065,b31a5884a8ebe96b6300839b28608b97f8f8ef76,reference
arXiv:2402.12065,56b828717f32251a5e0f0be9c0113077f23c8429,reference
arXiv:2402.12065,2a09ebbfcca1a6994eeb472cd4159f5f3858dbf9,reference
arXiv:2402.12065,51db4c39dc0bdf5c95c8bbe89bf4211b48d0b4df,reference
arXiv:2402.12065,32ac52069e562d4f900afee70bdca63f53461481,reference
arXiv:2402.12065,57e849d0de13ed5f91d086936296721d4ff75a75,reference
arXiv:2402.12065,792a4f3874d5573c23ce05ac7631b751762384b4,reference
arXiv:2402.12065,7da0f2501034522e3d50af7e9b8fa7ec9d7b65b6,reference
arXiv:2402.12065,3f6243097a58e386aea1215fed4f372dee07a100,reference
arXiv:2402.12065,4be7d1524edb0137599a5cc95f72844b85a52fe1,reference
arXiv:2402.12065,e03609f2587f690867e7ea0bedaf0db25282c548,reference
arXiv:2402.12065,13a0d8bb38f739990c8cd65a44061c6534f17221,reference
arXiv:2402.12065,d766bffc357127e0dc86dd69561d5aeb520d6f4c,reference
arXiv:2402.12065,39a620939887c9fc1f9bdd7ecfabde985a4aad3a,reference
arXiv:2402.12065,4e3935ef7da6bcbb202ec7f8b285c313cadcd044,reference
arXiv:2402.12065,9001eb3c3d5a96ad3d804410c2437e6f60feade9,reference
arXiv:2402.12065,90abbc2cf38462b954ae1b772fac9532e2ccd8b0,reference
arXiv:2402.12065,6c4b76232bb72897685d19b3d264c6ee3005bc2b,reference
arXiv:2402.12065,8b0f27bb594b1eaaf493eaf1e2ee723a2b0a19ad,reference
arXiv:2402.12065,22655979df781d222eaf812b0d325fa9adf11594,reference
arXiv:2402.12065,88bb0a28bb58d847183ec505dda89b63771bb495,reference
arXiv:2402.12065,f010affab57b5fcf1cd6be23df79d8ec98c7289c,reference
arXiv:2402.12065,efbd381493bb9636f489b965a2034d529cd56bcd,reference
arXiv:2402.12065,dd01291bcb89b3332e6fae969f9a15256325f004,reference
arXiv:2402.12065,59ce9cdbde13affc05a6c1f48a51ee7b0fcb154b,reference
arXiv:2402.12065,81051b830a4f5606106765902a51ba281c9230f9,reference
arXiv:2402.12065,2b7c9fd2a94deaee3e7e56dc57bab0bd39d3683c,reference
arXiv:2402.12065,92e121c6e114fe3cfb89370df03847c66a9b4e28,reference
arXiv:2308.16149,288063323dddad9bea7eb1230a2048546435687e,reference
arXiv:2308.16149,104b0bb1da562d53cbda87aec79ef6a2827d191a,reference
arXiv:2308.16149,7ace46ab8e71c4304682ab126b1212deb54b9b03,reference
arXiv:2308.16149,bb9a44c94a89dbe00f0061d05c70a45064ff6ea6,reference
arXiv:2308.16149,8d84148c12983f3015e66ddf5655402d2cb21157,reference
arXiv:2308.16149,7a1e71cb1310c4a873e7a4e54d1a6dab0553adce,reference
arXiv:2308.16149,5e07cb357ea8078af34c6e9154a0c746af3a4d9e,reference
arXiv:2308.16149,647f520eea08cf8e98b99319dcb7e32cc3a78c72,reference
arXiv:2308.16149,879a7f5abdb7ab803d48172d4f0830965f989d46,reference
arXiv:2308.16149,6354f2639d07bf8d5b08a4dcaef4c5db5fe19fdb,reference
arXiv:2308.16149,9e8cb8c91a0acb6e661b58ad724aa758490f2bea,reference
arXiv:2308.16149,82e440220e29d6c2c5866f9cb40e522ca0c8a22d,reference
arXiv:2308.16149,3aaf6a2cbad5850ad81ab5c163599cb3d523436f,reference
arXiv:2308.16149,163b4d6a79a5b19af88b8585456363340d9efd04,reference
arXiv:2308.16149,57e849d0de13ed5f91d086936296721d4ff75a75,reference
arXiv:2308.16149,6fbf4e4c7872efdc03f7003d2d89b15ad8c4c552,reference
arXiv:2308.16149,cb29cf52f0f7d2e4324c68690a55b22890f2212d,reference
arXiv:2308.16149,6052486bc9144dc1730c12bf35323af3792a1fd0,reference
arXiv:2308.16149,d78df936a717f278e89221f74f3f894e90d8c1fe,reference
arXiv:2308.16149,e65b346d442e9962a4276dc1c1af2956d9d5f1eb,reference
arXiv:2308.16149,6f4cc536f9ed83d0dbf7e919dc609be12aa0848a,reference
arXiv:2308.16149,964bd39b546f0f6625ff3b9ef1083f797807ef2e,reference
arXiv:2308.16149,4610ffb1b016acaa82a2065ffd1a3adbae1ce722,reference
arXiv:2308.16149,cdbd4f9b6ab2e2fd1ddf5400d5ed2c18960635d1,reference
arXiv:2308.16149,1d26c947406173145a4665dd7ab255e03494ea28,reference
arXiv:2308.16149,13a0d8bb38f739990c8cd65a44061c6534f17221,reference
arXiv:2308.16149,06d7cb8c8816360feb33c3367073e0ef66d7d0b0,reference
arXiv:2308.16149,0286b2736a114198b25fb5553c671c33aed5d477,reference
arXiv:2308.16149,094ff971d6a8b8ff870946c9b3ce5aa173617bfb,reference
arXiv:2308.16149,8342b592fe238f3d230e4959b06fd10153c45db1,reference
arXiv:2308.16149,f72413a441737e1f944a4346221db0ab9baec32d,reference
arXiv:2308.16149,cc3b41c4d2ededb94b481089633ecb43d6b2162f,reference
arXiv:2308.16149,d766bffc357127e0dc86dd69561d5aeb520d6f4c,reference
arXiv:2308.16149,1b6e810ce0afd0dd093f789d2b2742d047e316d5,reference
arXiv:2308.16149,fd1b829261ba04bb92e0ab60c4f6e7cea0d99fbf,reference
arXiv:2308.16149,68f141724814839d556a989646194be88641b143,reference
arXiv:2308.16149,37c9f2f1dc2b32590502c5fd0702ee45f94b041d,reference
arXiv:2308.16149,750280d4b2ea75c0d682addc27bca6c037ccceea,reference
arXiv:2308.16149,17dd3555fd1ccf1141cf984347fa1b3fd6b009ca,reference
arXiv:2308.16149,8e3b613f8a6d775a5bf97aa73328a2f4795dd407,reference
arXiv:2308.16149,77d956cdab4508d569ae5741549b78e715fd0749,reference
arXiv:2308.16149,a05973d939f5a2b63f6b052e8f059d5fd73c25a1,reference
arXiv:2308.16149,9ca329408813d209b1dcb36936f7f9cba82506bd,reference
arXiv:2308.16149,a38e0f993e4805ba8a9beae4c275c91ffcec01df,reference
arXiv:2308.16149,66c10bf1f11bc1b2d92204d8f8391d087f6de1c4,reference
arXiv:2308.16149,a458ea049f87db9d2c856f3554f1819a27d4e676,reference
arXiv:2308.16149,a4ab1bd1501668e932c986725b33d065e4f0a233,reference
arXiv:2308.16149,bcc14c3a878c7f155a52a07be8b26eec2f46ec66,reference
arXiv:2308.16149,c342798bafc1eaaa60c652fc90fd738941542133,reference
arXiv:2308.16149,db1afe3b3cd4cd90e41fbba65d3075dd5aebb61e,reference
arXiv:2308.16149,aea9f18d70a78d39ca927f2baa143e084c486086,reference
arXiv:2308.16149,1e4cda8be54999ced1324777fa462a85e2c9746c,reference
arXiv:2308.16149,7f809204b5fa96c4631899d44cebd61c5057ee53,reference
arXiv:2308.16149,645bd6eadc247989abc5e0b0aa0be79ec8b11ea6,reference
arXiv:2308.16149,814a4f680b9ba6baba23b93499f4b48af1a27678,reference
arXiv:2308.16149,f9886e992260cf2bd0ec8195d0e804f851fb8e98,reference
arXiv:2308.16149,90abbc2cf38462b954ae1b772fac9532e2ccd8b0,reference
arXiv:2308.16149,1898d36d4fb8b2cd388305c67ff1952fa53b8ff0,reference
arXiv:2308.16149,995ec006ac98a697ea38bd4eea8c1f3170a8adb4,reference
arXiv:2308.16149,96873c758c47a555b4e0b4b66b84b04cb251e9ef,reference
arXiv:2308.16149,bdbf780dfd6b3eb0c9e980887feae5f23af15bc4,reference
arXiv:2308.16149,1359d2ef45f1550941e22bf046026c89f6edf315,reference
arXiv:2308.16149,e6c561d02500b2596a230b341a8eb8b921ca5bf2,reference
arXiv:2308.16149,2626495b7743759c6a7a9738bc21b6694092eafe,reference
arXiv:2308.16149,04f4e55e14150b7c48b0287ba77c7443df76ed45,reference
arXiv:2308.16149,f51497f463566581874c941353dd9d80069c5b77,reference
arXiv:2308.16149,6fec3e579c7cd4f13bdabbee2b6ac2e8ff5941c6,reference
arXiv:2308.16149,395de0bd3837fdf4b4b5e5f04835bcc69c279481,reference
arXiv:2308.16149,6c4b76232bb72897685d19b3d264c6ee3005bc2b,reference
arXiv:2308.16149,17dbd7b72029181327732e4d11b52a08ed4630d0,reference
arXiv:2308.16149,077f8329a7b6fa3b7c877a57b81eb6c18b5f87de,reference
arXiv:2308.16149,9770fff7379a7ab9006b48939462354dda9a2053,reference
arXiv:2308.16149,8b0f27bb594b1eaaf493eaf1e2ee723a2b0a19ad,reference
arXiv:2308.16149,afed6dc6900d3b37e528b9086661bba583d60bf6,reference
arXiv:2308.16149,faadd7d081c8d67e8c2567e8a5579e46cd6b2280,reference
arXiv:2308.16149,13ff28f98474858d84c339e5301cb3bf468ac68b,reference
arXiv:2308.16149,ec4eba83f6b3266d9ae7cabb2b2cb1518f727edc,reference
arXiv:2308.16149,7365f887c938ca21a6adbef08b5a520ebbd4638f,reference
arXiv:2308.16149,1536e8958697c5364f68b2e2448905dbbeb3a0ca,reference
arXiv:2308.16149,66c8ab0b3b7698cf5333c3f7350a6eaa5302294b,reference
arXiv:2308.16149,88bb0a28bb58d847183ec505dda89b63771bb495,reference
arXiv:2308.16149,d07284a6811f1b2745d91bdb06b040b57f226882,reference
arXiv:2308.16149,204e3073870fae3d05bcbc2f6a8e263d9b72e776,reference
arXiv:2308.16149,21ebc8c6bd7adcdced2f2abb432174b71d0e862d,reference
arXiv:2308.16149,636a79420d838eabe4af7fb25d6437de45ab64e8,reference
arXiv:2308.16149,88f7ae268140634653ebadabfe8726c1c2041774,reference
arXiv:2308.16149,800366078f063a637e6a4880c0c49c217c7905ea,reference
arXiv:2308.16149,1518039b5001f1836565215eb047526b3ac7f462,reference
arXiv:2308.16149,0e6824e137847be0599bb0032e37042ed2ef5045,reference
arXiv:2308.16149,74a7b457f84fad22daefbfa7dac675807c5d2c16,reference
arXiv:2308.16149,25ca4a36df2955b345634b5f8a6b6bb66a774b3c,reference
arXiv:2308.16149,1b560f892432fb853d233c92f9294640bc91de3c,reference
arXiv:2308.16149,984e762b35a564daecfba84ed52d91f9aa289f7f,reference
arXiv:2308.16149,7d1c803184ee60fae6368ff620141d25be1c184e,reference
arXiv:2308.16149,98d7207066b61c15e007dac9758530b99ac06cb9,reference
arXiv:2308.16149,d7da009f457917aa381619facfa5ffae9329a6e9,reference
arXiv:2308.16149,a1066659ec1afee9dce586f6f49b7d44527827e1,reference
arXiv:2308.16149,2db77485736cf29778a4464fe500a289bd46e7ac,reference
arXiv:2308.16149,4972b88f8f324a4fa18e921f62a9857af2b5fc7b,reference
arXiv:2308.16149,1189abbda1f88753db8e917f159b8c2db9f62cde,reference
arXiv:2308.16149,a6b6eedb0559cb44bd3fcab64151529019bae42a,reference
arXiv:2308.16149,df2b0e26d0599ce3e70df8a9da02e51594e0e992,reference
arXiv:2308.16149,9405cc0d6169988371b2755e573cc28650d14dfe,reference
arXiv:2308.16149,92e121c6e114fe3cfb89370df03847c66a9b4e28,reference
arXiv:2308.16149,cd18800a0fe0b668a1cc19f2ec95b5003d0a5035,reference
arXiv:2308.16149,c8c4ab59ac29973a00df4e5c8df3773a3c59995a,reference
arXiv:2308.16149,4c88a3f34f1d268dc1bf5c12ea3b18e03e4da50a,reference
arXiv:2308.16149,694b3c58712deefb59502847ba1b52b192c413e5,reference
arXiv:2204.14146,1bf46fd55008c3fe2dd531c5cdb97dceafd6b217,reference
arXiv:2204.14146,7a74fa8620b8dd63a45a5eaece1d0a94ad37646d,reference
arXiv:2204.14146,c0e8846eb5ce574a6dca3f3a600e82b184339254,reference
arXiv:2204.14146,341bdbcfc3febef7691a97c216ad394653211095,reference
arXiv:2204.14146,d766bffc357127e0dc86dd69561d5aeb520d6f4c,reference
arXiv:2204.14146,6d7d4fca9840504f630e9bea6acaa07322a6e889,reference
arXiv:2204.14146,2f3efe44083af91cef562c1a3451eee2f8601d22,reference
arXiv:2204.14146,68f141724814839d556a989646194be88641b143,reference
arXiv:2204.14146,17dd3555fd1ccf1141cf984347fa1b3fd6b009ca,reference
arXiv:2204.14146,8f5177778ba5915a763e08d20977173bc18f5c87,reference
arXiv:2204.14146,77d956cdab4508d569ae5741549b78e715fd0749,reference
arXiv:2204.14146,ff0b2681d7b05e16c46dfb71d980cc2f605907cd,reference
arXiv:2204.14146,a38e0f993e4805ba8a9beae4c275c91ffcec01df,reference
arXiv:2204.14146,11d57e1af3c1f939efcee67640ccbf9814290016,reference
arXiv:2204.14146,048c6c8e89422749ad164d91160767ef738c27a4,reference
arXiv:2204.14146,5b6c582d51266be9aa7e32bfdc20891e5231eca4,reference
arXiv:2204.14146,2232808cf3161ca4c434126e35f47ee33c0c8219,reference
arXiv:2204.14146,343e06bae852f74a98573e798b501f6003bcb1c0,reference
arXiv:2204.14146,9c49a2178134517701befea536400c01a1cdefe7,reference
arXiv:2204.14146,399e7d8129c60818ee208f236c8dda17e876d21f,reference
arXiv:2204.14146,053b1d7b97eb2c91fc3921d589c160b0923c70b1,reference
arXiv:2204.14146,90abbc2cf38462b954ae1b772fac9532e2ccd8b0,reference
arXiv:2204.14146,4c8bdcf2ece019a72bbbf226a726dc8067f148d1,reference
arXiv:2204.14146,6c4b76232bb72897685d19b3d264c6ee3005bc2b,reference
arXiv:2204.14146,7a15950dc71079285a4eaf195de5aadd87c41b40,reference
arXiv:2204.14146,7dc156eb9d84ae8fd521ecac5ccc5b5426a42b50,reference
arXiv:2204.14146,cf4aa38ae31b43fd07abe13b4ffdb265babb7be1,reference
arXiv:2204.14146,0fa1c75a452a046e11e775eb6120051c696d9366,reference
arXiv:2204.14146,b0b96270a9bbeb9f3ec040e70114d565fbcaaed9,reference
arXiv:2204.14146,c242438dac5aa4d9b13766c14240bb8426690d58,reference
arXiv:2204.14146,a334442b493501bb60a53dc3e689fc569965ad81,reference
arXiv:2204.14146,f5265e346382354887340c7b520d639162e2f598,reference
arXiv:2204.14146,88347f9f12b50590f50aefce4cf71b3a3f0bd138,reference
arXiv:2204.14146,032274e57f7d8b456bd255fe76b909b2c1d7458e,reference
arXiv:2204.14146,3dee13b1ad28a87cc23307b70137cc29215e69f6,reference
arXiv:2204.14146,4248b1c782d1e3e3b53a5126ea269518af92c68a,reference
arXiv:2204.14146,3a13f7c43b767b1fb72ef107ef62a4ddd48dd2a7,reference
arXiv:2204.14146,3d3b4ec7789f634e0752d50484dad7d2ea2460d5,reference
arXiv:2204.14146,3bbf2ee642ed311e500017def1f54df453a935c1,reference
arXiv:2204.14146,60b05f32c32519a809f21642ef1eb3eaf3848008,reference
arXiv:2204.14146,a09560239e398fe8aea05856823b46219a7dc539,reference
arXiv:2204.14146,9405cc0d6169988371b2755e573cc28650d14dfe,reference
arXiv:2204.14146,cd18800a0fe0b668a1cc19f2ec95b5003d0a5035,reference
arXiv:2210.04186,d766bffc357127e0dc86dd69561d5aeb520d6f4c,reference
arXiv:2210.04186,fd1b829261ba04bb92e0ab60c4f6e7cea0d99fbf,reference
arXiv:2210.04186,28692beece311a90f5fa1ca2ec9d0c2ce293d069,reference
arXiv:2210.04186,998577ea3c393330e4ecc563d5e4026cf9e49a17,reference
arXiv:2210.04186,8d7ed6580a26d2ecb8282e81c8649e193e67d81f,reference
arXiv:2210.04186,d7a7ebd1565c3795bc2bcdec4334d42a65ad17c5,reference
arXiv:2210.04186,54238ca0b2b04488790997634e737860fc09629f,reference
arXiv:2210.04186,0adec918885dff698acf359988ed79a543157f80,reference
arXiv:2210.04186,3122a2d7799ba585b993e432b3deb47659b3f3c1,reference
arXiv:2210.04186,ca2f1088d3e581b2c6c75cf0ebc96506d620f64d,reference
arXiv:2210.04186,8c479e81ddaf55aba9044449b5be7b7bf2046b7e,reference
arXiv:2210.04186,d7ac65d335b5d847f4f5826313a8732bc7abc7a8,reference
arXiv:2210.04186,4658662425f71a711024728db90dce0f40c9f0e6,reference
arXiv:2210.04186,b79dcc5304e557ce200b161d2a884c0ff77f34ec,reference
arXiv:2210.04186,90abbc2cf38462b954ae1b772fac9532e2ccd8b0,reference
arXiv:2210.04186,4ae52766028e69186052ea8f33a137fbbbdb986a,reference
arXiv:2210.04186,6c4b76232bb72897685d19b3d264c6ee3005bc2b,reference
arXiv:2210.04186,162515d87256f13888d9d7ba95275ac4b6c35396,reference
arXiv:2210.04186,c154cc7013688fe15a1666457cc5fa7c6162d4f9,reference
arXiv:2210.04186,07e10c90a193f1b2959e8bf00702317b336ed67e,reference
arXiv:2210.04186,7c49c4c26fc92957b6d4b22a3bf8ce63e035b2af,reference
arXiv:2210.04186,711e6e9e2fb1f4ab7238cdd556002ae36deeece7,reference
arXiv:2210.04186,f6b51c8753a871dc94ff32152c00c01e94f90f09,reference
arXiv:2210.04186,56010a55d49ac1f42355538f494427fd22402be1,reference
arXiv:2210.04186,288a2e32889f39e90b66a52e7523be8fe00e061a,reference
arXiv:2210.04186,34d7a07c493ca6336c92156806a2947e115caadc,reference
arXiv:2210.04186,bb1f496771d5ef641c9baf42f16900c09ecadb55,reference
arXiv:2210.04186,60b05f32c32519a809f21642ef1eb3eaf3848008,reference
arXiv:2210.04186,aa8f1afa9b1f6c1116c7b2770f42098b1553c541,reference
arXiv:2210.04186,d7b7f16ec98591b535f7b03c5e7d3327a4b2cac8,reference
arXiv:2210.04186,f39eaefc294db4336ee100bd3efc47c2b15684d0,reference
arXiv:2210.04186,df2b0e26d0599ce3e70df8a9da02e51594e0e992,reference
arXiv:2210.04186,cfb4592221080deb127de94e8063fb403b13a298,reference
arXiv:2310.05189,98d158d4f4c20fc560e8451fd8122cb5ae1cc4fd,reference
arXiv:2310.05189,5c577988ccebfea96de86678d04fd94fad367d2e,reference
arXiv:2310.05189,288063323dddad9bea7eb1230a2048546435687e,reference
arXiv:2310.05189,5d49f576afe0135d69ff2da91a9839b7081e4f2a,reference
arXiv:2310.05189,d6d0fd994f37b630f35945736b5e1bb198148404,reference
arXiv:2310.05189,8336cd42193a90acfc828218613974200aaac418,reference
arXiv:2310.05189,dd1a17ca0406a1e02d85fa6c106060de8275607d,reference
arXiv:2310.05189,25bec9a4dd90ca682d5155d4977a51e2f6e28917,reference
arXiv:2310.05189,d908dbdecadb766b4e993e0cba02f18a1fba2788,reference
arXiv:2310.05189,484ed5ea8b8590a54d70dbf541ec50bf840e1c95,reference
arXiv:2310.05189,547250e539c712267ff0198e48e61adc68109906,reference
arXiv:2310.05189,e97bd54813da0c70c4d1c90bf026dac21c14d7f7,reference
arXiv:2310.05189,c8fa30492240c406ed773becc7544ce1d09d5ca5,reference
arXiv:2310.05189,38d64919ba526868a850a0e5f6239d4c474b7e7e,reference
arXiv:2310.05189,60730c7baeeabf4ff2fd824effc40bca465b1334,reference
arXiv:2310.05189,4780d0a027c5c5a8e01d7cf697f6296880ffc945,reference
arXiv:2310.05189,bd5deadc58ee45b5e004378ba1d54a96bc947b4a,reference
arXiv:2310.05189,fef6471c4a2a0e7abc4a2261a6cf916e34091d12,reference
arXiv:2310.05189,ed0ed87161a2beab9e1bed3e783d7487a5f1062a,reference
arXiv:2310.05189,bcdaf6c98ddbd6809cf6241aa77200d7394db163,reference
arXiv:2310.05189,5c0148e2ee4efc33731335fac26780a3fb79e16c,reference
arXiv:2310.05189,e03dc5bd72bea7d1db03de380d4c43b7e610fbee,reference
arXiv:2310.05189,3520882d33a9279e706e37b5e1d4878722b40fce,reference
arXiv:2310.05189,16d83e930a4dab2d49f5d276838ddce79df3f787,reference
arXiv:2310.05189,f6d60ef6317a9f6de13e03b38c5c9bb8e6717d49,reference
arXiv:2310.05189,f9a7175198a2c9f3ab0134a12a7e9e5369428e42,reference
arXiv:2310.05189,381ab7a640f5b46b62f7e08d1af4a8e0d3eadd55,reference
arXiv:2310.05189,5ee8bb4fc80a291b2e416a2a879e7153a783d7e9,reference
arXiv:2310.05189,7c1707db9aafd209aa93db3251e7ebd593d55876,reference
arXiv:2310.05189,57e849d0de13ed5f91d086936296721d4ff75a75,reference
arXiv:2310.05189,5848737f78397f72ceae2ba6f3419a6a8502b8ba,reference
arXiv:2310.05189,40c318400809abf5e50aba5a5a80c8012a7715d5,reference
arXiv:2310.05189,bf8491bef353df126e2306ad2fe4b898697b906a,reference
arXiv:2310.05189,35cdc00a4e2bc1f6c253a34a5e3a6f697050d1e9,reference
arXiv:2310.05189,e7a8e426709967154c00c0529e0e9fd9ffdd0e95,reference
arXiv:2310.05189,db4ab91d5675c37795e719e997a2827d3d83cd45,reference
arXiv:2310.05189,2fe1ac0b09cc0f50eb83eef6c7c6b45ac8b12413,reference
arXiv:2310.05189,83392602a2dc739dd85c5a3dc338febfd33c9b4e,reference
arXiv:2310.05189,f6e82e8fa03874817adc69f7d42a7b8d2022bb1a,reference
arXiv:2310.05189,3655815af0510b555c887a6b0b14e58b0f53897b,reference
arXiv:2310.05189,dac3a172b504f4e33c029655e9befb3386e5f63a,reference
arXiv:2310.05189,1d650f1afd45c59ff907396fe8b678595dcb85ea,reference
arXiv:2310.05189,bd1331b233e84bab7eba503abc60b31ac08e7881,reference
arXiv:2310.05189,79ec50cd1320697819fd44c4ac6570c48a312349,reference
arXiv:2310.05189,e940e035579a20d84e52d2b56505d4827d3d4eff,reference
arXiv:2310.05189,996445d847f06e99b0bd259345408a0cf1bce87e,reference
arXiv:2310.05189,3def68bd0f856886d34272840a7f81588f2bc082,reference
arXiv:2310.05189,a6d3aa3164688fa113f9333382a1335520c64368,reference
arXiv:2310.05189,9286ac6e9b1aacd7d93496eb4615ae7678876d2a,reference
arXiv:2310.05189,77d956cdab4508d569ae5741549b78e715fd0749,reference
arXiv:2310.05189,469ecdbfd2603558ca6caf9d3521824cec7d0b09,reference
arXiv:2310.05189,3f2690d8d55ec7562e5779f5ee30aea8355f7473,reference
arXiv:2310.05189,016280bde184897e47f23afcf00d35c25b594a0b,reference
arXiv:2310.05189,889feabe31ba0d24c093ac94d54a06eecb87e3f4,reference
arXiv:2310.05189,240b0caabb415578bdea4da7d0a32bdff2e8163f,reference
arXiv:2310.05189,b798969c3e78215a87e8f3da510232b40893bd9c,reference
arXiv:2310.05189,7c72039c8597efab591aef878f6e3d0a96fdbd50,reference
arXiv:2310.05189,c845494445f3bfa01d8245a4759b144e27aa3788,reference
arXiv:2310.05189,90abbc2cf38462b954ae1b772fac9532e2ccd8b0,reference
arXiv:2310.05189,89d1abc058beb59d0635538483be69b988835e50,reference
arXiv:2310.05189,97ac037b7589d9d0f2cb5109aa2b095ad06067fd,reference
arXiv:2310.05189,832fff14d2ed50eb7969c4c4b976c35776548f56,reference
arXiv:2310.05189,9044cfe7bf30b2fe5a39f23ecfbea9da65178782,reference
arXiv:2310.05189,03fff40cff6ac531e340f6ffb376e34609770846,reference
arXiv:2310.05189,91b5d03050e416df04872361d8d9f35ad7091246,reference
arXiv:2310.05189,635cb6fb865e86c108c5d1d895aeac0e759eb199,reference
arXiv:2310.05189,d2c9ecd067e6503c8abb0aaf64679befd3e86e24,reference
arXiv:2310.05189,9882d0a8af0eb6ea0971c6112b3ca5e33db61ad2,reference
arXiv:2310.05189,d9f6ada77448664b71128bb19df15765336974a6,reference
arXiv:2310.05189,295065d942abca0711300b2b4c39829551060578,reference
arXiv:2310.05189,0951dc5a3129403da4a6fd287c0fa48a13eec215,reference
arXiv:2310.05189,cbaac1f5f0a60ec82f74de189f42c47344d8812c,reference
arXiv:2310.05189,451d4a16e425ecbf38c4b1cca0dcf5d9bec8255c,reference
arXiv:2310.05189,f30ec0882223008d898136f31774ac08c2950b92,reference
arXiv:2310.05189,ca5f37985ca7fc4f374aa2b2ccd037fb5cb40396,reference
arXiv:2310.05189,bbfed74eed1796b4534bcce6811b2c7c0b74024a,reference
arXiv:2310.05189,559e0d074fe517d71acb593961824fa0717e73e8,reference
arXiv:2310.05189,9405cc0d6169988371b2755e573cc28650d14dfe,reference
arXiv:2310.05189,cd18800a0fe0b668a1cc19f2ec95b5003d0a5035,reference
arXiv:2310.05189,ebcfd665435ddbfec97073050eb4a01272c6f78b,reference
arXiv:2310.05189,6d12a1d23b21a9b170118a56386552bc5d4727de,reference
arXiv:2310.05189,0d5b9e6cb44714d5ac3348112b010429dfb3b525,reference
arXiv:2310.05189,014f92979c64fc67cc71544bc43d1903a3e359dc,reference
arXiv:2306.12174,a53b672df3452cf306642daec564a5ee78b3cb53,reference
arXiv:2306.12174,f22d71c7ce9720ba1f717a4f1181488200e78198,reference
arXiv:2306.12174,04ee9597be4d6d2457214334e495e591000b5542,reference
arXiv:2306.12174,90e41626b8c78600da70c4350c67c3a10525cb37,reference
arXiv:2306.12174,302ee27524a717ddc21f332ca634b9211c6ec6aa,reference
arXiv:2306.12174,2587cb7b1c02fde76e3c23c13f1bd40d6a199c57,reference
arXiv:2306.12174,bce55193d9a887ad00774a9134df08cd521a85ae,reference
arXiv:2306.12174,72b74bcff8fd76eff6789111a7ce5d0d6c5ac4db,reference
arXiv:2306.12174,348a1efa54376fa39053e5e25d52bd0eb6a0ba68,reference
arXiv:2306.12174,163b4d6a79a5b19af88b8585456363340d9efd04,reference
arXiv:2306.12174,785650a805851c7e945523e495c5a523c60f72a4,reference
arXiv:2306.12174,5814bd146b37e13115af4330caf3a751159a156f,reference
arXiv:2306.12174,20fb06a4aa4010470d388098618af5d1bea224ad,reference
arXiv:2306.12174,57e849d0de13ed5f91d086936296721d4ff75a75,reference
arXiv:2306.12174,170667a96f04adf3b3b83526f75fe8d1063e0f7a,reference
arXiv:2306.12174,1d26c947406173145a4665dd7ab255e03494ea28,reference
arXiv:2306.12174,44279244407a64431810f982be6d0c7da4429dd7,reference
arXiv:2306.12174,5e52f3b7fd14f151b26309e9f06239ddcd99b39a,reference
arXiv:2306.12174,fc0b46a0f3720e6c29c1a913aaa3de4a0699f713,reference
arXiv:2306.12174,52e47212cf498953d428225386a0c1a695ae5c4a,reference
arXiv:2306.12174,61c0b6a5e7aea48a1376b61a4a737137d602b242,reference
arXiv:2306.12174,c9dff8253b2e776abf363d0a4836abcaf64ee327,reference
arXiv:2306.12174,9405cc0d6169988371b2755e573cc28650d14dfe,reference
arXiv:2402.09977,f6b65866d6dc851ada1964728b647a3d4da34b03,reference
arXiv:2402.09977,fd33e77884e69f6bc099990fc2790248af2749d9,reference
arXiv:2402.09977,14b65a86c82e38fce0eb3506e0d4084ad5cdb583,reference
arXiv:2402.09977,90abbc2cf38462b954ae1b772fac9532e2ccd8b0,reference
arXiv:2402.09977,e28a5d2dc2847f8bc5a40ee062a8fe101aefa28b,reference
arXiv:2402.09977,2573af4e13d9a5dddb257d22cd38a600528d9a8b,reference
arXiv:2402.09977,38e10ef3abd10721ca21bae75f356da6bb9a1c01,reference
arXiv:2402.09977,c6c734e16f66fbfcefac7625cc64599e83292c1e,reference
arXiv:2402.09977,a54b56af24bb4873ed0163b77df63b92bd018ddc,reference
arXiv:2402.09977,0cbf97173391b0430140117027edcaf1a37968c7,reference
arXiv:2402.09977,745e4b36a1759177871288cae51fbae0b873b5e5,reference
arXiv:2402.09977,077f8329a7b6fa3b7c877a57b81eb6c18b5f87de,reference
arXiv:2402.09977,b03c7ff961822183bab66b2e594415e585d3fd09,reference
arXiv:2402.09977,b5246fa284f86b544a7c31f050b3bd0defd053fd,reference
arXiv:2402.09977,f6a4bf043af1a9ec7f104a7b7ab56806b241ceda,reference
arXiv:2402.09977,3b4d671a8c7018c0b42673ba581e5ff3ae762d6c,reference
arXiv:2402.09977,204e3073870fae3d05bcbc2f6a8e263d9b72e776,reference
arXiv:2402.09977,1518039b5001f1836565215eb047526b3ac7f462,reference
arXiv:2402.09977,0c908739fbff75f03469d13d4a1a07de3414ee19,reference
arXiv:2402.09977,b7cf49e30355633af2db19f35189410c8515e91f,reference
arXiv:2402.09977,14347af6ab135fae319dcbff9fe573fbe757d99f,reference
arXiv:2402.09977,ed6262b569c0a62c51d941228c54f34e563af022,reference
arXiv:2402.09977,10f97f1fb4f5c2c8e6c44d4a33da46d331dd4aeb,reference
arXiv:2402.09977,df2b0e26d0599ce3e70df8a9da02e51594e0e992,reference
arXiv:2310.00905,31ac7cb4be50bd1fa524f585b64ae07b73a8cfeb,reference
arXiv:2310.00905,0e0e706e13f160e74cac9556f28ab9a358c148d2,reference
arXiv:2310.00905,84b7c486c56bd3880cb8eb01de9ae90ba3ebdaed,reference
arXiv:2310.00905,ebbffe5db352a10fde868843b8d5787b87843f09,reference
arXiv:2310.00905,104b0bb1da562d53cbda87aec79ef6a2827d191a,reference
arXiv:2310.00905,92930ed3560ea6c86d53cf52158bc793b089054d,reference
arXiv:2310.00905,744a98cc2736fa71d3984602e10b68319a47c65e,reference
arXiv:2310.00905,03055978e278960de9fbb5c648b1779ef9f26cd1,reference
arXiv:2310.00905,c47f0a5feb18b036004b5404ef78ac94a65fa489,reference
arXiv:2310.00905,59fc49dfd81b92661437eaf7e339c0792ccd8755,reference
arXiv:2310.00905,dfbfa21a93c3164ae8a033398c8de42b03b1b84d,reference
arXiv:2310.00905,62ad7ea9467bbcdbfe325b9ee561cab3908e4583,reference
arXiv:2310.00905,8dbd57469bb32e6d57f23f5e765bf1c9ac8e080c,reference
arXiv:2310.00905,57e849d0de13ed5f91d086936296721d4ff75a75,reference
arXiv:2310.00905,bf8491bef353df126e2306ad2fe4b898697b906a,reference
arXiv:2310.00905,b36acdfc67612d707c95d1ed282672d3ca262be7,reference
arXiv:2310.00905,964bd39b546f0f6625ff3b9ef1083f797807ef2e,reference
arXiv:2310.00905,2b6291eb76e2ff885238e94704bb795046d7d530,reference
arXiv:2310.00905,c8d594f09413b1555970f43e68847c211235d60f,reference
arXiv:2310.00905,62f0db3a5ad5c795ec18fc7a6e7b01836809df57,reference
arXiv:2310.00905,17bcb1edbe068e8fe6a97da552c70a77a15bbce7,reference
arXiv:2310.00905,0286b2736a114198b25fb5553c671c33aed5d477,reference
arXiv:2310.00905,382ba0c4452aab6ecdaf8a62d567bb3c4684e4f0,reference
arXiv:2310.00905,d766bffc357127e0dc86dd69561d5aeb520d6f4c,reference
arXiv:2310.00905,a361b203fb2485bfbc092d65625e25a1df22c4c1,reference
arXiv:2310.00905,5d49c7401c5f2337c4cc88d243ae39ed659afe64,reference
arXiv:2310.00905,fd1b829261ba04bb92e0ab60c4f6e7cea0d99fbf,reference
arXiv:2310.00905,d64e57b9780f30f5b49bf620fdfb8584651b7f85,reference
arXiv:2310.00905,ce3b364b7e6358940ce97d8d5887a65e5024ca21,reference
arXiv:2310.00905,4fa24cc5b17e8ff1eb5a01fd37a9d267a57ac563,reference
arXiv:2310.00905,90abbc2cf38462b954ae1b772fac9532e2ccd8b0,reference
arXiv:2310.00905,5bbb6f9a8204eb13070b6f033e61c84ef8ee68dd,reference
arXiv:2310.00905,88789ee88311acef28475ad33dbcd6b3c4be8358,reference
arXiv:2310.00905,bc949bfb1fb1c52439c09ccbd47d5bf7b96ed1ec,reference
arXiv:2310.00905,384e058c262e7f29b50cc4feeb0bd731f6e5377e,reference
arXiv:2310.00905,f7e41afdd7b54af3ddb2bff8005efbce4de87d38,reference
arXiv:2307.12114,020e473d8c987dcfb03fcfffeb87b17812447031,reference
arXiv:2307.12114,1ad9a295ea841599383e5ae3e88381438d4a7db3,reference
arXiv:2307.12114,f4c4e148546089123f8da5db4fb246ab4062bd40,reference
arXiv:2307.12114,98b40eb3ce79c24d9726556947e2e2094737fe46,reference
arXiv:2307.12114,57e849d0de13ed5f91d086936296721d4ff75a75,reference
arXiv:2307.12114,c082bee888bcd4f073483da159c2395f200a4df7,reference
arXiv:2307.12114,bf8491bef353df126e2306ad2fe4b898697b906a,reference
arXiv:2307.12114,6052486bc9144dc1730c12bf35323af3792a1fd0,reference
arXiv:2307.12114,cdbd4f9b6ab2e2fd1ddf5400d5ed2c18960635d1,reference
arXiv:2307.12114,50b0c6ee2b3d53ba5af69d6c00b5d60888a9026f,reference
arXiv:2307.12114,13a0d8bb38f739990c8cd65a44061c6534f17221,reference
arXiv:2307.12114,06d7cb8c8816360feb33c3367073e0ef66d7d0b0,reference
arXiv:2307.12114,e37018d3cfab9cfc29a7b78404e6c86ea18a907e,reference
arXiv:2307.12114,094ff971d6a8b8ff870946c9b3ce5aa173617bfb,reference
arXiv:2307.12114,8342b592fe238f3d230e4959b06fd10153c45db1,reference
arXiv:2307.12114,d766bffc357127e0dc86dd69561d5aeb520d6f4c,reference
arXiv:2307.12114,7cbc2a7843411a1768ab762930707af0a3c33a19,reference
arXiv:2307.12114,17dd3555fd1ccf1141cf984347fa1b3fd6b009ca,reference
arXiv:2307.12114,3ac5aa6ac59253611ef3cb72a95cbe21ef5dda1b,reference
arXiv:2307.12114,ff0b2681d7b05e16c46dfb71d980cc2f605907cd,reference
arXiv:2307.12114,cbdb45fc16b0885905b91d84281c310e6cb49e9c,reference
arXiv:2307.12114,db1afe3b3cd4cd90e41fbba65d3075dd5aebb61e,reference
arXiv:2307.12114,ecb2b0859bab2761be397804516b8de3983366e8,reference
arXiv:2307.12114,5aa2474efae299af6550a23bb71793ab0d1ac97b,reference
arXiv:2307.12114,fc97c3f375c7228a1df7caa5c0ce5d2a6a171bd7,reference
arXiv:2307.12114,a2f38d03fd363e920494ad65a5f0ad8bd18cd60b,reference
arXiv:2307.12114,52347be1d7fc47815e624cd896b8942beb62c774,reference
arXiv:2307.12114,8ae9a17c87a4518b513e860683a0ef7824be994d,reference
arXiv:2307.12114,a75649771901a4881b44c0ceafa469fcc6e6f968,reference
arXiv:2307.12114,6c4b76232bb72897685d19b3d264c6ee3005bc2b,reference
arXiv:2307.12114,93d63ec754f29fa22572615320afe0521f7ec66d,reference
arXiv:2307.12114,92343cecdc990380de362b969eec60081959f507,reference
arXiv:2307.12114,295065d942abca0711300b2b4c39829551060578,reference
arXiv:2307.12114,cf8c493079702ec420ab4fc9c0fabb56b2a16c84,reference
arXiv:2307.12114,932a5de79d8a8ebb75ea0c43493450fd9922e738,reference
arXiv:2307.12114,61322ec6cfc54fe9723d4637239b8fb9938dc501,reference
arXiv:2307.12114,7787d3c03ab96337d21f8c9afc223fdcd2489a2f,reference
arXiv:2307.12114,c4dd9a19d822c965ce8cde55ab23b8a0b628278a,reference
arXiv:2307.12114,cfb4edb7541fafcf593b466320c63ae32d27f57e,reference
arXiv:2307.12114,696753d59185436ec95ecf3021c413f353be4874,reference
arXiv:2307.12114,60b05f32c32519a809f21642ef1eb3eaf3848008,reference
arXiv:2307.12114,d7da009f457917aa381619facfa5ffae9329a6e9,reference
arXiv:2307.12114,a54b2009fd01fc4d5fed4a44ad1244d60daefaad,reference
arXiv:2307.12114,fe0825f9ddb1cccb545f4249da55b6b55e577bbd,reference
arXiv:2307.12114,0cb1f68586f1d0e1f4a970b902b33f4cd5a6c7cd,reference
arXiv:2307.12114,9d6a18dc2da88f6eecbafe28123a5e96c3163239,reference
arXiv:2307.12114,df2b0e26d0599ce3e70df8a9da02e51594e0e992,reference
arXiv:2307.12114,112bfff1d511112d56aeb0af6f370b5e4af59faf,reference
arXiv:2307.12114,be696e04a07152f6d654e33d1cd4e6eeaf5a06b1,reference
arXiv:2305.14257,e41482f4ee984f17382f6cdd900df094d928be06,reference
arXiv:2305.14257,e03dc5bd72bea7d1db03de380d4c43b7e610fbee,reference
arXiv:2305.14257,2ebd5df74980a37370b0bcdf16deff958289c041,reference
arXiv:2305.14257,99832586d55f540f603637e458a292406a0ed75d,reference
arXiv:2305.14257,c03fa01fbb9c77fe3d10609ba5f1dee33a723867,reference
arXiv:2305.14257,91deaf9d324c8feafc189da0da03e60a60287bca,reference
arXiv:2305.14257,f3cf71c51b882fe3111d71c4bf104297d38197f8,reference
arXiv:2305.14257,23525374cfd3af714f3ffb7a203b1ef3253333fe,reference
arXiv:2305.14257,094ff971d6a8b8ff870946c9b3ce5aa173617bfb,reference
arXiv:2305.14257,cb5e3f085caefd1f3d5e08637ab55d39e61234fc,reference
arXiv:2305.14257,2ff3b65e893afde3d98d0870129b1c7999fc1a43,reference
arXiv:2305.14257,1b6e810ce0afd0dd093f789d2b2742d047e316d5,reference
arXiv:2305.14257,5548d8a116dff78827d658ef0bbf3fa0dcaec8f1,reference
arXiv:2305.14257,acbdbf49f9bc3f151b93d9ca9a06009f4f6eb269,reference
arXiv:2305.14257,f4cf4246f3882aa6337e9c05d5675a3b8463a32e,reference
arXiv:2305.14257,298a55ddc9777e39c5bad92a750827e1cae98ac1,reference
arXiv:2305.14257,bfc9fabedf93723dfc6bc07a8bc28819ccffe080,reference
arXiv:2305.14257,21d65cde77baa56fbc4e9c1b377cb2237950699f,reference
arXiv:2305.14257,d9212b207e49a3aa6806fb2ddadb303b7b1d47a8,reference
arXiv:2305.14257,51197d4c0a0afe05ee6ead4e74ceb6b772d9a050,reference
arXiv:2305.14257,46dd24726a6b36bcaf8343be0d5d86b977153b9d,reference
arXiv:2402.11651,92fd80a619d6f9454b69882e81a710f857fd9cdf,reference
arXiv:2402.11651,3ae65bb64fcf6a7d114f5df8888c9cede8d6b57f,reference
arXiv:2402.11651,f5b077e01f6e3d91f58cb4ed7158fa61eec5a1f8,reference
arXiv:2402.11651,46fe9ce789408b8a50fb4259e6bf0cc5855f4ed5,reference
arXiv:2402.11651,17a6116e5bbd8b87082cbb2e795885567300c483,reference
arXiv:2402.11651,67daf8c4fe1958d20ebdf95c2a36dd490c73836f,reference
arXiv:2402.11651,0a893657e00fe8ecfadcc65c63bf293e70cb1564,reference
arXiv:2402.11651,5e4597eb21a393b23e473cf66cb5ae8b27cab03e,reference
arXiv:2402.11651,104b0bb1da562d53cbda87aec79ef6a2827d191a,reference
arXiv:2402.11651,a0a79dad89857a96f8f71b14238e5237cbfc4787,reference
arXiv:2402.11651,3aaf6a2cbad5850ad81ab5c163599cb3d523436f,reference
arXiv:2402.11651,0671fd553dd670a4e820553a974bc48040ba0819,reference
arXiv:2402.11651,163b4d6a79a5b19af88b8585456363340d9efd04,reference
arXiv:2402.11651,99832586d55f540f603637e458a292406a0ed75d,reference
arXiv:2402.11651,d6045d2ccc9c09ca1671348de86d07da6bc28eea,reference
arXiv:2402.11651,13c4e5a6122f3fa2663f63e49537091da6532f35,reference
arXiv:2402.11651,346081161bdc8f18e2a4c4af7f51d35452b5cb01,reference
arXiv:2402.11651,f13e41d24e5d0a68ca662c1b49de398a6fb68251,reference
arXiv:2402.11651,90abbc2cf38462b954ae1b772fac9532e2ccd8b0,reference
arXiv:2402.11651,270f3bea8ca801870a6cc56b4d36f7f2019c9ed0,reference
arXiv:2402.11651,b26f2037f769d5ffc5f7bdcec2de8da28ec14bee,reference
arXiv:2402.11651,70fe1f854bc59092ded4bf2939a6624a80e5e4c3,reference
arXiv:2402.11651,22655979df781d222eaf812b0d325fa9adf11594,reference
arXiv:2402.11651,3d1b34384499f77bf317b01594c8c60af212582b,reference
arXiv:2402.11651,4c6fe6179c408e1fbb3871af13d1a8e64f766e54,reference
arXiv:2402.11651,2bdbb07bc12b8d8c332b7a84aa05e76218c07cd9,reference
arXiv:2402.11651,a798bca71c8833e49ad9bac22da4b5c3503f1e6a,reference
arXiv:2402.11651,89d025804988944d6fa4e95f49bff011b33d1418,reference
arXiv:2402.11651,1a4c6856292b8c64d19a812a77f0aa6fd47cb96c,reference
arXiv:2402.11651,7dd3b54233a71c532a15adc6faa7284af7c02f15,reference
arXiv:2402.11651,0653e100190eee98aea882f8975f589e91aad62a,reference
arXiv:2402.11651,13167f9cd8c7906ca808b01d28dca6dd951da8a5,reference
arXiv:2205.11601,e58d2ea9b382265717fcb6c5459ed000fd58fdc9,reference
arXiv:2205.11601,cbf98ebe967e0f3f3236e7932f37013b98244e94,reference
arXiv:2205.11601,17dd3555fd1ccf1141cf984347fa1b3fd6b009ca,reference
arXiv:2205.11601,d64e57b9780f30f5b49bf620fdfb8584651b7f85,reference
arXiv:2205.11601,4f76d26369ee573cb03db4b9f6e4ab5d61806095,reference
arXiv:2205.11601,cf91b172ee19697214c6130f7b106be227eaf933,reference
arXiv:2205.11601,ce3b364b7e6358940ce97d8d5887a65e5024ca21,reference
arXiv:2205.11601,399e7d8129c60818ee208f236c8dda17e876d21f,reference
arXiv:2205.11601,d47a682723f710395454687319bb55635e653105,reference
arXiv:2205.11601,90abbc2cf38462b954ae1b772fac9532e2ccd8b0,reference
arXiv:2205.11601,ad5970584754cc7a1d91c95ab84a1e210258183a,reference
arXiv:2205.11601,3cc2f69951cd24fe61be4cf32d62afbac297bc2b,reference
arXiv:2205.11601,6c4b76232bb72897685d19b3d264c6ee3005bc2b,reference
arXiv:2205.11601,5019dbe8d1da5f128f4f373d6849095cf18fd519,reference
arXiv:2205.11601,d79ac7a7bafdc9a782fb8c53285ca11c7f2e3f18,reference
arXiv:2205.11601,5d4af8c9321168f9ba7a501f33fb019fa2deaa22,reference
arXiv:2205.11601,9df13529b64a85cc28f8befc4ea097fa9aaa9251,reference
arXiv:2205.11601,683aace409a3b907ebc3d2328a5d8f2292dc8514,reference
arXiv:2205.11601,bcdc102c04fb0e7d4652e8bcc7edd2983bb9576d,reference
arXiv:2205.11601,10b005f48cf23cb66a82d016300f6960e4f035c6,reference
arXiv:2205.11601,4a57fb370b83ac3d1a886a3fae479e45e5fe156d,reference
arXiv:2205.11601,bdd8530d72f51661f24247c9b5cd936ddb8e5c59,reference
arXiv:2205.11601,3e65f572322e192fe36ae52a8a7f025b0685dfc6,reference
arXiv:2205.11601,cd18800a0fe0b668a1cc19f2ec95b5003d0a5035,reference
arXiv:2305.14982,859d9e9c77ef556fc6257c2a395e9edfcac3b775,reference
arXiv:2305.14982,c60116a51bf66bc363d11b797d97eba84b13cfd7,reference
arXiv:2305.14982,7782055e33ee248ef47b1415624c2efb7a7e8410,reference
arXiv:2305.14982,4466d5badea508744716e64fb8e807e0ae4fdcc8,reference
arXiv:2305.14982,dfbfa21a93c3164ae8a033398c8de42b03b1b84d,reference
arXiv:2305.14982,62ad7ea9467bbcdbfe325b9ee561cab3908e4583,reference
arXiv:2305.14982,8dbd57469bb32e6d57f23f5e765bf1c9ac8e080c,reference
arXiv:2305.14982,777317e5af8742b30408e98778fa067750e69f78,reference
arXiv:2305.14982,ae3d869719c15099889c02c03b922516b3b60aa0,reference
arXiv:2305.14982,bf8491bef353df126e2306ad2fe4b898697b906a,reference
arXiv:2305.14982,c2f91f35df893714418cc29096083dce0b441229,reference
arXiv:2305.14982,ccf90a4f1b63e14e2012ca349d1293b85f76c0f9,reference
arXiv:2305.14982,a02fbaf22237a1aedacb1320b6007cd70c1fe6ec,reference
arXiv:2305.14982,097dc73d5d422b3c09286e72d16b2561ae5fb395,reference
arXiv:2305.14982,964bd39b546f0f6625ff3b9ef1083f797807ef2e,reference
arXiv:2305.14982,ef15bdd870e9a9107c1fa2c542272da50829de83,reference
arXiv:2305.14982,bd1331b233e84bab7eba503abc60b31ac08e7881,reference
arXiv:2305.14982,9b05510b49eccb95e4979bb60da4290a7c2b4d3c,reference
arXiv:2305.14982,13a0d8bb38f739990c8cd65a44061c6534f17221,reference
arXiv:2305.14982,d766bffc357127e0dc86dd69561d5aeb520d6f4c,reference
arXiv:2305.14982,3d0ad0a815c2341ec0f0113ffdb5f2699e6c4349,reference
arXiv:2305.14982,9b1f4492a663c7f56f2b43ae1ed167d3857aacca,reference
arXiv:2305.14982,a6d3aa3164688fa113f9333382a1335520c64368,reference
arXiv:2305.14982,416dab850fda842b13a4f28164514d98f836fff7,reference
arXiv:2305.14982,ed7391f944d413d8d2e67d8d03bc1d4f8e83a327,reference
arXiv:2305.14982,a13fc0e6b5a3bbc04b870dd9412d372759823c27,reference
arXiv:2305.14982,6e2a57b46a96694e6dfd3c65796c877dd0094f3d,reference
arXiv:2305.14982,81dc39d9b2952c17110a665347bfac4803b69889,reference
arXiv:2305.14982,d8e81e80490113434f7ac338c5f8d5a23f05a3de,reference
arXiv:2305.14982,a458ea049f87db9d2c856f3554f1819a27d4e676,reference
arXiv:2305.14982,38d243b9f6e2c786699dbc83513fb190372cde07,reference
arXiv:2305.14982,ddf9a64f822244e8fa42e88142a28d8fa8e9ec0a,reference
arXiv:2305.14982,1e4cda8be54999ced1324777fa462a85e2c9746c,reference
arXiv:2305.14982,895b531b576625fb32c8102e16dda98f74ad3997,reference
arXiv:2305.14982,460986c12b9fdedc3bf9a710c429c5a84608055a,reference
arXiv:2305.14982,49a049dc85e2380dde80501a984878341dd8efdf,reference
arXiv:2305.14982,7b61cb931045692cbc764af93b40bb586fc507d6,reference
arXiv:2305.14982,6c125ddf8fdf6e26a74ee77359d947c9449a259a,reference
arXiv:2305.14982,90abbc2cf38462b954ae1b772fac9532e2ccd8b0,reference
arXiv:2305.14982,212ec41713401544b946b604b009162c2a1d2df3,reference
arXiv:2305.14982,ce55b13f1006a1f1076e5f6ca0bb99e59dcfc631,reference
arXiv:2305.14982,3f6570fd55dc5855f93a56150e6d99c7944a1c1e,reference
arXiv:2305.14982,1898d36d4fb8b2cd388305c67ff1952fa53b8ff0,reference
arXiv:2305.14982,1717d77a222db35e67092691f7a7a67cbc1f58d1,reference
arXiv:2305.14982,4450493ecb806cb889b341ae8e430886f2549a61,reference
arXiv:2305.14982,acc88786e83acc3a7fc0280bbe592706a8034c8f,reference
arXiv:2305.14982,1d8d75c51c6f3208af8f2308e9621473c8e518a6,reference
arXiv:2305.14982,297ad41c0e7264e67ae078921e2a57436293ce72,reference
arXiv:2305.14982,83a820fe19944a7621238b8cfcc0b8a0cbc0f4b6,reference
arXiv:2305.14982,c96e96e30e61690cf913729379af3f568ace2d4e,reference
arXiv:2305.14982,47d802fbd4e158a7e96425d6c124761e61701861,reference
arXiv:2305.14982,6fec3e579c7cd4f13bdabbee2b6ac2e8ff5941c6,reference
arXiv:2305.14982,fd6bc84144c2d77068bf3f077cb509d539f5f8e2,reference
arXiv:2305.14982,faa5f1130ff9d05a8ae5b9ba79d675bd4d917c5d,reference
arXiv:2305.14982,84913d6f08942ddf8dd51418820537abfaa5ae19,reference
arXiv:2305.14982,eaf0ced3774a2e82a41e7102beb0f4bc00d4ea7e,reference
arXiv:2305.14982,8323c591e119eb09b28b29fd6c7bc76bd889df7a,reference
arXiv:2305.14982,f58b6338b43ae475209014c9b777f9b663ca9809,reference
arXiv:2305.14982,93d63ec754f29fa22572615320afe0521f7ec66d,reference
arXiv:2305.14982,077f8329a7b6fa3b7c877a57b81eb6c18b5f87de,reference
arXiv:2305.14982,8963317176fa81e185fd7a8f8cd001d7e11a4868,reference
arXiv:2305.14982,cb26ef503ee9d525771736a7f9136d3a4649d9ef,reference
arXiv:2305.14982,266aa67db44336f6b6cfec6f7b5c340cded7154d,reference
arXiv:2305.14982,2a73d128a9595d731f9ffcc978c769164bc795cd,reference
arXiv:2305.14982,134b65656d5e061c8c98332227503c407592aed6,reference
arXiv:2305.14982,1c3112ef8a346b9817382ed34a8c146c53d5bcf5,reference
arXiv:2305.14982,8415274c8fb370cbab84ad82ab2f469786ddee72,reference
arXiv:2305.14982,32677c508f6482e1947c2c1a23b001ff595d254c,reference
arXiv:2305.14982,e33ed93ec5720ccde237d74c1de65f2680d73366,reference
arXiv:2305.14982,66c8ab0b3b7698cf5333c3f7350a6eaa5302294b,reference
arXiv:2305.14982,ad23a0651b0eeb87bb2bb856bea26c6b0c2f15af,reference
arXiv:2305.14982,1be90ac9c1860999e6f6484aecdba5bf33e631ed,reference
arXiv:2305.14982,0975014b619c1d8ba12c461f384e732d6ec93249,reference
arXiv:2305.14982,2b91a2cbcd9cce902cbc8da78fec5f18f4bffc98,reference
arXiv:2305.14982,c3823593b01e5fa605a248fb1ee566c438a39a40,reference
arXiv:2305.14982,7de6f86076f2c6da70d09e1d3f3d1834552fdd9c,reference
arXiv:2305.14982,fc41fe02b7a66f6243e58e038614afb1475f1718,reference
arXiv:2305.14982,f94f20ee56489dff949d368e0a17d02dee7bad83,reference
arXiv:2305.14982,c4a60c4f23050325ea8f8b60dee81014b6c77030,reference
arXiv:2305.14982,35f3300a7e6ecfc425dfeb05a50751ce03839d6e,reference
arXiv:2305.14982,a23fa96e7217ba0e9405d9e1fe3cdedd57b6e096,reference
arXiv:2305.14982,b60375cba8f2458205ce2bbe9a8cc91d0b033ac2,reference
arXiv:2305.14982,204e3073870fae3d05bcbc2f6a8e263d9b72e776,reference
arXiv:2305.14982,6661802f5e1ee004c20a28dcce9b582d4b5fe6d7,reference
arXiv:2305.14982,57133ef4c4de4d54a57686b8a914b06e4ff4aab5,reference
arXiv:2305.14982,8dd6a2c9c88c9b3465484228c93f4dcc11cfeab9,reference
arXiv:2305.14982,4ff46d1291fa06b9d5dde4c7347c90648813e028,reference
arXiv:2305.14982,a1aaa7c75464e7ebe41cfe5c5258241ca34c6414,reference
arXiv:2305.14982,2994de2396bd15814d8c0fc2912616961d6ba3f6,reference
arXiv:2305.14982,fb4dc213d0f3c5c39bdd4db62fb1aa227934fd64,reference
arXiv:2305.14982,f04df4e20a18358ea2f689b4c129781628ef7fc1,reference
arXiv:2305.14982,def6e0a5d89de032ef0a3394846e1bb76c12164f,reference
arXiv:2305.14982,a38b62ec32bfdba887dfd008384cd95def6f75d8,reference
arXiv:2305.14982,109e5bf2be3108e0b1ce90e5d677656e65fac3f4,reference
arXiv:2305.14982,ebdcfcd11c8da6e20e4486b65bed5d23f931dc63,reference
arXiv:2305.14982,984e762b35a564daecfba84ed52d91f9aa289f7f,reference
arXiv:2305.14982,1deed1a4a03e07aee3b8b8e4716f35033c715a57,reference
arXiv:2305.14982,6b20af22b0734757d9ead382b201a65f9dd637cc,reference
arXiv:2305.14982,afd7d510282f86dd8e7ed8ca8f9225436283b909,reference
arXiv:2305.14982,2a75cf81f1cafbcdc99d15467bdd4b8fca9a6902,reference
arXiv:2305.14982,912d0e6c98dc5f0779e7649ccdaf65c11b951c3f,reference
arXiv:2305.14982,94c4cef497e3f7ff2b7a1e8a677bcec3f8e9ea0a,reference
arXiv:2305.14982,e1cc616cba2b51bbbfa0bc9d0d88f9482649b798,reference
arXiv:2305.14982,98ccb4cb22684ca25c8cf483c18ed5553b2a61c1,reference
arXiv:2305.14982,7a10b20961c847e2fd40ca845849476910067c67,reference
arXiv:2305.14982,f277bb4afc0ab2376df8e6f307d448cf4f94d8b3,reference
arXiv:2305.14982,069cff8081de01bd9210b00677b77f9d0b2c869c,reference
arXiv:2305.14982,0c069221f8f7678eb2db505eddba453a993b0ab1,reference
arXiv:2305.14982,cec0e64398bd9d6e682953d17a90c4d36dd66d79,reference
arXiv:2305.14982,3a8714068b807951cfbab82eb79a4e6113ee9b45,reference
arXiv:2305.14982,aa7c5d2ff7ac71cca78987fd1bb1d963cd53c407,reference
arXiv:2305.14982,0a973b7044f469af517d4bdd986f9d9397e9ad3e,reference
arXiv:2305.14982,ccac3e4b2781a06e087c2c019afa333f9ac8acdd,reference
arXiv:2305.14982,e32a1a6867a0396a6edb0114d73ed4815c14b702,reference
arXiv:2305.14982,df2b0e26d0599ce3e70df8a9da02e51594e0e992,reference
arXiv:2305.14982,9405cc0d6169988371b2755e573cc28650d14dfe,reference
arXiv:2305.14982,ba74ca75aefa2b7bf8f0ed60ff0ebbe29f8854aa,reference
arXiv:2305.14982,d32d3bb226f1738f72c415c6b03b5ad66ff604a4,reference
arXiv:2305.14982,92c3205df086ae5588261bb0663f0179cbb5c47e,reference
arXiv:2305.14982,cd18800a0fe0b668a1cc19f2ec95b5003d0a5035,reference
arXiv:2305.14982,2db6b8e36bb5a3594b2200b2d4f931268d6279db,reference
arXiv:2305.14982,a321ceadc1dd50c9ef5476820374cd2a2f5f8aef,reference
arXiv:2305.14982,d0d2a2f3b4f60ac9fc938bb6266b7a817c99edeb,reference
arXiv:2305.14982,e9d59dd33698adcdafabeb0f9ea873b2ed36f20b,reference
arXiv:2305.14982,dbb5d460fcd3a65d9024b481ec886bb34a8d7e51,reference
arXiv:2305.14982,6ec7287bf714a93a8d5c8d6e137884171e110178,reference
arXiv:2305.14982,adfffadbac235d89bed96aeecb6911c9b2cf6267,reference
arXiv:2305.14982,0bfee412a7d9c4b8107623341695be7e62442d87,reference
arXiv:2305.14982,ee4647bf7b0f82a7c0b985e42dc60f34c8340612,reference
arXiv:2305.14982,3aade50704602b6bc2659768ff74bcfb5a0244c3,reference
arXiv:2305.14982,0541579506575301ba7457d5a7f16b45e08a300c,reference
arXiv:2305.14982,8c405ff9057d13beb9cf30dab608b60f0db0e803,reference
arXiv:2305.14982,50aa2fb1a359d2ad618ccbdee943d6f90742a2b5,reference
arXiv:2305.14982,13167f9cd8c7906ca808b01d28dca6dd951da8a5,reference
arXiv:2311.04124,d7e92d03dfa5427c0c5ef2b59de54733e0589606,reference
arXiv:2311.04124,84109e1235b725f4bb44a54bab8b493bd723fdd3,reference
arXiv:2311.04124,104b0bb1da562d53cbda87aec79ef6a2827d191a,reference
arXiv:2311.04124,82a9b8984e26fdf234431459bdb445fbcfc3cb76,reference
arXiv:2311.04124,a6d3794c23626060781da0f1ff2bcdf7457b6c43,reference
arXiv:2311.04124,8a13d58ce02734f92dcc787272afbea4bbc7f09f,reference
arXiv:2311.04124,0286b2736a114198b25fb5553c671c33aed5d477,reference
arXiv:2311.04124,4de303083463375ab29bc6aebf0fa0493ab7b311,reference
arXiv:2311.04124,7016eb4f34611f97fe8c99176246e314678e03f4,reference
arXiv:2311.04124,3dc7dc1bea9a4f70c02b6759a0bda7aca0005a9e,reference
arXiv:2311.04124,8436897e713c2242d6291df9a6a33c1544d4dd39,reference
arXiv:2311.04124,77d956cdab4508d569ae5741549b78e715fd0749,reference
arXiv:2311.04124,ff0b2681d7b05e16c46dfb71d980cc2f605907cd,reference
arXiv:2311.04124,9927a15ddf5313d97c98f0111fd191caf507ce72,reference
arXiv:2311.04124,4fa24cc5b17e8ff1eb5a01fd37a9d267a57ac563,reference
arXiv:2311.04124,399e7d8129c60818ee208f236c8dda17e876d21f,reference
arXiv:2311.04124,90abbc2cf38462b954ae1b772fac9532e2ccd8b0,reference
arXiv:2311.04124,2b428c95b40d90f268dda2e12734ad5c154288b8,reference
arXiv:2311.04124,cbaaa1154c491f9da2f050d3c22970e15bb7b52b,reference
arXiv:2311.04124,6eaea3a66cfc62a55127df22c3853b4ef659c405,reference
arXiv:2311.04124,d5264eb05df3dd108ce96fa932368eefe9b25fee,reference
arXiv:2311.04124,d4168c0480bc8e060599fe954de9be1007529c93,reference
arXiv:2311.04124,f2f85ec20bcae8d67035fd446b855a75b9a0aa8d,reference
arXiv:2311.04124,2d9b1d530fa2d3d26889508bbeab97d8fae57a5b,reference
arXiv:2311.04124,04b23f577c20d1a0e2a67aadda555f58e6d23d6e,reference
arXiv:2311.04124,61d6196f8a2aa25ee60b3415d6b3233bbbfa66f8,reference
arXiv:2311.04124,f16841e022038e94a59f7e0a82002102b78d79a4,reference
arXiv:2311.04124,8eced091ab3e3fd0b1747896cff082711c510d4a,reference
arXiv:2311.04124,6a54280613ba031ac112dadde6d20551f9fe9c04,reference
arXiv:2311.04124,426235b80b11b9910334c19fad55e0f9be1e6bac,reference
arXiv:2311.04124,4574d77fff19e093782178595a8988a7f3aa1969,reference
arXiv:2311.05741,5c577988ccebfea96de86678d04fd94fad367d2e,reference
arXiv:2311.05741,104b0bb1da562d53cbda87aec79ef6a2827d191a,reference
arXiv:2311.05741,a8b5a20e3a983d96f9dea6fc38e77b155e7bd94f,reference
arXiv:2311.05741,c304a962248b62e4efb0f4c6fece676b79dab2d6,reference
arXiv:2311.05741,7bf226e218dd5f2d7358c288e73f9636be249629,reference
arXiv:2311.05741,ae736662f64d56f3ab1894fbd9c45f8f37251843,reference
arXiv:2311.05741,57e849d0de13ed5f91d086936296721d4ff75a75,reference
arXiv:2311.05741,f2b0017ddd77fa38760a18145e63553105a1a236,reference
arXiv:2311.05741,cb29cf52f0f7d2e4324c68690a55b22890f2212d,reference
arXiv:2311.05741,e965e93e76a9e6c4e4863d145b5c007b540d575d,reference
arXiv:2311.05741,34c2939d3147946b2ac218e7857e1bc4c8902679,reference
arXiv:2311.05741,964bd39b546f0f6625ff3b9ef1083f797807ef2e,reference
arXiv:2311.05741,e19b54ad4c1c8af045069e9cac350ffc2ce60e1a,reference
arXiv:2311.05741,ffd8f81ed69ddfef6cddc3e8d0eae78f7b13435a,reference
arXiv:2311.05741,7cdaa08890895e1ad92afb5fad429690ad7b1dac,reference
arXiv:2311.05741,7a25155364476839b6d1fc0653cd8611327ab9ba,reference
arXiv:2311.05741,645a317c9305207e95d03b5756a65e7e850f32d5,reference
arXiv:2311.05741,2607dce6dcb9043ca9cae67e25e6a24411f08c0b,reference
arXiv:2311.05741,e8d84c7c098f087eb935ff5eee87e0e585d6c758,reference
arXiv:2311.05741,88afeaf0a4208477e845170daa8a189cc0a13a73,reference
arXiv:2311.05741,ddcff7b456ea45987de6eef48166c90086f2d9e5,reference
arXiv:2311.05741,ecf5618b513aa5c4d5bf62ca251923a188251117,reference
arXiv:2311.05741,c89ff2a0416a6d0870e724953a61a798deee238f,reference
arXiv:2311.05741,dbbed7ddee1fad238d1e560eb1888087fa4b5ddf,reference
arXiv:2311.05741,0d4b5c9a071557f4eb12f63f785dbc89071d4272,reference
arXiv:2311.05741,db1afe3b3cd4cd90e41fbba65d3075dd5aebb61e,reference
arXiv:2311.05741,74276a37bfa50f90dfae37f767b2b67784bd402a,reference
arXiv:2311.05741,f00f2d4b8ddd55aa2cc202f44053e5f97a254175,reference
arXiv:2311.05741,2c092ec119ac5a3acfbb6b14895b23a0d942e2ae,reference
arXiv:2311.05741,90abbc2cf38462b954ae1b772fac9532e2ccd8b0,reference
arXiv:2311.05741,b1a71677a13299755a12375f0c982484088aa9ef,reference
arXiv:2311.05741,d97e7561fa7710213ccd4f8128044ea6849be377,reference
arXiv:2311.05741,26299d5fdc5137291dc6a091573b3d18aba1d1c2,reference
arXiv:2311.05741,04f4e55e14150b7c48b0287ba77c7443df76ed45,reference
arXiv:2311.05741,6fec3e579c7cd4f13bdabbee2b6ac2e8ff5941c6,reference
arXiv:2311.05741,c20c68c45127439139a08adb0b1f2b8354a94d6c,reference
arXiv:2311.05741,207da6d2c07289bf72a2b5974bb3f011ebb5dd0d,reference
arXiv:2311.05741,fd6bc84144c2d77068bf3f077cb509d539f5f8e2,reference
arXiv:2311.05741,6c4b76232bb72897685d19b3d264c6ee3005bc2b,reference
arXiv:2311.05741,17dbd7b72029181327732e4d11b52a08ed4630d0,reference
arXiv:2311.05741,d9f6ada77448664b71128bb19df15765336974a6,reference
arXiv:2311.05741,9770fff7379a7ab9006b48939462354dda9a2053,reference
arXiv:2311.05741,8b0f27bb594b1eaaf493eaf1e2ee723a2b0a19ad,reference
arXiv:2311.05741,a5b66ee341cb990f7f70a124b5fab3316d3b7e27,reference
arXiv:2311.05741,1c3112ef8a346b9817382ed34a8c146c53d5bcf5,reference
arXiv:2311.05741,305b2cf37e5dece81e95c92883d5a6e28ac93b22,reference
arXiv:2311.05741,1536e8958697c5364f68b2e2448905dbbeb3a0ca,reference
arXiv:2311.05741,99ad0533f84c110da2d0713d5798e6e14080b159,reference
arXiv:2311.05741,88bb0a28bb58d847183ec505dda89b63771bb495,reference
arXiv:2311.05741,287987e82639146c89b4e6b91d6f7a7a7f32679b,reference
arXiv:2311.05741,5ed791f810da580c78df6a052c6b9f2e258f6b0a,reference
arXiv:2311.05741,d115eceab7153d2a1dc6fbf6b99c3bdf1b0cdd46,reference
arXiv:2311.05741,2722b9e5ab8da95f03e578bb65879c452c105385,reference
arXiv:2311.05741,8addb1718c2bc6bbb0d82cd1a57b41198bf65965,reference
arXiv:2311.05741,1aa9c0045f1fe8c79cce03c7c14ef4b4643a21f8,reference
arXiv:2311.05741,b555fbe8d4e30fc1312c615ab7dfe6ac030dbcff,reference
arXiv:2311.05741,4972b88f8f324a4fa18e921f62a9857af2b5fc7b,reference
arXiv:2311.05741,35a0c497cfcd5b991cdc3e326062956abb8129d4,reference
arXiv:2311.05741,b2474a00d7de3373bab934c09acef1994fa82207,reference
arXiv:2311.05741,1403e6b9adf7712c35ae56327d52fe54603b87e1,reference
arXiv:2311.05741,92e121c6e114fe3cfb89370df03847c66a9b4e28,reference
arXiv:2311.05741,dbffa240cbc08d42994f06cfc074d125fff746ff,reference
arXiv:2311.05741,9405cc0d6169988371b2755e573cc28650d14dfe,reference
arXiv:2311.05741,5c0a7a3f4a7928e8d5fe0b05d73d53865f5afb3d,reference
arXiv:2311.05741,82cf69e48ede65b9d1f419da786c0349342d449d,reference
arXiv:2311.05741,09cd7876b72d6105c83db59052572433a0a2b36c,reference
arXiv:2312.06056,dc7de606ecf7c65abc26396629b633e18d8704d5,reference
arXiv:2312.06056,38c4cfc9dc53f18e57c9c185edac3c085653d628,reference
arXiv:2312.06056,47030369e97cc44d4b2e3cf1be85da0fd134904a,reference
arXiv:2312.06056,4d9fc5972ab0f17f3c8aa27b4d9372f029d4dded,reference
arXiv:2312.06056,a2ce9963f1f072d578b1a1f1b995fec75e8c2247,reference
arXiv:2312.06056,3484b65eeb59ff528e45bade53e5b7b28a00811d,reference
arXiv:2312.06056,ce913026f693101e54d3ab9152e107034d81fce1,reference
arXiv:2312.06056,4f0c7f4df04f07609bdb67944af2a529d5a4517b,reference
arXiv:2312.06056,b5f0766108b2584a33f4ff4425f0e1cfdf510f94,reference
arXiv:2312.06056,03055978e278960de9fbb5c648b1779ef9f26cd1,reference
arXiv:2312.06056,ba82f8aa4526c326dc0e82e7443a017a409b865a,reference
arXiv:2312.06056,025ca4c125d6ecabc816a56f160e5c992abc76d9,reference
arXiv:2312.06056,5c7353fac22a8fdc43fc2f5c006b5d6902c47e75,reference
arXiv:2312.06056,7f5118b426ec60efd899b1ddb47e4ee7050ea2ff,reference
arXiv:2312.06056,3d68522abfadfc8ee6b7ec9edaaf91f1b2f38e5e,reference
arXiv:2312.06056,9716a2876d08fce9d8e5c5ba4d7b1a9af44806d6,reference
arXiv:2312.06056,3f88a1a0b873d0122edcfd4fc8d7e2ae52782b3a,reference
arXiv:2312.06056,7b169cea0815daab069606e4a5f21fedf6ee35cf,reference
arXiv:2312.06056,530fd8f1485fac907a906fe3d4b6a2960a82d9f3,reference
arXiv:2312.06056,a9ce00dac14e47a68b4eefcf86b3ea6a64374a76,reference
arXiv:2312.06056,094ff971d6a8b8ff870946c9b3ce5aa173617bfb,reference
arXiv:2312.06056,038ece8c19e11cefa1cb205fb2f88cbce836df61,reference
arXiv:2312.06056,afc25d56288fbfe47793a3d228bfdfb0f7eb703f,reference
arXiv:2312.06056,3fa0959ed06206b81f6d2125c19e1a5958250e6d,reference
arXiv:2312.06056,2b5d234efd26e7377698cf16c901601a3d3c4e56,reference
arXiv:2312.06056,8436897e713c2242d6291df9a6a33c1544d4dd39,reference
arXiv:2312.06056,92131dcf0d2311a63274c15d52658a76a7de089c,reference
arXiv:2312.06056,c17bf1cceeabeaab3302c6adbb9e69501ed33faa,reference
arXiv:2312.06056,1a6fc05a37ae1b2fc7c6193cb6dc8282767c2cb6,reference
arXiv:2312.06056,7707d54987b4ac7a7b94d8b932e3757a92a6a559,reference
arXiv:2312.06056,de2c9be95c1777e3e5c4651da1abd1c365677efc,reference
arXiv:2312.06056,2ffcf8352223c95ae8cef4daaec995525ecc926b,reference
arXiv:2312.06056,207da6d2c07289bf72a2b5974bb3f011ebb5dd0d,reference
arXiv:2312.06056,ae04f3d011511ad8ed7ffdf9fcfb7f11e6899ca2,reference
arXiv:2312.06056,8b0f27bb594b1eaaf493eaf1e2ee723a2b0a19ad,reference
arXiv:2312.06056,652107ea8161f607e3bdabc89199e9ff2fdfd015,reference
arXiv:2312.06056,c094a192dbc6478b57e14d101a0afdbba13f39e2,reference
arXiv:2312.06056,4d1c856275744c0284312a3a50efb6ca9dc4cd4c,reference
arXiv:2312.06056,a76706d350b8c483a3aff73e61b91d15b5687335,reference
arXiv:2312.06056,ffb949d3493c3b2f3c9acf9c75cb03938933ddf0,reference
arXiv:2312.06056,1516f0f6c964b2c70a449f264e3c2d285af51116,reference
arXiv:2312.06056,f04df4e20a18358ea2f689b4c129781628ef7fc1,reference
arXiv:2312.06056,d72a4c789b904af8a5a19f8b73813c95d21c1f05,reference
arXiv:2312.06056,17ef063e81cd0956873bba243d8edc63c09ba3c9,reference
arXiv:2312.06056,6f41c9b0b22297f9071c7d0509ac05da7c8a6e10,reference
arXiv:2312.06056,b55e490637babd50dab3cdaaa3a60a2be6eb1cbb,reference
arXiv:2310.19671,86c7cb73e3a42a130c8d43ae3e26cb9c8df381a1,reference
arXiv:2310.19671,e51d38bbabca719cd9c845d1e004c724e9cbdfa4,reference
arXiv:2310.19671,1f1668f84731baa67b1f66b81f383dd86893534d,reference
arXiv:2310.19671,7a1e71cb1310c4a873e7a4e54d1a6dab0553adce,reference
arXiv:2310.19671,5d44f16a36ba7ae6b3d9d7c98bbc1b877e598f35,reference
arXiv:2310.19671,ddcd2bcc809bd0c2755a4a9487473d61ac327c50,reference
arXiv:2310.19671,546d0624adfc6e18fb87d8cc77e7705bb9ea7445,reference
arXiv:2310.19671,c3973bf07cce7e0380beb7901a07d4600b9d8e2a,reference
arXiv:2310.19671,7d18ec455fbbd163365d44cdfaafdc62614cf9df,reference
arXiv:2310.19671,96d6bb5d6abdeda9b2db9af6296527200ba7aa32,reference
arXiv:2310.19671,8dbd57469bb32e6d57f23f5e765bf1c9ac8e080c,reference
arXiv:2310.19671,98b40eb3ce79c24d9726556947e2e2094737fe46,reference
arXiv:2310.19671,2c5460afa19ad6fc2568b7e210115acacc14a40c,reference
arXiv:2310.19671,76882f4057cc2c3371fd762d97d1a3f0fc78e71b,reference
arXiv:2310.19671,57e849d0de13ed5f91d086936296721d4ff75a75,reference
arXiv:2310.19671,2d7ecee735bb696d8d4b0247cba662e694e79bb8,reference
arXiv:2310.19671,9004924824cc0b1c840bcc91ba79475882623790,reference
arXiv:2310.19671,cd0988714ea326642d2b1bb18753e187fec71e42,reference
arXiv:2310.19671,9a9e68d400069f023f7dc9b982226c95159a509d,reference
arXiv:2310.19671,b6b64145dc6d7c5ab45da8ad8a6f27aa31f381f5,reference
arXiv:2310.19671,d5295f7ddcf281f3d30a7579d5ce482036a8e27c,reference
arXiv:2310.19671,311fd5f6f114ae51f8cbd95a0da69d7b556d25f1,reference
arXiv:2310.19671,ccca3fe638773f3dbfc64ec87a33169df4638d7b,reference
arXiv:2310.19671,6e02a7eedad079451b9a8dd358268727cf599c6e,reference
arXiv:2310.19671,1a7a24c73521eecf0a2d555e921b27e2c4d8e3c3,reference
arXiv:2310.19671,292da1c4640c105aa5d7919a1ded9a1225c07d4d,reference
arXiv:2310.19671,290732e9fb08a29af8892a7c1f73c9d2a1b9d7db,reference
arXiv:2310.19671,142ebbf4760145f591166bde2564ac70c001e927,reference
arXiv:2310.19671,fa3609e00f9f422a309c621a35394c4a38f88687,reference
arXiv:2310.19671,d48b29889241551e1ee6622fa78c3fa4159255dd,reference
arXiv:2310.19671,7ef9aafc68511afab5b287e62b754576ea37b4ce,reference
arXiv:2310.19671,39a45eba627199ee12c168dffcead45e138e9a01,reference
arXiv:2310.19671,9bd85c5c961c46068860b9db2f0b2fac71503adc,reference
arXiv:2310.19671,094ff971d6a8b8ff870946c9b3ce5aa173617bfb,reference
arXiv:2310.19671,a02aee5f1a1e5921a1e273dc25eb1ecba2f47b97,reference
arXiv:2310.19671,0019760281232ace55891edf40e5c7f40b6216b9,reference
arXiv:2310.19671,c5fbf9a62a91e3182f65e3746d3263387effa4a7,reference
arXiv:2310.19671,cd9113cd9677883c865cde747cddc0542e43fc4c,reference
arXiv:2310.19671,998577ea3c393330e4ecc563d5e4026cf9e49a17,reference
arXiv:2310.19671,ca2f1088d3e581b2c6c75cf0ebc96506d620f64d,reference
arXiv:2310.19671,7d80048e4d25debb8cd4651e29bc59bff851b68e,reference
arXiv:2310.19671,47bbae4cae59943139710272eb99915e2abae5e3,reference
arXiv:2310.19671,bdb4208bdb8b517f5d9a19ce218967782fb4b56c,reference
arXiv:2310.19671,02eaaf87f9cae34cca398fed146079e6eeb1f868,reference
arXiv:2310.19671,04ef54bd467d5e03dee7b0be601cf06d420bffa0,reference
arXiv:2310.19671,90abbc2cf38462b954ae1b772fac9532e2ccd8b0,reference
arXiv:2310.19671,bb6c2a64ecb6e4c9f3f5720d53cca76a2c37505d,reference
arXiv:2310.19671,bd20069f5cac3e63083ecf6479abc1799db33ce0,reference
arXiv:2310.19671,8b2521608691a0b5421ad3db65ccf378809bdcd6,reference
arXiv:2310.19671,5f99353cb2b0a66ec5ea4cd326f44e60385a5673,reference
arXiv:2310.19671,a75649771901a4881b44c0ceafa469fcc6e6f968,reference
arXiv:2310.19671,5e307e074f5a54185834aaf83c5fb4a9bac6f7e6,reference
arXiv:2310.19671,afd110eace912c2b273e64851c6b4df2658622eb,reference
arXiv:2310.19671,455a8838cde44f288d456d01c76ede95b56dc675,reference
arXiv:2310.19671,856d5dcba4772328b8fb784494e3d41d39669b0d,reference
arXiv:2310.19671,5bbb6f9a8204eb13070b6f033e61c84ef8ee68dd,reference
arXiv:2310.19671,204e3073870fae3d05bcbc2f6a8e263d9b72e776,reference
arXiv:2310.19671,f593062a175317edc212eaf7517b7078d1bf9770,reference
arXiv:2310.19671,d2fa988d61049c5e6ce3a88fac4f415287e29ce9,reference
arXiv:2310.19671,3b1a50be22b2c5f62ea5c848241e0a313662ad84,reference
arXiv:2310.19671,fffbea09f2fa66f68765a9816207b1e3a7b6d454,reference
arXiv:2310.19671,4425405af8fbf0fd74b2193ce1fae9191a9b6b87,reference
arXiv:2310.19671,2912b86d93ffa35d0fd665de99768aa313bfcf68,reference
arXiv:2310.19671,eb4af1cb6c4a687c3fa24b8a9568dcb00cfcc746,reference
arXiv:2310.19671,3e557968d8df23d52b1fe37c1f118c35b832f8a2,reference
arXiv:2310.19671,def70457f25223ce09dd0672244efd6c37007b15,reference
arXiv:2310.19671,1913ec25f89238267f96249a352117965832ccce,reference
arXiv:2310.19671,bfa035c0e723f8f540500db038ca6e26d599029d,reference
arXiv:2310.19671,32378b6239f90c6a25d25c8d630e525d7336c42a,reference
arXiv:2310.19671,1fa4469e5bc5d096572902fe14b0d66078a24c47,reference
arXiv:2310.19671,d461aef562bd9c13dc0f972f147df8be1fcca63c,reference
arXiv:2310.19671,57db9833549247241decf442fcc30f6eb414981b,reference
arXiv:2310.19671,b156758e620e7b1b7f600941381141e2978572a7,reference
arXiv:2310.19671,5dccd2aa12fa3b36661b2f1caaec71abdb20d504,reference
arXiv:2310.19671,65f2861fe61cb8cc386d392ce5e7292eb41f6003,reference
arXiv:2310.19671,21919fa3ac3f457549d21549d97be9f3f227b08c,reference
arXiv:2310.19671,71e434482d5a1439463d9e6d04d2d449fd8084d4,reference
arXiv:2212.03812,bd1263d2f524bcb235834f73c8ee1dcc61d7532d,reference
arXiv:2212.03812,ef0b7f89386dafc7fcf65a7f9cb834628206dd87,reference
arXiv:2212.03812,163ec8d4f0e2f5bbdda188c29d1896c436a65885,reference
arXiv:2212.03812,faa8fcc1b5343cc85881ff16e818c31596987f02,reference
arXiv:2212.03812,8a95e6e7bf6347ba8d3b614d7bbd6f307aea570c,reference
arXiv:2212.03812,ace004da1eb34be4b4fdad40f1548521382faafa,reference
arXiv:2212.03812,dc6c49acca0d3d6f3fad0971d0962f0990c45a7d,reference
arXiv:2212.03812,3e9e44d843240b7affe14a31db3ffac17c0d74bc,reference
arXiv:2212.03812,9e6c9ce0a9a9222aeb652f4e531eb2bd705ff817,reference
arXiv:2212.03812,2a48a930be14bdabcd46ad3c0bcb20a5d718db44,reference
arXiv:2212.03812,708f74456dbb21861497431b07affaca179df17c,reference
arXiv:2212.03812,06206dba5bb47cea888c5adaeefab35c5002c618,reference
arXiv:2212.03812,440e56314481cc201d6dfef2c1b3342d3cf33049,reference
arXiv:2212.03812,e7d32e605c6b36e9f081ee51264360af03725b1e,reference
arXiv:2212.03812,607ecf7f3adb7baa6405e151861715880b50d98b,reference
arXiv:2212.03812,705f147fe96bf40d50ac46d8a69b5856022cc3c8,reference
arXiv:2212.03812,e508a771fd189161d85573f57b3bcf310dec3bc3,reference
arXiv:2212.03812,6814dfc8cc4264774309a915be6aa5f54c169c84,reference
arXiv:2212.03812,65448f0133db03582ea61710b8a762e245ad37af,reference
arXiv:2212.03812,b5044990de96ae16ab842bb0f404408643a55986,reference
arXiv:2212.03812,3d73c90a44c1cab72315db02f20bf8e939adb623,reference
arXiv:2212.03812,1b7b851f878f7a1a676134926ab45da2398cee29,reference
arXiv:2212.03812,45ff07f6a3d3cce1a24548c3273067ef7009d88d,reference
arXiv:2212.03812,371a80e5f8f737d73b9bb4d6de136f22ab252200,reference
arXiv:2212.03812,4caf4ea09ee6f3d024f84ec86e8dfc51e887c031,reference
arXiv:2212.03812,876165b1be786d2f13fe7fd76ef34db135144914,reference
arXiv:2212.03812,3c9436640e4fee2f0deca5854722fbdc123bc333,reference
arXiv:2212.03812,199c0184b5fe071262b07b273bba8797008e4e63,reference
arXiv:2212.03812,64f65d86650c1f509508ee2fc845fc41bab7e284,reference
arXiv:2212.03812,1f33167c7cd315b60822623b00bd1dd0a0b0e306,reference
arXiv:2212.03812,5ecff61d9e20a09c644b5a9a97c94bac5dae5d92,reference
arXiv:2212.03812,b5bc042512829db325b695484984b293ba3063ae,reference
arXiv:2212.03812,9df82ffe563d90d109b078d0f106a713cecaff9b,reference
arXiv:2212.03812,9609f4817a7e769f5e3e07084db35e46696e82cd,reference
arXiv:2212.03812,fe52caa985bcf9ad5f2789ddcd1adeaa21a1740e,reference
arXiv:2212.03812,7489817ed33529c2eebd493528c0e431538ee224,reference
arXiv:2212.03812,e2304da24866d52a8cb7bfe4a49d971bffc39397,reference
arXiv:2212.03812,f94a09614d0b6f5c7ac6ab4b0f6df21480f0c7a5,reference
arXiv:2212.03812,1441844ecd0e0dc33a4edf3eb48f0b06de9293ec,reference
arXiv:2212.03812,c151d298c0a5827c1d27219434369fbf67921ba9,reference
arXiv:2212.03812,cd46b10bd3cddb87e125343b17cf30bc51624913,reference
arXiv:2212.03812,2edaed797a483c5c978c49753abe4b5d3b19c771,reference
arXiv:2212.03812,63a71de0dafc90910e37a2b07169ff486d9b5fe5,reference
arXiv:2212.03812,3c8a456509e6c0805354bd40a35e3f2dbf8069b1,reference
arXiv:2212.03812,167ec3a371393d4f54006e6e5e76e0440ed7516b,reference
arXiv:2212.03812,40c73102b1ba9d43c806af680f73c1b1de983295,reference
arXiv:2212.03812,84913d6f08942ddf8dd51418820537abfaa5ae19,reference
arXiv:2212.03812,1b70be8369a4dc713958ece3d685e8095794ec04,reference
arXiv:2212.03812,aa3ba08a4451871da8a2e92ab11b3ed26c292bcf,reference
arXiv:2212.03812,bae21c43d41b3d2adb619ed7b92ccb252082cebf,reference
arXiv:2212.03812,987eb8ff8467625d1a9f2c824999967fefae967f,reference
arXiv:2212.03812,5ea63993284d8efbaf063294b72955b41d1a73a1,reference
arXiv:2212.03812,0ce184bd55a4736ec64e5d82a85421298e0373ea,reference
arXiv:2212.03812,5977f4c601abf5818901fe8c6ac470428014974f,reference
arXiv:2212.03812,70093b38e5937f727bc4ac825f6d7d58a05b8125,reference
arXiv:2212.03812,bd13b4d31892552ce41b4abb7321fd943a9c44c9,reference
arXiv:2212.03812,ca20820f6cfaba054a7a47005205faaa51e91194,reference
arXiv:2212.03812,a5514d40bd5af19011622f235f890be7ab3864ff,reference
arXiv:2212.03812,5c1bff5cc6cb96a343846f0f5528bdf415974ac9,reference
arXiv:2212.03812,b0fae9fbb4e580d92395eabafe73e317ae6510e3,reference
arXiv:2212.03812,54eef13b3fe487cc48a74faf8f486a312f545cc9,reference
arXiv:2212.03812,abe4e92d6e4868115aef57a4eba97ec4d48ac124,reference
arXiv:2212.03812,cb2d3811817eb5115ea1da5a9cc760cf29ee712f,reference
arXiv:2212.03812,18371a99dcfad6313d4ae16dc4ae2c11ec76be4e,reference
arXiv:2212.03812,dafa29f1f0534448d205365796d68873a0068c6b,reference
arXiv:2212.03812,ff26a25c0c48666847965f4e9a0691ab6e5a7c75,reference
arXiv:2212.03812,c8e32cc48b3d2aeda73014c5b95ab18d6e33a418,reference
arXiv:2212.03812,78b29eba4d6c836483c0aa67d637205e95223ae4,reference
arXiv:2212.03812,6d65e6f71c4df237b1bcf0c591a4d7b797969976,reference
arXiv:2212.03812,ee0cc4e2d29faa669ec9999de177b084c6469181,reference
arXiv:2212.03812,10d4000f05e31ac4b87fc6fbb74358ac20de09c2,reference
arXiv:2212.03812,78e5c597920d49ac005728fba904a2af4630793e,reference
arXiv:2212.03812,62a0896de2284427c34ab9d228e0c4eed109ffcb,reference
arXiv:2212.03812,8a7fbd4f309e07f3264919b182109e3eb94e9121,reference
arXiv:2212.03812,63fa9d5a24af3a897d5a007a989036ceab73bb3d,reference
arXiv:2212.03812,4f60c0093910e7ddef7ea3891c840ca4b99994e0,reference
arXiv:2212.03812,4a3a551625365ab93a02b4f388cfd36da563373e,reference
arXiv:2212.03812,c92137e033c263bd4adde173438ccd2c90e8f170,reference
arXiv:2212.03812,97c94355e69724d6183370bbb42add3cdb17d620,reference
arXiv:2212.03812,fe44d87cd328c2be24ba8b9c494f0af0ac958e68,reference
arXiv:2212.03812,b1d635dba63f192dddc7c9c00fbc2e4840b65f61,reference
arXiv:2212.03812,389cd9824428be98a710f5f4de67121a70c15fd3,reference
arXiv:2212.03812,6a5c5ff07682951d957f48c092c2edda77a4c819,reference
arXiv:2212.03812,54e5dcf8c674f734ed2948e6869449bf30d0e3fd,reference
arXiv:2212.03812,766f677f4a42dcd43a856fad554c6678f642355b,reference
arXiv:2212.03812,63f535efece32df3db8613ed73e3b7749499ebed,reference
arXiv:2212.03812,ab2ed5b660d1f2ea1d94f3d067154774456d285a,reference
arXiv:2212.03812,d07284a6811f1b2745d91bdb06b040b57f226882,reference
arXiv:2212.03812,4feef0fd284feb1233399b400eb897f59ec92755,reference
arXiv:2212.03812,0917b810b05630975e04b0f4ab9e48f9865ee465,reference
arXiv:2212.03812,190b71beb0b27fdcf596812b2d935fa3e10a1092,reference
arXiv:2212.03812,295b4823f8baa9b8c8b24ae7d28875344062731b,reference
arXiv:2212.03812,67b720a6c47bc28c1295f63c05395774735795e1,reference
arXiv:2212.03812,72e7ad3903655179bca5d2c44cd524490c003919,reference
arXiv:2212.03812,0297e83ac66a249688cba4df686afb0eefcd2b4d,reference
arXiv:2212.03812,630b310e20c1990e7aaa1b4de154c6620bfff1d1,reference
arXiv:2212.03812,2d13958943c8d7cf809b62b8b10e0643164e80fe,reference
arXiv:2212.03812,971c56413d65e88cd378586666de16cc49e2dd1d,reference
arXiv:2212.03812,4da84347c036a8a691b6085887b11c7e4fa546e6,reference
arXiv:2212.03812,0c8c9c2eebe7f554a90435da6bccd845261aa783,reference
arXiv:2212.03812,f51f656e5f2372cc1f67fa9c78dd9a4e0225b3b0,reference
arXiv:2212.03812,0ba749975aaffee5e8d0e877011414f10fd700c9,reference
arXiv:2212.03812,5f6ffd39e74a66492cfb34b62a21e91d08332e35,reference
arXiv:2212.03812,e2f400ca5ec148d95350a44e3b03abf4ce0a6c72,reference
arXiv:2212.03812,f755e38ec5638f87f6d70dad26e388a5b32f4a3c,reference
arXiv:2212.03812,4f23f2d194ddb615a31d6f75da793dcc89962b22,reference
arXiv:2212.03812,864bd7e62e1cb4836872738f3d76b19affe0cb4f,reference
arXiv:2212.03812,f4edeb4d36be44f9a91db3f381da68f7831b4693,reference
arXiv:2212.03812,5d630daf7b29741b4023f0e1b0641dec35b1182c,reference
arXiv:2212.03812,42be98fcec61d6b9efb4b0c62305526a95ed86a7,reference
arXiv:2212.03812,e7106a7ac5eb3ecd51a3245d9cd7e6ad73cb8f29,reference
arXiv:2212.03812,4f0ea476d0aa1315c940988a593a1d4055695c79,reference
arXiv:2212.03812,a62454594c11733773e77240ad7509586e25be5d,reference
arXiv:2212.03812,15b18f9dc8cc65a638f15ddcef17a79a07b2faac,reference
arXiv:2212.03812,480d930c099331505aefaa52894b804c4b099233,reference
arXiv:2212.03812,cbb655146cefcd2d6d2332841cbb3752a8e2d311,reference
arXiv:2212.03812,a201d36e23950e84317ac939b22c0d772a644233,reference
arXiv:2212.03812,530a21a54fe2781f6189bdb3028da84b719b1252,reference
arXiv:2212.03812,cb5f63d43dfb35607104f35a789cff190b66ea64,reference
arXiv:2212.03812,82e14d316f8e21b883a6a580f29c9953e6ce1886,reference
arXiv:2212.03812,e47e5f36a534264366ec9e92f0e0f860d1f07e86,reference
arXiv:2212.03812,50ef0d4929f8379fe2679be7569baeeee97d9c57,reference
arXiv:2212.03812,381a3a8578fe9b43ddead7306acfd8b5a8e2bce0,reference
arXiv:2212.03812,c5e1ece02246b80a6b5c6ce3c50d589323a4127b,reference
arXiv:2212.03812,b90a914e15b53cc902df84809fcdcf40b8fa6339,reference
arXiv:2212.03812,fb5aec4e2d63de14c3780fc42818cfda4ec4145d,reference
arXiv:2212.03812,e12277843130635096b6075561e432c0a8da8a2e,reference
arXiv:2212.03812,8e671c6844dfc17103c775d3aa856fbfa8ba10dd,reference
arXiv:2212.03812,001a94d5ba6a6cb39eb8a1f074c1ab1e4bbe73ce,reference
arXiv:2212.03812,003c4a2cd63e775ebe8cf674e9a577d05a7e2b24,reference
arXiv:2212.03812,df4e398531193e6a3f9f1f3dbdf51c8b4569bbef,reference
arXiv:2212.03812,690fa501a0e34af77b68a73a5e936264f8efcea4,reference
arXiv:2212.03812,4601d2d503848bf999bf99c82ee244e84deea27c,reference
arXiv:2212.03812,9982d1d7f36d7da865faf74b6a0c5c4f6dd45c8d,reference
arXiv:2212.03812,bd9d25b8ec1cef3688d8f4cba9cc8a58708fcac4,reference
arXiv:2212.03812,269fe125120542e8636678e0a82cd7e297f530fb,reference
arXiv:2212.03812,a3b5e62779ee5839c258d1eca2e99a9bc2c214c0,reference
arXiv:2212.03812,3e13884edc074fb21d8e6056331f081c3249c37a,reference
arXiv:2212.03812,34cd9be00b2c04d19e5feae991d912c85162a09d,reference
arXiv:2212.03812,aa2737c83cc10ab7ec943deaae367b94795b67c8,reference
arXiv:2212.03812,c11d0ba3e581e691f1bee0022dc0807ff4c428f2,reference
arXiv:2212.03812,41b0fbe7b579b04e0f2de087f650d85b2a071c5a,reference
arXiv:2212.03812,f925a8649127e8f4e6bc75bc099b3fc0e74579b7,reference
arXiv:2212.03812,dec93166b31ba2ed2a51ff3f578e128edfd4dcbf,reference
arXiv:2212.03812,5321bd8a8587fa830629af59f766515ff6168947,reference
arXiv:2212.03812,668b1277fbece28c4841eeab1c97e4ebd0079700,reference
arXiv:2212.03812,c04e0905045c13cc483234372bb1c917be21f15f,reference
arXiv:2212.03812,7a07e4f098ed1726a4720f7c928d3c5a35b9c41e,reference
arXiv:2212.03812,d175554f3dd3ba684e8658a54e9f405912d0ee9a,reference
arXiv:2212.03812,c272422b70a0bf48698547cc80b6448591c9649e,reference
arXiv:2212.03812,34b5c7fab417bfc27191fad2f02ad58e2a57892c,reference
arXiv:2212.03812,055a8d08a35e439de9f029ad60e4a4cd7727b804,reference
arXiv:2212.03812,c734cd311322a204334328f51d906d7640b5fdde,reference
arXiv:2212.03812,50ea0336eba4bc6d0274ffa8e0f94306e82ecd29,reference
arXiv:2212.03812,99382f7ac870469335b2e5e3a1c5ff8d48871712,reference
arXiv:2212.03812,822f8dbf4b9f23a0b1648933fe1b422fa6100233,reference
arXiv:2212.03812,b2816f249d421c852674ce9e56a58651b8f05c51,reference
arXiv:2212.03812,06d9b5f44e1d3f67fe49dc1e02a3189db84a1bff,reference
arXiv:2212.03812,e41939d594e0a7b0cea8f0646575cdfa7305ad1e,reference
arXiv:2212.03812,fc0763a2da79777ad9174b9eac3767f16a86cbc9,reference
arXiv:2212.03812,8da6a8f972d76be956295287a132c3bed5709f3a,reference
arXiv:2212.03812,a2b439b063874df0a074449c7c8616ac0880c9c5,reference
arXiv:2212.03812,ca5c1cbcc64e7d12b342be247b9344954b0f873e,reference
arXiv:2212.03812,aad7274fdd57191e89f9df2880a50ec14581d671,reference
arXiv:2212.03812,a8b4c03d0821a30799ee0966e5894b122094cb3c,reference
arXiv:2212.03812,04c4caefc3aaf5f5661593cdd149e64bb0da2cc2,reference
arXiv:2212.03812,dffd8aca9cacee3d4f452d0f44797476e6988906,reference
arXiv:2212.03812,997089ee7c067081f20857e6f56ae6970b5d532a,reference
arXiv:2212.03812,fb41403da0f364e099cd4ab6242b8eacd10e5975,reference
arXiv:2212.03812,5a3897bf503906f34f3d3a9cee2508cdb6a26827,reference
arXiv:2212.03812,7c0cc5fc7c52431c1b380d0ea4f9f04db4739cfa,reference
arXiv:2212.03812,56ddd0b86ca0bc5fcd3ef66c6b33e2c72163eadf,reference
arXiv:2212.03812,890749b14aee924d52e2fc04917a58df23c1a51d,reference
arXiv:2212.03812,4901c2a982bc67806e7eff9c7f89c927380d2c68,reference
arXiv:2212.03812,e37922fa83b85fedee5dcd74c65e1e5f8caee24b,reference
arXiv:2212.03812,dc15bcccfc4ae5c5410a57caec0fac75a73d3c08,reference
arXiv:2212.03812,640ae2b5551e30653609ed66c04c39d403462d0b,reference
arXiv:2212.03812,c9a2bc92feac28649e5988a13a0a56cfc8861900,reference
arXiv:2212.03812,c8ae0800f4261a28bf2c2e929dfdab871e230278,reference
arXiv:2212.03812,a01d7f5c8b3175000e9e2ad5a32af36b27263e6c,reference
arXiv:2212.03812,96fd253625617102de237acc6982108e7b2908a4,reference
arXiv:2212.03812,18348fd0d9d2dfd24868d4195becdb68e9e3f82c,reference
arXiv:2212.03812,7e06b39f32b80862fef02f00feecc4e935c6f176,reference
arXiv:2212.03812,4a31e26d9c65e05bde25ae033f1b519fd8d7495f,reference
arXiv:2212.03812,c7183f67d7765154a09bc0344a0b332c04deb8a7,reference
arXiv:2212.03812,5d040edd499b913ced6622603fd2753ee89dfdff,reference
arXiv:2212.03812,165e1d2def3e2f14396f20e046b73ca13935b68d,reference
arXiv:2212.03812,4d3de4ff355b3397a759ff3155a894e02b825c35,reference
arXiv:2212.03812,afb288af24c6b09f5baeb84bfd0c8b683b96540a,reference
arXiv:2212.03812,b3c87b838d0436fefc839cefe489082055033ffb,reference
arXiv:2212.03812,39506ec15a07f0cc04239964df04e1b6dcd934dc,reference
arXiv:2212.03812,e9418ed0b4ab3434b2984249f31377ca11bd6280,reference
arXiv:2212.03812,7177be81b6be82112a26e0633bb7aa899d6233f5,reference
arXiv:2212.03812,9c28bd774c2587715eba129305531c8b49f98b95,reference
arXiv:2212.03812,b8973f0dfb29b9bbf32a850df1b015e0ae302765,reference
arXiv:2212.03812,ddac8e4f15d59a17b3f4ce5fde3b15d7f2ca547c,reference
arXiv:2212.03812,6734043e91fff030229889c0e8cdfb902da7b5ba,reference
arXiv:2212.03812,2407fd206cb6ec594801b69cfa5cade67bfbfcd2,reference
arXiv:2212.03812,ddf2c959b4ae8fb0a168a056edd74e8bce9e5bd1,reference
arXiv:2212.03812,f39d0c70e0f89296045f0f11d79e15fa978e3081,reference
arXiv:2212.03812,b14ceda6fd859da23f0e66712db3b23941b02a93,reference
arXiv:2212.03812,98ab4fe816c353b6030c74ef47c21c35e9c6061b,reference
arXiv:2212.03812,381a00152b08160b0802c34eb66aa44317911089,reference
arXiv:2212.03812,db35948de0973f57a8e79ef822b767b6ab852afc,reference
arXiv:2212.03812,a6637a43a7a29070a7c685474a7a9ef4871112ae,reference
arXiv:2212.03812,b75be73ae8db6b0a05d381a3d09c0dbb82aa2bb4,reference
arXiv:2312.12141,4a6f7dab88659053c2be5fc9cd885627c58b9ee6,reference
arXiv:2312.12141,1301ed763095097ff424c668e16a265b3ae2f231,reference
arXiv:2312.12141,26b2adbe089ea36617c3ec0aa009319929da0550,reference
arXiv:2312.12141,07c2c3b4af7e4ff1577f36f47f1c93398a6df648,reference
arXiv:2312.12141,49a02664e552320a43cea541c07ca312e45350b5,reference
arXiv:2312.12141,c16c05ca0a3d24519405849fd24604fc1ce47751,reference
arXiv:2312.12141,26089bdfdbca1e6eaaceca71e3116b715bec6d47,reference
arXiv:2312.12141,628b131f8f309d583ccf1da268f520c051169ddd,reference
arXiv:2312.12141,77f02ff24909896856fec410968aef7999c29440,reference
arXiv:2312.12141,9806cac2d36feda043dcdfe0f4de2608127da27c,reference
arXiv:2312.12141,7bd4ca8706a79983d31ab74e6c79bfdfd949602e,reference
arXiv:2312.12141,12910786da7a34c9ee26798fd81b0ed7b0e38789,reference
arXiv:2312.12141,133b97e40017a9bbbadd10bcd7f13088a97ca3cc,reference
arXiv:2312.12141,eefbd8b384a58f464827b19e30a6920ba976def9,reference
arXiv:2312.12141,8d8fc878bf4c7005546c866824a72d0c46ca91a3,reference
arXiv:2312.12141,57e849d0de13ed5f91d086936296721d4ff75a75,reference
arXiv:2312.12141,f680d47a51a0e470fcb228bf0110c026535ead1b,reference
arXiv:2312.12141,9c0a434b240299cec0029a1be93ab263d7ec9963,reference
arXiv:2312.12141,6edd112383ad494f5f2eba72b6f4ffae122ce61f,reference
arXiv:2312.12141,9d125f45b1d2dea01f05281470bc08e12b6c7cba,reference
arXiv:2312.12141,094ff971d6a8b8ff870946c9b3ce5aa173617bfb,reference
arXiv:2312.12141,cf36236015c9f93f15bfafbf282f69e08bdc9c16,reference
arXiv:2312.12141,d766bffc357127e0dc86dd69561d5aeb520d6f4c,reference
arXiv:2312.12141,b0ceba96db8b7b71beb2f0906568ffc143fddbf9,reference
arXiv:2312.12141,996445d847f06e99b0bd259345408a0cf1bce87e,reference
arXiv:2312.12141,da130d6538eeeacfb3a0da4cff106c098f74cdd4,reference
arXiv:2312.12141,2c871df72c52b58f05447fcb3afc838168d94505,reference
arXiv:2312.12141,e1872cbe03dd45b5323f9c30facca5e3d6d95f14,reference
arXiv:2312.12141,4a54d58a4b20e4f3af25cea3c188a12082a95e02,reference
arXiv:2312.12141,33422275fbb9958f55419620697faf531482699b,reference
arXiv:2312.12141,6936f7e97ed4a587fcb347d0636f1e5cbcadf227,reference
arXiv:2312.12141,5a5cb1d36d3ab64fc1941d05ec4387c4e62feac7,reference
arXiv:2312.12141,90abbc2cf38462b954ae1b772fac9532e2ccd8b0,reference
arXiv:2312.12141,3d61a34611c6171f203286119f76ec52f8016580,reference
arXiv:2312.12141,ce177672b00ddf46e4906157a7e997ca9338b8b9,reference
arXiv:2312.12141,874e9318c09c711ecd48a903b3824a3a03e2cd62,reference
arXiv:2312.12141,135112c7ba1762d65f39b1a61777f26ae4dfd8ad,reference
arXiv:2312.12141,1e83c20def5c84efa6d4a0d80aa3159f55cb9c3f,reference
arXiv:2312.12141,62e39c6dbcead1fe4d29017914591d929aa6ac4c,reference
arXiv:2312.12141,f010affab57b5fcf1cd6be23df79d8ec98c7289c,reference
arXiv:2312.12141,f302e136c41db5de1d624412f68c9174cf7ae8be,reference
arXiv:2312.12141,d8574a62874312b81347438b1566cdb1c6d5abe5,reference
arXiv:2312.12141,78d08b8ab4132defffe98ec7f80a51452203f70d,reference
arXiv:2312.12141,9405cc0d6169988371b2755e573cc28650d14dfe,reference
arXiv:2405.19266,a23a02351d791db114546b13479c9c3e35e52753,reference
arXiv:2405.19266,40e8af970329135ec95057d73e239dab805ad128,reference
arXiv:2405.19266,ec50f7d9edcbe05e0f7c004dd581816fe5dd1086,reference
arXiv:2405.19266,baea64ef15230387dbcce2f282f4cd526bbf35ce,reference
arXiv:2405.19266,209135c85dde308489e54b8be005e5e7885ee7ad,reference
arXiv:2405.19266,1e0d21dc2caf7b58342ddc8609fb30cdc1e27cd5,reference
arXiv:2405.19266,ff5f0c5b6905a8c4b361a625b450e9ab417fa854,reference
arXiv:2405.19266,2a86d281bef364e2ea2d4fc61fde46ca25b955f1,reference
arXiv:2405.19266,c86de166504e73465a64a8ac89335d63cf800b1c,reference
arXiv:2405.19266,db633c6b1c286c0386f0078d8a2e6224e03a6227,reference
arXiv:2405.19266,5fc1a3a49e8f1d106118b69d1d6be3b6caa23da0,reference
arXiv:2405.19266,c96297261467b5daa2d01227496a70d444602434,reference
arXiv:2405.19266,4c5b4a8e31d3119c1e3b5753693ff283c9717218,reference
arXiv:2405.19266,a50d4fd8f584276c0fd8560255884edd57aa926e,reference
arXiv:2405.19266,21737406f448844220dde7c711565bd44b0c27f0,reference
arXiv:2405.19266,104b0bb1da562d53cbda87aec79ef6a2827d191a,reference
arXiv:2405.19266,548278897d46a54958909bb23bcaecf63e24fadf,reference
arXiv:2405.19266,2922768fd451ecdb45f48c1a83eb57f54a91221b,reference
arXiv:2405.19266,0d1c76d45afa012ded7ab741194baf142117c495,reference
arXiv:2405.19266,155aec5cff650263a4c71136f97570611d1bba7a,reference
arXiv:2405.19266,5459cab5dcf3c65c6b4f63b3d9f1e376f722bbcb,reference
arXiv:2405.19266,1c5bc4f10b95a90d0283d0aacc94332aae508169,reference
arXiv:2405.19266,d2b4b4804479714ad0e406e8ab73fa3e72069216,reference
arXiv:2405.19266,e5adc219685c9941b9a3d029480af4a51c0ea05a,reference
arXiv:2405.19266,302ee27524a717ddc21f332ca634b9211c6ec6aa,reference
arXiv:2405.19266,9e8cb8c91a0acb6e661b58ad724aa758490f2bea,reference
arXiv:2405.19266,bce55193d9a887ad00774a9134df08cd521a85ae,reference
arXiv:2405.19266,4a7f6c4e71e20311ade4e76e8d0945d499c31fcd,reference
arXiv:2405.19266,163b4d6a79a5b19af88b8585456363340d9efd04,reference
arXiv:2405.19266,57e849d0de13ed5f91d086936296721d4ff75a75,reference
arXiv:2405.19266,e65b346d442e9962a4276dc1c1af2956d9d5f1eb,reference
arXiv:2405.19266,6baade7201f0bbf079d21f862d3e6d42da85e649,reference
arXiv:2405.19266,f3405b29e1f47a37a27f4acd57417474f3ca9411,reference
arXiv:2405.19266,1d26c947406173145a4665dd7ab255e03494ea28,reference
arXiv:2405.19266,912a39c2e0e4a35747531669cfa952d2c5627729,reference
arXiv:2405.19266,ae4422ec1e8746c9c0bc03ccf5a3b828da2889b4,reference
arXiv:2405.19266,0286b2736a114198b25fb5553c671c33aed5d477,reference
arXiv:2405.19266,d766bffc357127e0dc86dd69561d5aeb520d6f4c,reference
arXiv:2405.19266,4e1d560dc7d75da51f0ed814519e1f456edc6ff8,reference
arXiv:2405.19266,ff0b2681d7b05e16c46dfb71d980cc2f605907cd,reference
arXiv:2405.19266,a8ca46b171467ceb2d7652fbfb67fe701ad86092,reference
arXiv:2405.19266,ed2cdf6d97b93e2dd61d6f73e7668bcbd77bf7d2,reference
arXiv:2405.19266,50796b0f3edf9cb5ff1e447c298b33755378aa4f,reference
arXiv:2405.19266,ea278d75a7bcb7ea99e23fc720d0bba3553c0b5a,reference
arXiv:2405.19266,00c957711b12468cb38424caccdf5291bb354033,reference
arXiv:2405.19266,a3f4cdddf99ada7fa3517077df09593583cc778b,reference
arXiv:2405.19266,889ad3c713bd7f1b3a8e9b07e136ec4a88651893,reference
arXiv:2405.19266,d07284a6811f1b2745d91bdb06b040b57f226882,reference
arXiv:2405.19266,dce6f9d4017b1785979e7520fd0834ef8cf02f4b,reference
arXiv:2405.19266,dd2e123f93e68ec4d31adcad1ef294196f1b2a1e,reference
arXiv:2405.19266,652a78f354e0815c5524ab104fec18f60aecfad7,reference
arXiv:2405.19266,7d47ee5f84103529f84297c98c21dadb4742e3ff,reference
arXiv:2405.19266,393830a6a7bb53d662e2760b0f2e2063827c63f8,reference
arXiv:2405.19266,7b486a6eac4b46cf39e41c97b25ea22c5d27a883,reference
arXiv:2311.08890,437a386f3fe4b8c7449a37e2364412a26e0a478c,reference
arXiv:2311.08890,6f2b45846939267457abf13f2bc8618d23c7a2a4,reference
arXiv:2311.08890,7a1e71cb1310c4a873e7a4e54d1a6dab0553adce,reference
arXiv:2311.08890,2743ce22ace6362be2a01900106bf4b62280e22c,reference
arXiv:2311.08890,883028a8a4e75628ec3ec4dde9e7edf13f55e1d1,reference
arXiv:2311.08890,9fe9af7cf3d54b707a7be3c53ce94b77dcc3bae5,reference
arXiv:2311.08890,e770bdf8f00beb180a6b6509dd9a09b1bdbaed68,reference
arXiv:2311.08890,57e849d0de13ed5f91d086936296721d4ff75a75,reference
arXiv:2311.08890,554d59aa0f61edb9fa896fbf5cd574058dd0500a,reference
arXiv:2311.08890,964bd39b546f0f6625ff3b9ef1083f797807ef2e,reference
arXiv:2311.08890,156a66da569b68ea776c5db38e033aadb4755971,reference
arXiv:2311.08890,3a096a3d67348640084c209abb09f79447fbbc11,reference
arXiv:2311.08890,094ff971d6a8b8ff870946c9b3ce5aa173617bfb,reference
arXiv:2311.08890,fd33e77884e69f6bc099990fc2790248af2749d9,reference
arXiv:2311.08890,cddf40e579a596d0110b260313adf43470617c4c,reference
arXiv:2311.08890,e8d84c7c098f087eb935ff5eee87e0e585d6c758,reference
arXiv:2311.08890,ef03f3910685dda98279aa2bcefbeada3362a626,reference
arXiv:2311.08890,afad10da0a3b83a4f2a94e8c16c84ac64338e9fe,reference
arXiv:2311.08890,044e13d7dd4e0655eb76f0bd00b2c1bdb44e2be3,reference
arXiv:2311.08890,90abbc2cf38462b954ae1b772fac9532e2ccd8b0,reference
arXiv:2311.08890,e28a5d2dc2847f8bc5a40ee062a8fe101aefa28b,reference
arXiv:2311.08890,d27669c82faf78ea08cceaa0a171b540cccc304d,reference
arXiv:2311.08890,925ad2897d1b5decbea320d07e99afa9110e09b2,reference
arXiv:2311.08890,0c25bdcaa64997f466fff5afcb530bc19b0d9fa1,reference
arXiv:2311.08890,6fec3e579c7cd4f13bdabbee2b6ac2e8ff5941c6,reference
arXiv:2311.08890,077f8329a7b6fa3b7c877a57b81eb6c18b5f87de,reference
arXiv:2311.08890,e0c6abdbdecf04ffac65c440da77fb9d66bb474c,reference
arXiv:2311.08890,c4744a7c2bb298e4a52289a1e085c71cc3d37bc6,reference
arXiv:2311.08890,204e3073870fae3d05bcbc2f6a8e263d9b72e776,reference
arXiv:2311.08890,cc2d1a66c701e9be9124eb95431b6c3dd79a61d3,reference
arXiv:2311.08890,f323beba35fcbf95e76835e4b81d3cc3ca1b128b,reference
arXiv:2311.08890,df2b0e26d0599ce3e70df8a9da02e51594e0e992,reference
arXiv:2311.08890,9405cc0d6169988371b2755e573cc28650d14dfe,reference
arXiv:2507.02768,66d3a80eae6164e1aeaf04ffd6db3dde874ad4e3,reference
arXiv:2507.02768,798ba6cdc51fb330c55a30e34d462a85d9e8078c,reference
arXiv:2507.02768,b3b37ee568015ec5eb85369d1d3ccb1647bdc962,reference
arXiv:2507.02768,84fda45cc43549c435bbd128daf182f2270b27b0,reference
arXiv:2507.02768,17e93ba59356c15e24c3f30fed6e3e73dc4e88d1,reference
arXiv:2507.02768,a78c6984a026be130245aecf1ff7574c1c430d86,reference
arXiv:2507.02768,adac25c0aebd013f1225ec02636edfcc0bf4cf7c,reference
arXiv:2507.02768,9934c78aab745e1c8b51d966dd7af8b789d543bc,reference
arXiv:2507.02768,b4ef23c8662afc319e7fa85f76a88ac9e06750a3,reference
arXiv:2507.02768,f6e39cee044a03747fbb4b20e335b640b43b884c,reference
arXiv:2507.02768,bcd5fb0e17235a1a81eae3c72387cb8f37af0f03,reference
arXiv:2507.02768,7e01d88bd34eec4ce0214263e44cabb09e545c00,reference
arXiv:2507.02768,59cb0cc2cab2b2abe6ed3b61452602b30ae1d1a3,reference
arXiv:2507.02768,4f62ac743e2ed33e682a9c6f5f7875723d9a7025,reference
arXiv:2507.02768,88aa6b1f37d1fd8e0a40499ce9bb87873f03aaa8,reference
arXiv:2507.02768,164e9a9ab16ecf675d1a82325282ef0aaa29d3b7,reference
arXiv:2507.02768,3c14dff308d93796db63e7fef99126aa810ec098,reference
arXiv:2507.02768,8b5c83da4790e926e0136cc51a9505affc3f0510,reference
arXiv:2507.02768,125858649920909590356c7f9586ad9a5c3163f1,reference
arXiv:2507.02768,c0605c96870e59b4caf2247a98c6bd3aad25882f,reference
arXiv:2507.02768,aa59be106ca8b32f5cbf639e852a59aa9717632e,reference
arXiv:2507.02768,fea901c4c075dc268fb3f3124dec01443ae2cc2a,reference
arXiv:2507.02768,9f82c4872e455b2ee9dbf862b7dd9fd549f7c43a,reference
arXiv:2507.02768,e0b943a7caa0604879417cd0181888930ede8947,reference
arXiv:2507.02768,4d77e3192d1246d6247dc62d418a5d17b95a1f73,reference
arXiv:2507.02768,83bd40afb5c8531fe7edcf827328103c80982c2d,reference
arXiv:2507.02768,ae4aa7b0c5a327dae63ad20e00b58bcc6176b3b8,reference
arXiv:2507.02768,42f555d84d75f6af355fecc14d5b256d21010315,reference
arXiv:2507.02768,8df52a5798341947a1f88c46e03ba857b2e83d4d,reference
arXiv:2507.02768,2f112209675710d3ec2d6f1d06bbdc74e9bc60af,reference
arXiv:2507.02768,40e8af970329135ec95057d73e239dab805ad128,reference
arXiv:2507.02768,8ca1fdca69d780881f905ef9a4612e62f49a1014,reference
arXiv:2507.02768,95a019d605e85a15bcd102ae5f95338cea1f5046,reference
arXiv:2507.02768,ee4d1b70d01474493126c401662f9ff85aa7255f,reference
arXiv:2507.02768,32179fd10f2c13c5566f09f1691bc15963f2289f,reference
arXiv:2507.02768,f747f4df988be3cc36f660b13221959ace63b770,reference
arXiv:2507.02768,72dfa31005b07554a3f64aa1c002b627ad61cf2a,reference
arXiv:2507.02768,61aa225f9ac05650e7d9d878722e18c0704b6063,reference
arXiv:2507.02768,91486cab08e0094e7e82b76f8afe12403172c84b,reference
arXiv:2507.02768,57a82c09c32d44d5582103adee8c6723bd5edabf,reference
arXiv:2507.02768,2ff47e099edd91cf22fd08a249c363137521ceee,reference
arXiv:2507.02768,1a41d449f2ed4051ac4c763fb8b1b07357eaf5f4,reference
arXiv:2507.02768,c4d43fe1b7e44c5e9929d6edf7bd11de4e6d293a,reference
arXiv:2507.02768,a4e3fcc394193737d9925fb74ddb520fa6045a6d,reference
arXiv:2507.02768,69e6dd39bf13d290fb9d885da90cc037f0dd2975,reference
arXiv:2507.02768,a48e37b396d8358456566d0d3e1b35d75688ea90,reference
arXiv:2507.02768,2141ed804636a1cf339d606cd03fd3b3e9582133,reference
arXiv:2507.02768,6a3e630eee6b36eb7bf9efeda2a709a953a3e503,reference
arXiv:2507.02768,f90595f99a0c66d2bb6d0f230f17c7cd8c58f44d,reference
arXiv:2507.02768,e4a9a026a40a58cee4d6509d2ef817a86a11a760,reference
arXiv:2507.02768,f72be31de9f9a09d4410fd38bc717efe43444827,reference
arXiv:2507.02768,06269ee4223f02ac8ffbe40d69efe6e5a8cba8c1,reference
arXiv:2507.02768,5fc1a3a49e8f1d106118b69d1d6be3b6caa23da0,reference
arXiv:2507.02768,c14db8b4c1bd65a18a604236cdbc3549ee75f3bd,reference
arXiv:2507.02768,98c0919b734377ed936c7fb213669039bb2c66df,reference
arXiv:2507.02768,786294f4008732a5dac9895a8507bc4c80450075,reference
arXiv:2507.02768,83b90f4a0ae4cc214eb3cc140ccfef9cd99fac05,reference
arXiv:2507.02768,6541fe70825023d70d3b59cda772c0a88350522d,reference
arXiv:2507.02768,204fd6c5e247c477d607f507ee01d94a8dbd408f,reference
arXiv:2507.02768,e3052ebca5eeae6a8a73e44517903d39746f5f3a,reference
arXiv:2507.02768,f2ba9e7d9624bd94a786ea5e3161a9425a21a475,reference
arXiv:2507.02768,b3193d1a48a0c9035c1e562643f44472575bcf44,reference
arXiv:2507.02768,104b0bb1da562d53cbda87aec79ef6a2827d191a,reference
arXiv:2507.02768,090fa5656a64e0f0b8ccf1e8844f64eaaeea4af2,reference
arXiv:2507.02768,4bb0b12803791764d641a4cef1e0ce39cf049542,reference
arXiv:2507.02768,d6d3604f369bb0415cbe814e43ca3131323b03e2,reference
arXiv:2507.02768,570079bbdd8758dfe865097e05719313c9c1301a,reference
arXiv:2507.02768,ca6a2bc279be5a3349a22bfd6866ed633d18734b,reference
arXiv:2507.02768,3dfed62c61f650eb114f0f0aa26b4e7d37b963a6,reference
arXiv:2507.02768,163b4d6a79a5b19af88b8585456363340d9efd04,reference
arXiv:2507.02768,3f5b31c4f7350dc88002c121aecbdc82f86eb5bb,reference
arXiv:2507.02768,b81af57078024290188bf9c351b99857de986002,reference
arXiv:2507.02768,e65b346d442e9962a4276dc1c1af2956d9d5f1eb,reference
arXiv:2507.02768,6f4cc536f9ed83d0dbf7e919dc609be12aa0848a,reference
arXiv:2507.02768,961dad067e4481ed4a3dbe9a7630bdb884952171,reference
arXiv:2507.02768,55aac0aaf7d312b0c7d5095caaa07e09813529f3,reference
arXiv:2507.02768,da14a67089fe482741f42a8dcbadc4702d6ac122,reference
arXiv:2507.02768,551116eae5adaa8e2bd12a1e2d05bbf2adc31110,reference
arXiv:2507.02768,1b6e810ce0afd0dd093f789d2b2742d047e316d5,reference
arXiv:2507.02768,79fbd2f769f735d0cf2ddf7ddbb89e0364105394,reference
arXiv:2507.02768,66720131fcf5eaf94aab397945065a88ae5db5aa,reference
arXiv:2507.02768,a8ca46b171467ceb2d7652fbfb67fe701ad86092,reference
arXiv:2507.02768,d8e81e80490113434f7ac338c5f8d5a23f05a3de,reference
arXiv:2507.02768,b62cff37858b0983e9cfc5e898486e48e3a7832e,reference
arXiv:2507.02768,df60206b51cc95dcf7c47ba1168cc7af508175a2,reference
arXiv:2507.02768,5260c6b7b402ffae46bc53b337c71e7b80239432,reference
arXiv:2507.02768,b929fc4ea07199d8e876f5c897aa1f47f9578e1f,reference
arXiv:2507.02768,63a71de0dafc90910e37a2b07169ff486d9b5fe5,reference
arXiv:2507.02768,df40f83f5420f73b22562f3554e1e3bd4a5c1ef5,reference
arXiv:2507.02768,2b37cc68c9819cf0f980676935007d4135d8ac8c,reference
arXiv:2507.02768,ac854a011876d06dc3eeb8b03dfc26ad129a7474,reference
arXiv:2507.02768,c4798919e74411d87f7745840e45b8bcf61128ff,reference
arXiv:2507.02768,f2d257625e8029f6f4998deb6279f97e07e2893c,reference
arXiv:2507.02768,23a783e0f9b1c0f06364cd0806aa47035b738afa,reference
arXiv:2507.02768,8a4f2d56491d20fd28fc476c9f17f5d20d26bbce,reference
arXiv:2507.02768,18eb487aeb834b9bbd03b96fc9d5b34c669e16df,reference
arXiv:2507.02768,da6e404d8911b0e5785019a79dc8607e0b313dc4,reference
arXiv:2507.02768,8a26431833b0ea8659ef1d24bff3ac9e56dcfcd0,reference
arXiv:2507.02768,97c01b6cef7d7d88ec7eda488bfdc46fd601e76a,reference
arXiv:2507.02768,5ba2218b708ca64ab556e39d5997202e012717d5,reference
arXiv:2507.02768,9a82095be10926f0a52f8f9939deadfe39be2184,reference
arXiv:2507.02768,32d21dc13f8770958b196a96f99a6f3959c7dc0f,reference
arXiv:2507.02768,99e6f700d374e34c8376f1f43af994b278924f28,reference
arXiv:2507.02768,a6cb366736791bcccc5c8639de5a8f9636bf87e8,reference
arXiv:2507.02768,39a7a74de74efac3b8123650315d55cfb9d5220c,reference
arXiv:2507.02768,334da45ee9a6325cd8ca0142586b820f88de6a77,reference
arXiv:2507.02768,efba9e90a5b847ebc6b95d1855046d03d98005f3,reference
arXiv:2507.02768,0407b605b8f55db72e2545586bfe8e946b691b70,reference
arXiv:2507.02768,cd4990147d7fee9a676ab35150ace1856783036c,reference
arXiv:2507.02768,40eb437448136ac44d1e351373f7d44e3a303eca,reference
arXiv:2507.02768,5cf0d213f3253cd46673d955209f8463db73cc51,reference
arXiv:2507.02768,7ab881283270e427b05c6e9469562ff39dd6282a,reference
arXiv:2507.02768,f21775fa102f50a03b23a2b6f617c167f489414d,reference
arXiv:2507.02768,8e431ca2fdb96320e8ea10cf7cfa0730fcae9ceb,reference
arXiv:2507.02768,cea1f99272121a54772d6fe9fec88e5bff818700,reference
arXiv:2205.06644,b7f16ef1124c271b21c2a564fdd7a46387c8370f,reference
arXiv:2205.06644,be8e58320203a92bfacc1a1f95f6e65f3ee4fa5c,reference
arXiv:2205.06644,5bc5ac4f2e6c34e92b6160545e638d0e4dded78e,reference
arXiv:2205.06644,e35357ac461a669fe7e4b877ee1fad0dfda26303,reference
arXiv:2205.06644,2b66a0d8a00b0ba7b585e11ab34879420ad351cb,reference
arXiv:2205.06644,74276a37bfa50f90dfae37f767b2b67784bd402a,reference
arXiv:2205.06644,af27f9ada598a86435b778f136bec07d1294a69e,reference
arXiv:2205.06644,ddf5ead09b8bdc3e1944acf69a5c40bd54f8a183,reference
arXiv:2205.06644,9e67b9758520e49016ab66bafb974d2e1ed762d1,reference
arXiv:2205.06644,14fc61fdc8f2205ff96ff6dc9c4c881e4063db8c,reference
arXiv:2205.06644,dc373d5e108a90a70f55285a852a32706adbeb45,reference
arXiv:2205.06644,495da6f19baa09c6db3697d839e10432cdc25934,reference
arXiv:2205.06644,90c1dd257ec64d6ca34c25cec740c429e7f68239,reference
arXiv:2205.06644,b02997014581ce44ef777b4770a73d0b54ead3df,reference
arXiv:2205.06644,16dbfa7ad452277d2c568913d2550a9a58a43b62,reference
arXiv:2205.06644,6efb753c7e66471cb835ca188dc99e1279a5886d,reference
arXiv:2205.06644,cafb60e771c65d09e5ce027066d95c5a64fb8e1b,reference
arXiv:2205.06644,980456f50cd4b6e30649592afb693d5b6af8a703,reference
arXiv:2205.06644,f48f90464d9694e2ea18767f14842c64c9a1e8fb,reference
arXiv:2205.06644,65614db9cb880aa5d4c038da91bb0d2413feb50c,reference
arXiv:2205.06644,0d5bc86d613fd7ae3bc0aa073c88ade3f79b9aae,reference
arXiv:2205.06644,07fab9a1a5d8e65ce50965f514f2d0e6022a6b94,reference
arXiv:2205.06644,800366078f063a637e6a4880c0c49c217c7905ea,reference
arXiv:2205.06644,d7da009f457917aa381619facfa5ffae9329a6e9,reference
arXiv:2205.06644,cf1db9d4b45752edb368855224e0572d41c6a169,reference
arXiv:2205.06644,9b4f31c44e2e2579bc5df35a709b70036dddc710,reference
arXiv:2205.06644,b7e03e82d597571f00aa8802699a9d7e7164ae92,reference
arXiv:2205.06644,bf0f141bae83bd6d5ca0c37839d53f0d06059b34,reference
arXiv:2205.06644,3779c1d2059e0daa9b511bb354172a9726cce54b,reference
arXiv:2205.06644,694b3c58712deefb59502847ba1b52b192c413e5,reference
arXiv:2312.00249,63f2c402f5ddcdc65145b6cde29ad724e1923329,reference
arXiv:2312.00249,dfebaac3142558ba1be1ad1c2643bff4524a10ce,reference
arXiv:2312.00249,5cdab51aeaee08a9a4af8d719c83770d95701461,reference
arXiv:2312.00249,2717e5c7384ec12cfd6cf9c34897c6adad3230ed,reference
arXiv:2312.00249,1a41d449f2ed4051ac4c763fb8b1b07357eaf5f4,reference
arXiv:2312.00249,8f1899e4f45c2eacb3b0992bc0bcc482c3b44ebe,reference
arXiv:2312.00249,53d53ed3b3134912602ad293d8cfb4c33688e7e6,reference
arXiv:2312.00249,69e6dd39bf13d290fb9d885da90cc037f0dd2975,reference
arXiv:2312.00249,f90595f99a0c66d2bb6d0f230f17c7cd8c58f44d,reference
arXiv:2312.00249,f72be31de9f9a09d4410fd38bc717efe43444827,reference
arXiv:2312.00249,6f94023d84c03dee94dd60a3aa99848f21617872,reference
arXiv:2312.00249,47de96fc690b46d8d004ec5d77fc82dee16f6ec2,reference
arXiv:2312.00249,54c68b8623505dc6bf7a0b08aaa77ca9165f2d7f,reference
arXiv:2312.00249,0fe88452660cb8a0e37f54bcd44f3cd6504354b5,reference
arXiv:2312.00249,aa7bcd1f9453c9096ec78900a7b94e816ed0e1c5,reference
arXiv:2312.00249,104b0bb1da562d53cbda87aec79ef6a2827d191a,reference
arXiv:2312.00249,f6c494234a818b2aec286b257ee6117f2894bcf7,reference
arXiv:2312.00249,237032b6256087766e6d366a47227aef980fd2b7,reference
arXiv:2312.00249,ad22af138fa1d1490cda0301abf8159a7c30c5a2,reference
arXiv:2312.00249,4bb0b12803791764d641a4cef1e0ce39cf049542,reference
arXiv:2312.00249,5cac6430bd379c9d2fe13137dfd6ae7721a2679f,reference
arXiv:2312.00249,8bd6a2a89503be083176f2cc26fabedb79238cbd,reference
arXiv:2312.00249,7dc6da87eaa6f830354feb2db14023cab8678c91,reference
arXiv:2312.00249,a5036f31f0e629dc661f120b8c3b1f374d479ab8,reference
arXiv:2312.00249,3dfed62c61f650eb114f0f0aa26b4e7d37b963a6,reference
arXiv:2312.00249,ea1e23ac35cce92992cf296277f6864c791a172c,reference
arXiv:2312.00249,a757999ed260d7bc45484dc6b4456bf33fe6f679,reference
arXiv:2312.00249,163b4d6a79a5b19af88b8585456363340d9efd04,reference
arXiv:2312.00249,3f5b31c4f7350dc88002c121aecbdc82f86eb5bb,reference
arXiv:2312.00249,89a1dbbfd4c96d90b769f5d3427bd970b082898e,reference
arXiv:2312.00249,83ae44d08ee5c1348b0fd5fa3ed9b4236f98ca95,reference
arXiv:2312.00249,525d93a382f6e7873b5d8a2e0713eb3dff7fb250,reference
arXiv:2312.00249,a02fbaf22237a1aedacb1320b6007cd70c1fe6ec,reference
arXiv:2312.00249,77937788fdbdefe4dd775075b5768c03eaaac008,reference
arXiv:2312.00249,a32887af7eb1fcfd3b3d892ad41f3516a37f11c1,reference
arXiv:2312.00249,794c5d5ca20e71eae416da91cf1fed0a8ef15658,reference
arXiv:2312.00249,107cbddb1cd5588a8f57f1f57dfda54d22e66c8e,reference
arXiv:2312.00249,26218bdcc3945c7edae7aa2adbfba4cd820a2df3,reference
arXiv:2312.00249,c5d8c27bf231d6289e2e1acbcecd8ff5162cba53,reference
arXiv:2312.00249,fda4530df9eec0e3f714dba3459ac50dab17d89c,reference
arXiv:2312.00249,4ff4abc3b165894533c3d1aee4b920bca3998d2c,reference
arXiv:2312.00249,608157ebba31c35a3ae62fe85de4710835e33f29,reference
arXiv:2312.00249,47814f791c6a379c7f53cfcccfad599463876e69,reference
arXiv:2312.00249,65d53938a12c77e7920b8eb3a49df249c978ba3f,reference
arXiv:2312.00249,2b37cc68c9819cf0f980676935007d4135d8ac8c,reference
arXiv:2312.00249,c4798919e74411d87f7745840e45b8bcf61128ff,reference
arXiv:2312.00249,cf336d272a30d6ad6141db67faa64deb8791cd61,reference
arXiv:2312.00249,c269858a7bb34e8350f2442ccf37797856ae9bca,reference
arXiv:2312.00249,5ba2218b708ca64ab556e39d5997202e012717d5,reference
arXiv:2312.00249,163a474747fd63ab62ae586711fa5e5a2ac91bd8,reference
arXiv:2312.00249,f90d9c5615f4a0e3f9a1ce2a0075269b9bab6b5f,reference
arXiv:2312.00249,be1bb4e4aa1fcf70281b4bd24d8cd31c04864bb6,reference
arXiv:2312.00249,99e6f700d374e34c8376f1f43af994b278924f28,reference
arXiv:2312.00249,a6cb366736791bcccc5c8639de5a8f9636bf87e8,reference
arXiv:2312.00249,061889a5ae7c0502524ac7aa2f2b1291d92eb7e3,reference
arXiv:2312.00249,d86ca0894cb4d165eb5ef45b73526ca8b4cdd725,reference
arXiv:2312.00249,82d97edc8c9f3f9423fdf9aceb27be92a3817b1a,reference
arXiv:2312.00249,0edd4d2a71e92faf4b818722464d5917ce0e9308,reference
arXiv:2310.15941,7d722ec75cf4cde30156e71fffec6f8f08f91600,reference
arXiv:2310.15941,be55e8ec4213868db08f2c3168ae666001bea4b8,reference
arXiv:2310.15941,c11810fa8887b678facea62da4607c4898360308,reference
arXiv:2310.15941,cdbd4f9b6ab2e2fd1ddf5400d5ed2c18960635d1,reference
arXiv:2310.15941,7c950f94f8b209a4260ac34a7df36495cb7ef1b6,reference
arXiv:2310.15941,4be7d1524edb0137599a5cc95f72844b85a52fe1,reference
arXiv:2310.15941,b9ffb9ccc000ccc5b74d1e9eaeafbcd5fe86e78d,reference
arXiv:2310.15941,290add10c9f3423a5f55d087228e416c70996475,reference
arXiv:2310.15941,2bc77cdfa44bdea93cee56f8a4eaae60ddc195e1,reference
arXiv:2310.15941,78958b0e88cb3b2c18e1ac1b34516bc370926599,reference
arXiv:2310.15941,68c1bf884f0fc0e86641466a1f1fa67e79f16a17,reference
arXiv:2310.15941,6c4b76232bb72897685d19b3d264c6ee3005bc2b,reference
arXiv:2310.15941,53d7641092dd3ba1649e1bcf9aaf35b1f504f98e,reference
arXiv:2310.15941,82e32585088ae5b8bf5497919f85022e397a75ad,reference
arXiv:2310.15941,6be08083902942f9f142920fdbabe747996b304d,reference
arXiv:2310.15941,d223fa07e86d6486375119b055d8fec77c21a325,reference
arXiv:2310.15941,f6afc59b869d3a0e9fb849968ff74790800772ba,reference
arXiv:2310.15941,a708cd417b8b9b035763d8254eb509939b484714,reference
arXiv:2310.15941,4597f713b8ee84f9a135969e54a6490f1772c054,reference
arXiv:2310.15941,7f084c4f19568f6399633c54f868e038cc37699b,reference
arXiv:2310.15941,3142d6d2c60634b714e40207fe3da7b9cadecf1d,reference
arXiv:2310.15941,c6e9e17fa3bfb0fdb7b6be0105acf3afd4f7171f,reference
arXiv:2310.15941,f27203a17edc51629e1df54ef22026a6c5577f19,reference
arXiv:2310.15941,d87ceda3042f781c341ac17109d1e94a717f5f60,reference
arXiv:2405.11357,be445964370b5ea8c15aa1bf6cf10f951fa90b9a,reference
arXiv:2405.11357,4d4d33af3502e69d7cca1b4b7632ce6f13eefde8,reference
arXiv:2405.11357,1cfc42cdf19a2d3d4dc9c3ee84858c1c60e1ed3b,reference
arXiv:2405.11357,104b0bb1da562d53cbda87aec79ef6a2827d191a,reference
arXiv:2405.11357,438a0221379aacd53f4d8af3b44dfdb2cc3ddab0,reference
arXiv:2405.11357,6ae3e52ae55578c10722db3c2f898442f20e336c,reference
arXiv:2405.11357,2a7ae3e98357569c41424dacd60c62d3df78a0db,reference
arXiv:2405.11357,31d2eb6c12e93f98a00619833990ee38f46b9e30,reference
arXiv:2405.11357,6e903374a66ae66b1383dd918e4cdc8eee3a6518,reference
arXiv:2405.11357,43f2ad297941db230c089ba353efc3f281ab678c,reference
arXiv:2405.11357,3a7bbc46795929f0eace82b64c44c92a48682fb5,reference
arXiv:2405.11357,d9f6ada77448664b71128bb19df15765336974a6,reference
arXiv:2405.11357,451d4a16e425ecbf38c4b1cca0dcf5d9bec8255c,reference
arXiv:2405.11357,3febb2bed8865945e7fddc99efd791887bb7e14f,reference
arXiv:2405.11357,e2dba792360873aef125572812f3673b1a85d850,reference
arXiv:2405.11357,12e9d005c77f76e344361f79c4b008034ae547eb,reference
arXiv:2405.11357,1518039b5001f1836565215eb047526b3ac7f462,reference
arXiv:2405.11357,891ce1687e2befddd19f54e4eef1d3f39c8dbaf7,reference
arXiv:2405.11357,0b44fcbeea9415d400c5f5789d6b892b6f98daff,reference
arXiv:2503.21676,ce637d7ea51aea6cad6fc3e368678f81340541bf,reference
arXiv:2503.21676,c667b9f19457afcffcc51860fc4df3f984a7716b,reference
arXiv:2503.21676,efd8e78da04749113fd7c50a499a2cc9fe61992d,reference
arXiv:2503.21676,a86cb8be0c76760430c2936d8dd262fa4560cfeb,reference
arXiv:2503.21676,bb4616d5b5049aaade6b1f9a9c477086bb71c0ea,reference
arXiv:2503.21676,9d9c308a7b9dfbf7ae81eaad0bd8102e66ebf45f,reference
arXiv:2503.21676,0244faca33c8b4105daf8617e2b0db20cad511bb,reference
arXiv:2503.21676,54972b2e4304d2164a61036ae947df2503c07009,reference
arXiv:2503.21676,544f2bb75294ced19fc0f80d50c3f4f7bc7b327a,reference
arXiv:2503.21676,d53fe76bd2795a19ddf52d012917782f6f6f2c1e,reference
arXiv:2503.21676,b512451d431df9e411bea4c99f7135d010275445,reference
arXiv:2503.21676,1be73fa3e856c33d0aed1d9e46693523e7fa3c60,reference
arXiv:2503.21676,f483c00cc45dd387364dc485794c27afae9289bb,reference
arXiv:2503.21676,fc7ee1828030a818f52518022a39f6a3ada60222,reference
arXiv:2503.21676,50714ad97ae3a65ff15771b8ec89de47aa8311ab,reference
arXiv:2503.21676,f29f8b8aa2b7e608199b65d3cf751969d4024132,reference
arXiv:2503.21676,d00735241af700d21762d2f3ca00d920241a15a4,reference
arXiv:2503.21676,133b97e40017a9bbbadd10bcd7f13088a97ca3cc,reference
arXiv:2503.21676,f680d47a51a0e470fcb228bf0110c026535ead1b,reference
arXiv:2503.21676,c90a99eeb57019732a6cc996bb9eaf13faedf00f,reference
arXiv:2503.21676,de32da8f5c6a50a6c311e9357ba16aa7d05a1bc9,reference
arXiv:2503.21676,dac3a172b504f4e33c029655e9befb3386e5f63a,reference
arXiv:2503.21676,146e9e1238ff6caf18f0bd936ffcfbe1e65d2afd,reference
arXiv:2503.21676,8342b592fe238f3d230e4959b06fd10153c45db1,reference
arXiv:2503.21676,996445d847f06e99b0bd259345408a0cf1bce87e,reference
arXiv:2503.21676,a1d1983a7b19845141e6505bd32dc395e5a136ba,reference
arXiv:2503.21676,77d956cdab4508d569ae5741549b78e715fd0749,reference
arXiv:2503.21676,4a54d58a4b20e4f3af25cea3c188a12082a95e02,reference
arXiv:2503.21676,90abbc2cf38462b954ae1b772fac9532e2ccd8b0,reference
arXiv:2503.21676,d0086b86103a620a86bc918746df0aa642e2a8a3,reference
arXiv:2503.21676,4ba553ee7abadd661563455b550dbeeb62de2ca1,reference
arXiv:2503.21676,d07284a6811f1b2745d91bdb06b040b57f226882,reference
arXiv:2503.21676,2e55ba6c97ce5eb55abd959909403fe8da7e9fe9,reference
arXiv:2503.21676,99c970348b8f70ce23d6641e201904ea49266b6e,reference
arXiv:2503.21676,9468634b94fbded8b3362bdf230ab2becba0c0ef,reference
arXiv:2503.21676,07fb462c45ab661c4598d13a4bd8278d3ea16104,reference
arXiv:2503.21676,8de174ab5419b9d3127695405efd079808e956e8,reference
arXiv:2503.21676,87c4eca6aceb29557f693fdc4efc1fbff003e02a,reference
arXiv:2503.21676,d5db1cc4a5ea1fcf017ceac7f07496292f37a9a2,reference
arXiv:2503.21676,98b4d4e24aab57ab4e1124ff8106909050645cfa,reference
arXiv:2503.21676,419c4635a6bcae1302f03681498de4ce16074e21,reference
arXiv:2503.21676,b9164335be5808ddd59786869a9f992331af5218,reference
arXiv:2503.21676,29c7f009df21d0112c48dec254ff80cc45fac3af,reference
arXiv:2503.21676,e75fb417b54a6eae589ff382874de09d7f58a3de,reference
arXiv:2503.21676,df2b0e26d0599ce3e70df8a9da02e51594e0e992,reference
arXiv:2503.21676,4ade4934db522fe6d634ff6f48887da46eedb4d1,reference
arXiv:2503.21676,c213af6582c0d518a6e8e14217611c733eeb1ef1,reference
arXiv:2503.21676,e51a026541e7fe08e867ad5bdce670b2d6383db9,reference
arXiv:2205.15231,b23a8493f384a52adf22d3c70c5827fd1a6ca42d,reference
arXiv:2205.15231,ab0e3d3e4d42369de5933a3b4c237780b41c0d77,reference
arXiv:2205.15231,c28e95a06dfcf13fc65a1cac83722f53e34f12a5,reference
arXiv:2205.15231,80ac1f80b19e7383f48bfad1cadef20816bfd9f4,reference
arXiv:2205.15231,094ff971d6a8b8ff870946c9b3ce5aa173617bfb,reference
arXiv:2205.15231,859cbed6555319c3c31b84c1001a1df9a34889e2,reference
arXiv:2205.15231,a376e6b118a10a8cb8a2920f6b83a70f087579f5,reference
arXiv:2205.15231,fc8a8c333c100085a59a17453e36a0facf82bfd0,reference
arXiv:2205.15231,ef37ee71850053e439cf8f822e8c2007dd8720e2,reference
arXiv:2205.15231,cd1e2ded67cefc8811bd2bed6b39182e11aae5a7,reference
arXiv:2205.15231,d6045d2ccc9c09ca1671348de86d07da6bc28eea,reference
arXiv:2205.15231,7ba98b00a224094c09676090f5d6d69498f5b299,reference
arXiv:2205.15231,acbdbf49f9bc3f151b93d9ca9a06009f4f6eb269,reference
arXiv:2205.15231,7654dbd372d8b65e730e3bd477ff9fec96c16dc5,reference
arXiv:2205.15231,4ae6b5ce971c58c1280bc971a1879e6d547c5f8c,reference
arXiv:2205.15231,680b0467861a70be41c31e4f2415fe5e2958fbc0,reference
arXiv:2205.15231,6563251e69e4378c189d0a0c94d8d19508d552c8,reference
arXiv:2205.15231,4cc1fb128fa3abf6f90d567744767e8fd6315e1d,reference
arXiv:2205.15231,288142d4fb08f6b881b5164d0712268430173ff7,reference
arXiv:2205.15231,57d1e7ac339e783898f2c3b1af55737cbeee9fc5,reference
arXiv:2205.15231,dea0a0e51f3ada5b6bd7cb64338a9ddc541ce978,reference
arXiv:2205.15231,9709e93a540dbaefa3f6d9b60be8841d6e2e5369,reference
arXiv:2205.15231,58c74cec28f3416b9a1d308bb2d6519d21d53ab0,reference
arXiv:2205.15231,53953a19e2fdf9c5ad5ff445c07ce36cc70f551b,reference
arXiv:2205.15231,3938fe72ccfe4fe92387258874cb1cbe66194d4f,reference
arXiv:2205.15231,f9c07ed1d2113c858b38861790af6a26310b8465,reference
arXiv:2205.15231,814a4f680b9ba6baba23b93499f4b48af1a27678,reference
arXiv:2205.15231,5fe0a4af3bd1479d5e39fbda2215c86bce54722b,reference
arXiv:2205.15231,da97bd6d2d0a2f11bb011b9925585e086010cff0,reference
arXiv:2205.15231,ea8c46e193d5121e440daf96edfd15a47151c293,reference
arXiv:2205.15231,ab38bbb36ba38047c5bb556694d148225971957f,reference
arXiv:2205.15231,ac9173e4b8b34dc24c18980ee32be6bf15e7b38d,reference
arXiv:2205.15231,45bb43cdc35324fea4350ed335c500d4a5fd6ef5,reference
arXiv:2205.15231,90abbc2cf38462b954ae1b772fac9532e2ccd8b0,reference
arXiv:2205.15231,e7ba02c44de228be123d933aceac4f593df2c27c,reference
arXiv:2205.15231,60b8ad6177230ad5402af409a6edb5af441baeb4,reference
arXiv:2205.15231,b26f2037f769d5ffc5f7bdcec2de8da28ec14bee,reference
arXiv:2205.15231,f1aef5403012d2a70344bc70d58d720aef85834c,reference
arXiv:2205.15231,1180c1d2b2fad2527e98c0065319ea8150a3b888,reference
arXiv:2205.15231,62ecbf92281ae1c0f8d31b66e57a01c056f9d641,reference
arXiv:2205.15231,ea3e363b222c28abc695877de50a9929744eb2c8,reference
arXiv:2205.15231,9e12539d92088001e08b1e903c490127c479de4c,reference
arXiv:2205.15231,a3afb3795f7054fc5b334d2d6feb92f0999942c7,reference
arXiv:2205.15231,bd7e4ffc46b284d04d9cb79facd178d149917acf,reference
arXiv:2205.15231,cd36b981e39edc5517d2a508e879b4d9bdc1b1c6,reference
arXiv:2205.15231,395de0bd3837fdf4b4b5e5f04835bcc69c279481,reference
arXiv:2205.15231,73a5605ce482bd639078ebbb19baac7b903017e2,reference
arXiv:2205.15231,7a064df1aeada7e69e5173f7d4c8606f4470365b,reference
arXiv:2205.15231,90884139b5c1ea35f4a6547b838501f116526291,reference
arXiv:2205.15231,93d63ec754f29fa22572615320afe0521f7ec66d,reference
arXiv:2205.15231,5bf6ca86a4f21d07014ce60f3cd09345ad3414e2,reference
arXiv:2205.15231,077f8329a7b6fa3b7c877a57b81eb6c18b5f87de,reference
arXiv:2205.15231,209f56eeccf227ef8917e09e7093f168b2679b72,reference
arXiv:2205.15231,655acd2a4dd59f541e6542594139e1b332543305,reference
arXiv:2205.15231,eef7cfe8267954adbb4675576072a1d80ca7a3a8,reference
arXiv:2205.15231,4b0397ff36d31dc18f4f135b48bcec71f5238289,reference
arXiv:2205.15231,e46ebaf7f3ccf302bf81db8df7631d24a8c7743d,reference
arXiv:2205.15231,9ef2e09a9e16e176e19c3fdc3b6ee22c5d3f3c97,reference
arXiv:2205.15231,156d217b0a911af97fa1b5a71dc909ccef7a8028,reference
arXiv:2205.15231,ec4eba83f6b3266d9ae7cabb2b2cb1518f727edc,reference
arXiv:2205.15231,a810362ca5284e5894b07abb76b8f647802fe32c,reference
arXiv:2205.15231,0c8a0e0000cd7b7ed49f3db6470e0710ae786b9e,reference
arXiv:2205.15231,48925fef94500cf19ee220ed74217816f1ab5e60,reference
arXiv:2205.15231,e4715a13f6364b1c81e64f247651c3d9e80b6808,reference
arXiv:2205.15231,5624718f06334697e2345083b38b00ee65feb4a1,reference
arXiv:2205.15231,15bce8864a15c20cf483e18099f3601b94673565,reference
arXiv:2205.15231,678fd7c48efe21434148b4b3482c2b8b3ee618fc,reference
arXiv:2205.15231,d0d8a088ee58e54cc545eb0fb3343b8d3b4b2733,reference
arXiv:2205.15231,204e3073870fae3d05bcbc2f6a8e263d9b72e776,reference
arXiv:2205.15231,a5649b1d7bc482d664a4a6530f784f99e72ec0e3,reference
arXiv:2205.15231,a1a8a4c5705f6d71ef4bfeaadc47aa3e8b045326,reference
arXiv:2205.15231,4c6fe6179c408e1fbb3871af13d1a8e64f766e54,reference
arXiv:2205.15231,09900b36ca35af12301507cf992675808a709838,reference
arXiv:2205.15231,e2dba792360873aef125572812f3673b1a85d850,reference
arXiv:2205.15231,2aad627cbac4c634efccc04e5a0aa4f21e4edca5,reference
arXiv:2205.15231,d8d1bead6e91233a633b049d76af2549f84bc03c,reference
arXiv:2205.15231,f8909e8b359c72bc0e3257dadcc48a8787bca74b,reference
arXiv:2205.15231,2bdbb07bc12b8d8c332b7a84aa05e76218c07cd9,reference
arXiv:2205.15231,79d7683226993f7de55ea15af010b0adbe95fd9f,reference
arXiv:2205.15231,ed72eb96323aa6375b074c8282e8d22664ede064,reference
arXiv:2205.15231,4071b9be227372af2470dd6f5590e53dd0f58d67,reference
arXiv:2205.15231,2a441a46e228ed0ea2251a4e61be6c7025b45766,reference
arXiv:2205.15231,5773dceebb2973de2ffdf686e8e7ff90f9d22623,reference
arXiv:2205.15231,a76bc6cb68622006bbd8a7ff785feace92c40ece,reference
arXiv:2205.15231,733eadbcddf31ccc6ffec6c6ae84377ff49c7a00,reference
arXiv:2205.15231,2dd81288140521e1ae60356a8d0f953c0b633126,reference
arXiv:2205.15231,20e3a9f203bcb07093fd050dcf1cd43b3a04f7dd,reference
arXiv:2205.15231,dc8c3d2aa96fa62153423a4b0864193b8c4f9d8a,reference
arXiv:2205.15231,1923cd604412fe090b08dc62d2ce3df9f2f29cc8,reference
arXiv:2205.15231,a7862e14b4c20cefd6dc4f611f8aa866fabf130b,reference
arXiv:2205.15231,6f85637af7d1c859387d727ddc57195be43d4af3,reference
arXiv:2205.15231,3a395daf6c97c084cf9c3827384c53caf6502921,reference
arXiv:2205.15231,f6b51c8753a871dc94ff32152c00c01e94f90f09,reference
arXiv:2205.15231,8c3a24618dc469ea296b77080503fd571ac827d7,reference
arXiv:2205.15231,91ab9a65e276cff7f62c7279dd507967804c2477,reference
arXiv:2205.15231,dd490c035179c8d9b17470a8379eece607035d8f,reference
arXiv:2205.15231,e3e88d37a38350203dc96f01ad0916eb74e3fd8b,reference
arXiv:2205.15231,7200bafcd13db8f74c369449baa8f57eaa50af2f,reference
arXiv:2205.15231,7123941fc1c51f6479d5a9f7030e6218ff38b020,reference
arXiv:2205.15231,f7e5287cec84dbd8428604ddb80d817490702fcb,reference
arXiv:2205.15231,4d437771c317eebad04e8d2f27e26d9475cc2952,reference
arXiv:2205.15231,77996deaebecbddd19ab4f5542f6176d25de75a3,reference
arXiv:2205.15231,28279f2a6ac5f929f605edf0f64af49c30aac381,reference
arXiv:2205.15231,9fc77941297522cc420ce9292193dd04ed2ed1af,reference
arXiv:2205.15231,162e1d7f7921bc2537e8ab2080fc51c4fbb52d9e,reference
arXiv:2205.15231,970d9ffcff27e1e1ce3f45734d59e9f99bef23cc,reference
arXiv:2205.15231,43845c54af0246baab17d572953e671487e1dcd1,reference
arXiv:2205.15231,7a6f9ca52992148986ce7056f3b83d3e632b0d40,reference
arXiv:2205.15231,545d04be28639075095bea52b7d57ed067112a76,reference
arXiv:2205.15231,760561c57f68044e2f1d089088df1da6c627b09a,reference
arXiv:2205.15231,a9acd3323f7664687bc4715ea0de5a6015e89e63,reference
arXiv:2205.15231,52fb239ea5cea1e9a2636f8f7922c8ede3e50ba7,reference
arXiv:2205.15231,a49e936075970e8ee574dfe73b9679b34354245e,reference
arXiv:2205.15231,9a8317f2a0c66a5233b18b77664710a6f3912ebd,reference
arXiv:2205.15231,1c8c1a410a2e2191fd42f8b88a3bafe3d34172c3,reference
arXiv:2205.15231,9caa6845777854c0a134bd8162ef77234cc02234,reference
arXiv:2205.15231,d9c05c32b7935dc8f7a048f79c2ce2f45558ddc8,reference
arXiv:2205.15231,ec7017debbb9fb25c4aafa946d32bcea7573642c,reference
arXiv:2205.15231,8461dde4f8644517259067de63d9c8b5e589fc70,reference
arXiv:2205.15231,0c969e93c5e3337b8beb96c614d03875fda582f2,reference
arXiv:2205.15231,e9cc9a9f7b97c26612dad35068481b974f81cd27,reference
arXiv:2205.15231,666ed3c416c652eaee8a83e611bbbe71186bdf85,reference
arXiv:2205.15231,244049b67dc1fbb3bc7a8c50d70b70d68609ec86,reference
arXiv:2205.15231,c1207d129ef00134ed28c08540489541ef06db52,reference
arXiv:2205.15231,f3536716d13d3298b62da4202227f3e885edf160,reference
arXiv:2205.15231,df2b0e26d0599ce3e70df8a9da02e51594e0e992,reference
arXiv:2205.15231,e6d0bb1293b66e28184733a790dba651d502b711,reference
arXiv:2205.15231,0bdb616e15d3d6f17b90e2e5c588bfecac13768a,reference
arXiv:2205.15231,1229b685477438382f8ad0370319c38d4a9b38ee,reference
arXiv:2205.15231,6995bf023d37a5fc10fe60d3783772801994751d,reference
arXiv:2205.15231,2f8104fc90f8273c200687616c623c23cae724ee,reference
arXiv:2205.15231,80e9ba823910752c5eed2f61d9a4cbccd1c18172,reference
arXiv:2205.15231,d98b71607a1aa2e0c38b5f31b884e3c2c6119ae4,reference
arXiv:2205.15231,46607816d5e3171d85f2849173f6dce35a318d06,reference
arXiv:2205.15231,e63684b7e30dedaa2d2296a96274823b9b7c6e9a,reference
arXiv:2205.15231,8f7c2d597816a497dde78c94975b3f084b27100a,reference
arXiv:2205.15231,ff00bc8b24b754f21ca9246712551b9399f9e54c,reference
arXiv:2205.15231,0f7254bb124913ca58f814dd0c6ab2585dc05c77,reference
arXiv:2205.15231,e782026c91697ec83e6fb37deabef819eef26ed7,reference
arXiv:2205.15231,9752584444922cd31083df8429c872a993aa6410,reference
arXiv:2205.15231,78fc3b741828124d8a79667466516a544143bf68,reference
arXiv:2312.05434,7470a1702c8c86e6f28d32cfa315381150102f5b,reference
arXiv:2312.05434,bf8491bef353df126e2306ad2fe4b898697b906a,reference
arXiv:2312.05434,ae766548699f27e669932de14e1c0f47b2828536,reference
arXiv:2312.05434,a9e3e5dd7b30890553b7ae1c41f932e99192bb44,reference
arXiv:2312.05434,126a4776ff8315fd506766cb8f3c722cf746ad9e,reference
arXiv:2312.05434,ca7363451d032c0ffc229b4e5efc390d52ddeebb,reference
arXiv:2312.05434,cdbd4f9b6ab2e2fd1ddf5400d5ed2c18960635d1,reference
arXiv:2312.05434,6f632d54881f679025be83c5ef0893e5925e42a3,reference
arXiv:2312.05434,e7ad08848d5d7c5c47673ffe0da06af443643bda,reference
arXiv:2312.05434,9b05510b49eccb95e4979bb60da4290a7c2b4d3c,reference
arXiv:2312.05434,8cc650fbf78e95565b21390a46e31591789f0393,reference
arXiv:2312.05434,094ff971d6a8b8ff870946c9b3ce5aa173617bfb,reference
arXiv:2312.05434,19df7682c762e21beece939ba18d00033f6c8753,reference
arXiv:2312.05434,d766bffc357127e0dc86dd69561d5aeb520d6f4c,reference
arXiv:2312.05434,b19683b83c63cc245f78bd5bf095cbd41149be7e,reference
arXiv:2312.05434,b3848d32f7294ec708627897833c4097eb4d8778,reference
arXiv:2312.05434,68f141724814839d556a989646194be88641b143,reference
arXiv:2312.05434,92173d081b15824d22a9ef070e118744ceee8052,reference
arXiv:2312.05434,a7aa150b55d64d339b1c154d6d88455fc3cbc44f,reference
arXiv:2312.05434,a3452276ada37727d0008dad8ca7c27bbbee6984,reference
arXiv:2312.05434,24992c4b3cfd6f3dc0d4428846b36082ee781d96,reference
arXiv:2312.05434,60f98a6dffa8f4b4ffc9ae457953d9ce3ef2f906,reference
arXiv:2312.05434,e88e16a31007c927ee7519183f0a63aaf89d1373,reference
arXiv:2312.05434,81c3853bb76cda671853b32b9c13f649a5b65a05,reference
arXiv:2312.05434,97d8823ca3c9bd932cec8ad6f3b194168e7cec92,reference
arXiv:2312.05434,ec05a4971ca68c75fd5ab16fe4440eadf8ec0377,reference
arXiv:2312.05434,6f870f7f02a8c59c3e23f407f3ef00dd1dcf8fc4,reference
arXiv:2312.05434,32cdd9d0d4d462a2ca781f0c7cdbc053f6a07938,reference
arXiv:2312.05434,29b30ccea4cfe517a1b9facd5c95b2a1071399cf,reference
arXiv:2312.05434,76e266d5220f963886cf30ae747d72fdf8c84378,reference
arXiv:2312.05434,d952d45eb6e7c0c564974e2caf1d86db36750b20,reference
arXiv:2312.05434,6cd2c56f54dede618a38287de9157019fb5631e5,reference
arXiv:2312.05434,54e4f2ef7410de9f94683cc570cb82257d27c0ff,reference
arXiv:2312.05434,4d0221d305c0ad4843c9431fbf7e799005d51a96,reference
arXiv:2312.05434,14e5d984af4ac965579644bd0ea4ae42587b6a00,reference
arXiv:2312.05434,edab0bc17c155ab38a42c3624166daecd66d8945,reference
arXiv:2312.05434,90abbc2cf38462b954ae1b772fac9532e2ccd8b0,reference
arXiv:2312.05434,56139796f7f889784b5b8922892e134570adbcbd,reference
arXiv:2312.05434,3f6570fd55dc5855f93a56150e6d99c7944a1c1e,reference
arXiv:2312.05434,6c4b76232bb72897685d19b3d264c6ee3005bc2b,reference
arXiv:2312.05434,0a7620afb12870a5df0e178dd175d37a5cbc8c0c,reference
arXiv:2312.05434,5aec474c31a2f4b74703c6f786c0a8ff85c450da,reference
arXiv:2312.05434,65a9c7b0800c86a196bc14e7621ff895cc6ab287,reference
arXiv:2312.05434,077f8329a7b6fa3b7c877a57b81eb6c18b5f87de,reference
arXiv:2312.05434,b4df354db88a70183a64dbc9e56cf14e7669a6c0,reference
arXiv:2312.05434,204e3073870fae3d05bcbc2f6a8e263d9b72e776,reference
arXiv:2312.05434,2c03df8b48bf3fa39054345bafabfeff15bfd11d,reference
arXiv:2312.05434,2bf2c3598f1ee3a2fa22185cb2aaeb425de004ad,reference
arXiv:2312.05434,424561d8585ff8ebce7d5d07de8dbf7aae5e7270,reference
arXiv:2312.05434,0c908739fbff75f03469d13d4a1a07de3414ee19,reference
arXiv:2312.05434,cea967b59209c6be22829699f05b8b1ac4dc092d,reference
arXiv:2312.05434,eb42cf88027de515750f230b23b1a057dc782108,reference
arXiv:2312.05434,71b7178df5d2b112d07e45038cb5637208659ff7,reference
arXiv:2312.05434,30c9bb327b7f2b9f1d1e5b69b9d0c97b410948d9,reference
arXiv:2312.05434,2ca11541c0ed6793e5da067a67b6746db3d2b8dd,reference
arXiv:2306.15498,5e72346f531c70e30db3a4f3313f579eef74ec23,reference
arXiv:2306.15498,4a79290952f82c1980eae51056ae8eee545dbdfb,reference
arXiv:2306.15498,d40cbedadab27963a835d0eb2d6dcdb69baa64ad,reference
arXiv:2306.15498,56734ad25cb64754a56180492c74e4046b057ea6,reference
arXiv:2306.15498,87778991ffea60f1d4e80d726335338270ecc2f6,reference
arXiv:2306.15498,0d29233339b12d7dfa65df54bf04773df197e688,reference
arXiv:2306.15498,650dfe97ec71e11bad2bfac0a2e8f83df4099bc9,reference
arXiv:2306.15498,2e9d717a4da7573dd2553851905dc9a1caff8d98,reference
arXiv:2306.15498,e90691971ea4042e656ed175d0330da6a3818632,reference
arXiv:2306.15498,63d8426ba1f51a8525dd19fd8ec92934ec71aea5,reference
arXiv:2306.15498,29765e751b2e40a6ee510486100682450ffb6de9,reference
arXiv:2306.15498,f848af1a06e612a220ac926986c8c5d441866c23,reference
arXiv:2306.15498,3e0129ed92d53179c1b5d6e1fd08b50a25e679be,reference
arXiv:2306.15498,55c15f6db20c63e43f73516ccb059d7a8518a788,reference
arXiv:2306.15498,16c0ef924da1f6b510c9c783ac764156f5a3d631,reference
arXiv:2306.15498,5d127eac20332dfa5bfa62d67447e681b7c38469,reference
arXiv:2306.15498,34c0410aaaed15350e3c576ad2bc327e8a444c65,reference
arXiv:2306.15498,202eb698b03af0922e8ebabb5cf7c8a5b77e90d4,reference
arXiv:2306.15498,dfd3a0decd1f2ee43503081f3d87f74706931762,reference
arXiv:2306.15498,faaa632d617925d6d8024c9f7614da0025271fed,reference
arXiv:2306.15498,df2b0e26d0599ce3e70df8a9da02e51594e0e992,reference
arXiv:2306.15498,a8982acc37fbf69bd303b4f0a8693101107f2794,reference
arXiv:2306.15498,6f0c3c03b89afa5299cffe66dde99bcf4b2b7caa,reference
arXiv:2306.15498,5f28c7e059f999d8f10510128198154e9930f025,reference
arXiv:2407.20046,104b0bb1da562d53cbda87aec79ef6a2827d191a,reference
arXiv:2407.20046,32ac52069e562d4f900afee70bdca63f53461481,reference
arXiv:2407.20046,8b4beb630fa500b2fb1c92cdaed857ad72bdc9b8,reference
arXiv:2407.20046,c2419a89ec037cc7b3085d1ab8ab6da23ccd5dcb,reference
arXiv:2407.20046,ef87d7366ac581657ebac2e64669933dfe120741,reference
arXiv:2407.20046,6d81f4233d19f198f68481773f416c394cee8404,reference
arXiv:2407.20046,341c10b724e9af87cf176d03503e70784131dfe0,reference
arXiv:2407.20046,2132eac5628bc200de226b51f1dfb82423ff1d24,reference
arXiv:2407.20046,b896b846ae180d804c7290d8b9ae9ffc55325866,reference
arXiv:2407.20046,a2a03a8fff4d818ecee4bc07d218f716d7e49696,reference
arXiv:2407.20046,93d63ec754f29fa22572615320afe0521f7ec66d,reference
arXiv:2407.20046,ad09721c0f4a367a630c476ca89e95b6ed5ef6e4,reference
arXiv:2407.20046,019fd183973de434a6760666150d60282ed43ddb,reference
arXiv:2407.20046,691a19663a035a18275ef562ef8452a4f8d6d319,reference
arXiv:2407.20046,f639ce400d4def7bed2b75e474613e05a993b594,reference
arXiv:2407.20046,95ad6a6b1be1823f157462294022c9aafac75f1f,reference
arXiv:2407.20046,a494b23f70cec7f5e69b971e9837fcecae5d128d,reference
arXiv:2407.20046,28520f4d2fdf9bac3d525e5b7f21e52ebdfbe41c,reference
arXiv:2407.20046,e937c933aeb396c442366a6bd6566705120b9f14,reference
arXiv:2407.20046,2b8da013966c0c5e020ebc842d49d8ed166c8783,reference
arXiv:2407.20046,10805e84854d6246c96186ebc7de9a96af760763,reference
arXiv:2407.20046,3158b015ddd3bcbf710e4c4acd24737f6441e1d1,reference
arXiv:2407.20046,40c0bab2595a146a5a46c89014172ced20b86866,reference
arXiv:2407.20046,828e7cff761d3203a39d848934ec74f6cedc1453,reference
arXiv:2407.20046,090f4b588ba58c36a21eddd67ea33d59614480c1,reference
arXiv:2407.20046,d7da009f457917aa381619facfa5ffae9329a6e9,reference
arXiv:2407.20046,26d5981f7da4b508961aea01d53cd60e2202ff2d,reference
arXiv:2407.20046,8943625f88f49ba563900a21915f40476206dba9,reference
arXiv:2407.20046,c96d4e22f9a3d78264a51092f5137d2abb3cd25d,reference
arXiv:2407.20046,488bddf398f44373633ba8fa62395c6ed0cd6a4f,reference
arXiv:2407.20046,1172fcecf5e6d555f23a12a548a365934000dcf7,reference
arXiv:2407.20046,fe13c40f22f0034fe16134240827e69bfec3b02d,reference
arXiv:2407.20046,2f45a4a508e5e917fdfa6396783167c77625d517,reference
arXiv:2407.20046,df2b0e26d0599ce3e70df8a9da02e51594e0e992,reference
arXiv:2407.20046,0840bc126b6a8b0c65d33247e3ce3175563f2dc0,reference
arXiv:2403.15062,55be7ebc150e23c0a374c044713074624c521269,reference
arXiv:2403.15062,104b0bb1da562d53cbda87aec79ef6a2827d191a,reference
arXiv:2403.15062,faedb2a7f3563f29779dd057e5da57fef2a1d8aa,reference
arXiv:2403.15062,83edcfbb206ddad38a971d605da09390604248ea,reference
arXiv:2403.15062,348a1efa54376fa39053e5e25d52bd0eb6a0ba68,reference
arXiv:2403.15062,31f32b26e6b997f9d5691a8edc6ea86e434865d8,reference
arXiv:2403.15062,57e849d0de13ed5f91d086936296721d4ff75a75,reference
arXiv:2403.15062,964bd39b546f0f6625ff3b9ef1083f797807ef2e,reference
arXiv:2403.15062,094ff971d6a8b8ff870946c9b3ce5aa173617bfb,reference
arXiv:2403.15062,90abbc2cf38462b954ae1b772fac9532e2ccd8b0,reference
arXiv:2403.15062,5d4de0fa45aeddc31142e6a24666d06ed7923f1e,reference
arXiv:2403.15062,e816f788767eec6a8ef0ea9eddd0e902435d4271,reference
arXiv:2403.15062,a8af626ea0b3a4e0f56986e736e0ab24dbe9ede8,reference
arXiv:2403.15062,156d217b0a911af97fa1b5a71dc909ccef7a8028,reference
arXiv:2403.15062,3febb2bed8865945e7fddc99efd791887bb7e14f,reference
arXiv:2403.15062,1e077413b25c4d34945cc2707e17e46ed4fe784a,reference
arXiv:2403.15062,204e3073870fae3d05bcbc2f6a8e263d9b72e776,reference
arXiv:2403.15062,87f40e6f3022adbc1f1905e3e506abad05a9964f,reference
arXiv:2403.15062,e23c34414e66118ecd9b08cf0cd4d016f59b0b85,reference
arXiv:2403.15062,0995fc83865e03a592c21bd5f21ef15f9b3012d1,reference
arXiv:2403.15062,372fe9428dff788274081b00634d484db0c2fda4,reference
arXiv:2403.15062,6fe1587be4ff23e45169f129cfd4d5575b767da0,reference
arXiv:2403.15062,df2b0e26d0599ce3e70df8a9da02e51594e0e992,reference
arXiv:2403.15062,9405cc0d6169988371b2755e573cc28650d14dfe,reference
arXiv:2403.15062,cd18800a0fe0b668a1cc19f2ec95b5003d0a5035,reference
arXiv:2403.15062,6a630ac89d7c0a57eb7bf4cb30dd5946bcf3ccce,reference
arXiv:2206.05395,a6a7724763d8adba466519489b0b9d209e7f2d15,reference
arXiv:2206.05395,02f033482b8045c687316ef81ba7aaae9f0a2e1c,reference
arXiv:2206.05395,483927605b43cb9e33f785a11223581c5f8615b8,reference
arXiv:2206.05395,b6c4a96e09b9f11e7c70e7f1fbe3f3971b92762d,reference
arXiv:2206.05395,74fcb7f7fbc54b6211c99a0c2c2d74f8ec34cb12,reference
arXiv:2206.05395,07fd366a8ebdefe54cdb57d87c81dcd22de25a91,reference
arXiv:2206.05395,1fb985c6624bede346e05f9ef16aa4505731c330,reference
arXiv:2206.05395,db9715d147baf3fdd04830cfb7c88e30c07658eb,reference
arXiv:2206.05395,2c5bf29079cd958a2bef150077a02a1deb300652,reference
arXiv:2206.05395,ef3a96d8f42e8caa1994caba2e53ca98121b4d1f,reference
arXiv:2206.05395,07bcda1dff9bb696ea9cbc69303eee8bd3d85bd6,reference
arXiv:2206.05395,ed32242d76f0f52e3eace19b0314868f1d868b89,reference
arXiv:2206.05395,90abbc2cf38462b954ae1b772fac9532e2ccd8b0,reference
arXiv:2206.05395,bbd1134ee4f2d109bdce6e9a4f4a5d8df5b5804a,reference
arXiv:2206.05395,20b676b433448818d09febbd5e32ab4668c99417,reference
arXiv:2206.05395,f0246cf8b98251ae219d4e536a554fd0237b19a9,reference
arXiv:2206.05395,bc1f4c4e4839bf64158d599dce7d2bc95df58c55,reference
arXiv:2206.05395,80257b7d02ad4d6a762ebc0d7f1560e0ef182354,reference
arXiv:2206.05395,4ae52766028e69186052ea8f33a137fbbbdb986a,reference
arXiv:2206.05395,438a982c06e7490f9cb4e88cac4ae7cc570ef323,reference
arXiv:2206.05395,727c9d3846ebd80a9138d0e6c9e995d9afc1d312,reference
arXiv:2206.05395,a2a03a8fff4d818ecee4bc07d218f716d7e49696,reference
arXiv:2206.05395,d1aa325a5adefeba786d4c50a8ca9a8df9598f32,reference
arXiv:2206.05395,3d8413b64f45bb6f944e1063d83168e0eeb128b1,reference
arXiv:2206.05395,e04a80263d252a3d8a382ba37a249b9345620570,reference
arXiv:2206.05395,7a15950dc71079285a4eaf195de5aadd87c41b40,reference
arXiv:2206.05395,20e127a1d27617b2b8545a54c016ccf2b5170b78,reference
arXiv:2206.05395,75acc731bdd2b626edc74672a30da3bc51010ae8,reference
arXiv:2206.05395,4d16457cded23bce6eaa91cd17aefd22af2279f0,reference
arXiv:2206.05395,5019dbe8d1da5f128f4f373d6849095cf18fd519,reference
arXiv:2206.05395,de5aa227fb75dfb921ed554929f14cbd0c1bac9e,reference
arXiv:2206.05395,d077e76d2ab6623757c042037b179553ede9d6b9,reference
arXiv:2206.05395,3caf34532597683c980134579b156cd0d7db2f40,reference
arXiv:2206.05395,635cb6fb865e86c108c5d1d895aeac0e759eb199,reference
arXiv:2206.05395,d744edc7e5b2e01220b34ba0bd8240abdb3c36f6,reference
arXiv:2206.05395,6beecdef1a4fdffea7b588f80db8ee3393a21479,reference
arXiv:2206.05395,c3172ea74996bc7d390a1bebdc53e373db903b1d,reference
arXiv:2206.05395,b636795b33eb155670953c472e5b07d7e1935895,reference
arXiv:2206.05395,c1f552dac0ffde4f6d6a32fd755bfb22ca123ae4,reference
arXiv:2206.05395,82e39e2d8d6d7ce84a65f934f378a8d19b8ac0db,reference
arXiv:2206.05395,3b94efdce77e097d099de2528519059bab4b90df,reference
arXiv:2206.05395,dce91eb862d19a646b8f5171ec66e61a987f3b3c,reference
arXiv:2206.05395,57daffd65a5d73a439903f3e50950c21c9eba687,reference
arXiv:2206.05395,8822e9f20502d4e15c838a44e39e0386969b03ec,reference
arXiv:2206.05395,fd846869e6f25d9b1a524aef8b54a08b81a1b1fa,reference
arXiv:2206.05395,c3e37d91f76bffde82db6ae7765017e942e2e5f4,reference
arXiv:2206.05395,130277ff64c7171c90d98d7e73f4bda8a0b0c1f9,reference
arXiv:2206.05395,0e5346ecb85569995ddd926fe21458f35afc7cf5,reference
arXiv:2206.05395,101141b047d119ef9c8fda8dd83d3d9eb3fbfd1f,reference
arXiv:2206.05395,06236fa6fd407f4b629be41049c880a8569c20ab,reference
arXiv:2206.05395,be9aa06811f1438e8c6e2fcbed2f8aed06469f2c,reference
arXiv:2206.05395,6ab3f185d9e4f0c8cfa0331810e15f5db09035c3,reference
arXiv:2206.05395,f87de21b46683b5743c4d82af3c9cb8bbcd26f21,reference
arXiv:2206.05395,cf4aa38ae31b43fd07abe13b4ffdb265babb7be1,reference
arXiv:2206.05395,295065d942abca0711300b2b4c39829551060578,reference
arXiv:2206.05395,071a1d2898aa3a5628438f9f68a21a6cac4f7148,reference
arXiv:2206.05395,85ff214ac614b5163279431941b79927fb72433c,reference
arXiv:2206.05395,da487cccda0e5098ed8c3bfc5b7974914e628088,reference
arXiv:2206.05395,8059b85332572e60c8a1daa0ccb8ddc008513f00,reference
arXiv:2206.05395,58d34a4fb936ffe95917d8fb4016ff5e3520429a,reference
arXiv:2206.05395,a9a4a12900d0ac1063505bb28d5e0180d78a39a0,reference
arXiv:2206.05395,2d6c0f7774d9d30d4972f5dba1d6e5389b3ddd2f,reference
arXiv:2206.05395,132b07740db20df2c36d6f939d296a7e941feac7,reference
arXiv:2206.05395,a3ce3004a0eade48a3ae652dbf5c04a60c2416aa,reference
arXiv:2206.05395,c1a4c5380d90dc77064de6003cfb9611ad218600,reference
arXiv:2206.05395,7d41dbfa22eb5a425fc0ff27db41aaeb75b1201c,reference
arXiv:2206.05395,efa6c8c11a59284f584fbc8caa49f1bcc68deb01,reference
arXiv:2206.05395,e38b148e16053ec12bf7b5295c68da8edd4cde51,reference
arXiv:2206.05395,01e96a94b155be1bfde39aae92ab340b8cb8a0ba,reference
arXiv:2206.05395,49c34076336a5de8e195a9af933b925b5e16d46a,reference
arXiv:2206.05395,e79fbc3974827f3ea43a690221cd95fddefb7019,reference
arXiv:2206.05395,168a8a4b3006a760a9aa4cfe58c805c9086b8a30,reference
arXiv:2206.05395,7901d6a94751251eb959d0ac665e0cb28ed016d9,reference
arXiv:2206.05395,f1200a733652f744ba0d86ed38aafbdcbd9c2723,reference
arXiv:2206.05395,ea249d6793de488352858f11169bd718914731e1,reference
arXiv:2206.05395,92f44bfc47dbe6b377bc5f4981697cb18c50efdf,reference
arXiv:2206.05395,ba14fb3d369cd7e30233bba24b0757f6ee62f5bc,reference
arXiv:2206.05395,9ad258de58ac237c115fbfa0ee52650ba7a0bef2,reference
arXiv:2206.05395,1ea9f643171115e4a89e77c9a770c593f0794712,reference
arXiv:2206.05395,15919637566348de8ca1e054151c24cc864b0f0e,reference
arXiv:2206.05395,f1cba8a5a73c8151c2f5cb6edd5bc6a7c03e80fa,reference
arXiv:2206.05395,29de7c0fb3c09eaf55b20619bceaeafe72fd87a6,reference
arXiv:2206.05395,6db2b93a2d4007371030644173f1001c959214d2,reference
arXiv:2206.05395,6e187ded899fb4c0d02b55a711f3e3522a49f50e,reference
arXiv:2206.05395,c72582122ff631117a05deb2aefa04b01362e3fa,reference
arXiv:2206.05395,823f335eee85b42502c8c6cb3ce38b4ae274ef89,reference
arXiv:2206.05395,2b110fce160468eb179b6c43ea27e098757a56dd,reference
arXiv:2206.05395,1975ae6d8693eedfb07d5348798351fe51ab242b,reference
arXiv:2206.05395,35b2154900e2a5009015eed7f23a0eed13157664,reference
arXiv:2206.05395,9c5c89199114858eafbe50b46d77d38ffd03b28a,reference
arXiv:2206.05395,680bfa179c33d56f524c6adf9b7f7f5a62e5ef46,reference
arXiv:2206.05395,da2a88ecf2e1d17f2b2c33061127a74bdfc0a78a,reference
arXiv:2206.05395,86be5c90c4128ec59b1c320a16996bb5de68624e,reference
arXiv:2206.05395,8691706ad0cf5e83969658b2e6bfffdc379440c9,reference
arXiv:2206.05395,7f4afc1bf3272ae6ec00b46e27efc4a4f6b0826d,reference
arXiv:2206.05395,6c7046195f64cccac1ed3275d88d77655534b5a4,reference
arXiv:2206.05395,c88e8d85fd5160b0793598bda037f977366acf7a,reference
arXiv:2206.05395,15dff25a59e0953ae732917c25ba99866eddaf5e,reference
arXiv:2206.05395,9b4a861151fabae1dfd61c917d031c86d26be704,reference
arXiv:2206.05395,41232a69c0f8d4b993e6c6e00b16c223442c962f,reference
arXiv:2206.05395,f4faa5a838afb1d6d15b77d2c122818e4b6d642b,reference
arXiv:2206.05395,0e4f4869853c5f0d9d1d740481b0be196b4bec4f,reference
arXiv:2206.05395,b7487e6b40b5d422839727097e90e0f06145de0d,reference
arXiv:2206.05395,d70f563e44a98345fa27f6a681eaa277a8cdf986,reference
arXiv:2206.05395,63009f684c261015d90da167a46f59d5ed4f3562,reference
arXiv:2206.05395,ce1a0c396251be282e5d805443f0d32f0d858bf8,reference
arXiv:2206.05395,fb39923f6a4cdb486da5b579c5f8e2c500f36a35,reference
arXiv:2206.05395,0b6beeaf86ce324d21f6276b470feb3ac7962774,reference
arXiv:2206.05395,13395213d47f78672ab4e81573f2b0fa0cfc8c6d,reference
arXiv:2206.05395,9d0fbb8ddc10e473bb878af1493af7bb7d0c5f66,reference
arXiv:2206.05395,d7f55400fd032d182d465eee91581d5ab845a95d,reference
arXiv:2206.05395,89b139b8b507bdfb8f57b9cc0f09bfcf859bc966,reference
arXiv:2206.05395,204e3073870fae3d05bcbc2f6a8e263d9b72e776,reference
arXiv:2206.05395,4c16a6fd7b4aad8c1331e4753b30701fdf6d12f4,reference
arXiv:2206.05395,032274e57f7d8b456bd255fe76b909b2c1d7458e,reference
arXiv:2206.05395,66721162f712690bb10928132d402d9bd4460c1b,reference
arXiv:2206.05395,6ae02cc5e82e0d50b577717b402607e3aa69a547,reference
arXiv:2206.05395,a1999b7fe0bcdd1594e86f9906d68d636201636b,reference
arXiv:2206.05395,7b221cce8fdbc1105956b27c938730fce8c1fc10,reference
arXiv:2206.05395,668db48c6a79826456341680ee1175dfc4cced71,reference
arXiv:2206.05395,82f9637e263251b2387c8e0c87b942bd1b6c3bdd,reference
arXiv:2206.05395,d13bb317e87f3f6da10da11059ebf4350b754814,reference
arXiv:2206.05395,2a215755d7548ffc82079ce734c4ac60b62f6f56,reference
arXiv:2206.05395,9fedfd9914e90d6716645f6cdce127878a143f54,reference
arXiv:2206.05395,176f1d608b918eec8dc4b75e7b6e0acaba84a447,reference
arXiv:2206.05395,086fa2fe3ee2a5b805aeaf9fbfe59ee8157dad5c,reference
arXiv:2206.05395,54f5e32631f768674617250e05dc261fe8fa9b69,reference
arXiv:2206.05395,1bc49abe5145055f1fa259bd4e700b1eb6b7f08d,reference
arXiv:2206.05395,a3a8f179b8589ea51aa553722daf82f87210abc4,reference
arXiv:2206.05395,fd307fd1f1c6c3d66fb8cbc6baeeffe70cbac982,reference
arXiv:2206.05395,30e0b5cb62be2dc2c14d3ecae7cccceddfeab4c8,reference
arXiv:2206.05395,e4dd95c4341ec7d14317a3d97022773a0822906c,reference
arXiv:2206.05395,3cfdec4f1664fcdc20fd5a6d3f86e7b40cf19f70,reference
arXiv:2206.05395,c78468c2f87efabf8845ccd210ced364d45e5eab,reference
arXiv:2206.05395,83e7654d545fbbaaf2328df365a781fb67b841b4,reference
arXiv:2206.05395,29260b18158c7207c10155024e05a7348da9e241,reference
arXiv:2206.05395,3a29aa4eff48624752c07059a44d3288a678c8ab,reference
arXiv:2206.05395,ac6275273d87fbf75598be6a7ea85e8ca55ba26a,reference
arXiv:2206.05395,f5c1a53daef462ce1120d64c13aa11ed88702547,reference
arXiv:2206.05395,1298dae5751fb06184f6b067d1503bde8037bdb7,reference
arXiv:2206.05395,ceb154e8f8ac411914f3327d67257776db3aa413,reference
arXiv:2206.05395,609e0f0e60ddfe83fdc71bf5397205323888289d,reference
arXiv:2206.05395,129cbad01be98ee88a930e31898cb76be79c41c1,reference
arXiv:2206.05395,1ea75cdb7ce8c4f5f2599165e3698034b4142e08,reference
arXiv:2206.05395,f37076f426023241f19cdc2fb0a0fd733a6fa7fa,reference
arXiv:2206.05395,a2d5c3d4e14e5163cb653a54fbd174e94d8abc18,reference
arXiv:2206.05395,6704d01bb7788b67bec3194962a57693766bd417,reference
arXiv:2206.05395,b7aee9dfb027d6061c6a653684c0fa9a9bba750d,reference
arXiv:2206.05395,d82b55c35c8673774a708353838918346f6c006f,reference
arXiv:2206.05395,39e0c341351f8f4a39ac890b96217c7f4bde5369,reference
arXiv:2206.05395,651e5bcc14f14605a879303e97572a27ea8c7956,reference
arXiv:2206.05395,1ac30af5522c7a50ec4d1ee43fd2bd8652a9bd52,reference
arXiv:2206.05395,bf9ed360113274aa9746511d4d1e3fc8ab385f75,reference
arXiv:2206.05395,17f5c7411eeeeedf25b0db99a9130aa353aee4ba,reference
arXiv:2206.05395,66021a920001bc3e6258bffe7076d647614147b7,reference
arXiv:2206.05395,4af6bbbc01d4e5882b84963fb37a98f6dce2933b,reference
arXiv:2206.05395,7d0684b19ba46e739e28baa1e180c008226f793a,reference
arXiv:2206.05395,921da70f380e9f9082e5594b128369cfd0fdf120,reference
arXiv:2206.05395,229ec55602143271867682d181ec35f2e43e06e8,reference
arXiv:2206.05395,e8679859bf0ad6ca4253603d05462838957733fb,reference
arXiv:2206.05395,6b39ac1661186db89bd956274d91a9f704849fd8,reference
arXiv:2206.05395,a57986e338f0a43a9ae02fb20efbb1cea8054289,reference
arXiv:2206.05395,7533d30329cfdbf04ee8ee82bfef792d08015ee5,reference
arXiv:2206.05395,60b05f32c32519a809f21642ef1eb3eaf3848008,reference
arXiv:2206.05395,6c2b28f9354f667cd5bd07afc0471d8334430da7,reference
arXiv:2206.05395,d7da009f457917aa381619facfa5ffae9329a6e9,reference
arXiv:2206.05395,8d350f2d767a70d55275a17d0b3dfcc80b2e0fee,reference
arXiv:2206.05395,26d5981f7da4b508961aea01d53cd60e2202ff2d,reference
arXiv:2206.05395,df2b0e26d0599ce3e70df8a9da02e51594e0e992,reference
arXiv:2206.05395,9405cc0d6169988371b2755e573cc28650d14dfe,reference
arXiv:2206.05395,f9de0d4a5adefc59bfb033f162d8a4a5212882cf,reference
arXiv:2206.05395,c68796f833a7151f0a63d1d1608dc902b4fdc9b6,reference
arXiv:2206.05395,bf0f141bae83bd6d5ca0c37839d53f0d06059b34,reference
arXiv:2206.05395,99b9fc2f7619d0b0dc5106ea742e27f7f6a1a677,reference
arXiv:2207.10245,62394648facd628a87021a7ef803d0e6efeddee5,reference
arXiv:2207.10245,fd1b829261ba04bb92e0ab60c4f6e7cea0d99fbf,reference
arXiv:2207.10245,db742f7c4f7edd24e77482560df7d09c9033b3da,reference
arXiv:2207.10245,d7aa0383dd5ed751bda53bbe5caacf68d6325956,reference
arXiv:2207.10245,0f71a4fa9736ae916e6aef53045f6be4c901b0ff,reference
arXiv:2207.10245,ca2f1088d3e581b2c6c75cf0ebc96506d620f64d,reference
arXiv:2207.10245,497d29459a894ac38a48ed58753976ccbf2aa433,reference
arXiv:2207.10245,db1afe3b3cd4cd90e41fbba65d3075dd5aebb61e,reference
arXiv:2207.10245,71a85e735a3686bef8cce3725ae5ba82e2cabb1b,reference
arXiv:2207.10245,3d864a8bc5a55ccab9993aa66203d8e70b88148c,reference
arXiv:2207.10245,d47a682723f710395454687319bb55635e653105,reference
arXiv:2207.10245,90abbc2cf38462b954ae1b772fac9532e2ccd8b0,reference
arXiv:2207.10245,64a3fd2b73720467ffb29b2da85f5e9073842bfc,reference
arXiv:2207.10245,868c3a07ca240ad66d953bfb5094ad962f1cdca4,reference
arXiv:2207.10245,e969aa3422a49152c22f3faf734e4561a2a3cf42,reference
arXiv:2207.10245,039b1c1210c437f3b3ce6e0275ee2137bf5b951c,reference
arXiv:2207.10245,734ce969c35feabd4e7d781657ffd48304819dc3,reference
arXiv:2207.10245,b5fcd192bb6a714433eab1b56bf968fae0f98979,reference
arXiv:2207.10245,72b642fada39be45dd7cf05b8520d58fe12b5e23,reference
arXiv:2207.10245,a2ce1fb96c0b78bee18bb2cb2c3d55dc48d54cbd,reference
arXiv:2207.10245,742b501ce3cee83ef610aec9e51a889f8fd2418a,reference
arXiv:2207.10245,97906df07855b029b7aae7c2a1c6c5e8df1d531c,reference
arXiv:2207.10245,69accd35f2ae56aa71ceaa5abeb814fcedc8a58e,reference
arXiv:2207.10245,e235ad7dcf6e97cd372f09724dc947c5b1efac79,reference
arXiv:2207.10245,5e9c85235210b59a16bdd84b444a904ae271f7e7,reference
arXiv:2207.10245,44fc8d79fb8e0f8c6c6f680179b5803a789c6227,reference
arXiv:2207.10245,babbf74939612ee2f0203c30a190b4b95881415b,reference
arXiv:2207.10245,fef9d9eb2d527174ac5b329b0a044e98a1808971,reference
arXiv:2207.10245,9967cb4fd949039c6f04dd9f2f4c3331dbebe6f7,reference
arXiv:2207.10245,0be19fd9896e5d40222c690cc3ff553adc7c0e27,reference
arXiv:2207.10245,3d42ddf7c5ce59ae04d1d27085be9f736d1be04b,reference
arXiv:2207.10245,c7330852a07170cd0e6990f5fbde5fca12b6ccd6,reference
arXiv:2207.10245,5966d7c7f60898d610812e24c64d4d57855ad86a,reference
arXiv:2207.10245,63e39cdf1ad884da6bc69096bb3413b5b1100559,reference
arXiv:2207.10245,ccf6a69a7f33bcf052aa7def176d3b9de495beb7,reference
arXiv:2207.10245,ef5fa2e95fc853defb902b58d8e4e4fe95a01c75,reference
arXiv:2207.10245,165111af64a34d5769f3ee8cbeada5c6618cf8c7,reference
arXiv:2207.10245,0d604aae99779dc6f78a2155471a1ec4390c42f8,reference
arXiv:2207.10245,734f0b04e64b3c93f321aa250902bf3f944dd358,reference
arXiv:2207.10245,a9f30dd169e8090c64266f5d2da81f0595f74445,reference
arXiv:2207.10245,2e9d221c206e9503ceb452302d68d10e293f2a10,reference
arXiv:2207.10245,78d08b8ab4132defffe98ec7f80a51452203f70d,reference
arXiv:2207.10245,4f8c82a5d0c4ba044a5f1b3ce8d8ba23c34057d1,reference
arXiv:2207.10245,cbc4266795a13b6124294e0fb15bfcdcc29417e2,reference
arXiv:2410.08851,4829b73a47be18f73e9e8d90f3c23c8f84d0fccb,reference
arXiv:2410.08851,9e540662619327a3056d9e40bb58058868f6f805,reference
arXiv:2410.08851,5c002fd415b0284fe188dbd5d57a0acbed06de55,reference
arXiv:2410.08851,71bc0c97c20fffce796a355b16bd202987260029,reference
arXiv:2410.08851,600ff4c4ae9fc506c86673c5ecce4fa90803e987,reference
arXiv:2410.08851,fd81018bc72b030545a2d3f3010f3758ec4d48c3,reference
arXiv:2410.08851,2d3bc530d8f1ed36932a70bc362ea94d988adec9,reference
arXiv:2410.08851,0d1c76d45afa012ded7ab741194baf142117c495,reference
arXiv:2410.08851,ed38c6b157c11476939c426ec6871c926f2f3524,reference
arXiv:2410.08851,49b499598a8864eee55ab264fc16a5bf8d2f87ef,reference
arXiv:2410.08851,4e263b4cd6998bff2501dd143e685f413179b12d,reference
arXiv:2410.08851,57d1e7ac339e783898f2c3b1af55737cbeee9fc5,reference
arXiv:2410.08851,90abbc2cf38462b954ae1b772fac9532e2ccd8b0,reference
arXiv:2410.08851,dce6f9d4017b1785979e7520fd0834ef8cf02f4b,reference
arXiv:2410.08851,142dad2d2e8e5060eb9561b7744cbc5b4bb90990,reference
arXiv:2410.08851,ab90806c8e575f16197a227feb73fd843a6b52a8,reference
arXiv:2410.08851,153b1a4325706f0918a436f174b7db7d69fe562d,reference
arXiv:2410.08851,313403e9f47b7c162aa7b35a4545d2080e80dd20,reference
arXiv:2410.08851,aa64ecc2d1d8a0c3b429da35f5b221a6d7d5dd97,reference
arXiv:2309.13734,5e71d0e85f65a1c0fb2af7bff281209122c58932,reference
arXiv:2309.13734,bc6b616d571b09756de76c1711f6435790aa5678,reference
arXiv:2309.13734,1e12fcff9c7d6a1bad379da6d3368ee605081903,reference
arXiv:2309.13734,b402e8e79836f5e62f6a59a2319b5bc0b43f805a,reference
arXiv:2309.13734,78eaced1b4008b4227831adcccd39da4322e969e,reference
arXiv:2309.13734,db633c6b1c286c0386f0078d8a2e6224e03a6227,reference
arXiv:2309.13734,c65a64ea1be8dd654e2685f9bfea4c5118a98804,reference
arXiv:2309.13734,104b0bb1da562d53cbda87aec79ef6a2827d191a,reference
arXiv:2309.13734,a2a53a3d328b8b72672626a4c4d50f721418e6d7,reference
arXiv:2309.13734,2922768fd451ecdb45f48c1a83eb57f54a91221b,reference
arXiv:2309.13734,a0a79dad89857a96f8f71b14238e5237cbfc4787,reference
arXiv:2309.13734,c7809011e1f5f52c08b424f8f9a693d1ac694830,reference
arXiv:2309.13734,fb0474569c14a4af8dc94f231dc6074fb5bec63a,reference
arXiv:2309.13734,44b17e06fc7fbc87dd30e4a08f41507764f97e3e,reference
arXiv:2309.13734,7d40189f3fa56728b8d210628e98fc204961778f,reference
arXiv:2309.13734,154493f69d7db3d49da0e51df0192c6ad5f1724a,reference
arXiv:2309.13734,76b19363b10d7ea783e4a6494eae40d73c8e9628,reference
arXiv:2309.13734,08b85bce712168998004ee80ce4e475390413c74,reference
arXiv:2309.13734,d6b98ba431785cc740eb8b64b259d052c18bce8e,reference
arXiv:2309.13734,2874422b6b822631106d6d4b0cea7f356787c107,reference
arXiv:2309.13734,e7a8e426709967154c00c0529e0e9fd9ffdd0e95,reference
arXiv:2309.13734,3800e40b254746c8d3e3c1e9083d183c88a1f437,reference
arXiv:2309.13734,f1c585407993529c46b963b905aad3f36323876e,reference
arXiv:2309.13734,b21670e8061a06ab97e7d6052c9345a326e84ff8,reference
arXiv:2309.13734,29b77089a0a40f46372ce2dca9c3bb2dd5d46b1d,reference
arXiv:2309.13734,7134803a8a5987b5ee0bbb0b4514efd7cac635ff,reference
arXiv:2309.13734,1b6e810ce0afd0dd093f789d2b2742d047e316d5,reference
arXiv:2309.13734,109217e18523c50ace18d72fd10574265eb5526d,reference
arXiv:2309.13734,6f658a5116b8c7d4577bd19ec49dfc0eca603bfe,reference
arXiv:2309.13734,54a5ddc8bde3f8948c1d78758629bc57c9a6dd76,reference
arXiv:2309.13734,a8ca46b171467ceb2d7652fbfb67fe701ad86092,reference
arXiv:2309.13734,c80f6f1cc4d05068e5f564c61450c9f192ea7a52,reference
arXiv:2309.13734,0adec918885dff698acf359988ed79a543157f80,reference
arXiv:2309.13734,d7ac65d335b5d847f4f5826313a8732bc7abc7a8,reference
arXiv:2309.13734,9c860cdbd0a29551f39aee022c9064ec0e89d30d,reference
arXiv:2309.13734,d96bfe79014861c62b54103da38baa71d77f717e,reference
arXiv:2309.13734,b0abfea72ea5a0c13b49bbfc2c06e2efb7273e40,reference
arXiv:2309.13734,6c125ddf8fdf6e26a74ee77359d947c9449a259a,reference
arXiv:2309.13734,90abbc2cf38462b954ae1b772fac9532e2ccd8b0,reference
arXiv:2309.13734,57778c196aca71a82c48a58522ac535c1ce53a06,reference
arXiv:2309.13734,15699a8f5fd90fa6dae893d4cd5f144f77e92015,reference
arXiv:2309.13734,dc52b09089704ebd6f471177474bc29741c50023,reference
arXiv:2309.13734,f392f8c05692b49d3294be28f50c3fede9820f46,reference
arXiv:2309.13734,45127e6458715b1350aa3138714c3f24b2b38432,reference
arXiv:2309.13734,179374a65e7abd6b6fb7d316a4666fd99919d9da,reference
arXiv:2309.13734,cc536ec2249420a725449c161384a2025e6f0672,reference
arXiv:2309.13734,d07284a6811f1b2745d91bdb06b040b57f226882,reference
arXiv:2309.13734,e7fd6848cb29ca221a7e17d823e06fb566f1f135,reference
arXiv:2309.13734,09c407921da247939ab555bf27de8a6d23fc9758,reference
arXiv:2309.13734,c522d992fa71ce163bf90db9ca1861e0805f2b5b,reference
arXiv:2309.13734,fde1b0aa9d347d638944e09080e1cb8cd8538d98,reference
arXiv:2309.13734,0a1d3edb53e429e890b68ebcab26f36dbbf11b29,reference
arXiv:2309.13734,d16b75ab2c4c5560212cea1eb9633abedfeaf4c5,reference
arXiv:2309.13734,37acbbbcfe9d8eb89e5b01da28dac6d44c3903ee,reference
arXiv:2309.13734,e50893c5a3ad950a1e0adbb59086948043b5c517,reference
arXiv:2309.13734,268857f94994b908446d3aa74de32161c4bcf80d,reference
arXiv:2309.13734,016c0da42e7fac7b3a05760b7cfbbf72062248a0,reference
arXiv:2309.13734,37614b2167abd06f87dd97c1f4b84e144111b745,reference
arXiv:2504.07887,b8ed23a40c90ce370decc147bea9555fa3c90b0a,reference
arXiv:2504.07887,6857967fdf76a970beedbdb841d6ac56192b289e,reference
arXiv:2504.07887,6485be47d22b7c2b07886af397c460e81f4d29a5,reference
arXiv:2504.07887,cf01d7c40cbf815de0f62fa78c2352ba546ad680,reference
arXiv:2504.07887,bee5db90312bc27ce5a444ffe28c8d167fd39a7d,reference
arXiv:2504.07887,9c3a4973299038c66dfe7df6ee028018a55ace5e,reference
arXiv:2504.07887,55b74ba220a782b255960b7cc67a6aa9513710e0,reference
arXiv:2504.07887,40e8af970329135ec95057d73e239dab805ad128,reference
arXiv:2504.07887,ec2ce4e38af8bc82f1b8928ba51a84911bad0cc6,reference
arXiv:2504.07887,c65006fe77fc64cbb0bbc80f0b196969fb668dee,reference
arXiv:2504.07887,523b8635597d6c0bf05fd0e3f35f3a18d2748a24,reference
arXiv:2504.07887,5ba130279094e4766d0bbac5b4915d595cc84ed7,reference
arXiv:2504.07887,3c7de2b2d9092e7ac7503067bdb708235f0bd91f,reference
arXiv:2504.07887,68ccf70f9e3193eb11687bb8e12509641dd40652,reference
arXiv:2504.07887,85cd8f7b708bdb2a4d7bb5ae868b402c34d792d6,reference
arXiv:2504.07887,dfc9bb24627d1dd61c8d495cd86a874a2a1130ad,reference
arXiv:2504.07887,f13c1e64bf3b82cd8a3124f520393b0507c8c9da,reference
arXiv:2504.07887,ce0cbb754f5d172b05bedad959c7e759b3e73dcd,reference
arXiv:2504.07887,566892d844b6c474aed5c27672a788f2ed1bd741,reference
arXiv:2504.07887,7a63385cfdb5c7ecd6b78e3eadb832c4b92ba62b,reference
arXiv:2504.07887,c7830808c6342d673ebc318a179195018d3b5d11,reference
arXiv:2504.07887,2fe4d4af4af051fe90a472efad66a2dc692e1c21,reference
arXiv:2504.07887,8b28792f8405b737229afb92c99c579b86d8aa98,reference
arXiv:2504.07887,14e8cf5a5e6a7b35e618b08f5cf06f572b3a54e0,reference
arXiv:2504.07887,468c1d2d8e384472f313ff0487839839727b8934,reference
arXiv:2504.07887,cf5bfdb0bfbf2f3b42a131a40372212217eea3d3,reference
arXiv:2504.07887,69ecf88a0d9752db7dc32b4917ee24b4974cea18,reference
arXiv:2504.07887,4637f79ddfaf923ce569996ffa5b6cda1996faa1,reference
arXiv:2504.07887,9ebf47129c15f61f4b77bbfe305c522480c20347,reference
arXiv:2504.07887,5001630bcc65e8e0e621b19625629a2689724743,reference
arXiv:2504.07887,f3f23f7f9f5369aade19f20bc5d028cce7b9c9aa,reference
arXiv:2504.07887,764fc56883bf83392cac99a7b5a264ac9fe2cdc5,reference
arXiv:2504.07887,d55ed10e6a77e8f0a2359eb92221915f56481843,reference
arXiv:2504.07887,e65d911a698c406e2ebfa3262e11f223fe70053b,reference
arXiv:2504.07887,bcfa73aedf1b2d1ee4f168e21298a37ac55a37f7,reference
arXiv:2504.07887,cf852c18387cfcdcb3cb3bb5ba6a549b35766c33,reference
arXiv:2504.07887,d2e57d6ba6989ed3e76884f3d0e0e77ba3118528,reference
arXiv:2504.07887,888728745dbb769e29ed475d4f7661eebe1a71cf,reference
arXiv:2504.07887,a0a79dad89857a96f8f71b14238e5237cbfc4787,reference
arXiv:2504.07887,38d64919ba526868a850a0e5f6239d4c474b7e7e,reference
arXiv:2504.07887,ce913026f693101e54d3ab9152e107034d81fce1,reference
arXiv:2504.07887,6d0656d9bb60a2bea50c4b894fbcc5d1e32134e7,reference
arXiv:2504.07887,16d83e930a4dab2d49f5d276838ddce79df3f787,reference
arXiv:2504.07887,6c7ba2af4b3e472bd8a5717367b88dcdd4abbd31,reference
arXiv:2504.07887,5c7353fac22a8fdc43fc2f5c006b5d6902c47e75,reference
arXiv:2504.07887,8b430ae5af9d7991cb3e698b2b30296fdf43dd15,reference
arXiv:2504.07887,50c38435e38c227e9e8917f67aa6e0aca915b544,reference
arXiv:2504.07887,4f76d26369ee573cb03db4b9f6e4ab5d61806095,reference
arXiv:2504.07887,ce3b364b7e6358940ce97d8d5887a65e5024ca21,reference
arXiv:2504.07887,4c2733d191e347753bb28afa46a1c55c65e085be,reference
arXiv:2504.07887,645bd6eadc247989abc5e0b0aa0be79ec8b11ea6,reference
arXiv:2504.07887,7ea0e91c5d5dc73f2133bc46d7ebb6cb83034dae,reference
arXiv:2504.07887,90abbc2cf38462b954ae1b772fac9532e2ccd8b0,reference
arXiv:2504.07887,babeda48b10a4d638252118f2238d05a06f4ec55,reference
arXiv:2504.07887,0e141942fa265142f41a2a26eb17b6005d3af29e,reference
arXiv:2504.07887,0090023afc66cd2741568599057f4e82b566137c,reference
arXiv:2504.07887,a2ce1fb96c0b78bee18bb2cb2c3d55dc48d54cbd,reference
arXiv:2504.07887,a4e67bcbf912e13cebbb1241d05d1ca0a1df9df8,reference
arXiv:2504.07887,5e9c85235210b59a16bdd84b444a904ae271f7e7,reference
arXiv:2504.07887,5966d7c7f60898d610812e24c64d4d57855ad86a,reference
arXiv:2504.07887,7e7343a5608fff1c68c5259db0c77b9193f1546d,reference
arXiv:2504.07887,58d3ba1d82639c9486d070f6c7ea93201fbc935a,reference
arXiv:2504.07887,5b6fdb2aea424d02c141da81d62b04d739d62b96,reference
arXiv:2504.07887,be4adc35746c179eb4e660894f7af0ced88b6bdb,reference
arXiv:2504.07887,d9edbb08ae596b4259ce9786e34bd91339011b82,reference
arXiv:2402.04477,3d68522abfadfc8ee6b7ec9edaaf91f1b2f38e5e,reference
arXiv:2402.04477,f4e612658bde9db88abfd455b99f181fdc536996,reference
arXiv:2402.04477,f5920b5144f5a06bc3cbc090894d6281dafc7cf0,reference
arXiv:2402.04477,49b499598a8864eee55ab264fc16a5bf8d2f87ef,reference
arXiv:2402.04477,d766bffc357127e0dc86dd69561d5aeb520d6f4c,reference
arXiv:2402.04477,efdb1539b7b354abe4a66488600893770eac0456,reference
arXiv:2402.04477,db1afe3b3cd4cd90e41fbba65d3075dd5aebb61e,reference
arXiv:2402.04477,ee2a011810b5442c28b66f97422564de02a4e319,reference
arXiv:2402.04477,982e937583efffc247bab32a8f0156863beb22a6,reference
arXiv:2402.04477,90abbc2cf38462b954ae1b772fac9532e2ccd8b0,reference
arXiv:2402.04477,e6c561d02500b2596a230b341a8eb8b921ca5bf2,reference
arXiv:2402.04477,0052b31f07eda7737b5e0e2bf3803c3a32f3f728,reference
arXiv:2402.04477,1125f2f2f88363b96dab8ddddd70a1ccf1ba900e,reference
arXiv:2402.04477,5f3bcff2f4ce3130df160719c096bfe942b06f58,reference
arXiv:2402.04477,5b139de309dadb501c916b3a9583b5681fe20f0f,reference
arXiv:2402.04477,3b4e8ffaa99bd3884d64680841756a1926ac7c69,reference
arXiv:2402.04477,e4d3ac13b4c964916ae424911f579ddbe2657bc0,reference
arXiv:2402.04477,6641effd16090636545e8db992cc0ce017b8788f,reference
arXiv:2402.04477,df2b0e26d0599ce3e70df8a9da02e51594e0e992,reference
arXiv:2402.04477,9405cc0d6169988371b2755e573cc28650d14dfe,reference
arXiv:2402.04477,3fd5a5278ad466849841341a71920723cf1ebce2,reference
arXiv:2402.04477,12fc53fe5d94ce80125d33258b5bff84115fbe47,reference
arXiv:2402.04477,51cf997f62525a6e38f12c5ca35dbcedf4bf5a4d,reference
arXiv:2402.04477,4574d77fff19e093782178595a8988a7f3aa1969,reference
arXiv:2406.11193,27a6a9310b77bbcf9d9669542a93a8a4926d28fc,reference
arXiv:2406.11193,8c90e1465917674076f860b707f396c1ad6d56b9,reference
arXiv:2406.11193,9a52c442f5ffb9429f76723f0a1fa5b33ff76710,reference
arXiv:2406.11193,29c8873ec974145a3a2f847b105b5cff0d8dd85b,reference
arXiv:2406.11193,48c94ddaecbb102ed200e0f08044aa271f9fb199,reference
arXiv:2406.11193,45cf873fa2e75201594099a4ded4d7d8156a0659,reference
arXiv:2406.11193,de16e22ddd79fe45df535bcde21566d972187baf,reference
arXiv:2406.11193,96edfa3441bb3624ea2b8bdfc5eec2c87efa9637,reference
arXiv:2406.11193,e88efdfc05d0d8832b2ded7af9c8ececdd03e58d,reference
arXiv:2406.11193,616c67778ccbf77845883c3a0e6a14aa7140a652,reference
arXiv:2406.11193,2c9bdb69274cc4baf7d9df8ebfc86fc6bf35d0f1,reference
arXiv:2406.11193,9efb7fa3a46619cd21dd69c29cc7f45b2e5dcb50,reference
arXiv:2406.11193,e1a083f8a8faa6b86a381c4a76fc5f4d16308bb5,reference
arXiv:2406.11193,d0a5a6a5b5540967d6f12651aebd446e4c0dc807,reference
arXiv:2406.11193,38449fadc86ae2a469fecdddf1351c82907078db,reference
arXiv:2406.11193,48da5f9e5e8953f3c0d5855e2cd033541fc898c1,reference
arXiv:2406.11193,124d4d374fbef2016fa9880489871a58a7450644,reference
arXiv:2406.11193,8946891e94831adc8cddb0d32311cce2445c96d2,reference
arXiv:2406.11193,628b131f8f309d583ccf1da268f520c051169ddd,reference
arXiv:2406.11193,f840eb1c5ab5cd76b52f4935094161cb0784ca4f,reference
arXiv:2406.11193,104b0bb1da562d53cbda87aec79ef6a2827d191a,reference
arXiv:2406.11193,5d321194696f1f75cf9da045e6022b2f20ba5b9c,reference
arXiv:2406.11193,f22d71c7ce9720ba1f717a4f1181488200e78198,reference
arXiv:2406.11193,8bd6a2a89503be083176f2cc26fabedb79238cbd,reference
arXiv:2406.11193,762ca2711eb167f19b79e39c175708ca15e1f5d7,reference
arXiv:2406.11193,c4cb3f7056f1216c1ddfbe4b9e55cbc07a1e43b9,reference
arXiv:2406.11193,4c2668b3ae22fa592716480ec56012775b139f52,reference
arXiv:2406.11193,57b064db445c8c1e6b08bc7a8499e6f2c8b67dbc,reference
arXiv:2406.11193,abc6e5b86406e87b09a9520e1757d6db4c7fa08a,reference
arXiv:2406.11193,a3b42a83669998f65df60d7c065a70d07ca95e99,reference
arXiv:2406.11193,2e7be2911be7c6c8b8016aa30953d479649f1ffe,reference
arXiv:2406.11193,ff56dfdbc8b86decbc6119d96c1097c0fef56ecd,reference
arXiv:2406.11193,39b492db00faead70bc3f4fb4b0364d94398ffdb,reference
arXiv:2406.11193,6f870f7f02a8c59c3e23f407f3ef00dd1dcf8fc4,reference
arXiv:2406.11193,268d347e8a55b5eb82fb5e7d2f800e33c75ab18a,reference
arXiv:2406.11193,b40bfcf339de3f0dba08fabb2b58b9368ff4c51a,reference
arXiv:2406.11193,56d1003fd02346e93354ab55cd204485c268512a,reference
arXiv:2406.11193,3b504f939e55d567652737ef093c1087cd40689b,reference
arXiv:2406.11193,1015e77ecc84237515cccf9fc583796c38584c28,reference
arXiv:2406.11193,0033346700dc450ac22c9b704eab0e906d868662,reference
arXiv:2406.11193,c5489d244bfc1e9b0d8c94bf6dd774ee1aca2def,reference
arXiv:2406.11193,204e3073870fae3d05bcbc2f6a8e263d9b72e776,reference
arXiv:2406.11193,744464cd6fa8341633cd3b5d378faab18a3b543a,reference
arXiv:2406.11193,664ec878de4b7170712baae4a7821fc2602bba25,reference
arXiv:2406.11193,7e232313a59d735ef7c8a9f4cc7bc980a29deb5e,reference
arXiv:2406.11193,97ad70a9fa3f99adf18030e5e38ebe3d90daa2db,reference
arXiv:2406.11193,696ca58d93f6404fea0fc75c62d1d7b378f47628,reference
arXiv:2406.11193,a538b05ebb01a40323997629e171c91aa28b8e2f,reference
arXiv:2406.11193,b10c9dda1e100b20e4ae4b1ed454221b75ddf43b,reference
arXiv:2406.11193,2845c94a0cbc85dedb7b6f7b8f0167ee74fa3946,reference
arXiv:2204.05717,72f09bfb22bb81bf9a29dccb59cf0789adc45296,reference
arXiv:2204.05717,2d489546cd62964fbc724ece272e6500d1f31cc5,reference
arXiv:2204.05717,3b4a5214237b30e9ac2dfe6839a3118590241116,reference
arXiv:2204.05717,e4ed8bf2155d35ee83a769b9c8f48fb299afc1d8,reference
arXiv:2204.05717,0c4442693f2403d5f4c44c06663200f0b82324d5,reference
arXiv:2204.05717,ba233d75aa403092bda0bffc026be7913673ad69,reference
arXiv:2204.05717,16af57bf06ebcba08fb50fd0582df93cab5ada89,reference
arXiv:2204.05717,a0895e9555527e30b82a8c66b6993683c6cabe14,reference
arXiv:2204.05717,77c1fd8dd9de152168f61420ba00310ce6492450,reference
arXiv:2204.05717,650424fc670cf2c8b1535d518c5e760d07ac88f5,reference
arXiv:2204.05717,05aeaa675d36a1ead5e53bbc209b6be8bc9e31ad,reference
arXiv:2204.05717,b4438df23f883e5c65af33a9e0e6be3573728ea3,reference
arXiv:2204.05717,e4539f4015a3d0c309ca8d76525e87db1da03dc9,reference
arXiv:2204.05717,5a2263092f49540fd0e049050a96882ff29b00c3,reference
arXiv:2204.05717,6fec3e579c7cd4f13bdabbee2b6ac2e8ff5941c6,reference
arXiv:2204.05717,fb42361ee105c8fbd1beee5d0d2ec24603945ba3,reference
arXiv:2204.05717,980522c51957b0ff155b828646d01dfb96b85b18,reference
arXiv:2204.05717,b3d09932d6cac808d0ef574b1521ff18dba5481b,reference
arXiv:2204.05717,83df30bae85fd5888665387310a04abc35207568,reference
arXiv:2204.05717,b5d7a19bd0bae10917a8e294960fdacf224d64fe,reference
arXiv:2204.05717,e4eee723f12f77ed8b2f6ffc3df0ec4b79473863,reference
arXiv:2204.05717,b54315a22b825e9ca1b59aa1d3fac98ea4925941,reference
arXiv:2204.05717,7ee0a337faec1d87bbb15d84856a43a4aa64ac65,reference
arXiv:2204.05717,87f40e6f3022adbc1f1905e3e506abad05a9964f,reference
arXiv:2204.05717,bedf34474970f22b87605659f939732cbf1b2b4b,reference
arXiv:2204.05717,cb9cc883bdd08d58feee5c7da01acff6fdb4ad78,reference
arXiv:2204.05717,ca839260a9e13f21fff53b7227d6d363cf3d4735,reference
arXiv:2204.05717,3cd9fd8a36c8feb74bb20ae25817edb9c6a0518c,reference
arXiv:2204.05717,007331a5d4db8572fbd4c74ab7a0ffca8039a98b,reference
arXiv:2204.05717,fa29555514cffca87bea5ae68160c0d95050a973,reference
arXiv:2204.05717,9abe0ecc621fc9c6167b493e4b7dd2eaff1b32f0,reference
arXiv:2204.05717,ea40fba2dc52bde32dedd45b05f83d27dc2ea6c7,reference
arXiv:2204.05717,cd49fb48d7598f39ea34eec5451041ad8ab11b27,reference
arXiv:2204.05717,ebd03c5d41de3a9487a655a03180ae31cf78c4fb,reference
arXiv:2204.05717,e9f8fcca68043b1b0c8d00238e5a01604092821d,reference
arXiv:2204.05717,8b586837ac372141eedafd124c57335cbc893bed,reference
arXiv:2310.10159,fb08b08916caab4b22c60fa96753f6b9a5886d75,reference
arXiv:2310.10159,ad22af138fa1d1490cda0301abf8159a7c30c5a2,reference
arXiv:2310.10159,8bd6a2a89503be083176f2cc26fabedb79238cbd,reference
arXiv:2310.10159,163b4d6a79a5b19af88b8585456363340d9efd04,reference
arXiv:2310.10159,3f5b31c4f7350dc88002c121aecbdc82f86eb5bb,reference
arXiv:2310.10159,d10bc23b66d2b1e12e1b176dc75dc462134a6cc5,reference
arXiv:2310.10159,df08b4b9a66dfa849dc8ac7c8fcf2900467f749e,reference
arXiv:2310.10159,26218bdcc3945c7edae7aa2adbfba4cd820a2df3,reference
arXiv:2310.10159,f3ca598a4c7b7ed436acfc09dad5ec27340dc780,reference
arXiv:2310.10159,62635347c2dfcced8869790d24313f35c34be68b,reference
arXiv:2310.10159,e783d082b8429dba3cc87f54c389a2b708164eb0,reference
arXiv:2310.10159,1067c44e473b6998f89e13f0d4c0de730def43f0,reference
arXiv:2310.10159,b3bf9fe13195e9aa70e1dac04e01fcff7008e812,reference
arXiv:2310.10159,5861b2c22f1e9c00f29f1e20c4993b21ab75ec0a,reference
arXiv:2310.10159,204e3073870fae3d05bcbc2f6a8e263d9b72e776,reference
arXiv:2310.10159,9a82095be10926f0a52f8f9939deadfe39be2184,reference
arXiv:2310.10159,5f20da406e874ee0aca065ab4bf6024e8f1d0d4c,reference
arXiv:2310.10159,b9ba8c4a00f5ee43e768db2acc8b56f017176f3e,reference
arXiv:2310.10159,dc6cf839bb2a0a700c2de463ef038d2d671f6ee2,reference
arXiv:2310.10159,602f31242e577d2d05f918a3080fd50095e7faed,reference
arXiv:2310.10159,53d8b356551a2361020a948f64454a6d599af69f,reference
arXiv:2310.10159,8a1384e041cc6ea2735b01c734aeef666dc92884,reference
arXiv:2310.10159,1fb1bfa7710bea404921563c27de87d4ff196244,reference
arXiv:2306.06371,443d898928eb8e32d2e6f8f287beaa63f5b00eb9,reference
arXiv:2306.06371,163b4d6a79a5b19af88b8585456363340d9efd04,reference
arXiv:2306.06371,38fe8f324d2162e63a967a9ac6648974fc4c66f3,reference
arXiv:2306.06371,57e849d0de13ed5f91d086936296721d4ff75a75,reference
arXiv:2306.06371,1d74875aa4f415cb2c60b17fd1eb3e4ae543bfe1,reference
arXiv:2306.06371,db4ab91d5675c37795e719e997a2827d3d83cd45,reference
arXiv:2306.06371,6d994b4f5a46cd14e8f09f1e9e49120546b15e31,reference
arXiv:2306.06371,7ef58be19ee9cf8d683d7209b650094df3902377,reference
arXiv:2306.06371,e37018d3cfab9cfc29a7b78404e6c86ea18a907e,reference
arXiv:2306.06371,8342b592fe238f3d230e4959b06fd10153c45db1,reference
arXiv:2306.06371,38115e80d805fb0fb8f090dc88ced4b24be07878,reference
arXiv:2306.06371,e4f82c0a13cae6739239ae0c25a554b6daff35af,reference
arXiv:2306.06371,4b27f18bff43d605805c92696a979714ced0b805,reference
arXiv:2306.06371,d766bffc357127e0dc86dd69561d5aeb520d6f4c,reference
arXiv:2306.06371,b32a6f6ef7dd775e0f876b4713ceccebc56e651e,reference
arXiv:2306.06371,5cbe278b65a81602a864184bbca37de91448a5f5,reference
arXiv:2306.06371,b3848d32f7294ec708627897833c4097eb4d8778,reference
arXiv:2306.06371,5fbcfccd3736969d95ed660d8e6962c86b7a9113,reference
arXiv:2306.06371,a30f912f8c5e2a2bfb06351d4578e1ba3fa37896,reference
arXiv:2306.06371,c56aced0f0c5cfebefadb530cb08d736c3ac5c05,reference
arXiv:2306.06371,acbdbf49f9bc3f151b93d9ca9a06009f4f6eb269,reference
arXiv:2306.06371,0b077c9577f4297dcf3da835e253d21965bbc6e0,reference
arXiv:2306.06371,0646bb09db4d1ba24150e69b71edcd4aff691b3c,reference
arXiv:2306.06371,3a1efac4a8aa2f40a8128e034c01f18660652dd5,reference
arXiv:2306.06371,870ff1dde0c103c3d90be51880f984628e77a8d6,reference
arXiv:2306.06371,4383a975c09b72ba2f1a77cd779bb6965dbfb2fb,reference
arXiv:2306.06371,fd23d2d1c10f85bbd9ebc51aafa2cc274bffefc4,reference
arXiv:2306.06371,f23a0e443fe931aa2fed932421bf47c1a4fcf619,reference
arXiv:2306.06371,4083958684292f6fa2f5c7fd4f9be975e80145b6,reference
arXiv:2306.06371,df56748cd4f52a58973b4ac52c0bf9156c5f52f0,reference
arXiv:2306.06371,90abbc2cf38462b954ae1b772fac9532e2ccd8b0,reference
arXiv:2306.06371,0fe2636446cd686830da3d971b31a004d6094b3c,reference
arXiv:2306.06371,f4061bd225b3be5b3f5b18eb1a229ce991efefeb,reference
arXiv:2306.06371,395de0bd3837fdf4b4b5e5f04835bcc69c279481,reference
arXiv:2306.06371,6c4b76232bb72897685d19b3d264c6ee3005bc2b,reference
arXiv:2306.06371,10eda4521c032adabaa8e70d6569e17370b29dcd,reference
arXiv:2306.06371,fbe25e4f069a19dc63daca27b7c98cff338663b9,reference
arXiv:2306.06371,c4744a7c2bb298e4a52289a1e085c71cc3d37bc6,reference
arXiv:2306.06371,3cac56572497ba51c71da66bd207e7a48b2c758f,reference
arXiv:2306.06371,1a53e7446274016f737236bdd48e3ff05d966384,reference
arXiv:2306.06371,d07284a6811f1b2745d91bdb06b040b57f226882,reference
arXiv:2306.06371,204e3073870fae3d05bcbc2f6a8e263d9b72e776,reference
arXiv:2306.06371,3a29aa4eff48624752c07059a44d3288a678c8ab,reference
arXiv:2306.06371,97fb4e3d45bb098e27e0071448b6152217bd35a5,reference
arXiv:2306.06371,e4a323a3a1ca5ff4cc2dd74ede65f48fd62b897b,reference
arXiv:2306.06371,e957747f4f8600940be4c5bb001aa70c84e53a53,reference
arXiv:2306.06371,02534853626c18c9a097c2712f1ddf3613257d35,reference
arXiv:2306.06371,b59d91e0699d4e1896a15bae13fd180bdaf77ea5,reference
arXiv:2306.06371,bf85a0cd645ad68919c0706741ab568a60a58af2,reference
arXiv:2306.06371,964e518d8f93b2d4549e64365ed302f283d7513c,reference
arXiv:2306.06371,a85012088ae447fca09c0642cc89f6e0cc0619ac,reference
arXiv:2306.06371,452059171226626718eb677358836328f884298e,reference
arXiv:2306.06371,d38e8631bba0720becdaf7b89f79d9f9dca45d82,reference
arXiv:2306.06371,a6cb366736791bcccc5c8639de5a8f9636bf87e8,reference
arXiv:2306.06371,c1126fbffd6b8547a44c58b192b36b08b18299de,reference
arXiv:2306.06371,0b544dfe355a5070b60986319a3f51fb45d1348e,reference
arXiv:2306.06371,e510bae5437936c24c18dfb81e5659f9f08a9531,reference
arXiv:2306.06371,66ff889f25829822169d5971e706013ed909d574,reference
arXiv:2306.06371,d39d39a6246c13928bbd66d122f3e61e67b584ef,reference
arXiv:2306.06371,b8122efb693a41c4fe6bbe65ca09dbb2ab26ca6e,reference
arXiv:2306.06371,687dce9ac01f5996601655035c34b449c27c3b6a,reference
arXiv:2306.06371,74fe7ec751cd50295b15cfd46389a8fefb37c414,reference
arXiv:2306.06371,8dd9fd6a45afd266d48255c398429e01ea4fd6db,reference
arXiv:2306.06371,7bf29cfa50b4be72f5f026c9bd2ab25f4215fa28,reference
arXiv:2306.06371,d7da009f457917aa381619facfa5ffae9329a6e9,reference
arXiv:2306.06371,f2ffd8273d01948310feda2771943673aae4fe6f,reference
arXiv:2306.06371,2b7604bcd0507d5abf914d798a4911f9c0b6e3a8,reference
arXiv:2306.06371,e9fac1091d9a1646314b1b91e58f40dae3a750cd,reference
arXiv:2306.06371,2e9d221c206e9503ceb452302d68d10e293f2a10,reference
arXiv:2306.06371,e9c1f510bcf5933d3cf8ec8108a04a9ba601a843,reference
arXiv:2306.06371,225331d1700a9544545cc7c54a63c1b485269ce7,reference
arXiv:2306.06371,d2aaf56fb183ad66d099ac6c9110c5c365ab27f3,reference
arXiv:2306.06371,88f4ccafd2aabe9aeee9274951fffddf9bb94306,reference
arXiv:2306.06371,8cd41c9a29069099943e45d3fcfa884ecc900fbe,reference
arXiv:2306.06371,df2b0e26d0599ce3e70df8a9da02e51594e0e992,reference
arXiv:2306.06371,9405cc0d6169988371b2755e573cc28650d14dfe,reference
arXiv:2306.06371,99022190af9280340552e4a80915c89d2f12912d,reference
arXiv:2207.08179,6525c1e5e40f3b7819bffc9f83658d476b23130a,reference
arXiv:2207.08179,547a136e7fc26dc9feeae12886ddd9247679d7a3,reference
arXiv:2207.08179,5a5143ef339c01689c5ed0c8fd054799fb25bc2a,reference
arXiv:2207.08179,d54215d189009a86f84ce756cfe808e28679c05b,reference
arXiv:2207.08179,0b4a4a33c74a0ea64b8837ba2f9b6449f1504877,reference
arXiv:2207.08179,5d20138316bf852bd1c33fdf3a3569d0fa2600db,reference
arXiv:2207.08179,b85fa2d6ba4f464149574ab087b61b3901f2f5d2,reference
arXiv:2207.08179,2e1ff157f030af8a2b7a232a9b5e748625ce08f1,reference
arXiv:2207.08179,c453d9f58d046fbe017eaa6417b0e3a1f407b9ee,reference
arXiv:2207.08179,783fc1d48de76e3750d46023b315c75cab97bf40,reference
arXiv:2207.08179,24d7b1487202e3aaf329df3d8135ae6eabefaa45,reference
arXiv:2207.08179,b5953c950783717bd5a1933c2b327826a6e647c4,reference
arXiv:2207.08179,afb67e3c8f595a959ef4a299d57ae50b18e3012a,reference
arXiv:2207.08179,036b6363d246bb30c5d9cfa9d1d5d359c87464b3,reference
arXiv:2207.08179,44e24aabd05bef8cb45646486f1a24b7caecee45,reference
arXiv:2207.08179,0abadcfb62ae4cc4ad00f36c8cfb379ea4146590,reference
arXiv:2207.08179,7e877011074793d6f378fc0c3e67ed5422ea3ce5,reference
arXiv:2207.08179,6a664ba2a7582dbd53eb39a25f6affd3c66af8cc,reference
arXiv:2207.08179,dc4518521ce9fd0226e52005a5aedd106e721ae1,reference
arXiv:2207.08179,30f86d38f0660af5ea2e16d996434c72eee8c5ee,reference
arXiv:2207.08179,ae916205cdae8210b147d7637f74186e57d15973,reference
arXiv:2207.08179,c4bb7bc7514f276a0a95efa0f00da623159bca08,reference
arXiv:2207.08179,b36a5bb1707bb9c70025294b3a310138aae8327a,reference
arXiv:2207.08179,8fcd012e8ed2ea8190163369c9f222178e70a19d,reference
arXiv:2207.08179,26ba5192025b21660f1792c5ab799f4af5350430,reference
arXiv:2207.08179,c3421879409ce6997fb6b016e865d7faac347bfc,reference
arXiv:2207.08179,c077ecbe844a3ad988b9cde4119de3314f1f3bdf,reference
arXiv:2207.08179,d13bb317e87f3f6da10da11059ebf4350b754814,reference
arXiv:2207.08179,a072c2a400f62f720b68dc54a662fb1ae115bf06,reference
arXiv:2207.08179,5005a3295dc2c931526438dd6d3f8fae8e34b641,reference
arXiv:2207.08179,8043cbfed66c98d2255ea79254de620837478099,reference
arXiv:2207.08179,e0b207e96351671453aa8bf05b7225c8a340a0b2,reference
arXiv:2207.08179,d21ee832e173affb43b31e536dd05036daee2641,reference
arXiv:2207.08179,2167f9ffd36af6c723d3527eab60c731e13d3a90,reference
arXiv:2207.08179,ab9eed13e6e6a73a15a942c5d9a5d6d3dca797e5,reference
arXiv:2207.08179,13497bd108d4412d02050e646235f456568cf822,reference
arXiv:2207.08179,5f9f82c8336022f51aef1565a784cf522810de63,reference
arXiv:2207.08179,3b9484449d77317ca1cb6a6c44c50c99879a8f0e,reference
arXiv:2207.08179,24741d280869ad9c60321f5ab6e5f01b7852507d,reference
arXiv:2207.08179,4030a62e75313110dc4a4c78483f4459dc4526bc,reference
arXiv:2207.08179,fa72afa9b2cbc8f0d7b05d52548906610ffbb9c5,reference
arXiv:2207.08179,4b03386aac0e5fe27d7de42ea00cbf2030e94cd0,reference
arXiv:2207.08179,0768bad836a00fcb8bf3661bc8b5ba953b2d109e,reference
arXiv:2207.08179,6e261ff2f07f2dda200c17d06a6e6fa2e3f6cb62,reference
arXiv:2207.08179,9a9f4bf3bfe133e1c70f6b60654c238b677c66d0,reference
arXiv:2207.08179,3863c181a54465b2fbd7af7fdb6fb165309f5296,reference
arXiv:2207.08179,cfdd423c8672a7b178ea85d56079328df4eea647,reference
arXiv:2207.08179,fe2e989b5bd846d9519b8da067335eec592863f0,reference
arXiv:2207.08179,d73b02fb80bec1b65bd6187148fd6371e9c669df,reference
arXiv:2207.08179,3c9c327203fe28744f6196ae5275ea45cc75470a,reference
arXiv:2207.08179,1d60bd8f2aad3fca69d7df78722a7c4fe96c2660,reference
arXiv:2207.08179,04860cf4821cb4c171af72856eafdec35903026e,reference
arXiv:2207.08179,5906d07d7d46dcc2bfd71d2b3a34ed44fe8df7dc,reference
arXiv:2207.08179,d2e1a04836db23105aebc945521743233a63b8c2,reference
arXiv:2207.08179,261a056f8b21918e8616a429b2df6e1d5d33be41,reference
arXiv:2207.08179,785eba2987f71cc34560ba1dcd3a5ffc133322e1,reference
arXiv:2207.08179,780999094f775ec6b8faa94cd496a4c560d31a04,reference
arXiv:2207.08179,df6bc0a43723f5f3df85ceeb50703d2db185084f,reference
arXiv:2207.08179,f7d08c4fdf359f5cf0946a4a86db52d273a59ba4,reference
arXiv:2207.08179,772604020c7d259010d082417f6cee858cbf3ea9,reference
arXiv:2207.08179,a9436a63919fc6c5b9f31b0784f3d9fb39b5981c,reference
arXiv:2207.08179,337246dba91397405613cb18fd41acc165f6411d,reference
arXiv:2207.08179,ae4614f758dfa344a04b33377c96abc10d5eeda7,reference
arXiv:2207.08179,1d19708290ef3cc3f43c2c95b07acdd4f52f5cda,reference
arXiv:2207.08179,cc1b951b0ace31253f0165c5450b82d0c543e7cf,reference
arXiv:2207.08179,df2b0e26d0599ce3e70df8a9da02e51594e0e992,reference
arXiv:2207.08179,67156902beca9bc90b728c8d5dd4ac9d8b27d3a3,reference
arXiv:2207.08179,3a1a2cff2b70fb84a7ca7d97f8adcc5855851795,reference
arXiv:2207.08179,cee3b9b9cc72d45fdf1e40b29147ffdebd9ac7ac,reference
arXiv:2207.08179,6cf50fd00c52e15c4f7bcd3afa0e48a1489e5264,reference
arXiv:2207.08179,3219a12d2c4fa87dcb364f83bc37a368c0bf9081,reference
arXiv:2207.08179,04bdb8c7516fc1f8be5ea14f8ce9174e3f328239,reference
arXiv:2207.08179,df32bad8a9a9def048cb084b99b7e5dd35f222c7,reference
arXiv:2211.11678,f2e6410a9e01a2f05dc293557916a574167a6d65,reference
arXiv:2211.11678,0803b17c8110c90eb660f97979ab1d01e67a9bcb,reference
arXiv:2211.11678,04ec406caebff60e226695c921f0af1b29162c5f,reference
arXiv:2211.11678,267f1de5ff863ab03f8c48c7ac3df1d422de7c3b,reference
arXiv:2211.11678,353c88c231ce156d604e074af276422422fc73f7,reference
arXiv:2211.11678,4f76d26369ee573cb03db4b9f6e4ab5d61806095,reference
arXiv:2211.11678,5b91479c211b09c38cb0c782713639f3d5b3f2ee,reference
arXiv:2211.11678,d0e6e7388287c14c18af3021d528d5e8d6bc1952,reference
arXiv:2211.11678,6803adc7d8b891be652d18815f830f7a42a0f5b5,reference
arXiv:2211.11678,ca2f1088d3e581b2c6c75cf0ebc96506d620f64d,reference
arXiv:2211.11678,884d03b86715ff87fe0c063be45a5424f157ea31,reference
arXiv:2211.11678,36d7998ec3e462e3907c6d3c1d13984234f7e8cc,reference
arXiv:2211.11678,868349fe969bc7c6b14b5f35e118a26075b7b1f2,reference
arXiv:2211.11678,d47a682723f710395454687319bb55635e653105,reference
arXiv:2211.11678,3cc2f69951cd24fe61be4cf32d62afbac297bc2b,reference
arXiv:2211.11678,6551f742b825561d26242ca8a646ba0e33fb109f,reference
arXiv:2211.11678,5019dbe8d1da5f128f4f373d6849095cf18fd519,reference
arXiv:2211.11678,6fd1f59a0e8ad74fdd1fa0afb6cbb9dcc0ce22da,reference
arXiv:2211.11678,9246a72d4267a6887f8225e73b9b58a0435d3c4e,reference
arXiv:2211.11678,004fbcb0f3248afcbc158d97d3b02f0ea42e137a,reference
arXiv:2211.11678,69accd35f2ae56aa71ceaa5abeb814fcedc8a58e,reference
arXiv:2211.11678,c590d2c8c2fb6ce5d32ee9165ab24171165f2b70,reference
arXiv:2211.11678,462be028b7522f4537d060e7ad6e0f4d6d627769,reference
arXiv:2211.11678,7ef624c92167c49161b0f75f50f477dfdb69cb91,reference
arXiv:2211.11678,2972ad9cd2f5a8efaffce15fc527e1a8644b081a,reference
arXiv:2211.11678,f3563ecec410d981d9a5df6a8241f3929530584d,reference
arXiv:2211.11678,42827df167cc7d87774626a7c913d1cdaaa47d10,reference
arXiv:2211.11678,ea8b8a4077febdaffae02a3ab18001b4ee682f3a,reference
arXiv:2211.11678,bbe109dbc96dab47a3fd049065b82115922d7a52,reference
arXiv:2211.11678,67a2a1c14d795f00ef97026e9bf8320c53537ba0,reference
arXiv:2211.11678,080df61ee1c15ff3c8e5d0d82d60bfd80e372e38,reference
arXiv:2211.11678,f683f1d7c3366f3c9fd967540112900c6918387a,reference
arXiv:2211.11678,7a25eeb495020106bc1ee8b70fdf51eb31bc5094,reference
arXiv:2211.11678,df2b0e26d0599ce3e70df8a9da02e51594e0e992,reference
arXiv:2211.11678,6aaa46fa70d9d3808c600236a5dd9599997c8982,reference
arXiv:2211.11678,cc897f8dc5fd301c85fe387896975c9491e5089e,reference
arXiv:2309.04041,7e2a9589bcd39406e24b10485835f11ea7e9d13a,reference
arXiv:2309.04041,e58b0ee9a1fdb15a72ee721053df3569127cde42,reference
arXiv:2309.04041,94972e30504017156ef5b5debc419bf6edc67384,reference
arXiv:2309.04041,104b0bb1da562d53cbda87aec79ef6a2827d191a,reference
arXiv:2309.04041,b37b1dc72b1882858f5120f2cd6883134089a6ed,reference
arXiv:2309.04041,a8d02ff6d075c3cc48f0b97801cc52765c8f9ac9,reference
arXiv:2309.04041,fd755dc7b5b206c17fd953db04e1c888d45b6e4e,reference
arXiv:2309.04041,c6ac708b65b24c20f80831d518c1795ce8133ad5,reference
arXiv:2309.04041,9f411fda2ad5b141a3115f707bcf5ee865b3fb94,reference
arXiv:2309.04041,b1ef91c5541f88297c7551e1adf15fcee7987197,reference
arXiv:2309.04041,8bd6a2a89503be083176f2cc26fabedb79238cbd,reference
arXiv:2309.04041,570079bbdd8758dfe865097e05719313c9c1301a,reference
arXiv:2309.04041,7e32aac43e9f1df49e116add03327ee6f365dbf3,reference
arXiv:2309.04041,3aaf6a2cbad5850ad81ab5c163599cb3d523436f,reference
arXiv:2309.04041,4884e516d10626bf0ee4e4bedc174534598e29b2,reference
arXiv:2309.04041,780a7f5e8ba9b4b451e3dfee1bcfb0f68aba5050,reference
arXiv:2309.04041,17b88fdba24e494134e5b33dc8aa8eb56bd2294e,reference
arXiv:2309.04041,38b0803b59e4973f09018ce942164b02be4b8bc9,reference
arXiv:2309.04041,d3135733aa39dec20ce72aa138589dda27c8406d,reference
arXiv:2309.04041,efabdd27929796b712cb1b3a3051ea5358dc1200,reference
arXiv:2309.04041,5f19ae1135a9500940978104ec15a5b8751bc7d2,reference
arXiv:2309.04041,d766bffc357127e0dc86dd69561d5aeb520d6f4c,reference
arXiv:2309.04041,5341b412383c43f4a693ad63ec4489e3ec7688c8,reference
arXiv:2309.04041,8e88cd6a52fb51a46ca5d80b75cc22ad959f0321,reference
arXiv:2309.04041,268d347e8a55b5eb82fb5e7d2f800e33c75ab18a,reference
arXiv:2309.04041,cbaaa1154c491f9da2f050d3c22970e15bb7b52b,reference
arXiv:2309.04041,93d63ec754f29fa22572615320afe0521f7ec66d,reference
arXiv:2309.04041,1d738fa77de08592d9b77754e48cc63e276e5c0d,reference
arXiv:2309.04041,44040913380206991b1991daf1192942e038fe31,reference
arXiv:2309.04041,7e640729cca5a82c205bf95f346867097446838c,reference
arXiv:2309.04041,75c08892179fc478f87d7020b5daff9fca4f3389,reference
arXiv:2404.16891,383c598625110e0a4c60da4db10a838ef822fbcf,reference
arXiv:2404.16891,df2ed9f2d994cc91a710261398ff04b01d1a9f7c,reference
arXiv:2404.16891,70ca38ad480c0be0eca89ccc4972d6cc9a5824da,reference
arXiv:2404.16891,0894585294c67193ff3190240554677b56fd79a0,reference
arXiv:2404.16891,d62c4d00b277e948956b6610ce2644e88fe1577b,reference
arXiv:2404.16891,a6d3794c23626060781da0f1ff2bcdf7457b6c43,reference
arXiv:2404.16891,db4cf9f6a653d5c15973e836c800ea47743251ae,reference
arXiv:2404.16891,7d8905a1fd288068f12c8347caeabefd36d0dd6c,reference
arXiv:2404.16891,3079b6d6b6655b0e8be6336339a8284325ad23f8,reference
arXiv:2404.16891,19c222d1f18317d58cc85491f37479bc0dc49f41,reference
arXiv:2404.16891,53d128ea815bcc0526856eb5a9c42cc977cb36a7,reference
arXiv:2404.16891,99832586d55f540f603637e458a292406a0ed75d,reference
arXiv:2404.16891,1b6e810ce0afd0dd093f789d2b2742d047e316d5,reference
arXiv:2404.16891,90abbc2cf38462b954ae1b772fac9532e2ccd8b0,reference
arXiv:2404.16891,f5bf1d83a4d3e55e75dcc28a7bda4e99cce85836,reference
arXiv:2404.16891,3febb2bed8865945e7fddc99efd791887bb7e14f,reference
arXiv:2404.16891,3eda43078ae1f4741f09be08c4ecab6229046a5c,reference
arXiv:2404.16891,f53e2ae46470b89cd1ce6e3bf1d60d9c59722ce1,reference
arXiv:2404.16891,891c0b91e4fe640aab8a8ce3739a514248c8b250,reference
arXiv:2404.16891,df2b0e26d0599ce3e70df8a9da02e51594e0e992,reference
arXiv:2404.16891,c47f41156903e844a8d462530581da118d59d98b,reference
arXiv:2507.03435,a8f41f87321546c197fbf4029dd6e42fe6c4d2d9,reference
arXiv:2507.03435,0d0cb4719961a01851255f80fca2c6a98463266e,reference
arXiv:2507.03435,d09f8aa653bc6e602f8512561a38308874b0767e,reference
arXiv:2507.03435,ddbd8fe782ac98e9c64dd98710687a962195dd9b,reference
arXiv:2507.03435,b3d0871705f246045d58b77bdb9574d5bc3d949f,reference
arXiv:2507.03435,99832586d55f540f603637e458a292406a0ed75d,reference
arXiv:2507.03435,1a4b71a0abafef26ef4423d0e4b79b7f3178693b,reference
arXiv:2507.03435,d8dab5770d347c3e7deaef23a5259d06ba5399fe,reference
arXiv:2507.03435,659bf9ce7175e1ec266ff54359e2bd76e0b7ff31,reference
arXiv:2507.03435,be2ff1cc25e598632839b2971dcdd20e748fb6aa,reference
arXiv:2507.03435,040fc6ecd578100e718ff77cedce60c44559b4c3,reference
arXiv:2507.03435,d1aab1c7cc61af26dd7f71bf169bdfec3987844d,reference
arXiv:2507.03435,7ec67649c35f2fa3e6d6c01fe112011ebf031b23,reference
arXiv:2507.03435,75b374b9fc891a958fd04a6b29a480e4f84927a2,reference
arXiv:2507.03435,260e75eac231385de5ddb2651d49c8f0f22ad5b8,reference
arXiv:2507.03435,8715e87d67f5dfc21b041dd1a527610646bfb975,reference
arXiv:2507.03435,e507ad65b2a3b8370687e1c6eac0f1bebc34bb83,reference
arXiv:2507.03435,46c7a470f96d331af25314c104ac987cd136138d,reference
arXiv:2407.01505,5b8ac131f95a672bb1bd4a28390a1e4f358c0136,reference
arXiv:2407.01505,7f575e1a8e4c465b31f8928ffd13ad48aa961789,reference
arXiv:2407.01505,4aa8b64c51e987d703045023cd72b3ba5e115f99,reference
arXiv:2407.01505,98901bfa8417edccf92c619592f36144e1256201,reference
arXiv:2407.01505,3e2ecfd1934a64582a6d2b5be20f18db78cc787d,reference
arXiv:2407.01505,1036f6dfe75af06fbcdb3447dbe9be8613bf857c,reference
arXiv:2407.01505,e99e88257c01c4690ee5b4388a3b074da7911671,reference
arXiv:2407.01505,fb4dc0178e5d7347b1615c48caf05347b6e5eb48,reference
arXiv:2407.01505,1b0e3360b3341fc411a6c7841173a8d78ac2ab43,reference
arXiv:2407.01505,b1c9c455acb1393f1bf60ec4095ee343531e404e,reference
arXiv:2407.01505,135ae2ea7a2c966815e85a232469a0a14b4d8d67,reference
arXiv:2407.01505,9f859726b3d8dffd96a1f55de4122617751cc1b4,reference
arXiv:2407.01505,d62c4d00b277e948956b6610ce2644e88fe1577b,reference
arXiv:2407.01505,92930ed3560ea6c86d53cf52158bc793b089054d,reference
arXiv:2407.01505,a0a79dad89857a96f8f71b14238e5237cbfc4787,reference
arXiv:2407.01505,6001dce1c8f63350263e013e0e6ff69816f0a9af,reference
arXiv:2407.01505,3d48f1b4f69f7d22a47fa1599a1fc76277ba0c65,reference
arXiv:2407.01505,3a07a87090a061ca41dd30ac8398a9a5d9d39826,reference
arXiv:2407.01505,311fd5f6f114ae51f8cbd95a0da69d7b556d25f1,reference
arXiv:2407.01505,dac3a172b504f4e33c029655e9befb3386e5f63a,reference
arXiv:2407.01505,bd1331b233e84bab7eba503abc60b31ac08e7881,reference
arXiv:2407.01505,a6f5b8f114b3eabbcd7f3f62091a481ca6f7f243,reference
arXiv:2407.01505,fd1b829261ba04bb92e0ab60c4f6e7cea0d99fbf,reference
arXiv:2407.01505,3dc7dc1bea9a4f70c02b6759a0bda7aca0005a9e,reference
arXiv:2407.01505,e6c561d02500b2596a230b341a8eb8b921ca5bf2,reference
arXiv:2407.01505,8a70ef8e988c699d42d4b409ddf49370e275e251,reference
arXiv:2407.01505,587a188f31d999429b0bf15e54796ebe5e7f4843,reference
arXiv:2407.01505,9200f634732b417f01dbb6dcd97341af75ed358a,reference
arXiv:2407.01505,67dfe996a10810c129379bd6faeea2d8884a0112,reference
arXiv:2407.01505,ec94157ecd55482ea4b7d66016593e3072e671f6,reference
arXiv:2407.01505,74cea53c1203f920940f281d3abb8314feaba2b2,reference
arXiv:2407.01505,53ed59a569614bc61fbc988a49e2ddceededcae2,reference
arXiv:2407.01505,1562390dd212516cd857009cbd4f857a902d1f3d,reference
arXiv:2407.01505,6d162a143c0b01883e9d54fa433acbf4c812619c,reference
arXiv:2407.01505,7941d8d3c460aee21975ebb8e585d103e00f1b75,reference
arXiv:2405.13828,2c33767ebb48667c4b25d5adbc4d83046dee3eab,reference
arXiv:2405.13828,79f42fa703b183a1880f0f9bf6a7df704f9eb9d2,reference
arXiv:2405.13828,6f9dbae279fa0c3a90d12f3b0f271dc8e6274817,reference
arXiv:2405.13828,c2cbb952e896cce72193326051c1400d82bc23a8,reference
arXiv:2405.13828,7b3c9c9302348f4ad206b1785b2151ba11e6b612,reference
arXiv:2405.13828,104b0bb1da562d53cbda87aec79ef6a2827d191a,reference
arXiv:2405.13828,548278897d46a54958909bb23bcaecf63e24fadf,reference
arXiv:2405.13828,c5215a3484a3a502a986de3766d2bf4d2bfed32f,reference
arXiv:2405.13828,1f1668f84731baa67b1f66b81f383dd86893534d,reference
arXiv:2405.13828,be55e8ec4213868db08f2c3168ae666001bea4b8,reference
arXiv:2405.13828,e7b3b692b0816821aafc0d354749bc3802cbf6ac,reference
arXiv:2405.13828,b339e36a32e2f35d8ab0448a1727eba878a75715,reference
arXiv:2405.13828,5bb3bd2ec1e99b11a84ccd0e4dce4bdb2a776a5e,reference
arXiv:2405.13828,3936fd3c6187f606c6e4e2e20b196dbc41cc4654,reference
arXiv:2405.13828,1a7a24c73521eecf0a2d555e921b27e2c4d8e3c3,reference
arXiv:2405.13828,0b4f0f6b04476c4f2cdfeabf99d4b835227f0bb2,reference
arXiv:2405.13828,d766bffc357127e0dc86dd69561d5aeb520d6f4c,reference
arXiv:2405.13828,67b283f83c8730101019d3f0ec690d43a2602443,reference
arXiv:2405.13828,18e736f814c6d64a27dc9ff088fb288bcac39002,reference
arXiv:2405.13828,1dfd073a4f75304c7c40cae9d3ec87789cfd53d9,reference
arXiv:2405.13828,5b540745f4b51f95bf90fb3420e51edb037fc51a,reference
arXiv:2405.13828,a51b35aa7488a51f516e4e40914333fc0b819e74,reference
arXiv:2405.13828,bd20f7d8e253ac89e894c78fb9cb06ced8320773,reference
arXiv:2405.13828,ffd0b74c9760a25806912cdbfb14cebac69a34c6,reference
arXiv:2405.13828,fd307bd17e680c2d458af54b60f0d0ae00ceea88,reference
arXiv:2405.13828,bb6c2a64ecb6e4c9f3f5720d53cca76a2c37505d,reference
arXiv:2405.13828,b55de6a119991437d58072baa5240edc8895adcd,reference
arXiv:2405.13828,7a15950dc71079285a4eaf195de5aadd87c41b40,reference
arXiv:2405.13828,9f4ceac35abe4b92b43128925d55e42c7f7ab702,reference
arXiv:2405.13828,1871743c115afc66b7771b790590fc938eef1c83,reference
arXiv:2405.13828,708f8c0eb5032edd6f31663a27febbb0529cbcf3,reference
arXiv:2405.13828,d9f6ada77448664b71128bb19df15765336974a6,reference
arXiv:2405.13828,6dd8c37397bf7f4b3c14af479855015852fe389e,reference
arXiv:2405.13828,d59bd979793ede0bc87d181736f26b2f2998e57c,reference
arXiv:2405.13828,451d4a16e425ecbf38c4b1cca0dcf5d9bec8255c,reference
arXiv:2405.13828,dce6f9d4017b1785979e7520fd0834ef8cf02f4b,reference
arXiv:2405.13828,577a443e10f991101d2e05c77181d44ac8297a52,reference
arXiv:2405.13828,e91196c1d0234da60314945c4812eda631004d8f,reference
arXiv:2405.13828,3bbf2ee642ed311e500017def1f54df453a935c1,reference
arXiv:2405.13828,b7aee9dfb027d6061c6a653684c0fa9a9bba750d,reference
arXiv:2405.13828,6118910c4014cc6c061198a2d88c080ab56ea452,reference
arXiv:2405.13828,1518039b5001f1836565215eb047526b3ac7f462,reference
arXiv:2405.13828,d00e7779c39dc7b06d7d43cf6de6d734c8edc4b8,reference
arXiv:2405.13828,0e6824e137847be0599bb0032e37042ed2ef5045,reference
arXiv:2405.13828,d316c82c12cf4c45f9e85211ef3d1fa62497bff8,reference
arXiv:2405.13828,96f1a8d1aff1350166f7ee74d745672d032aa598,reference
arXiv:2405.13828,dd6647797c100218420a392f46f5ccff2835ecfc,reference
arXiv:2405.13828,ddb8e0ac59e337810de84a3bf0f4334f07958787,reference
arXiv:2405.13828,187b06d8a18cbf7c5d9df4e232bd6649fc3f5a27,reference
arXiv:2405.13828,bf3519bd9000c7106fe659a54ddefe91891bd519,reference
arXiv:2405.13828,bcaaa81648c1a6b733a0d142a573a2a855ee1cc8,reference
arXiv:2405.13828,ba56c0d6989d5218d5c80a3fc6c799ca82445157,reference
arXiv:2405.13828,1f633d95168ff2daf2bf637b0ba80a612619e347,reference
arXiv:2405.13828,c856ecabe5d61e936bf02fe9e9ca116822d78b7a,reference
arXiv:2405.13828,21863029732f76af26e109ff5266e955b1012e13,reference
arXiv:2405.13828,ca41da709fcc956d9bba8541fd65c895d5f8fa33,reference
arXiv:2405.13828,d7da009f457917aa381619facfa5ffae9329a6e9,reference
arXiv:2405.13828,4390e93dccfb1ba98bd3d2a4392091f71defb877,reference
arXiv:2405.13828,edcc6f55b8d05946590b8629273b327acea8e8ee,reference
arXiv:2405.13828,14c532418723f576d5d3eeb593f5ac62c9ea501f,reference
arXiv:2405.13828,844447f418b384c8f38c86edd0faddba908b1400,reference
arXiv:2405.13828,fb9f63767ba68a3a91b105ac6c8ef2276d327834,reference
arXiv:2405.13828,490c286d72500c6c2e6f45da52dbb0443c812032,reference
arXiv:2405.13828,32378b6239f90c6a25d25c8d630e525d7336c42a,reference
arXiv:2405.13828,44088885e451744849acddde9ad3ca9c1973c6fe,reference
arXiv:2405.13828,5d72b2da18fe599a357634bf51de888df2b529c3,reference
arXiv:2405.13828,67f3d4addcfb9066ec436934f8d48ac58fa2b479,reference
arXiv:2405.13828,93208740c2072e1eb4e2d36037f7f015efd84107,reference
arXiv:2405.13828,9405cc0d6169988371b2755e573cc28650d14dfe,reference
arXiv:2405.13828,446411c05aee6221ab811345c6a754f9b701b986,reference
arXiv:2405.13828,274ecd94ae86d5bec5cae22a7770681a4f3ba85e,reference
arXiv:2405.13828,f2bb477868cf41a71db56ef45039bd660f351efa,reference
arXiv:2405.13828,690f52ca9b882db3fcef7eecc3d3903ac345c15a,reference
arXiv:2405.13828,21e38c37fa41ed03b12b863a6ee19a74b4612376,reference
arXiv:2308.16118,f8e99be4f9a01761fab74bade2c3c18de9fc686b,reference
arXiv:2308.16118,3cbffab9d7981da6662d474aaa056dcbd3c1701e,reference
arXiv:2212.00851,52b65b29a3d9a7d9e8c016a156454ef8ad80858d,reference
arXiv:2212.00851,c918b3997ac81b77cbfe53e80e39e7e1b1d18411,reference
arXiv:2212.00851,a40df30bf2a10aa7fa2b9278d72f8764a94f22ab,reference
arXiv:2212.00851,f0ae69e17d4bd5febfb817c34872eeb5e8623cf5,reference
arXiv:2212.00851,1e7e504df48c8d0223a91748734c32925d9a8fd6,reference
arXiv:2212.00851,7fc2db7b63c658d4df3c8d5e32a5b8f59c6a4205,reference
arXiv:2212.00851,2c6ac205e11ecb522d990e4a257f907f738c2539,reference
arXiv:2212.00851,47ddeef93db147163f15b34f192fbb6d51cc4c47,reference
arXiv:2212.00851,f4426194b9cbce662c6962529c07b7dff267bc10,reference
arXiv:2212.00851,93df98bf527e97f3876dfefb8b167a221b37e638,reference
arXiv:2212.00851,bbcea6eb922b0736cc9e9acc649c8d90cbc8264c,reference
arXiv:2212.00851,b848e7a1eaa52d57b0caf1f60ebaf958f82c7e3e,reference
arXiv:2212.00851,cddf40e579a596d0110b260313adf43470617c4c,reference
arXiv:2212.00851,74567e04958d1be8542d5ef49fb1c655070f4ccb,reference
arXiv:2212.00851,511db1334ffd1bc78927051ea348871559a3b337,reference
arXiv:2212.00851,b23c72917922454a27b67902ecec4c3191021073,reference
arXiv:2212.00851,efdb6e2691decd4de9b58d3967b5a592a6b0a809,reference
arXiv:2212.00851,0f4197cb978525b300a764e7e62000c89ef0a23a,reference
arXiv:2212.00851,0819e62e97f7c4ac88d4659b9e3bff2cae436ed1,reference
arXiv:2212.00851,f47e0c58583943ed7b6e9800ab30ac5fae69a99d,reference
arXiv:2212.00851,62ebe8559a0a735712dd261744f9e071ec68d6d0,reference
arXiv:2212.00851,9076b287843441fb749d37b69317162c1fa272e3,reference
arXiv:2212.00851,a7fc7116bcb32ade8792a3026d655a4eb1b1ce6f,reference
arXiv:2212.00851,06a68e57265c5a7a32bf3884affa418942cae858,reference
arXiv:2212.00851,d33713b55f6e79270a529cdcce4843c70a051f83,reference
arXiv:2212.00851,4d874a47870dfed68a64acb3dabcc8b113cb1836,reference
arXiv:2212.00851,b659c762823f641f44ec09bf9367070508c7f982,reference
arXiv:2212.00851,3728ab7974f5a2f3392ea0ded15c5104400004fb,reference
arXiv:2212.00851,e401cd4bb12542d6009f947b617ac7df17c59f18,reference
arXiv:2212.00851,1923c58fc31626256f923673035247a45fc9ef84,reference
arXiv:2212.00851,106fb432d2b62f3824a9d6f4a1b30e1f8b6ea9d7,reference
arXiv:2212.00851,99b8a21695ad3d6d09e3eae8d326cab0a22e6429,reference
arXiv:2212.00851,9927a15ddf5313d97c98f0111fd191caf507ce72,reference
arXiv:2212.00851,6d3cbfc4ab90fba2307e2f96a3173313b38c2349,reference
arXiv:2212.00851,cec54a745e4a6b21a8779a20d20746188c003364,reference
arXiv:2212.00851,ae7d635c0a20f739aba3813b9fed114d1f9fce97,reference
arXiv:2212.00851,9756c338ecc9cd0aa3ce27534cb54befa2ef3624,reference
arXiv:2212.00851,d3833e446e536f7627ae01c45cf265d6e736e78c,reference
arXiv:2212.00851,7b61cb931045692cbc764af93b40bb586fc507d6,reference
arXiv:2212.00851,1728cb805a9573b59330890ba9723e73d6c3c974,reference
arXiv:2212.00851,db6cc238926d0276b1db3cfce2265b47709c1140,reference
arXiv:2212.00851,edcb7cf5a4671041038fdcce918759477e376159,reference
arXiv:2212.00851,1898d36d4fb8b2cd388305c67ff1952fa53b8ff0,reference
arXiv:2212.00851,67d607773ff2e3a586379aa948137f69b01bfa9d,reference
arXiv:2212.00851,e10749763e0e790d3ebffa40e89c5cd723047e73,reference
arXiv:2212.00851,2b428c95b40d90f268dda2e12734ad5c154288b8,reference
arXiv:2212.00851,85b5589d9417b9f2883e95e504ee684897e8d58e,reference
arXiv:2212.00851,f7c293b2f71a73a8b0d538276029365bc298af50,reference
arXiv:2212.00851,cffd8f947ba03644f62baea31c64c8920b06288e,reference
arXiv:2212.00851,4ae5d4fdf8a334cd829dc0d1f8a7074f26841993,reference
arXiv:2212.00851,922e6e3bafe38a712597c05d3a907bd10763b427,reference
arXiv:2212.00851,26299d5fdc5137291dc6a091573b3d18aba1d1c2,reference
arXiv:2212.00851,660732e9f04063c4e7f15dc83670033d261e8aaa,reference
arXiv:2212.00851,22dc1223edbdf2e576b47ce51825f3be3a890a65,reference
arXiv:2212.00851,1e3170311bf21a70b6f974e40b8932fbc0f3052b,reference
arXiv:2212.00851,b000c4f2bdb2cdfd8a740e161717d57687b49d71,reference
arXiv:2212.00851,3b2538f84812f434c740115c185be3e5e216c526,reference
arXiv:2212.00851,6b2f425da3c8756ee777987b487526077b50a90e,reference
arXiv:2212.00851,087dd95e13efd47aef2a6582e6801b39fc0f83d8,reference
arXiv:2212.00851,6fec3e579c7cd4f13bdabbee2b6ac2e8ff5941c6,reference
arXiv:2212.00851,53b0be906649376510df098e177b5c395022443b,reference
arXiv:2212.00851,e50ba7ccc739e88a790b77fb6c365c1f9b4495fa,reference
arXiv:2212.00851,6fd1f59a0e8ad74fdd1fa0afb6cbb9dcc0ce22da,reference
arXiv:2212.00851,e0c6abdbdecf04ffac65c440da77fb9d66bb474c,reference
arXiv:2212.00851,6eaea3a66cfc62a55127df22c3853b4ef659c405,reference
arXiv:2212.00851,4d271f0129de69cb1c57b06260b40a6d6f59dacf,reference
arXiv:2212.00851,81e0187e9a3aae4a85583813877d5c914d5ca053,reference
arXiv:2212.00851,7fa4c034518dc272f4d234faa4eff7e1461d4822,reference
arXiv:2212.00851,4ca2c3332a6386ee4aee128ba860f5118173ea9d,reference
arXiv:2212.00851,4ba6a6b02f8ae850b2d187277a204104b70574bb,reference
arXiv:2212.00851,d5264eb05df3dd108ce96fa932368eefe9b25fee,reference
arXiv:2212.00851,b611a8095630557229dc5fb6b07c272f1cd614da,reference
arXiv:2212.00851,13ff28f98474858d84c339e5301cb3bf468ac68b,reference
arXiv:2212.00851,d8a1d44d93da18a57f4582dcc2f388777d76b2fb,reference
arXiv:2212.00851,1644a97152d18483e64b1bf644841edeebb35f90,reference
arXiv:2212.00851,c586ee4c556e8e7f24c156e1fb982ed2170e2ff1,reference
arXiv:2212.00851,3f1900276eee46beb7ac438ffcd6163d3980c89f,reference
arXiv:2212.00851,a1a197449aeca81a39cb2213b41cef4831d6983e,reference
arXiv:2212.00851,45094ab1ae50337033514e48213397d35b821e43,reference
arXiv:2212.00851,f5f35391ddc189c5c8b3ebb047f891e2f6b5db7d,reference
arXiv:2212.00851,628f92cbd7c1e51ac3846ca5be65146b6bfb1f81,reference
arXiv:2212.00851,624ffc3675964e156e21e79e6b223b808cf3752f,reference
arXiv:2212.00851,442e10a3c6640ded9408622005e3c2a8906ce4c2,reference
arXiv:2212.00851,8dd6a2c9c88c9b3465484228c93f4dcc11cfeab9,reference
arXiv:2212.00851,6f35b070c250507dbec8a7365cf01b25eb66d792,reference
arXiv:2212.00851,c72b9ec87d0c5a1bb4f2a0d79dd514b0e61069ec,reference
arXiv:2212.00851,e2dba792360873aef125572812f3673b1a85d850,reference
arXiv:2212.00851,266337bd51be4a905898dc0756d04b80b48a61be,reference
arXiv:2212.00851,467d5d8fc766e73bfd3e9415f75479823f92c2f7,reference
arXiv:2212.00851,df704cca917666dace4e42b4d3a50f65597b8f06,reference
arXiv:2212.00851,e39b586e561b36a3b71fa3d9ee7cb15c35d84203,reference
arXiv:2212.00851,c0883f5930a232a9c1ad601c978caede29155979,reference
arXiv:2212.00851,f9dd0674e17e63e8891d603d1454f2e6a254626d,reference
arXiv:2212.00851,956d14db8e6669f140f73129bb52dd8949bf2a6e,reference
arXiv:2212.00851,f37e1b62a767a307c046404ca96bc140b3e68cb5,reference
arXiv:2212.00851,1f6ba0782862ec12a5ec6d7fb608523d55b0c6ba,reference
arXiv:2212.00851,87f40e6f3022adbc1f1905e3e506abad05a9964f,reference
arXiv:2212.00851,a4b92b34d052fc98259f2ca07cf5c50fa44067bd,reference
arXiv:2212.00851,f65c3d06aa5a7c6f5d1cf20ddef2a27b9a218b81,reference
arXiv:2212.00851,eb9c924383aca0d137c736a41271d569a12cf518,reference
arXiv:2212.00851,165499ff6ad4440643f5d70b7609aa5a88a68f95,reference
arXiv:2212.00851,f6c035de37e797f7e5167d655b246a2f9426a9eb,reference
arXiv:2212.00851,6566d324f4834c73284049420a2c99c3063a1fef,reference
arXiv:2212.00851,f4ba954b0412773d047dc41231c733de0c1f4926,reference
arXiv:2212.00851,849895e7e7802a60a9de3af868d630a4429070e9,reference
arXiv:2212.00851,a37a5fdf33fab84f5b4188417f6e6528d4bd4c80,reference
arXiv:2212.00851,8515d9349add2f471d75637f0a26ed3f3511a2bc,reference
arXiv:2212.00851,76ecdc5441e5e6c07e250c8f45b6d8367acec56f,reference
arXiv:2212.00851,eb07fd99dbe15e7db8a61a40157e598e5ae24b0c,reference
arXiv:2212.00851,aee47444e0d4707394742a9b1bc990674f51954a,reference
arXiv:2212.00851,71b19f0317a1f0a152a5b68fa5cc8f5b80c0ec93,reference
arXiv:2212.00851,f2e018f0087c6ec11f09c953f188c324834f2cb0,reference
arXiv:2212.00851,ffeefc6e7cc844bc7689a7420f606e730d32376d,reference
arXiv:2212.00851,fc34890166fb83ad5ffeb0dcc64bbe5d81b0b677,reference
arXiv:2212.00851,bc19c03ff225083d6e8eba25a9300a474f3515bc,reference
arXiv:2212.00851,84e826ecd98015be07f8457df41dbfa2c4046a09,reference
arXiv:2212.00851,f6205f8b476dbe21015603c50933e5b00a041f95,reference
arXiv:2212.00851,e1145b35723da9491b91927d949221e98ebd5b2c,reference
arXiv:2212.00851,f5dfed82b0c8747e41a1206f52a6d0ea3dce4a5c,reference
arXiv:2212.00851,580e9ae6b6fa517a7365dbe231b82b30333b95f9,reference
arXiv:2212.00851,7ee2c1c0e4b86c80b056799d5249f6c58c3a9d29,reference
arXiv:2212.00851,df2b0e26d0599ce3e70df8a9da02e51594e0e992,reference
arXiv:2212.00851,f303af3b8fa8f6a50fe5b19afa605b8908acd3b0,reference
arXiv:2212.00851,5749008cda6469b8c51ead7f2c0b70f024584b88,reference
arXiv:2212.00851,58b8fa5915703c4cd32206ecc23f8d0fb57dac73,reference
arXiv:2212.00851,99b91fe02948f0ef91ebfe93839d5823bd7193d7,reference
arXiv:2212.00851,6027c53392601e56901a07e7bb69a57de55c1087,reference
arXiv:2212.00851,36fd9ecfeb43671819df33bc1fe1e3743c9ed2a8,reference
arXiv:2501.07653,60b1cb425dce9522c34e403e5bbf7a795d4c21e3,reference
arXiv:2501.07653,3d8e2f913cdfd3d0f88c9d27543264858239a6ea,reference
arXiv:2501.07653,c8b18682965ff9dccc0130dab3d679f78cefa617,reference
arXiv:2501.07653,c811bedbe8f4c21d0cba9f9175f7c2eb203284a7,reference
arXiv:2501.07653,06ea3b3c4680cc8939b830f0edf260a0d142d76a,reference
arXiv:2501.07653,34c6cf6dcd23cd448a11165dbde28671e995ce8d,reference
arXiv:2501.07653,26089bdfdbca1e6eaaceca71e3116b715bec6d47,reference
arXiv:2501.07653,30c0cdc414f68211d5d0514df027cec22e005174,reference
arXiv:2501.07653,df4aa5bd131d04dd0559834a54758fd7f759dc5a,reference
arXiv:2501.07653,430dfdd722baeb92c9c178c6d314f6bc08b17186,reference
arXiv:2501.07653,4ee2dc5ad13d1e91e4f0a6ba23307d6927762621,reference
arXiv:2501.07653,0b5527ad23195e3efc6c52a4b52b253d5b2b160e,reference
arXiv:2501.07653,321876e6fa45cb5b3bccf0d3f2271a81b1c7daec,reference
arXiv:2501.07653,ea284d2045672daf44deffa3f0b7ce154630424c,reference
arXiv:2311.01825,8a2782720e479c2ef702875997ad4d91ef8f88d2,reference
arXiv:2311.01825,9f7a2402944be24705bd4c8d386cde2d4000432f,reference
arXiv:2311.01825,7fe071ea76e49bc3e573beb53f07721630954247,reference
arXiv:2311.01825,91ff466f97f31fbff0f83e252f13edc9bcfef45d,reference
arXiv:2311.01825,0b0debb710366cdff461938c80763eace1651af6,reference
arXiv:2311.01825,aade40af0d85b0b4fe15c97f6222d5c2e4d6d9b3,reference
arXiv:2311.01825,4713dc19179cdd9083e47067fa9504751f8759c6,reference
arXiv:2311.01825,082cd44d8e9d4b9aa9e171c8703ba80e09346912,reference
arXiv:2311.01825,b6d6c33298b852cf63edac233deca70530d69a2a,reference
arXiv:2311.01825,3d7a364e83161f9a186837915a9c45083f6e1621,reference
arXiv:2311.01825,8a2a2006e371ce07e0b29538cd11337a5c977caf,reference
arXiv:2311.01825,9e3c493fb09dcd61bb05e8c5659f23327b7b6340,reference
arXiv:2311.01825,ee043cf44556e22f5e75933026d54f383f60a4d5,reference
arXiv:2311.01825,c082ccfcfe1afc696e371374146ba9380b84061e,reference
arXiv:2311.01825,7c1707db9aafd209aa93db3251e7ebd593d55876,reference
arXiv:2311.01825,2e84ed415aa5466e7fd6a6012e8e648df20d6a99,reference
arXiv:2311.01825,57e849d0de13ed5f91d086936296721d4ff75a75,reference
arXiv:2311.01825,d44996a04e77c990177b589261ceebee5a80ef01,reference
arXiv:2311.01825,e5c72b92c48d68594b290c84a8904da7c8335554,reference
arXiv:2311.01825,08b85bce712168998004ee80ce4e475390413c74,reference
arXiv:2311.01825,f03f39f735186c4359b719724be6e1c2eb912fef,reference
arXiv:2311.01825,ef3a38b9f15e9dcb5652cb3f86f19b845cdaaef7,reference
arXiv:2311.01825,df2e4f151e8b7bf0f04712d240f6fdf7d5808725,reference
arXiv:2311.01825,f92932b549cb38ea1d389376e99896aea5f3d3c5,reference
arXiv:2311.01825,9f530ebf624bf58e91b2a1f20b0799a45ca48f9a,reference
arXiv:2311.01825,964bd39b546f0f6625ff3b9ef1083f797807ef2e,reference
arXiv:2311.01825,7f0f12d82eaf1214f3696ee4156e8c0a85d8a926,reference
arXiv:2311.01825,99070fb6df9e8d11e30f7aaefcc9f0b0c5a73789,reference
arXiv:2311.01825,6823e2bfa82e07f5c579ef04e49f4e9857408ffa,reference
arXiv:2311.01825,fbb57559ecba097de04ccd070f0ff843730e3ce0,reference
arXiv:2311.01825,6d994b4f5a46cd14e8f09f1e9e49120546b15e31,reference
arXiv:2311.01825,d6954c43aa1ca197319c45d3988bc8fcec3de976,reference
arXiv:2311.01825,7aa0ab836f198b9ba040a92534eb89f1d706b66d,reference
arXiv:2311.01825,5bc61019771a9fe2a12cc41bad1d9ae4222a152c,reference
arXiv:2311.01825,4054fc9e8776dc0324cfc215462d606eb75916c0,reference
arXiv:2311.01825,4a3ce4d66627f2264bb2d75a68d69611d4b34cd8,reference
arXiv:2311.01825,fb5c11bbf63884f75d2da615fbf37a3bcfa2bd20,reference
arXiv:2311.01825,d766bffc357127e0dc86dd69561d5aeb520d6f4c,reference
arXiv:2311.01825,5cbe278b65a81602a864184bbca37de91448a5f5,reference
arXiv:2311.01825,1b6e810ce0afd0dd093f789d2b2742d047e316d5,reference
arXiv:2311.01825,b3848d32f7294ec708627897833c4097eb4d8778,reference
arXiv:2311.01825,d095f9ffcb5905bf0858ad1769d3d90e2e8737e2,reference
arXiv:2311.01825,3cc4ad973029bdc4af58dc5038e92751b97073e0,reference
arXiv:2311.01825,e81340c96a0b753f85864124284f2210a240a90a,reference
arXiv:2311.01825,0c7fac156fdcf0b82e1a827a390c9db58ffa9845,reference
arXiv:2311.01825,de6b83379a6195ace2cd3c58b4ba0fa1c2ba7e83,reference
arXiv:2311.01825,acbdbf49f9bc3f151b93d9ca9a06009f4f6eb269,reference
arXiv:2311.01825,f791dce07eb1dd9251f9bffb801d6e075091c98d,reference
arXiv:2311.01825,df98f3a8f3b28f03961437d017ce57ccc15a8c51,reference
arXiv:2311.01825,aa2eac44e9725b6201c272a1a1bb75adee837058,reference
arXiv:2311.01825,ae930bf735d76a422d9675714a54b682458558b3,reference
arXiv:2311.01825,5a2dddce4aaaf6bff6c56d5f0dfdc4db66159369,reference
arXiv:2311.01825,3ee955bfb656e30a337b22a1149b5ecc91a91217,reference
arXiv:2311.01825,1c6970dc9d4da9f5e94399e344fe8ba901d8fe81,reference
arXiv:2311.01825,fed8b674293e7e70b39a785cfff0e7533c479021,reference
arXiv:2311.01825,560cfa01c7e3b22186304b92e92e592e1da8a169,reference
arXiv:2311.01825,90abbc2cf38462b954ae1b772fac9532e2ccd8b0,reference
arXiv:2311.01825,43f2ad297941db230c089ba353efc3f281ab678c,reference
arXiv:2311.01825,63c4adf203e2e0f9895ff82485a0a701cf3cb650,reference
arXiv:2311.01825,7e9eebbe4c276ce8e84489add47fa31e806306e6,reference
arXiv:2311.01825,39a55ddebfa32821685eca7e9f6c7796d2d051d0,reference
arXiv:2311.01825,635858c4f5cc3b0fbccbae818462efffcd6b449b,reference
arXiv:2311.01825,189b79cda928d58f695cf8323b9ce2196fc22409,reference
arXiv:2311.01825,efdb16370a812a77c5bf9712080ecf94454c0d8d,reference
arXiv:2311.01825,67ebf843a58bf20eba8baa3513235bccce88333a,reference
arXiv:2311.01825,545f108575314031f35c617c4ac35a10133c50e3,reference
arXiv:2311.01825,0339891e995c957e7e51b05131d9778d1c6d303a,reference
arXiv:2311.01825,cbbebe6a657047e9191abd8fcd954cf247a57c6d,reference
arXiv:2311.01825,0fa56e9ad5cc3da874ce5d1d9a1e868f6528db1b,reference
arXiv:2311.01825,46a73c0e436e2f0598317e30d84f9d139e61a794,reference
arXiv:2311.01825,f6807eb4c17135f21485bfbcdfdbabf1f8f4f0e0,reference
arXiv:2311.01825,aa02474345b8601509b607ef015ba1d7c7ed7af2,reference
arXiv:2311.01825,42593253b6a22e530fb36ac7634434caf8bc4dc8,reference
arXiv:2311.01825,7bafde5e25fd7971a350874456d7b7d9bed20c1e,reference
arXiv:2311.01825,66ce53965634b435016867ff6d9b24a9937666f5,reference
arXiv:2311.01825,4224374796da64e17fce96033d4cd42240d80eaf,reference
arXiv:2311.01825,e103616347767067000420b78bf0d1adeb770f3b,reference
arXiv:2311.01825,cc90910b6e31fe44cddc1e341f21eec0aaa5db44,reference
arXiv:2311.01825,6fca260e9a3c37e246cc15e7639d1a5fa2aed465,reference
arXiv:2311.01825,72ce0d870acab565eac1b26c7cfa0395e9bc0668,reference
arXiv:2311.01825,17d01d94092942d99625e2df0614a03977f64960,reference
arXiv:2311.01825,ad4fd2c149f220a62441576af92a8a669fe81246,reference
arXiv:2311.01825,9b19ad46902af968445320b72f0f92db621b9149,reference
arXiv:2311.01825,ebd342793ee80999119cf163f5774d649fc0c928,reference
arXiv:2311.01825,ebe875cf08dd398e0ed25f518502301c984a9afe,reference
arXiv:2311.01825,76cf9dfecfbdcff5cb20c7bc9b730b18c18d7f66,reference
arXiv:2311.01825,e45d4aedd10229cbbeef8b2ec009f87ae1a4065e,reference
arXiv:2311.01825,cefb2ec6d1e856dcba0836b88f6b12b3c455379a,reference
arXiv:2311.01825,36789799e464aa7465125ff8e778939843a0e89b,reference
arXiv:2311.01825,5eca865325ecb37e37f3e19b6d435415571cc1ac,reference
arXiv:2311.01825,a34deff6309f5fd2b1fb94fba8c51d6b371aeabf,reference
arXiv:2311.01825,3466f6055858615dd3931c8321de7f528d54b2e3,reference
arXiv:2311.01825,609968be423843d3af8fb13e5feec0753a6ab068,reference
arXiv:2311.01825,df2b0e26d0599ce3e70df8a9da02e51594e0e992,reference
arXiv:2311.01825,625bdb87e5750faf96fd0c59cb274ff9dda9cbb3,reference
arXiv:2311.01825,2e17202c82b6f3d6d6d1b72adbf9cd39bf2a118b,reference
arXiv:2311.01825,78ce0c149860363bbbe34306c75a4454ad23828d,reference
arXiv:2311.01825,0066e817a4a3b56a54b2821987a2fa3da472fd5f,reference
arXiv:2211.02956,37ae396e252046da9d62d8bc94790b8333d61e40,reference
arXiv:2211.02956,19be53b21a022f7578e073709836c35ff52bec43,reference
arXiv:2211.02956,888c81cd3d1e953e2b7f8cc4ce68ca9f908c1e8d,reference
arXiv:2211.02956,fef7e9eeed1ec5f0ba28ff88699f2965cf4d8c40,reference
arXiv:2211.02956,bea1187a1f8a68f1a93f0c2fa10d31f93a30f84e,reference
arXiv:2211.02956,2fb44f1317bc51a1e011a5a44d817ad9104e29e8,reference
arXiv:2211.02956,2cbf8688cbaddb28eac94fafb01251178f664dc7,reference
arXiv:2211.02956,ef03f3910685dda98279aa2bcefbeada3362a626,reference
arXiv:2211.02956,9ad8447ae31bdbb9adc3ffa4ff1e8a3e096d7fd2,reference
arXiv:2211.02956,df7d26339adf4eb0c07160947b9d2973c24911ba,reference
arXiv:2211.02956,a127cfd083d94b39ca3d3059525541bc80d1ecae,reference
arXiv:2211.02956,90abbc2cf38462b954ae1b772fac9532e2ccd8b0,reference
arXiv:2211.02956,b3c73de96640ee858f83c3f0eda2a3d15d59b847,reference
arXiv:2211.02956,e28a5d2dc2847f8bc5a40ee062a8fe101aefa28b,reference
arXiv:2211.02956,bd20069f5cac3e63083ecf6479abc1799db33ce0,reference
arXiv:2211.02956,2b8f3c930478053444a12a889bc1ee26f8f0bff2,reference
arXiv:2211.02956,cf1be616f9ae10cd5c36f60d3da659fdbc7af4ad,reference
arXiv:2211.02956,795f68480f51d4359b85b04d1c7edd41423bf4c2,reference
arXiv:2211.02956,d07284a6811f1b2745d91bdb06b040b57f226882,reference
arXiv:2211.02956,204e3073870fae3d05bcbc2f6a8e263d9b72e776,reference
arXiv:2211.02956,5daf6e4b51387d2a57ca0b4cefdf459aa57893ac,reference
arXiv:2211.02956,d660e89055644fa122f2b4b4cdd32c85a5e33648,reference
arXiv:2211.02956,f0dcc9aa31dc9b31b836bcac1b140c8c94a2982d,reference
arXiv:2211.02956,c6850869aa5e78a107c378d2e8bfa39633158c0c,reference
arXiv:2211.02956,97fb4e3d45bb098e27e0071448b6152217bd35a5,reference
arXiv:2211.02956,e9a986c8ff6c2f381d026fe014f6aaa865f34da7,reference
arXiv:2211.02956,a7b7e17fbbc22664451ad0e01e8e012d934ac2c0,reference
arXiv:2211.02956,0023582fde36430c7e3ae81611a14e558c8f4bae,reference
arXiv:2211.02956,ecf54d7e08b2365dc16969ed428c61e471684657,reference
arXiv:2211.02956,4ea0c821f3ec41906e82207db3cdfc858d5112fc,reference
arXiv:2211.02956,e4ce10063cd25447dcde75c2d9ce327446ced952,reference
arXiv:2211.02956,1a24e45b98ad35fa9d3930d0124e45b628252e56,reference
arXiv:2211.02956,9262b3fdd11e1fa73bc96cf4db4de6bfb5f6f6a2,reference
arXiv:2211.02956,c3b597011f64e7c5459bbe4502163e463fb13f5a,reference
arXiv:2211.02956,df2b0e26d0599ce3e70df8a9da02e51594e0e992,reference
arXiv:2211.02956,14cb3ed64cbdd11444c98c97be3ecef7394e8a56,reference
arXiv:2508.19294,c666f1d9aaa1bc2fdbb81234b0a8aaef8c42e647,reference
arXiv:2508.19294,6b514a763fd5bb0f8b60b74f1c3b1a25405229d6,reference
arXiv:2508.19294,becd117ce22cb38d304479b56047f4b986731522,reference
arXiv:2508.19294,ac3fd1e3b46012a0f10d8e3417e10e204f185022,reference
arXiv:2508.19294,52c7a761677f2acb53aa006f3e9800f9f74c731e,reference
arXiv:2508.19294,bdcbec77bf842c29fbd7d29bfb8aa52f0e684377,reference
arXiv:2508.19294,afd8b206f30697867638adc34eab56a1e4a6aa5b,reference
arXiv:2508.19294,4ca407fa629de3a48cb9b02fd29e371711c331c8,reference
arXiv:2508.19294,62aea76d71538b1103263193d5814a9c97af0b49,reference
arXiv:2508.19294,d0b9c1af66a327fa6c936556fb37521936ede488,reference
arXiv:2508.19294,6171ef8ac845e6589712cd2054e4c372cb6bb6ef,reference
arXiv:2508.19294,7dbc4ddee852858d1e518ec77b976487598da6a5,reference
arXiv:2508.19294,cd9d82d685bf49516cc3a0ef7104de06908a5a89,reference
arXiv:2508.19294,b68440e6b70e5e9875e261dbd835c982a5541a83,reference
arXiv:2508.19294,6f0f8f5d11207a4ba26c1a72b9f0e497357d3845,reference
arXiv:2508.19294,47c293fb67dfd99a106d88ea3df0d5f6f4fd8251,reference
arXiv:2508.19294,86ea824697cd70b1a6b6a301107ad38a38f09605,reference
arXiv:2508.19294,01e81cc79e5f4e0f056e5df2562a6c5ed81cdfd4,reference
arXiv:2508.19294,a2314cdec306ec5a069232d14a7a53089e1f62aa,reference
arXiv:2508.19294,9f964682b5b035f1b2f123c6aba36d394566dfa5,reference
arXiv:2508.19294,b6a6cf6a9faa83e116708df9c31c47f178045e9c,reference
arXiv:2508.19294,dd8fc2bd0cbee68a66065b1828a3d7a3d8a30a1c,reference
arXiv:2508.19294,53735ff0112082e0c0045056b00ed2176163d8a8,reference
arXiv:2508.19294,299cbb16654bdfb842f48b8d1452b2bb940c7c21,reference
arXiv:2508.19294,787d9a8088335b208a5871ec3aab4e917941ce52,reference
arXiv:2508.19294,9d698a1e2e5caa7105523cff4442d9ee6e828345,reference
arXiv:2508.19294,f5d194b600e4e4021564f3647afde07308ac41d3,reference
arXiv:2508.19294,6d5263613c71e8d313743a55fc20f58f8e200d2f,reference
arXiv:2508.19294,4ebee7a7e144ff14d1f6643447a81fa02bc7b658,reference
arXiv:2508.19294,ce0c193ea839d3849362b66580b98ebb900c9bed,reference
arXiv:2508.19294,674a7cae8f4235af08fe6459ba277fb7c30bcea9,reference
arXiv:2508.19294,1d9430bae9b3ac93ad8e0955e2a5d57745a91ccf,reference
arXiv:2508.19294,7d095da0c35b9f1831cf9ee1648c39ee37bc5ae8,reference
arXiv:2508.19294,29c9ca4b0b9341151867d323b164a5fabbb99cd3,reference
arXiv:2508.19294,731c50b0d6af4c1cb8d95f506541681ea487973b,reference
arXiv:2508.19294,3b18518924b1bdaac5855d9d8554316d938907f8,reference
arXiv:2508.19294,7a96f97d0756280ae80f8b4b67f5e6d20ee1f26f,reference
arXiv:2508.19294,4dd568106b0815fc4985d378e309a998dad67fe5,reference
arXiv:2508.19294,23fab22d8616f031756221cdfb818f80a4f8bbd5,reference
arXiv:2508.19294,9709873a9290edb3e23eff8dde4d3ce1116539ea,reference
arXiv:2508.19294,81b1071d834db087d54a382d0f6a85f12ca00c27,reference
arXiv:2508.19294,7d2baaa506f494c3d6cf59ee3798c7b3e6021d96,reference
arXiv:2508.19294,39bf4f3faf175b6b3469f4d39790950f6f543b4c,reference
arXiv:2508.19294,57abdeae2c79b86384c4fb05aa9801bf28d1bacf,reference
arXiv:2508.19294,919624d6902f2317a71512da95c0c4e692beca19,reference
arXiv:2508.19294,225751befabb5935c3c4badbf583f1c5825c140f,reference
arXiv:2508.19294,793e976e1c35182ea4c970fd4f262e530ef6f2f8,reference
arXiv:2508.19294,cf90a38d4e6aa3ca8f9dcb65538be5ce16a69815,reference
arXiv:2508.19294,47ba477683361acf09ed9ec28d5e23a05a93d92e,reference
arXiv:2508.19294,fb6973bde2bac82ec9c33f49ba370ceed883eeba,reference
arXiv:2508.19294,f61cc9b5583c6295d5cd756ec0f34e4c003aab29,reference
arXiv:2508.19294,ae1d5360f2f556139cffd10d6e9d2e0241c937e0,reference
arXiv:2508.19294,d4f00a848a20fafed7973ff0f7ba65927a6fc63a,reference
arXiv:2508.19294,18a35fee99c95593eca07fc18e8ee1fc68227d82,reference
arXiv:2508.19294,3a436130332aace5d76ff2694e53ce8ee5816139,reference
arXiv:2508.19294,b7cd8110e753d87f90242cebeb36787a4e83c6eb,reference
arXiv:2508.19294,843f89ce925cfedff681bf22cdf3d1b2cd8a2678,reference
arXiv:2508.19294,72a8ab237c21c76e7bf599e2197e796a47ed1447,reference
arXiv:2508.19294,3ef9dbd95a174d4c175fcd603f62b8cc197e8d7e,reference
arXiv:2508.19294,d79df90fc8d1a81ecde3629ae5c9132c54ec6df5,reference
arXiv:2508.19294,f634476100f67600184d607e3fc1673cd3d5b19c,reference
arXiv:2508.19294,dc112d4d3adcfde7a05d239e433c8f7ad3af5eda,reference
arXiv:2508.19294,28f14bf449f63d57664d5572d20a6bf3da9f09c6,reference
arXiv:2508.19294,fe21fd2fdd417f9004c1824a8511bfaca359da09,reference
arXiv:2508.19294,e32646cc7bca18890ce942e27e1d514e073d4109,reference
arXiv:2508.19294,cca431c69807196211c657a35697644743944b12,reference
arXiv:2508.19294,88bb1b2908d1cd024112b0038843c01966b1932f,reference
arXiv:2508.19294,1af5f0aa6ccfb4a5020630f48e9c35f27d6bd2e6,reference
arXiv:2508.19294,e5c7f7b747cc285e2fd89edbc457bc8c339934d4,reference
arXiv:2508.19294,768dc5741107ab6563f7bebde8c143bb52d84bf0,reference
arXiv:2508.19294,4e87d26d6035d8f279e2296b72470259532d50dc,reference
arXiv:2508.19294,900a7b999cf495970f4cb4c577f45b9466299d05,reference
arXiv:2508.19294,f19db28a8fdcdc2eaa44c777c40714e2622bf0ff,reference
arXiv:2508.19294,f3d1ef20ff4f143a0fab00c1b8f5aa3cfec770b9,reference
arXiv:2508.19294,273a55aae3c22bc8c79f2decb021ac454cb5c076,reference
arXiv:2508.19294,9f1dae0baf8df36edb890085318c528db6e4a91e,reference
arXiv:2508.19294,9e194f150fd528d98341bea1e2f1109c2839a987,reference
arXiv:2508.19294,5332966dc0e2c50def336eebee24702e386f2ff8,reference
arXiv:2508.19294,f6aeb1921d39ebe47750b9fe3e77a4c264b8fb91,reference
arXiv:2508.19294,40df79bf2903d464404272364d0a29ac749be737,reference
arXiv:2508.19294,cabc944d7e100c1d60dfbfa3526c121a0c5c9a13,reference
arXiv:2508.19294,431a4e7e89863b038069335baa80c3e489538214,reference
arXiv:2508.19294,7cd4f79243c11ea79e52a2488c9202a342967447,reference
arXiv:2508.19294,1b2ca6f21c8e07fcb2eb4f57fac63db7cec043f0,reference
arXiv:2508.19294,cafca1e1e6b7813b5ce5496903220105c5b97737,reference
arXiv:2508.19294,ceb48eb6087da49e21e6e9dca33c37a39ffcab9c,reference
arXiv:2508.19294,3967189742efab8859da542ce3953d4c72957aca,reference
arXiv:2508.19294,7943ec4a67151a559b25cd34369e661c9a7924c8,reference
arXiv:2508.19294,422f4c91d8c71f93e55ad59081368f2f951c1840,reference
arXiv:2508.19294,ed458b5d6442aa700131ae4574a143ec1b4cea42,reference
arXiv:2508.19294,8c384adc81b5cd7a5bbc497b9305f8493b939bf2,reference
arXiv:2508.19294,2d9e1f3472f9e0e8f93a710b5141611395cd1e66,reference
arXiv:2508.19294,ea2aa89b3dfead23878c2ac800e86d985ae77b45,reference
arXiv:2508.19294,f6cc25739cd059abe24e99ef30c3da7636f23e36,reference
arXiv:2508.19294,ed271778dd276bbccd8f4bf2e9e2c786bd1d134a,reference
arXiv:2508.19294,b9203f3844e850ed9096bd935de336405acb905a,reference
arXiv:2508.19294,8c6695cb768b9f7027aa6d8d537dd5cdfcde2b9b,reference
arXiv:2508.19294,27901327aec3585ff764325226949fab73165d15,reference
arXiv:2508.19294,a22b23b65cdbc0335b872ed7c7a7206c710f8997,reference
arXiv:2508.19294,9ebce30da5743f37d5b6378ed6c0d8231b114d7e,reference
arXiv:2508.19294,f23797cf0474166c49f86a1a2617316944f5c8e3,reference
arXiv:2508.19294,d048c9ad2fdf0a5155110271358e30cd24f53bda,reference
arXiv:2508.19294,4dc8cca917765a48b4942009dc04da68bb2370f3,reference
arXiv:2508.19294,97a23ba949335ba4d260736f96070ad10c1df876,reference
arXiv:2508.19294,94bba93a82100e015e9445a6c3295c4bf9901a7f,reference
arXiv:2508.19294,88fc09d3cd7bda6d3e5008b2a691816191cbfe51,reference
arXiv:2508.19294,5ea16dfb5a44a97a8e93177e7e588cc7fb9e5996,reference
arXiv:2508.19294,d2dc3e70ba23ab2ac537d1d40b61b214680491a9,reference
arXiv:2508.19294,f5bc718d8198c9cfd7b01a6580029d8c0fd1e60e,reference
arXiv:2508.19294,2169232050d2968753879d6ad9b53ec36fd4d4ef,reference
arXiv:2508.19294,2e230519ef242e592b3c19765639008c7046424f,reference
arXiv:2508.19294,67146d4e521ad688841d318146673933bccca76c,reference
arXiv:2508.19294,c3033708bba45a64916732506afbeb51d602425b,reference
arXiv:2508.19294,39d8486475173357619647061dda377f4c38853e,reference
arXiv:2508.19294,2445e2d2a1c182ceccef62935c5fc230def10319,reference
arXiv:2508.19294,050e414aa4c97d806b5fa3bfb71c79e9dcddb08f,reference
arXiv:2508.19294,e88bbf62d3ce30e5a4c8ba7919f9d0ce37573d92,reference
arXiv:2508.19294,1e651d05e2f6c71081a33cfbc8375093c3c8b043,reference
arXiv:2508.19294,7391bd9f259c7624e23cfac7ddaae94d16893ed9,reference
arXiv:2508.19294,c17848e995c69a63134c8ea9b1068c07df058010,reference
arXiv:2508.19294,ed5b5f1eeaa8e2a4a1c394f744ca71916d6d3a99,reference
arXiv:2508.19294,627349cfb556aabb9d57f75b1a06eba268bbaf78,reference
arXiv:2508.19294,f835fc14f12d33ea0c01f1026928cd1fac52e44c,reference
arXiv:2508.19294,027cccc533baefde3244fd30c5f212516f584d01,reference
arXiv:2508.19294,f7749635a5fc0492ef4705bee963ffa887bb2865,reference
arXiv:2508.19294,3abfa0d372bca716f57ca7871e7e3694dacdfae8,reference
arXiv:2508.19294,bbaf6719a76bbe363bc4ad782e891606d725c4b2,reference
arXiv:2508.19294,9190dbc582c9871dc771fc87afd85ea4c2455fb9,reference
arXiv:2508.19294,1e3a1e583ddf5e9f5cecb578b64fa90d40bbf242,reference
arXiv:2508.19294,3687e55cf21c4d0041d9bf0b74988319bfe3402b,reference
arXiv:2508.19294,810dc922cb3f0bd06a743f6f9fa8c0f158ed529b,reference
arXiv:2508.19294,c93a21e063a1685558f18c9cd075947f1c1e660a,reference
arXiv:2508.19294,ca8703b229134af467560963897fcebd25a5dc48,reference
arXiv:2508.19294,37522c8db9f42055d9ce25b3591670548d631270,reference
arXiv:2508.19294,ec45c3f0f88c8ce1deb5baa71c2c0e14ad64d249,reference
arXiv:2508.19294,6981adbfa77502eeeb13be68a31b6ca1fa9d585f,reference
arXiv:2508.19294,b735550c1dfc35815994ff37a76ba8d23fc811ac,reference
arXiv:2508.19294,57eec0efd84f95943c744bacb1315746b1287f16,reference
arXiv:2508.19294,00208d1408204f905558febb8bd25bd6f5233fe7,reference
arXiv:2508.19294,d863638af5bc788a054a02af8bd1124ba4d44a21,reference
arXiv:2508.19294,10531a7bcbc807f66964ded03a70809c7e98f0a5,reference
arXiv:2508.19294,e60761df840d1aa2b772618b4e39e59dc141f7ad,reference
arXiv:2508.19294,cc93265f436314a8285d2c7a858ccbe47bb2a3d0,reference
arXiv:2508.19294,ec4fec0dead4dcfc449aab513ffbf959f6fffda0,reference
arXiv:2508.19294,c811bedbe8f4c21d0cba9f9175f7c2eb203284a7,reference
arXiv:2508.19294,caa02aa0a134e7d5063ba0f13a17b5255e3f57e4,reference
arXiv:2508.19294,eac12b27f535220a8dd22bf1f199b57cef6fbd67,reference
arXiv:2508.19294,69176f85e8e4a8e9e4b381b05a854942b4b43f78,reference
arXiv:2508.19294,8cbb814f7f064aa84650614376094e563b532490,reference
arXiv:2508.19294,8fd282cf9dfd3c9a7483a6b8b69c8259b53aaee8,reference
arXiv:2508.19294,6dc5c6190dfbe55c8b45b7b23800614c21e5b51c,reference
arXiv:2508.19294,4d7c68ec1a86ef5d187e7edb2f0ad63adddc8ea2,reference
arXiv:2508.19294,5e7274bcda47b704b6797bb14be8b7a61c047a61,reference
arXiv:2508.19294,758c2dc290c037a6f211ec503beee70abe2d1197,reference
arXiv:2508.19294,3f77a630fde20d75963fb7f91fe1de42e78ec1aa,reference
arXiv:2508.19294,265a92d2958a06c88207c3adffe088769cb5b65a,reference
arXiv:2508.19294,83ee82e62f2eae18cc3472120eb9004109895a31,reference
arXiv:2508.19294,37c112454a236ab91c9c6b5cc165a6c3251e9206,reference
arXiv:2508.19294,a050c9b0c321839e4427ab9defa3463be7825ac4,reference
arXiv:2508.19294,a3ca77456142b78367dd5d53138b50dfac8086ca,reference
arXiv:2508.19294,14ed0a54cb784d939a142beddad63724fa052f36,reference
arXiv:2508.19294,d8e8740f34bf79a7333ef758ecb087b520f61e60,reference
arXiv:2508.19294,a30dc321a96154c9baece8edea7901e7e0b6f7df,reference
arXiv:2508.19294,f50fffcf3935573bd11f5591e7b5fc9f1aff2045,reference
arXiv:2508.19294,35f9cf520cf31d0343afb42afa29303364a86a73,reference
arXiv:2508.19294,d63b7b7d63e06db118d35fac98df336d6e7d0e06,reference
arXiv:2508.19294,afc3dd0176d67df1e5200eaec4a738ccd17c9cc9,reference
arXiv:2508.19294,91edf9d897ddfa4c39f013d6acc0f2a0905ef789,reference
arXiv:2508.19294,3beff9defd7666a197ab78bb0ab337e7dcf24598,reference
arXiv:2508.19294,13925d7d5952b1ba5960dfe2c44d977be109b636,reference
arXiv:2508.19294,62aa2c64f3f4a1d357f1f1e6f5ce8cb0bbe9bb6d,reference
arXiv:2508.19294,76803ea9ccc93a4f277aae5d4714ea79a99e55d6,reference
arXiv:2508.19294,d0a5a6a5b5540967d6f12651aebd446e4c0dc807,reference
arXiv:2508.19294,4e59e93a4aebaaef8a4c53cb47edd8cabe2b8d25,reference
arXiv:2508.19294,441bada9aa6dfd1f94d45d20e0f7eb060d59dd30,reference
arXiv:2508.19294,3004ffec00059d9c268aa396fff1ac93ec17157d,reference
arXiv:2508.19294,1e909e2a8cdacdcdff125ebcc566f37cb869a1c8,reference
arXiv:2508.19294,c5ab539ab10d85a784487324360029fd5cf96539,reference
arXiv:2508.19294,2313afae52d98e569da2dedbf14daf9efc74e7cf,reference
arXiv:2508.19294,6ae4705139494fcb6b790b6dd6c4225b40ee40f8,reference
arXiv:2508.19294,50ab088fb18c8a3565c5f8c523a2aed741ea51dc,reference
arXiv:2508.19294,8220cdb2037b084f89b8122bb8d6096a045ecd5b,reference
arXiv:2508.19294,763fdb72349b19b12abb1dd6e81fc40c44a48713,reference
arXiv:2508.19294,36819c779070076e9364786223bd341dd9a89a77,reference
arXiv:2508.19294,68e0e789b5147b1e7d028c7a825650075f4e26bf,reference
arXiv:2508.19294,458111ac5a0f73bb35a2acf55298268be25ccfa2,reference
arXiv:2508.19294,8bec52a96250e9b548827983822d98c07dc93123,reference
arXiv:2508.19294,d0e1a78bd77c9b6179bc773f0b7bada8df3ce39f,reference
arXiv:2508.19294,93c525267e93c78309a5b28a3eb0780704125744,reference
arXiv:2508.19294,9d9ae5637cb6339f4f17ef0cdae8894720ee13d1,reference
arXiv:2508.19294,54814744b42b06c855c97b23de1366e0bcbe775a,reference
arXiv:2508.19294,c1e450284e7d6cac1855330a1197df8537df653f,reference
arXiv:2508.19294,f34b6b4f75fb4e6f2c5654ee13fb2479c6170b3a,reference
arXiv:2508.19294,4c2ed9907a3e966b3caadec5dddfde0e4c83f9da,reference
arXiv:2508.19294,f2ec0182c6646d3128afa5100f37d9de7b533463,reference
arXiv:2508.19294,437cfee2a7f7beadf09ad712f71b3265740e44a0,reference
arXiv:2508.19294,88e5a54e73d5599486c4200fc196741c679304ee,reference
arXiv:2508.19294,24083e7f46dcbc236065fca7b4017467f9516950,reference
arXiv:2508.19294,b78a9007186f8db25e1890757959b5b0513e220c,reference
arXiv:2508.19294,ca31b8584b6c022ef15ddfe994fe361e002b7729,reference
arXiv:2508.19294,97ffad903208c7bea48e4c8be0a68e27fc33a478,reference
arXiv:2508.19294,ebddfdc5d845a788e8062eddbbf7a335737cb99b,reference
arXiv:2508.19294,f52293edcaccf33cc16c372175a69ffa63cf3460,reference
arXiv:2508.19294,d92c797f587ce7f1b001920ab9e6b7d31960bd77,reference
arXiv:2508.19294,a8d02ff6d075c3cc48f0b97801cc52765c8f9ac9,reference
arXiv:2508.19294,168cb065ebcb21e11c59871abf0434f61d58c8dd,reference
arXiv:2508.19294,5e0b9a797abfdb42310206c804fb9b0bee14241f,reference
arXiv:2508.19294,fd928577d67dd01048d13f284a6256164bbcf2f0,reference
arXiv:2508.19294,50c1414fe41d0cb9db6f0933c9319aa124beac5d,reference
arXiv:2508.19294,2ad8183c72a90511383a32ccaeea313eb85f4085,reference
arXiv:2508.19294,86ea4aa29241149c3999301f0285d8cbb8542b11,reference
arXiv:2508.19294,42a30dc5470f54ec249f25d3c31e05d7c376c8e3,reference
arXiv:2508.19294,b6d6c33298b852cf63edac233deca70530d69a2a,reference
arXiv:2508.19294,5faee4af70f65e609eafe1f23f26593423f03750,reference
arXiv:2508.19294,0340c850e033abbf71c7214e403c8fe2be5ef91f,reference
arXiv:2508.19294,44aae5283d29c894e7d2573d99f65be4bb6c1e41,reference
arXiv:2508.19294,7e32aac43e9f1df49e116add03327ee6f365dbf3,reference
arXiv:2508.19294,ca6a2bc279be5a3349a22bfd6866ed633d18734b,reference
arXiv:2508.19294,3a6c423cc0f687fc43a671e55dce06f681df7476,reference
arXiv:2508.19294,a5036f31f0e629dc661f120b8c3b1f374d479ab8,reference
arXiv:2508.19294,5a9cb1b3dc4655218b3deeaf4a2417a9a8cd0891,reference
arXiv:2508.19294,c63c33ff286330490bc3725ead555321b36ab133,reference
arXiv:2508.19294,c9072c9e0150dc676ca5d580f332f54d20f28a55,reference
arXiv:2508.19294,690df0820f35a47e1ce44f90e6ddb4132aa09267,reference
arXiv:2508.19294,c7a9c7302a72301ed79a7c0696d5af2e03ad3ac4,reference
arXiv:2508.19294,163b4d6a79a5b19af88b8585456363340d9efd04,reference
arXiv:2508.19294,c3e5a20b844c042d2174263d2fd5b30d8cc8f0b0,reference
arXiv:2508.19294,bce29cc829fab288c41ae5678e1bb5b95bf218d4,reference
arXiv:2508.19294,3f5b31c4f7350dc88002c121aecbdc82f86eb5bb,reference
arXiv:2508.19294,99ccc15094b9438448668d136d90a12e0c9443e1,reference
arXiv:2508.19294,67c5932e303a63adb37e71e4fb3698a9529b0a5c,reference
arXiv:2508.19294,bbc3b23486df1f9cf66beac79886553e46875b3c,reference
arXiv:2508.19294,e5c8960eb2ec034ffbd353ef39fd1cb541d3c7c9,reference
arXiv:2508.19294,91deaf9d324c8feafc189da0da03e60a60287bca,reference
arXiv:2508.19294,d8adfa796b1666e0332d3715c9708a0d8d85097a,reference
arXiv:2508.19294,99630834ca8aabb4cb0cf73ab6fcfad2b661ef59,reference
arXiv:2508.19294,85d361beea081193616cc4d26ffb32171c612a0b,reference
arXiv:2508.19294,49b5ffebdbcbd683010a2558a19eaa9b21cd8c34,reference
arXiv:2508.19294,cda16b51195240973de0905414dc8e1da4265156,reference
arXiv:2508.19294,30a09abea48b4b9e5139438d79039c8ad28bdacd,reference
arXiv:2508.19294,26218bdcc3945c7edae7aa2adbfba4cd820a2df3,reference
arXiv:2508.19294,a09cbcaac305884f043810afc4fa4053099b5970,reference
arXiv:2508.19294,5f85aec081f4ee224441899b6c1ceec1535bd58f,reference
arXiv:2508.19294,d6c73f758b05f38529c1a96cab7e908a2047dabd,reference
arXiv:2508.19294,403ad5d6e78fcf29f1ac526fbc9ff6cbfea555eb,reference
arXiv:2508.19294,e70af9ee02523dc62c2096c09c1a638210f9dcde,reference
arXiv:2508.19294,837173ef1f260adc0d50b76675915776e1cc8ade,reference
arXiv:2508.19294,5341b412383c43f4a693ad63ec4489e3ec7688c8,reference
arXiv:2508.19294,826383e18568c9c37b5fc5dd7e2913352db22b47,reference
arXiv:2508.19294,be0fbb810583930c071d0b9b2c5187fe260783f5,reference
arXiv:2508.19294,42d5b79c8b596b46b454f2f7529a59b0a34b963c,reference
arXiv:2508.19294,19b3b074d38b250d024920732ae51a8ffa0996dd,reference
arXiv:2508.19294,db6ad6ded1cfa26fdc7437f27fb823ec533e96fe,reference
arXiv:2508.19294,50400b478dda3eebb966f71e8d8f90718a0e2854,reference
arXiv:2508.19294,ab70c5e1a338cb470ec39c22a4f10e0f19e61edd,reference
arXiv:2508.19294,d5d571db338064b050044f936ff6914c79c5e4a0,reference
arXiv:2508.19294,149f5a50eef5b115fc67c21693c4e701a6161c43,reference
arXiv:2508.19294,cf9b8da26d9b92e75ba49616ed2a1033f59fce14,reference
arXiv:2508.19294,ad5cb2b4f6e931a06e6831859503f5b67cf1e0c1,reference
arXiv:2508.19294,86b64d54fc1aa778df0b6499db5556776aca9330,reference
arXiv:2508.19294,27ed05b1354ebc2451653a5356702f8260c7f97b,reference
arXiv:2508.19294,d2e54b3a596a1dce0def9d035dfe1fb7c0c6142a,reference
arXiv:2508.19294,8ce404fbf787bb71800fc945b225743b07f5f7a9,reference
arXiv:2508.19294,b52ca1e2eb88b3d2ea36b12a5810f570e8704105,reference
arXiv:2508.19294,435900e97406a90f20e35510829d3ca2ed138353,reference
arXiv:2508.19294,33172567ab1dff9ca32c8d995d88bbff466f3236,reference
arXiv:2508.19294,04112b3e6cff833bb7e2fef9c5abb16d65c66fe6,reference
arXiv:2508.19294,5c63fc87400a4d3afea63ab8a068a47249f815c2,reference
arXiv:2508.19294,2d6b4e247070db1b9b890705802e4f1e58476baf,reference
arXiv:2508.19294,5e8d7311bcd43b10feed2f5eb69764da0373d541,reference
arXiv:2508.19294,1ca5bb12c0d46f9e074e74bd7e08845ebfebf3d5,reference
arXiv:2508.19294,41c67d04be2d1632c0d3b0880c21c9fe797cdab8,reference
arXiv:2508.19294,415efb7b4d9d1e5b64dbaf3fe4229ad462acce71,reference
arXiv:2508.19294,e0996536b3fcecc684d6be1162ba5371b105984b,reference
arXiv:2508.19294,bc626a52664e948a0ffb2b95d0e1e6377a01171a,reference
arXiv:2508.19294,f902a64f7d08aaa6bfca7463e8729952ddc6134e,reference
arXiv:2508.19294,9662b48d9b8a8f2118487a7f3be2d76283848627,reference
arXiv:2508.19294,10a83f9a07c803ceef8e09e12ad606dc74ea76b8,reference
arXiv:2508.19294,7536bce1007a765fd097a7cc8ea62208a8c89b85,reference
arXiv:2508.19294,7998468d99ab07bb982294d1c9b53a3bf3934fa6,reference
arXiv:2508.19294,e10ca043fae02972f19292efacddd8e0f216b70c,reference
arXiv:2508.19294,04957e40d47ca89d38653e97f728883c0ad26e5d,reference
arXiv:2508.19294,79cfb51a51fc093f66aac8e858afe2e14d4a1f20,reference
arXiv:2508.19294,2c00deb3774bcadf8f5e64ab48f483f06be56bc1,reference
arXiv:2508.19294,1a0912bb76777469295bb2c059faee907e7f3258,reference
arXiv:2508.19294,804aedfa1d732617cf5b9f59726b7f2e28fbbfb0,reference
arXiv:2508.19294,b724c3f7ff395235b62537203ddeb710f0eb27bb,reference
arXiv:2508.19294,002242353d500cde7f85f2e860ce6051328e4859,reference
arXiv:2508.19294,4d7a9197433acbfb24ef0e9d0f33ed1699e4a5b0,reference
arXiv:2508.19294,6226f2ea345f5f4716ac4ddca6715a47162d5b92,reference
arXiv:2508.19294,f8e79ac0ea341056ef20f2616628b3e964764cfd,reference
arXiv:2508.19294,424561d8585ff8ebce7d5d07de8dbf7aae5e7270,reference
arXiv:2508.19294,7ffdbc358b63378f07311e883dddacc9faeeaf4b,reference
arXiv:2508.19294,efb1c37d149884d3250cfa99062e73e4be609b2c,reference
arXiv:2508.19294,c17cf8e2f959c7f58b71cdc67cfaa6786ac689b6,reference
arXiv:2508.19294,3db5479118e2aa4130c4685a08e737a4857deb34,reference
arXiv:2508.19294,19ff7d5971de0650e01d50fef33d1fbaa4ef3444,reference
arXiv:2508.19294,c5ab7a66a0a94137427bf5b4fbcac1ab710b9188,reference
arXiv:2508.19294,ea6e0576b4dc6c3f177936e909bc5324b38ddaf8,reference
arXiv:2508.19294,eafd6d3898a12fe34b99a1df9b55d1a4ee891a81,reference
arXiv:2508.19294,caa0fd34e50bb417fae3ee32f667e78fe5b198bc,reference
arXiv:2508.19294,86ec35bd79502bdabf65c083ca1721916af60c2b,reference
arXiv:2508.19294,ca4aa5c6bf7dd6c92fa748b0e3efb12cb413e31d,reference
arXiv:2508.19294,e8b12467bdc20bde976750b8a28decdb33246d1d,reference
arXiv:2508.19294,626d97e16cd923d237256bf5ecbb495323eb6703,reference
arXiv:2508.19294,ff66211f17ad59ae603177ffd3ad39edd0b8a051,reference
arXiv:2508.19294,3b47d62856c313bbc1f81fe4e73881c3291ec9c8,reference
arXiv:2508.19294,d1f75f36327e0cbb6b1093b2edf744b6b96c0daf,reference
arXiv:2508.19294,8f0c5d90a91850edc5d250e28aa25be55094bdb0,reference
arXiv:2508.19294,9a1bd3986a8a832d4b4c8e01b1f63598a54d8532,reference
arXiv:2508.19294,beb91c6cfceaaa91f82f85be26c01c99d716aee4,reference
arXiv:2508.19294,8f93fac48ca941449f53207913cbb1e80f5fbb0f,reference
arXiv:2508.19294,b7de1f7d8dd27d82898ba3e3ba87f09800293326,reference
arXiv:2508.19294,4cc5288b17dc8f946f3b94d9405e196582ca969f,reference
arXiv:2508.19294,053c5aa2e42c63863948464e245f94f7fccba483,reference
arXiv:2508.19294,2b588d61103dd6594347c2c5397ce05146fc1815,reference
arXiv:2508.19294,5b0f9c41cb570d039577c226b890faf4b4e0bb6e,reference
arXiv:2508.19294,fa2d43c4332622290aeb2691033c37da60ae49a2,reference
arXiv:2508.19294,6bec5d1417d5c03f9060c3c0e48e0e15d066f5e7,reference
arXiv:2508.19294,8a6580a0d894c05075fde1dbe3e1aede23d236f9,reference
arXiv:2508.19294,8c8527f7615d53cbc21b9c3536486540f1c75000,reference
arXiv:2508.19294,48b04f62b630ef35a80fef0280ecc31c95ceec25,reference
arXiv:2508.19294,b02159650df9813f25db4afd4f094e53bccd526c,reference
arXiv:2508.19294,d5cc1be6ab8729d9b5782afbea4e59ff1c4d1c81,reference
arXiv:2508.19294,4a761322413c40d482bce9f3477137ca08956861,reference
arXiv:2508.19294,0c5c842529ec2f1ad6213f1827456ae77761d523,reference
arXiv:2508.19294,016351c8f77ab5803863ac15f4e3107a8bc80423,reference
arXiv:2508.19294,9e2ea58badb64c7dd2e8ffc6a7171a25dab20048,reference
arXiv:2508.19294,c8b25fab5608c3e033d34b4483ec47e68ba109b7,reference
arXiv:2508.19294,a859385232318a340ee9b27ef3c447342e328094,reference
arXiv:2508.19294,4f8d648c52edf74e41b0996128aa536e13cc7e82,reference
arXiv:2508.19294,c0644fc5b1af9aad48b1805b0264cd58d5965d35,reference
arXiv:2508.19294,4a8085987032e85ac8017d9977a4b76b0d8fa4ac,reference
arXiv:2508.19294,297e085317ae2f303443f375d1bfa57199749da8,reference
arXiv:2403.13369,a512660b2361a11d7d5f7d3d0b4ca6f793c96010,reference
arXiv:2403.13369,45a476cb04cccee74b9ddabce4d58d928be99f7d,reference
arXiv:2403.13369,db633c6b1c286c0386f0078d8a2e6224e03a6227,reference
arXiv:2403.13369,282c568302701bc163d454702eae10e43ca784a3,reference
arXiv:2403.13369,104b0bb1da562d53cbda87aec79ef6a2827d191a,reference
arXiv:2403.13369,94ce1d5924e05e8d75e43ce70044293ddcef850a,reference
arXiv:2403.13369,888728745dbb769e29ed475d4f7661eebe1a71cf,reference
arXiv:2403.13369,2d0c5e79405d8827f197d4d302ae8e7c710f9755,reference
arXiv:2403.13369,e154dd91de91558f9d671370754eace62a54c911,reference
arXiv:2403.13369,388601be7ea3f1c4bdb7783bd74d9e3bd4caed65,reference
arXiv:2403.13369,42780f9c7f73d73d7a887e2f787af0e079703d40,reference
arXiv:2403.13369,8641c70c106c4f7485e613888b91a58e9812a5a7,reference
arXiv:2403.13369,79282c2c018cc2f0c45f8c6568f2fc98df1a5b96,reference
arXiv:2403.13369,6052486bc9144dc1730c12bf35323af3792a1fd0,reference
arXiv:2403.13369,c3d877b29594bc6f244e638f576be3dca5551f11,reference
arXiv:2403.13369,964bd39b546f0f6625ff3b9ef1083f797807ef2e,reference
arXiv:2403.13369,e5f5a058c26b87dc94b8b0c35e9395bac578969c,reference
arXiv:2403.13369,64fc00dd379c1cd176c001794308459b92bb2490,reference
arXiv:2403.13369,e7ad08848d5d7c5c47673ffe0da06af443643bda,reference
arXiv:2403.13369,fa7e728c4c612025b9fb7601af65c4a8f5a2b33e,reference
arXiv:2403.13369,a221def07d3cd4f29c38234e271faf8a523e0f5a,reference
arXiv:2403.13369,094ff971d6a8b8ff870946c9b3ce5aa173617bfb,reference
arXiv:2403.13369,bf22ef16a6a912763780aea454198edc3e2bb3c9,reference
arXiv:2403.13369,667995308dd238e75770b53affbc0591611a3b09,reference
arXiv:2403.13369,605c32428861eb26b8631617b8f6c97a850d6a04,reference
arXiv:2403.13369,2122ed4a82bc7d8affc5f7ae5026d174ea34ea52,reference
arXiv:2403.13369,28692beece311a90f5fa1ca2ec9d0c2ce293d069,reference
arXiv:2403.13369,ead441f3e9db042ffdeaf469f70bbe4b127d9060,reference
arXiv:2403.13369,c4ba80cc28fea9c6b6dabdd755dffb6a5ee9d8e2,reference
arXiv:2403.13369,ac3cdb50606f7770eef8e4cd951840a4f71287a0,reference
arXiv:2403.13369,85e7d63f75c0916bd350a229e040c5fbb1472e7a,reference
arXiv:2403.13369,9c6ed968e12c6eac614fd423cb342adc274fe960,reference
arXiv:2403.13369,b68b2e81ae2de647394ec05ee62ecf108bf2b50a,reference
arXiv:2403.13369,c0c6f3ba310099b9a1ebe899f5f58bb04574df97,reference
arXiv:2403.13369,61f42619eca0afaf2cff9a899bbdea88182885f8,reference
arXiv:2403.13369,f30444fbb6ad806168e2564db4815cd27faa7fd9,reference
arXiv:2403.13369,b2ff13555c3e9264e7d56644b659b9d201a270b0,reference
arXiv:2403.13369,90abbc2cf38462b954ae1b772fac9532e2ccd8b0,reference
arXiv:2403.13369,e816f788767eec6a8ef0ea9eddd0e902435d4271,reference
arXiv:2403.13369,579476d19566efc842929ea6bdd18ab760c8cfa2,reference
arXiv:2403.13369,8ae9a17c87a4518b513e860683a0ef7824be994d,reference
arXiv:2403.13369,1cde7f89893e54891936762ecf80f23f39387aed,reference
arXiv:2403.13369,a2d2a482ccd62a705c8fafeb5f93bca33a4d796d,reference
arXiv:2403.13369,d5a480c9e9390cd5354df8113a25e55cdd0b88d9,reference
arXiv:2403.13369,1cf944eeebee855df296280d4af1758a52013b9c,reference
arXiv:2403.13369,38f23fe236b152cd4983c8f30d305a568afd0d3e,reference
arXiv:2403.13369,a022bda79947d1f656a1164003c1b3ae9a843df9,reference
arXiv:2403.13369,1e43c7084bdcb6b3102afaf301cce10faead2702,reference
arXiv:2403.13369,442e10a3c6640ded9408622005e3c2a8906ce4c2,reference
arXiv:2403.13369,f302e136c41db5de1d624412f68c9174cf7ae8be,reference
arXiv:2403.13369,815c84ab906e43f3e6322f2ca3fd5e1360c64285,reference
arXiv:2403.13369,2e7d4fe6977f15a63eccf7c70ae6e62aee296bdc,reference
arXiv:2403.13369,3eff9e60cb12777f30747698e63294722348e43d,reference
arXiv:2403.13369,eb2f4e0791fb4eea2a9d7e293d218e3dfd737051,reference
arXiv:2403.13369,9dcf566fa1515896ac7df2c6ff4b158536cc584f,reference
arXiv:2403.13369,19088a582f2eb657ac1803f1ea1b79058d5c3dc7,reference
arXiv:2403.13369,cd2d1a0f73ba8c40f882a386cd367899785fb877,reference
arXiv:2403.13369,ce8871c2c28db9f40f6eb7546fa20c564a0e0eac,reference
arXiv:2403.13369,f72053903270d9a7f41108461ad04d5aa075218d,reference
arXiv:2403.13369,4cee3a762e112369b7dd9b62c5638c2d8c9a2daa,reference
arXiv:2403.13369,df2b0e26d0599ce3e70df8a9da02e51594e0e992,reference
arXiv:2403.13369,515bbe2548d7a97e243342202585c8d8515d6011,reference
arXiv:2403.13369,f91ec946fe60dad720b5f5f4ca0dffd9554569b6,reference
arXiv:2310.02457,dd7a74a09fc29cadcd47fafc4f7812bb8d2d7208,reference
arXiv:2310.02457,84a36e19f9394f22b34f79756fa9628a795e02ea,reference
arXiv:2310.02457,a327111002d3d76510970d1eec3f03fb85314f11,reference
arXiv:2310.02457,e0e106fc72458cd46b42d6341f809b4474b6226b,reference
arXiv:2310.02457,534c58762e69d7afbcb0f6a7e53c07484f6d4891,reference
arXiv:2310.02457,13504e4477457ab81ba53da04c0f9d8f651e21c2,reference
arXiv:2310.02457,6e30a511242cd48a1394d87ce8d2b682978014a0,reference
arXiv:2310.02457,e2e52461194bc81351da7caa978ac42e9e9549cc,reference
arXiv:2310.02457,0d1c76d45afa012ded7ab741194baf142117c495,reference
arXiv:2310.02457,546d0624adfc6e18fb87d8cc77e7705bb9ea7445,reference
arXiv:2310.02457,17170575aa8b4fa4e3eef5d366ada706a94dd836,reference
arXiv:2310.02457,9109389eab4c63fa18b7cf13feee96dfb2f11387,reference
arXiv:2310.02457,e5174aeda1baa67c17f4ac630ae2e44453954cc3,reference
arXiv:2310.02457,c5120b546f1bd99df5bd2e2bf44db5c7c46d1545,reference
arXiv:2310.02457,535708777863633f7cc7fd6f4a716b1483c7100f,reference
arXiv:2310.02457,2cd72e71299c5d62d5cdb1164df5236172d418c4,reference
arXiv:2310.02457,3936fd3c6187f606c6e4e2e20b196dbc41cc4654,reference
arXiv:2310.02457,de1c7ae2818aa26fc86a0ea8ed70014cffc8b20a,reference
arXiv:2310.02457,99ca5162211a895a5dfbff9d7e36e21e09ca646e,reference
arXiv:2310.02457,74eae12620bd1c1393e268bddcb6f129a5025166,reference
arXiv:2310.02457,0dc90d5c311de8bc11554e87b059fbb7c27c88ac,reference
arXiv:2310.02457,cd6652fe413d57d05b44e0f3aa036c54f0eef464,reference
arXiv:2310.02457,17bcb1edbe068e8fe6a97da552c70a77a15bbce7,reference
arXiv:2310.02457,0ca71113d5cd34f72187a30a1e12778109c3c8c3,reference
arXiv:2310.02457,7c6df3796b42a171b2958d7d493bd90ae550e222,reference
arXiv:2310.02457,114358b554536e56060ffa419b50a667b767e457,reference
arXiv:2310.02457,fd7c3c8fbe8cf88bd967ead02738b43081e306a7,reference
arXiv:2310.02457,0286b2736a114198b25fb5553c671c33aed5d477,reference
arXiv:2310.02457,8666f9f379389a5dff31e72fb0f992a37763ba41,reference
arXiv:2310.02457,d766bffc357127e0dc86dd69561d5aeb520d6f4c,reference
arXiv:2310.02457,b13a37d0a044b63975a338f5005aca6120bbecf0,reference
arXiv:2310.02457,b3848d32f7294ec708627897833c4097eb4d8778,reference
arXiv:2310.02457,2f3efe44083af91cef562c1a3451eee2f8601d22,reference
arXiv:2310.02457,2743e66939b30c43affb3c9e31f20cfac2109045,reference
arXiv:2310.02457,3dc7dc1bea9a4f70c02b6759a0bda7aca0005a9e,reference
arXiv:2310.02457,cf3cfb90a6d8c431dc8a7f115b011d5ffbb439ee,reference
arXiv:2310.02457,8b245254996160ff3885c15e0bdb6bc2e5dd01bd,reference
arXiv:2310.02457,766912db878d4ca14680600e982faff44e508a8d,reference
arXiv:2310.02457,a6fdb277d0a4b09899f802bda3359f5c2021a156,reference
arXiv:2310.02457,49f905eb03958c7cfae52ac759ea8978b8b2a6ea,reference
arXiv:2310.02457,aacab2bf05104212aeb2df6de7656ad9ad4d0a9d,reference
arXiv:2310.02457,2e806b7de372deb66de8685d9413573e3a5c582a,reference
arXiv:2310.02457,053b1d7b97eb2c91fc3921d589c160b0923c70b1,reference
arXiv:2310.02457,d3e8b100038c2bf3983ffae96a56c6af0793a62f,reference
arXiv:2310.02457,7aa70e2c12c8ba2dcc828893adb8bb56e3766726,reference
arXiv:2310.02457,6df2126301ab415aed034b0bcd9589b1897fe983,reference
arXiv:2310.02457,7a15950dc71079285a4eaf195de5aadd87c41b40,reference
arXiv:2310.02457,97bfa89addc6e5d76361e4c1e296949cad887b86,reference
arXiv:2310.02457,c6f913e4baa7f2c85363c0625c87003ad3b3a14c,reference
arXiv:2310.02457,978338a2fabebf9aa1cf3ac75f7425d16e86509f,reference
arXiv:2310.02457,5a5a1d666e4b7b933bc5aafbbadf179bc447ee67,reference
arXiv:2310.02457,0df347f5e3118fac7c351917e3a497899b071d1e,reference
arXiv:2310.02457,2997b26ffb8c291ce478bd8a6e47979d5a55c466,reference
arXiv:2310.02457,62efeb78245927ea8d897f4017e8cbbd063e1205,reference
arXiv:2310.02457,99ed338dbc24e1691fd53e9799438066f2a25671,reference
arXiv:2310.02457,36c28838e12a1f49f9fe3c6870459371db1248bf,reference
arXiv:2310.02457,412a78b2585af37e6474b0795e4830660c4cb83b,reference
arXiv:2310.02457,13103014e997dd6273e2bc3661353d09165cf90c,reference
arXiv:2310.02457,7e8453fa32708b2690178c3a7a6618aba20928af,reference
arXiv:2310.02457,7a29f47f6509011fe5b19462abf6607867b68373,reference
arXiv:2310.02457,2df1428839bf21e2e803957a142a5027024a5199,reference
arXiv:2310.02457,ac771182d1780c863954243809d1e144433919f9,reference
arXiv:2310.02457,2a83a92b08e0f3873d07162c73c67e533321112e,reference
arXiv:2310.02457,e6ca75a1717490ff73a21563c497db7237fe54dc,reference
arXiv:2310.02457,10fe4864d62235ad5f0e9cd441314ebe8a5e5ba9,reference
arXiv:2503.01830,b5761150842563690de7732467b305dae82f6c1c,reference
arXiv:2503.01830,939602a74088874859e9ea3daf75ea12c78caf07,reference
arXiv:2503.01830,3469a28aacad3fddb22984178ed6edb034a76886,reference
arXiv:2503.01830,e96efde79b20f21f6403cff83dead50ec0cd53e3,reference
arXiv:2503.01830,b83a9e35c3aeeb37708e362473c7617d59b815b5,reference
arXiv:2503.01830,629f460ecc49bd98892bd0f993dfae5f084e7c31,reference
arXiv:2503.01830,75cce3867943084f128a50efabbfbf7cffd731f6,reference
arXiv:2503.01830,d9dd96e4e110479da2c6bd945aa79c1a5f81f96b,reference
arXiv:2503.01830,b28bf75d140118fe3b7d1d9f9236f9751d1744e4,reference
arXiv:2503.01830,6286168d822890ba7bad2bdadcccbbb01edfbd45,reference
arXiv:2503.01830,cebd4873d5c073e80ddcfc26951f12800974d92c,reference
arXiv:2503.01830,1e6aed52967c2a4de6fa643cc8173aeb44395e30,reference
arXiv:2503.01830,27a2285405a877f8d779d452547f09d5bb211212,reference
arXiv:2503.01830,96b991947a50fe1600c86830e3df4d0c08b4f20a,reference
arXiv:2503.01830,ac70fb2c74aa87420878c441c3d24969947e0294,reference
arXiv:2503.01830,c0b52e2eb308d1b823af3582956d246e47899be5,reference
arXiv:2503.01830,be55e8ec4213868db08f2c3168ae666001bea4b8,reference
arXiv:2503.01830,6e05a94f0e134c03234a46fa77128080b5acb8e5,reference
arXiv:2503.01830,eaee0b647d336c6fc8b844812675ec35cddf14a1,reference
arXiv:2503.01830,7cbc7aa08b96de770d9ce5c90d01e75e9df2caee,reference
arXiv:2503.01830,1b79aa7050389c9cf2d826e452d3d94fa2bf54f9,reference
arXiv:2503.01830,1be5a2186f0d4f4046f45a8b1703eb65dea8ba79,reference
arXiv:2503.01830,f63ac283d7d064741b5bb911d36067b9dbbc9fe3,reference
arXiv:2503.01830,48b96fbd96e3fd3271a40e7cce709ce796f35d03,reference
arXiv:2503.01830,cd471b5ef162906ef3d9a84398b3f98e9ee4bf56,reference
arXiv:2503.01830,b4206dd288958affeb314aee0ec1397de5c74c23,reference
arXiv:2503.01830,fe7c66d256313498b447d1d67e76693e16a43cd1,reference
arXiv:2503.01830,3586076dde156fdc97c66649b2cde7776cb205c4,reference
arXiv:2503.01830,2d490eba09df407118cdcf4d77c3e5fe2a909bed,reference
arXiv:2503.01830,6e5fcea2575584409c18848b46b2ccdbf200a1f3,reference
arXiv:2503.01830,3ecc7ac21c22af073f37294df341c51e5d2d576d,reference
arXiv:2503.01830,b8cd2b80fc24f53443157352c1a7acf6fbd30a2d,reference
arXiv:2503.01830,644a33399711b31f8a5a1b464f6ffd7c2264fedc,reference
arXiv:2503.01830,e692ab8e6d1b1efb11b24ca31bd9ac53caa021a6,reference
arXiv:2503.01830,19d68db5346c837bb428160619356e36045b351c,reference
arXiv:2503.01830,5a2263092f49540fd0e049050a96882ff29b00c3,reference
arXiv:2503.01830,04f4e55e14150b7c48b0287ba77c7443df76ed45,reference
arXiv:2503.01830,53c8b98eb9180ed9f46820627715c7ae2803cee7,reference
arXiv:2503.01830,e0dd32464121c6109a2c804fa080ad715df85a28,reference
arXiv:2503.01830,146d40346ed686f54087386f66666adaf6a6efaf,reference
arXiv:2503.01830,401dc39c2c8c910253d47980cfa3b4d2f7790d9b,reference
arXiv:2503.01830,726320cdbd04804ffa8f3a78c095bd1b55a2a695,reference
arXiv:2503.01830,8b0f27bb594b1eaaf493eaf1e2ee723a2b0a19ad,reference
arXiv:2503.01830,82e420494bdca7fa0d2f662965e775432d600cad,reference
arXiv:2503.01830,31619c8f4f9557136a675514b22ca8ece65ed38c,reference
arXiv:2503.01830,6d86a97a7b392baac602a8df7224cb83880b071f,reference
arXiv:2503.01830,10ed243c62c7c613195dc8c414c1de1848f78c4c,reference
arXiv:2503.01830,88bb0a28bb58d847183ec505dda89b63771bb495,reference
arXiv:2503.01830,8e5acc4b6fd3126c41f74dae3644b7daa3f374ce,reference
arXiv:2503.01830,e44b3703c9411fb43bad9399f504539804135613,reference
arXiv:2503.01830,618bce7a6b8d8da1c0eb804d869b1829055bf1df,reference
arXiv:2503.01830,74907c562f9e55b44836bc1aebea87c617c29ad8,reference
arXiv:2503.01830,e5e3a4a13e719ce770e036b4eeb82c95527c3296,reference
arXiv:2503.01830,e3a901a8e3c6739b94fe749f4e2d5c95d6e67356,reference
arXiv:2503.01830,2bd2b120ccd5aa88a5927889a973b2204732e435,reference
arXiv:2503.01830,d6917f134dc56738736afb7258762519dfbd710c,reference
arXiv:2503.01830,89774f17d4ae199ea6950b747bf21e390a6e023a,reference
arXiv:2503.01830,c43d9fd66fb29b0596a1dd63d886928dd533cb62,reference
arXiv:2503.01830,116cfeb7a765446c1d11dc77c6aa315be46aaebd,reference
arXiv:2503.01830,b62b60be4fe51188d90a27dd9fc695c924a55b0b,reference
arXiv:2503.01830,44c548044026726ddb15a09eb3fbd0773a665f8e,reference
arXiv:2503.01830,80e551177985c17c310c8c2167c62a4b6bfbf563,reference
arXiv:2503.01830,d755e8055157d6431ee19c33f457a53a9ba59c0d,reference
arXiv:2503.01830,14a1f4b079199f567c9e0cc8ce1321da0b0af135,reference
arXiv:2503.01830,3971135f684ed9ce58d85336b8e81ab825de08c8,reference
arXiv:2503.01830,8b175fab5d56791fcb017c149350a66f1a36e7b8,reference
arXiv:2503.01830,bc690f553f329b497307f309738c6671ce25e733,reference
arXiv:2503.01830,4e24f9eddcc8f6bc12585e45ae098a97a6abe358,reference
arXiv:2503.01830,5a0f5b8289d38951e63dcc7e48213265672e5e08,reference
arXiv:2503.01830,2a41acd4c4512aac101466334aedbad4bad10dd5,reference
arXiv:2503.01830,afa265a3ed8d7dd6808e273a3048890f2cd510ff,reference
arXiv:2503.01830,289f088ec2a85147741846b25f65f78918e57519,reference
arXiv:2503.01830,29c7f009df21d0112c48dec254ff80cc45fac3af,reference
arXiv:2503.01830,8d47e7c0e910230aa4d3c0568f1b185a340ba43c,reference
arXiv:2402.14679,c02cded20074fff4310d7bc943d0b8bfff305d58,reference
arXiv:2402.14679,f0b866593d28e8ee977ec2f5f15f61545ec71d15,reference
arXiv:2402.14679,942130a875ccfe55a4c60c27c636f693e25cb13d,reference
arXiv:2402.14679,00ed15190582da13fe9e7d4edaf1be07097ab5fc,reference
arXiv:2402.14679,73b54046259f84a0c4e9409714d6a71c41981b57,reference
arXiv:2402.14679,0eb6aefe73261be195ff243b4cfcc89b1b98331a,reference
arXiv:2402.14679,7aa70e2c12c8ba2dcc828893adb8bb56e3766726,reference
arXiv:2402.14679,12f73463e4ad2b70da3aadd01bacd04c4e49f475,reference
arXiv:2402.14679,0c51c9713d00c9cef0c91d14f7cfb3f5650ce9e9,reference
arXiv:2402.14679,aebd205662708ffb4db7f05deb3fb7e23134721b,reference
arXiv:2402.14679,f3bc3b76654d64aff350cb40d58ecf4a20003f4f,reference
arXiv:2402.14679,bcbc6fe16b36fc8cbc28967c96039cbec4325875,reference
arXiv:2402.14679,c5da3f188bbfd78e625121693358bbb3861b88ec,reference
arXiv:2402.14679,467b00f1d512d2d12e1de758d0fb59010d4fc963,reference
arXiv:2402.14679,957e820064a1b910dcd2c3e2f078b3f027de6c80,reference
arXiv:2402.14679,39335ebd43c52be69d696b32ebcd4444cf88876a,reference
arXiv:2402.14679,e3d2da54b2017cfaaabbfd963b9d16f94b99c4ec,reference
arXiv:2402.14679,c2ff62062b33023add6aad41448672ac47458333,reference
arXiv:2402.14679,5dd242376cfb7f7437d277f6d73c96db5a3ab491,reference
arXiv:2402.14679,3d0bcd30f4e569dde73522d574c2a1adda90c451,reference
arXiv:2402.14679,d39f44fd94ab4e73a826aa1e4c0fcbc49377838d,reference
arXiv:2402.14679,fa3549d5e44a052b522f9220f709f5d33c0dc6f9,reference
arXiv:2409.11353,cfce709a65f90312d2bdc1a6cf0380c19becf694,reference
arXiv:2409.11353,bfe2f05884dbfd115d491cadaa99194f960e1f68,reference
arXiv:2409.11353,4b0b56be0ae9479d2bd5c2f0943db1906343c10f,reference
arXiv:2409.11353,e0384ba36555232c587d4a80d527895a095a9001,reference
arXiv:2409.11353,3def68bd0f856886d34272840a7f81588f2bc082,reference
arXiv:2409.11353,1b6e810ce0afd0dd093f789d2b2742d047e316d5,reference
arXiv:2409.11353,77d956cdab4508d569ae5741549b78e715fd0749,reference
arXiv:2409.11353,a8ca46b171467ceb2d7652fbfb67fe701ad86092,reference
arXiv:2409.11353,c2d140865e25bbb5a76e167baf48083cb38066dd,reference
arXiv:2409.11353,659bf9ce7175e1ec266ff54359e2bd76e0b7ff31,reference
arXiv:2409.11353,077da6e950135bbb11e3e1f403451f5090d0b9fd,reference
arXiv:2409.11353,38096b11fb396d9481a972d9a60fa4652de51f8c,reference
arXiv:2409.11353,64ad3e1fbbc9a4bec2a414fb31b05ee9a62d50cb,reference
arXiv:2409.11353,39c024d264a2c7b7f56c7bef3dfe3b475ebbe38a,reference
arXiv:2407.08029,b9672ac98913c43fcb996b3def314789d1cc0cf4,reference
arXiv:2407.08029,0a94fbb5e1c93513523f00e75d672ef4553861f9,reference
arXiv:2407.08029,498d1406fc4cddb05cd46477793f2e726a6fe238,reference
arXiv:2407.08029,10632e0a667cbc3c52cc8f11a46d8e8e9c7739e3,reference
arXiv:2407.08029,dfa0fd70a186b0f7f44e833b4173ed97a4f5de31,reference
arXiv:2407.08029,8d43f788a863258dc0a34e05f4a0c9f434be7829,reference
arXiv:2407.08029,e850d4c0dad3aee3b8b40be5e5d5e5c31354d8cc,reference
arXiv:2407.08029,06d7cb8c8816360feb33c3367073e0ef66d7d0b0,reference
arXiv:2407.08029,4cc6d310c0d5584f50836f1bd6bdbcac1c1c86a6,reference
arXiv:2407.08029,eebdf7303256f081ab1f6a36ff0ea6126e4da484,reference
arXiv:2407.08029,3eeedb6651a629a105c1185ada862e2cad7a0522,reference
arXiv:2407.08029,6597d61bdb531051678c773526758a6dc113b9ce,reference
arXiv:2407.08029,75d824dbd7000c49a8eba401d16c92b236d39efa,reference
arXiv:2407.08029,498c525afce5be80951babc666d865b86a38bdcc,reference
arXiv:2407.08029,b39074c68ac53f258fb340d3d24ef868c514310b,reference
arXiv:2407.08029,827ac6fd6bd5a0a7607085c10e27641a60b5e4fe,reference
arXiv:2407.08029,9f1e2407cce09219fae2fbcd67d0e91bd3135932,reference
arXiv:2407.08029,f527bacebbbfc46719d50eed61a8b2114a39bb72,reference
arXiv:2407.08029,451d4a16e425ecbf38c4b1cca0dcf5d9bec8255c,reference
arXiv:2407.08029,025a1a10674d6a1712e59f1fc4800da3b27cdf94,reference
arXiv:2407.08029,b35d46e8fe372710fe368223fbefe3a3c611619a,reference
arXiv:2407.08029,5cfbbf3cdff0f905874589bcd21b2646340a5447,reference
arXiv:2407.08029,0dc6e2476005d1aae30bede8ebbae92bdc831f6a,reference
arXiv:2412.11937,6f6e2e0311589a9af045f6acd00b7dee6d19fce4,reference
arXiv:2412.11937,28692beece311a90f5fa1ca2ec9d0c2ce293d069,reference
arXiv:2412.11937,66c10bf1f11bc1b2d92204d8f8391d087f6de1c4,reference
arXiv:2412.11937,295065d942abca0711300b2b4c39829551060578,reference
arXiv:2412.11937,8de174ab5419b9d3127695405efd079808e956e8,reference
arXiv:2412.11937,46d79f9a1b3524e48d33baeb2c4d1e108a94b25a,reference
arXiv:2412.11937,04e4ef19431f76d6fa41f22933e8fc444e564dc5,reference
arXiv:2410.20238,9c70d1cc3e56c1479775873e6c22840d0449313f,reference
arXiv:2410.20238,ebb9f90d7b9e63c7e85bc0b4a8e6fba7a5c57017,reference
arXiv:2410.20238,7facf58fcb577f7b33f9c01daff84a05403e2a4b,reference
arXiv:2410.20238,ec2ce4e38af8bc82f1b8928ba51a84911bad0cc6,reference
arXiv:2410.20238,41082c4d5cf085d958e53c39335c62dc0724f958,reference
arXiv:2410.20238,160f33424ebb9da206a430c00fafdbc05307a6ef,reference
arXiv:2410.20238,355a39acb3f5fe8ab0523d610fdfa01659de9ad4,reference
arXiv:2410.20238,7fa393e4c257fb7eebaf85fa847e780e00ec199d,reference
arXiv:2410.20238,ddb09c513f4e0a55bcf3971c1da5aa1184718319,reference
arXiv:2410.20238,02ac355296f001a010b1db115d909c052767ccb3,reference
arXiv:2410.20238,ac45bbf9940512d9d686cf8cd3a95969bc313570,reference
arXiv:2410.20238,d97d91466c547afef5d063107491fa87dad6eb68,reference
arXiv:2410.20238,1adfc2185a0ce393f0ca15ebdbd3f0d991b53fe8,reference
arXiv:2410.20238,859d9e9c77ef556fc6257c2a395e9edfcac3b775,reference
arXiv:2410.20238,5c577988ccebfea96de86678d04fd94fad367d2e,reference
arXiv:2410.20238,104b0bb1da562d53cbda87aec79ef6a2827d191a,reference
arXiv:2410.20238,ce7414a34c6ed8d2c0c3045aca7da6a1f04154d6,reference
arXiv:2410.20238,aa92dc559b8845bf134f3bfad4fc188615453dfb,reference
arXiv:2410.20238,4651e2cff4e4f20bf6039c4719dbbe8cbe05b278,reference
arXiv:2410.20238,57e849d0de13ed5f91d086936296721d4ff75a75,reference
arXiv:2410.20238,d78df936a717f278e89221f74f3f894e90d8c1fe,reference
arXiv:2410.20238,f9d01f8ab34bb707afdee382350f7ce23534c2d9,reference
arXiv:2410.20238,7a25155364476839b6d1fc0653cd8611327ab9ba,reference
arXiv:2410.20238,a4ab1bd1501668e932c986725b33d065e4f0a233,reference
arXiv:2410.20238,239cf603f8b9f7a8ef958fb7a6653e0118cd316d,reference
arXiv:2410.20238,c342798bafc1eaaa60c652fc90fd738941542133,reference
arXiv:2410.20238,aea9f18d70a78d39ca927f2baa143e084c486086,reference
arXiv:2410.20238,1e4cda8be54999ced1324777fa462a85e2c9746c,reference
arXiv:2410.20238,74276a37bfa50f90dfae37f767b2b67784bd402a,reference
arXiv:2410.20238,f9886e992260cf2bd0ec8195d0e804f851fb8e98,reference
arXiv:2410.20238,ebac6a3f021091ab7a3976344969308e665073e8,reference
arXiv:2410.20238,b896b846ae180d804c7290d8b9ae9ffc55325866,reference
arXiv:2410.20238,495da6f19baa09c6db3697d839e10432cdc25934,reference
arXiv:2410.20238,6fec3e579c7cd4f13bdabbee2b6ac2e8ff5941c6,reference
arXiv:2410.20238,6c4b76232bb72897685d19b3d264c6ee3005bc2b,reference
arXiv:2410.20238,eb606d9ce65139754232cee62f6ab77f3e0c665f,reference
arXiv:2410.20238,077f8329a7b6fa3b7c877a57b81eb6c18b5f87de,reference
arXiv:2410.20238,ad7129af0644dbcafa9aa2f111cb76526ea444a1,reference
arXiv:2410.20238,b5246fa284f86b544a7c31f050b3bd0defd053fd,reference
arXiv:2410.20238,92b8a8124872dfa576fbe9ea44d2a8ab723fe477,reference
arXiv:2410.20238,34beebcfb92031b2fa053725fa4d20dcccdf35e4,reference
arXiv:2410.20238,80527ed02db8fe7574f676ed2aa573eb1ae252a0,reference
arXiv:2410.20238,df2b0e26d0599ce3e70df8a9da02e51594e0e992,reference
arXiv:2410.20238,9405cc0d6169988371b2755e573cc28650d14dfe,reference
arXiv:2406.02050,cc1bf7149bf1ec2d4dceb8fea6b9d6401f980fb4,reference
arXiv:2406.02050,0edc2883c836aad28e559d4a4ceff805dbe808bb,reference
arXiv:2406.02050,89e13c80ff90c6e2f2dda700b5dd6c3be1aabf7d,reference
arXiv:2406.02050,c9f50639a0ee0ad2afef0d5f263380041604cf09,reference
arXiv:2406.02050,ccf2573eb882ef3f7301d61d53e0ec5b8c282039,reference
arXiv:2406.02050,f4f154892800008894ebbf57add31fcaac4f27ca,reference
arXiv:2406.02050,7dc928f41e15f65f1267bd87b0fcfcc7e715cb56,reference
arXiv:2406.02050,b1b8c3e47f44158d22fb70bb453d2494ed013b70,reference
arXiv:2406.02050,c8d594f09413b1555970f43e68847c211235d60f,reference
arXiv:2406.02050,e7ad08848d5d7c5c47673ffe0da06af443643bda,reference
arXiv:2406.02050,aca245666296a7869ad287d943954767fc0b607e,reference
arXiv:2406.02050,7d5c661fa9a4255ee087e861f820564ea2e2bd6b,reference
arXiv:2406.02050,ca2f1088d3e581b2c6c75cf0ebc96506d620f64d,reference
arXiv:2406.02050,ce3b364b7e6358940ce97d8d5887a65e5024ca21,reference
arXiv:2406.02050,f72983cef733670d6915e37383257f548b5a3365,reference
arXiv:2406.02050,645bd6eadc247989abc5e0b0aa0be79ec8b11ea6,reference
arXiv:2406.02050,399e7d8129c60818ee208f236c8dda17e876d21f,reference
arXiv:2406.02050,814a4f680b9ba6baba23b93499f4b48af1a27678,reference
arXiv:2406.02050,d47a682723f710395454687319bb55635e653105,reference
arXiv:2406.02050,babeda48b10a4d638252118f2238d05a06f4ec55,reference
arXiv:2406.02050,9967cb4fd949039c6f04dd9f2f4c3331dbebe6f7,reference
arXiv:2406.02050,0be19fd9896e5d40222c690cc3ff553adc7c0e27,reference
arXiv:2404.17000,3868e87a24f671f8789b9ef2f788506126d4fd8c,reference
arXiv:2404.17000,c6ae95795d3708f3b0f231e2e301b901a3b4aff9,reference
arXiv:2404.17000,513cd3699a0518ba2119f36691d23ccd6de67c0f,reference
arXiv:2404.17000,ca535fd261b464750f218c823b93c39450691720,reference
arXiv:2404.17000,c4922aa7f90d164e37cc38db6a3c3c3fa71cdcee,reference
arXiv:2404.17000,9e8b7b0d4c628c12b6a65ab56ac5f33a35eff2e6,reference
arXiv:2404.17000,7dc928f41e15f65f1267bd87b0fcfcc7e715cb56,reference
arXiv:2404.17000,ae5b587fb5ff55c074a770acf81c27d9d3046748,reference
arXiv:2404.17000,91ad92f620399550d3045bb26dcef8b98867e631,reference
arXiv:2404.17000,5527c8aca3e9f30b2f6382ab66a83eec2757051e,reference
arXiv:2404.17000,e470bfdcdaa1458ea9e2a149d4ddbea460ec197b,reference
arXiv:2404.17000,1f1846239d9760eddf59b2873196e2f5d7167780,reference
arXiv:2404.17000,ddc9aeac18638575bbb90ede4c6829ec15c2947e,reference
arXiv:2404.17000,e7ad08848d5d7c5c47673ffe0da06af443643bda,reference
arXiv:2404.17000,5f19ae1135a9500940978104ec15a5b8751bc7d2,reference
arXiv:2404.17000,3def68bd0f856886d34272840a7f81588f2bc082,reference
arXiv:2404.17000,1b6e810ce0afd0dd093f789d2b2742d047e316d5,reference
arXiv:2404.17000,4c1a51f5c2798efc125abc30da8bcd5166d3c0ed,reference
arXiv:2404.17000,02e46711fc86877bdd279c736abe5415a2415e48,reference
arXiv:2404.17000,23d28f1dd5358bd5b039119151c4e7bb8bed39cd,reference
arXiv:2404.17000,1c6971eff7a6ab05d3e08667e9ac2f0ff3012daa,reference
arXiv:2404.17000,2d95c27d4ed8cfb8379164888cd79c6b239250b4,reference
arXiv:2404.17000,5e0daaeceb75ffbbe23be13d34ffae830cb4e8c4,reference
arXiv:2404.17000,4f00435f66a3dee7d5965fe8696c56f67021f1cc,reference
arXiv:2404.17000,23625186f3b7a24f64c2902ee51874842a0e7143,reference
arXiv:2404.17000,baa700208d9e06a64285312331c1a4620a0f9406,reference
arXiv:2404.17000,f0af6aefea61e1817a3edc9e82244b19838349bc,reference
arXiv:2404.17000,5b4399090577d1fe2ba580b81ce72aabd3a9297e,reference
arXiv:2404.17000,eef66d8fdc50ca94570193d1bbd994334ea7cc14,reference
arXiv:2404.17000,53f1779c4169b128072e6f50dc3f31bb2c530a70,reference
arXiv:2404.17000,1e4da4caf8a65081b5704549fbc580736cf8e8d8,reference
arXiv:2404.17000,9e9c9e96cb16727fc6cd938ab1035ce08b1c8368,reference
arXiv:2404.17000,ea0d41514a41f8273f13b3b277e7fcbbc65a8549,reference
arXiv:2404.17000,b8a46dc173191aba8b3a2ab078fb32b9c6c09006,reference
arXiv:2404.17000,631a193f976c15be5914777a3dfef1e00ddbe664,reference
arXiv:2404.17000,a0d16f0e99f7ce5e6fb70b1a68c685e9ad610657,reference
arXiv:2406.13718,b7bd52070c34424099b1b1ea8707bbc32b368a7f,reference
arXiv:2406.13718,4c01dfec69f5d55daae00b668665e94eb9da7f39,reference
arXiv:2406.13718,1ab1d9ca27f31fab7c00e80ba1bf9b28ce75ca6e,reference
arXiv:2406.13718,fbf7c1386a188157cdee15e92a5b193ab17d68a7,reference
arXiv:2406.13718,2296629527ebbd6f8c897df7cf5cdbac3f0cc15b,reference
arXiv:2406.13718,6574466d9103acacbc1b273114673bf1e8172b04,reference
arXiv:2406.13718,3a1a9ef603fd245fd9732064e5756efc82c797b1,reference
arXiv:2406.13718,fc84f5b58e68871f3d6889dc2a93dffa7e107be2,reference
arXiv:2406.13718,e534e65562e945cc67f4075ac2757051fc188ea8,reference
arXiv:2406.13718,c1c98ef93fb6474837961ef300cf3d8e7d3a0cd0,reference
arXiv:2406.13718,dfbfa21a93c3164ae8a033398c8de42b03b1b84d,reference
arXiv:2406.13718,5c7353fac22a8fdc43fc2f5c006b5d6902c47e75,reference
arXiv:2406.13718,ae3d869719c15099889c02c03b922516b3b60aa0,reference
arXiv:2406.13718,bf8491bef353df126e2306ad2fe4b898697b906a,reference
arXiv:2406.13718,780c99d13537370f63c03feeb1343bed9d98a4f9,reference
arXiv:2406.13718,e19b54ad4c1c8af045069e9cac350ffc2ce60e1a,reference
arXiv:2406.13718,210980149a6b41d3e8d95c12daa41d6aa391681f,reference
arXiv:2406.13718,598231eb906b183f7a2a408ef4536127e11e3de9,reference
arXiv:2406.13718,9b1f4492a663c7f56f2b43ae1ed167d3857aacca,reference
arXiv:2406.13718,77d956cdab4508d569ae5741549b78e715fd0749,reference
arXiv:2406.13718,3b451fa663704f927e1ec602d7c0845a9826922d,reference
arXiv:2406.13718,64902a5077ee68011cd467398dbb66511e8e891a,reference
arXiv:2406.13718,85e7d63f75c0916bd350a229e040c5fbb1472e7a,reference
arXiv:2406.13718,763a2c057f529bfd3bf417fa60d93b3d5b219068,reference
arXiv:2406.13718,74276a37bfa50f90dfae37f767b2b67784bd402a,reference
arXiv:2406.13718,f30444fbb6ad806168e2564db4815cd27faa7fd9,reference
arXiv:2406.13718,0eb4c850b0a8dba44b80b62d10ecd20fb201ebe0,reference
arXiv:2406.13718,d97e7561fa7710213ccd4f8128044ea6849be377,reference
arXiv:2406.13718,0e141942fa265142f41a2a26eb17b6005d3af29e,reference
arXiv:2406.13718,1c3112ef8a346b9817382ed34a8c146c53d5bcf5,reference
arXiv:2406.13718,765bdcf27ebc1eb03a14f1e47aefa4dda1e03073,reference
arXiv:2406.13718,4190a06408f029ae46d8a9656df20f9e17ce7e03,reference
arXiv:2406.13718,d115eceab7153d2a1dc6fbf6b99c3bdf1b0cdd46,reference
arXiv:2406.13718,7b5e31257f01aba987f16e175a3e49e00a5bd3bb,reference
arXiv:2406.13718,5cfbbf3cdff0f905874589bcd21b2646340a5447,reference
arXiv:2406.13718,1403e6b9adf7712c35ae56327d52fe54603b87e1,reference
arXiv:2406.13718,3744f4dba73770db95a3a5f72a8e29319e550780,reference
arXiv:2310.14025,f406aceba4f29cc7cfbe7edb2f52f01374486589,reference
arXiv:2310.14025,0f19e94f30b99d6c4b349900057cdae9262034f9,reference
arXiv:2310.14025,bf8491bef353df126e2306ad2fe4b898697b906a,reference
arXiv:2310.14025,7ebdc4ed93e37e7d3691085f4d08c495557ba71b,reference
arXiv:2310.14025,7d645a3fd276918374fd9483fd675c28e46506d1,reference
arXiv:2310.14025,e7ad08848d5d7c5c47673ffe0da06af443643bda,reference
arXiv:2310.14025,13a0d8bb38f739990c8cd65a44061c6534f17221,reference
arXiv:2310.14025,cd471b5ef162906ef3d9a84398b3f98e9ee4bf56,reference
arXiv:2310.14025,a3b42a83669998f65df60d7c065a70d07ca95e99,reference
arXiv:2310.14025,5e00596fa946670d894b1bdaeff5a98e3867ef13,reference
arXiv:2310.14025,28692beece311a90f5fa1ca2ec9d0c2ce293d069,reference
arXiv:2310.14025,2fa4938001b18f464c62aa38a5a469bb92569d57,reference
arXiv:2310.14025,6f870f7f02a8c59c3e23f407f3ef00dd1dcf8fc4,reference
arXiv:2310.14025,141a5033d9994242b18bb3b217e79582f1ee9306,reference
arXiv:2310.14025,0839722fb5369c0abaff8515bfc08299efc790a1,reference
arXiv:2310.14025,268d347e8a55b5eb82fb5e7d2f800e33c75ab18a,reference
arXiv:2310.14025,90abbc2cf38462b954ae1b772fac9532e2ccd8b0,reference
arXiv:2310.14025,919c01f8c6f28f6de79d86d2a696de49ca2afd54,reference
arXiv:2310.14025,d0086b86103a620a86bc918746df0aa642e2a8a3,reference
arXiv:2310.14025,79c93274429d6355959f1e4374c2147bb81ea649,reference
arXiv:2310.14025,93d63ec754f29fa22572615320afe0521f7ec66d,reference
arXiv:2310.14025,65a9c7b0800c86a196bc14e7621ff895cc6ab287,reference
arXiv:2310.14025,901f8cb2d8070a7fbf44ef55ef49a6c9c62ec935,reference
arXiv:2310.14025,497e4b08279d69513e4d2313a7fd9a55dfb73273,reference
arXiv:2310.14025,204e3073870fae3d05bcbc2f6a8e263d9b72e776,reference
arXiv:2310.14025,dab7e605237ad4f4fe56dcba2861b8f0a57112be,reference
arXiv:2310.14025,71b7178df5d2b112d07e45038cb5637208659ff7,reference
arXiv:2310.14025,44040913380206991b1991daf1192942e038fe31,reference
arXiv:2310.14025,32bb95963b7d04421052a72bda6494154774100b,reference
arXiv:2310.14025,b01e51321f53bad7a749a6e3b8f97b55888b10a9,reference
arXiv:2310.14025,821b7c57cde9b641bcb450039fc0e220afcf00b2,reference
arXiv:2310.14025,df2b0e26d0599ce3e70df8a9da02e51594e0e992,reference
arXiv:2310.14025,9405cc0d6169988371b2755e573cc28650d14dfe,reference
arXiv:2310.18357,104b0bb1da562d53cbda87aec79ef6a2827d191a,reference
arXiv:2310.18357,3af99431571e954664c735e03fdddde695ffb7bf,reference
arXiv:2310.18357,b55a7b32772cdc0d48d32b620c0f3cd72ece831d,reference
arXiv:2310.18357,57e849d0de13ed5f91d086936296721d4ff75a75,reference
arXiv:2310.18357,61280302e7be6e9ee804b54bf62639bf42434dba,reference
arXiv:2310.18357,733961922006def04fbfade3cefa5b54736fe0fe,reference
arXiv:2310.18357,90abbc2cf38462b954ae1b772fac9532e2ccd8b0,reference
arXiv:2310.18357,659bf9ce7175e1ec266ff54359e2bd76e0b7ff31,reference
arXiv:2310.18357,0f9a5480a685e1bc239e11dface61782209652a8,reference
arXiv:2310.18357,d08463bd665589d04619f04dbde84183ffcf2e63,reference
arXiv:2310.18357,8c359afb4e9918aabb37436d438fcabb7beca07d,reference
arXiv:2310.18357,0e5346ecb85569995ddd926fe21458f35afc7cf5,reference
arXiv:2310.18357,5350a0ee67f10b4e926a25cc4c4e51490e5277e7,reference
arXiv:2310.18357,e8bd4fe315695594dff465235e7c9987718c4483,reference
arXiv:2310.18357,ccd079b5d5fa300e5bcb1aa635d19405adbe821b,reference
arXiv:2310.18357,9405cc0d6169988371b2755e573cc28650d14dfe,reference
arXiv:2310.18357,e84a87c9026e5d35c95a007df9ab1aeb57d0c6d5,reference
arXiv:2507.12472,504776a1a0f7bfaa8b400c53a8712d37d62a741e,reference
arXiv:2507.12472,138ff0e55b02c1616118cfb8b4c0ae9e03b52092,reference
arXiv:2507.12472,f1ca7a5c7fcea6e9c7e4207d39e9c0be9515ad19,reference
arXiv:2507.12472,47b71f6687f1b29febb9421588452283c980aa3f,reference
arXiv:2507.12472,c8bbe39285da8e427250cc2a80da8f8f2f92b8cb,reference
arXiv:2507.12472,dc74965459c102c01852fe1288c55f9268010dc8,reference
arXiv:2507.12472,34a91c40c511e1bf6e6d6d52f8950c7cb1fb1fb5,reference
arXiv:2507.12472,8729c2ffaa24a855acd60b1fbe59f93c1553584f,reference
arXiv:2507.12472,20ddc5fd58e87ac55e8a2f82c157c180b5aa4742,reference
arXiv:2507.12472,0ded1715c39b9387fadee209d0469846cee89a83,reference
arXiv:2507.12472,8f740bd65d1ce38b0ce6e5063ccc390de88af0ce,reference
arXiv:2507.12472,bc28a229b05e736af6f482b38246e17edd352a5d,reference
arXiv:2507.12472,b300622f69f63d7b7bf812dcf7acbc485a3aee9e,reference
arXiv:2507.12472,60a55104b3f86f40baeba9c4fc4481ebd259b762,reference
arXiv:2507.12472,86c21bffd675216befc20afd3cda69c056f84dab,reference
arXiv:2507.12472,b2f11800ead7da812ed2a1e4b3ccf5d2a1563213,reference
arXiv:2507.12472,2870cd6f39126545f0718871ee0f52d7a403a43e,reference
arXiv:2507.12472,e9ede327015e855c6eb53b6a293a78779fba0320,reference
arXiv:2507.12472,8ed535b1c49989c86852200e498d3285f287b4fa,reference
arXiv:2507.12472,8d83b4d2c11d43899c71686c73ea3937394797cc,reference
arXiv:2507.12472,fdbce1a84d29a43a96308aa4352e78896d91a9e2,reference
arXiv:2507.12472,e4eba5996d9618b9511b4598797161d00c8aee3b,reference
arXiv:2507.12472,49f79fdd8c3700cba48e28387c773673d64fbe0b,reference
arXiv:2507.12472,72af0f04349fe40fed4d98426d5c74637ccee5cd,reference
arXiv:2507.12472,20b960523909e1aa33cf330f37ed94986a6e63a7,reference
arXiv:2507.12472,47ebc7bbeed3f951ad78d2eeed9dada17a826b88,reference
arXiv:2507.12472,81fcd6c1edf23b3398448976ddda814b067e35d2,reference
arXiv:2507.12472,8ce67552b8c895ffe6a5c08f17df0d76af26b848,reference
arXiv:2507.12472,ab120b86afcf7a2441929bc083d523eb473ac5df,reference
arXiv:2507.12472,7b1ce3e66e47fcfad22f8d59504b656762b1bc32,reference
arXiv:2507.12472,4558b33d64ddfd58a9ab16e3633d05c55a7eca6f,reference
arXiv:2507.12472,e6706ee5febe122843a49922f1be828a9713b87a,reference
arXiv:2507.12472,177a491b9517d186d7e182369f2e0c5118d5a152,reference
arXiv:2507.12472,9195493566524dd8c10fb6a5a68660add5232e3d,reference
arXiv:2507.12472,cc28ebbd867320efb252073f654c993a82fa2b62,reference
arXiv:2507.12472,8e736e11a7096ae33e75da52d4f057a5113e66e2,reference
arXiv:2507.12472,4096c5fe5c816f66a2840dca9faa43658072f08f,reference
arXiv:2507.12472,695663f05473270744f228e9beeb7578ceee7c68,reference
arXiv:2507.12472,377ed8b0d21e4593744c963a14631c99262a72e3,reference
arXiv:2507.12472,e0053d45113546acb2cf30ab8c99cbf83eef685a,reference
arXiv:2507.12472,1e8e6cd3089a193e2bb232229b94f1837f215d43,reference
arXiv:2507.12472,7c33415ee78eaf12dd082ed305638d0c384a279c,reference
arXiv:2507.12472,ebf9ae42b325183baeaffeda1775632eea669218,reference
arXiv:2507.12472,69a7ae20845c47c5efe3a93c94e6888b852fe532,reference
arXiv:2507.12472,aaa57cc7bcc4446d24b98fdf6962a29ec6e6591f,reference
arXiv:2507.12472,48332b6ba7ac6124a1512355323ad46649458915,reference
arXiv:2507.12472,380b0cca3c6d155f4149f7c445a5b359bf449205,reference
arXiv:2507.12472,33dfa18a3a965e0fcca11049c649fc3995af9264,reference
arXiv:2507.12472,ef5d66860e8505ebce271cb033af57486b2638e6,reference
arXiv:2507.12472,0c31a27f929c2fe16a97cd71e704b97fcae7ffd4,reference
arXiv:2507.12472,a4c6cde05452c22b2d8dc3b1d20c4844d0588d9a,reference
arXiv:2507.12472,867dfc021bc3c94dbb5b4c3cba158a2a96e8ea73,reference
arXiv:2507.12472,16861054ec33d376d8f0182f7bec89f118c70ef9,reference
arXiv:2507.12472,bbf272d92b76cc5f1e6f793dcfeb5edd4abed7ef,reference
arXiv:2507.12472,c716c8fdadaa0f23f05447d2e9b798df32d6a632,reference
arXiv:2507.12472,186c7e80de21eda4272687c2ee1542af0e66f20a,reference
arXiv:2507.12472,31d2ccff82e313eb5c1620c44bb8322da4a38513,reference
arXiv:2507.12472,7030cc233f6ba06d1f9ae0079197da7860e5ba23,reference
arXiv:2507.12472,81f5c258beca404a70880f89d1f803f4c8063e73,reference
arXiv:2507.12472,9c6e54df22c07f4ef50ab87b2351cd897b76f739,reference
arXiv:2507.12472,4357fe12f181cfa0d191d4f42b92664a61b3d903,reference
arXiv:2507.12472,69ef8689a552108ab4dea2d50361a0522472a7a6,reference
arXiv:2507.12472,f4211ab5288dc9ee9ff1e0f1087b84bb0ef7f492,reference
arXiv:2507.12472,fb7b538363240bc0be33633d51559795db656c75,reference
arXiv:2507.12472,0d87efd7ebd38d367e5184fa27dbcf4164efc4e0,reference
arXiv:2507.12472,c9b509e6f38decef9696894028fb8e85244bde24,reference
arXiv:2507.12472,4487de351dc38c1095a71966ce3883a2d853f4c1,reference
arXiv:2507.12472,4a89f69277735d3254ea9d734256637ebccbe2ce,reference
arXiv:2507.12472,a286c7592d3ffe24065dfd82fa6e5bfdca833fae,reference
arXiv:2507.12472,dce02da0ec8006d9bbe9d359f7a839768fbecbc2,reference
arXiv:2507.12472,b8e57155bbcc1ce8a112482c85b3a3bb25f3fe52,reference
arXiv:2507.12472,123acfbccca0460171b6b06a4012dbb991cde55b,reference
arXiv:2507.12472,c957c50ead898bd76944a554f0bf02bdf59c67e5,reference
arXiv:2507.12472,83ac79bb8e8695fb3c3c024be74790d862adea74,reference
arXiv:2507.12472,c53eced20c0d5a6aad8e412605e3e63fb47b774b,reference
arXiv:2507.12472,3a436adae0013bc53aada5b41f35fb6217b824b7,reference
arXiv:2507.12472,5ec64f04500e150188e50187507e9c03d776feb2,reference
arXiv:2507.12472,62b4e06f5249d22e4a153ec4a2dc934c6a014372,reference
arXiv:2507.12472,6a58b96d6a91bf636cada92bd39478946f369dd6,reference
arXiv:2507.12472,34f721457b92155a5f5ccaf5201c1a9f0f6f99be,reference
arXiv:2507.12472,5bdfe26d0d51996d1d5052338b0ca48438959545,reference
arXiv:2507.12472,8697802ce7c1b9f6e15996c4726f55a306884f7b,reference
arXiv:2507.12472,c1009bbd5fb97ff8b0c23c57354499ffb7f35091,reference
arXiv:2507.12472,c9580b625e8d30a1f9e9f48b5785469c1d8eaa8b,reference
arXiv:2507.12472,c34dec41e6baa7e4680624b195de246a2b52e7db,reference
arXiv:2507.12472,663dc434fabc1cf1d3e85fff3f7ddcd313035d18,reference
arXiv:2507.12472,d84cf745c534c010b8e55e5a4a04878906848dc3,reference
arXiv:2507.12472,cc5da9bef1cb394ba1d69427b99900892d61ad28,reference
arXiv:2507.12472,aeea4c7b2bd963a1c80422bc09c41ba2ca0040d2,reference
arXiv:2507.12472,94d322fc502afe39a970da2ca40c95669225eaf2,reference
arXiv:2507.12472,888728745dbb769e29ed475d4f7661eebe1a71cf,reference
arXiv:2507.12472,e77a1ce12f7ffdd03b88f0c9e877f4d8ba7f6472,reference
arXiv:2507.12472,f6974a11315fa698dc584e9f09316d61f414e952,reference
arXiv:2507.12472,8f7297454d7f44365b9bcda5ebb9439a43daf5e6,reference
arXiv:2507.12472,c230aea29871b44204f3b2b5555ac3d1df7fd300,reference
arXiv:2507.12472,d589c49e1cd1dd3b994dcac01b4c6e7fb8eef161,reference
arXiv:2507.12472,9c071ee502da5117a4991a6d98e45a09c1da64f7,reference
arXiv:2507.12472,9943bbb97a48d10b70453e62307c1c797ed64012,reference
arXiv:2507.12472,47cae173d4618b32bf52f8b61b0a1051434d8b1f,reference
arXiv:2507.12472,c6c3ac272e37b70d7cfc4d2804505a9e58879136,reference
arXiv:2507.12472,5d55b3ad5426547b002a8998818fee9cab0b1160,reference
arXiv:2507.12472,8973992dfa1d1f48cda483454b655163957ca199,reference
arXiv:2507.12472,5b7f5488c380cf5085a5dd93e993ad293b225eee,reference
arXiv:2507.12472,e089aebd470ddacdbd42ccf542b71801612b16fb,reference
arXiv:2507.12472,863171ed35ca0035074f73bb202b153cc346f2f3,reference
arXiv:2507.12472,bd5ee718086588c810b1853d7841ef4182cf3fea,reference
arXiv:2507.12472,e141c4e9ede377bf378f26dbb2c23627d970c389,reference
arXiv:2507.12472,0c181f508ec9de8e48f62523ba8a9bcb1f51f83a,reference
arXiv:2507.12472,105dbe631825363ce830c04aac819dae4e9aefd2,reference
arXiv:2507.12472,7c93c88260829ea01429a6944f4525440817896c,reference
arXiv:2507.12472,f06c3b69e0e041d3ac880b2bdea951984034b9f6,reference
arXiv:2507.12472,03d86d8e642f7e599e5eedfd93634f16d175dfd3,reference
arXiv:2507.12472,144b9bc80570da1acf83bb6fb26dcbdbc229e217,reference
arXiv:2507.12472,025766e097010710c1f6143b5579071f2777f9d1,reference
arXiv:2507.12472,9c28c7ac59d3876ba2198dacd364ccfd6f16214a,reference
arXiv:2507.12472,6e0e40cb5d41fc65f30d7b4fbc869eea297a63e3,reference
arXiv:2507.12472,c3bdc6149097fa186a17d07cff6ce210d468bdf3,reference
arXiv:2507.12472,464ae958377578490b73eef340b083417cdd93e5,reference
arXiv:2507.12472,d333f9b429016c6c9b210852e21b37197d00bb61,reference
arXiv:2507.12472,9b0847d1c1706c116bf030eb1780be94c34e137c,reference
arXiv:2507.12472,8b290521e655421f52c487b5ef75178132a0e4b7,reference
arXiv:2507.12472,9cbbb902931d77521ca0b7956a1a83443cdd970b,reference
arXiv:2507.12472,0e1d2fc89a66a380ffe0c640409cfb659a7c8d3c,reference
arXiv:2507.12472,e1a2c4cb9db7f84b051f123e197fd0899e61eec8,reference
arXiv:2507.12472,3ce6db01cbd1889aabd1330ffce38760d2f92bb8,reference
arXiv:2507.12472,1c09abcd1b443729f949114cd544775f67299884,reference
arXiv:2507.12472,731eca85fa51e95d04af5121b0c95d531f4e238d,reference
arXiv:2507.12472,38977b3ffc5edd84f9ce942f2299ce65b966e6f8,reference
arXiv:2507.12472,1fd3f973411c57707e64bcfdd532d6279a26fafc,reference
arXiv:2507.12472,41576f3a627c0db8815fe8eb9328e13d09fc2eff,reference
arXiv:2507.12472,06d8562831c32844285a691c5250d04726df3c61,reference
arXiv:2507.12472,f005889b7d85558f978d40506196e9a853b5ed15,reference
arXiv:2507.12472,00664d5f738cb5bd8aba6f5e8ae51e90b08419b7,reference
arXiv:2507.12472,f0e1366ba66ac1f1b0b55d7dd18347398a4df5d5,reference
arXiv:2507.12472,a963d05b9d4acd347ad528e7d098eb53d8f555a2,reference
arXiv:2502.19573,e98392f4906cf8fc912697b8fdb808e5cef0aa71,reference
arXiv:2502.19573,210b0a3d76e93079cc51b03c4115fde545eea966,reference
arXiv:2502.19573,c1284ee1ddf29955a1a02bdc45abdaac63745017,reference
arXiv:2502.19573,ec5b621ff9b33fa3920a34509464352d14d5ec68,reference
arXiv:2502.19573,f148b3a0106cbaba356b9f099f1a10c072c0b3c5,reference
arXiv:2502.19573,47daf5f81470564f94adcac672405c2cd39dd186,reference
arXiv:2502.19573,f29f8b8aa2b7e608199b65d3cf751969d4024132,reference
arXiv:2502.19573,8eafec7014d08043517834b5a2ed26384f188873,reference
arXiv:2502.19573,135ae2ea7a2c966815e85a232469a0a14b4d8d67,reference
arXiv:2502.19573,69f2ba0f33a54e01de32c616b64e85d5d7194067,reference
arXiv:2502.19573,c22bfecc684be370bc22611deb8737d65466a390,reference
arXiv:2502.19573,133b97e40017a9bbbadd10bcd7f13088a97ca3cc,reference
arXiv:2502.19573,31efded912389bcff148c3205b42669ad434f7d9,reference
arXiv:2502.19573,be55e8ec4213868db08f2c3168ae666001bea4b8,reference
arXiv:2502.19573,d5295f7ddcf281f3d30a7579d5ce482036a8e27c,reference
arXiv:2502.19573,142ebbf4760145f591166bde2564ac70c001e927,reference
arXiv:2502.19573,13a0d8bb38f739990c8cd65a44061c6534f17221,reference
arXiv:2502.19573,cd471b5ef162906ef3d9a84398b3f98e9ee4bf56,reference
arXiv:2502.19573,0b483b550b21ec42d693fc04a372dbb10dd07019,reference
arXiv:2502.19573,d6045d2ccc9c09ca1671348de86d07da6bc28eea,reference
arXiv:2502.19573,acbdbf49f9bc3f151b93d9ca9a06009f4f6eb269,reference
arXiv:2502.19573,57d1e7ac339e783898f2c3b1af55737cbeee9fc5,reference
arXiv:2502.19573,ca2f1088d3e581b2c6c75cf0ebc96506d620f64d,reference
arXiv:2502.19573,d55705658df55e13709518a1e65247224349ffb9,reference
arXiv:2502.19573,db1afe3b3cd4cd90e41fbba65d3075dd5aebb61e,reference
arXiv:2502.19573,b0623eedc32e76d6a0c592a68a3b150232e404e2,reference
arXiv:2502.19573,616610e0b0a31ab4bac1c64fd0b65c2572185522,reference
arXiv:2502.19573,814a4f680b9ba6baba23b93499f4b48af1a27678,reference
arXiv:2502.19573,51ae2c451a1a05293334a509b71c9c9e0377d35c,reference
arXiv:2502.19573,3c11e117d2996520ae7c06b2b4de3b4bde4f875a,reference
arXiv:2502.19573,52f47e781852a77abedada48cfa971b24c919dde,reference
arXiv:2502.19573,80376bdec5f534be78ba82821f540590ebce5559,reference
arXiv:2502.19573,a75649771901a4881b44c0ceafa469fcc6e6f968,reference
arXiv:2502.19573,9a4382bc7aad5b0f33360e7b119929b95eb04f00,reference
arXiv:2502.19573,6c4b76232bb72897685d19b3d264c6ee3005bc2b,reference
arXiv:2502.19573,d0086b86103a620a86bc918746df0aa642e2a8a3,reference
arXiv:2502.19573,204e3073870fae3d05bcbc2f6a8e263d9b72e776,reference
arXiv:2502.19573,5e23a28063b395bdaf784dc548a046885cb90cf2,reference
arXiv:2502.19573,97fb4e3d45bb098e27e0071448b6152217bd35a5,reference
arXiv:2502.19573,de5e7320729f5d3cbb6709eb6329ec41ace8c95d,reference
arXiv:2502.19573,86311b182786bfde19446f6ded0854de973d4060,reference
arXiv:2502.19573,a6cb366736791bcccc5c8639de5a8f9636bf87e8,reference
arXiv:2502.19573,a538b05ebb01a40323997629e171c91aa28b8e2f,reference
arXiv:2502.19573,9405cc0d6169988371b2755e573cc28650d14dfe,reference
arXiv:2408.13040,f72be31de9f9a09d4410fd38bc717efe43444827,reference
arXiv:2408.13040,c24ee58ee53e7847564776ebf1f22e3840826e8e,reference
arXiv:2408.13040,bb4c59fc93d5be6b3d85dfde9d08e3dab80db9b7,reference
arXiv:2408.13040,c14db8b4c1bd65a18a604236cdbc3549ee75f3bd,reference
arXiv:2408.13040,786294f4008732a5dac9895a8507bc4c80450075,reference
arXiv:2408.13040,fe3f5c5209557cd93a98de61afeb325db545740e,reference
arXiv:2408.13040,47ba7df38e24da9bad9266d2b58abbb2b70db6e5,reference
arXiv:2408.13040,d154833ad5b4b1853cfa3681a291e201b82a0c2e,reference
arXiv:2408.13040,4a7855ec905faedfa68235b6f3966d8269f03d18,reference
arXiv:2408.13040,10e8dc07ea256c6a88d7043cf135417402ed38f4,reference
arXiv:2408.13040,f8d26d43de63c541043936c116abde8d8d717e59,reference
arXiv:2408.13040,76b19363b10d7ea783e4a6494eae40d73c8e9628,reference
arXiv:2408.13040,a02fbaf22237a1aedacb1320b6007cd70c1fe6ec,reference
arXiv:2408.13040,da4f4968c05e6c3e9f6fe779701ee3fe3a7fa84c,reference
arXiv:2408.13040,72fbd9a613d4fad4542c8dda785a74cc36db6d5c,reference
arXiv:2408.13040,fc5c506887b53d0e132cb6a4fb239c92cd5c9830,reference
arXiv:2408.13040,8c870bef01a4fbb20f60722ffc2f6bee3870b18b,reference
arXiv:2408.13040,2d477367763a23195fa8f36507b15c6c7b062f65,reference
arXiv:2408.13040,f76a5b176f3435214eb87dd105f730f0b53672c3,reference
arXiv:2408.13040,708f52050bf9dc134124e8b9e4dbc1ecc65f0401,reference
arXiv:2408.13040,d6572f2250337975fc4a54abfcdf08b4829b2cfc,reference
arXiv:2408.13040,f8cf6c42d48326ff7ae172c5e555178d440bf7cb,reference
arXiv:2408.13040,adb272fbdea3631059cf88ab764bb6c2ce29f965,reference
arXiv:2408.13040,544ecfd78567dabc8684b79e5cc3fb9c126a494d,reference
arXiv:2408.13040,a3e3a9d878999c7038c275e75f5cd8a232aa4999,reference
arXiv:2408.13040,0bd1ca4a9f7895e123b00c624f733f8c4e642842,reference
arXiv:2408.13040,f4df78183261538e718066331898ee5cad7cad05,reference
arXiv:2408.13040,7426b117e40956144dca2cfffb39abc9c5265e88,reference
arXiv:2408.13040,08ba36fe521389f4692357496091c8b1a71ede00,reference
arXiv:2408.13040,3be6e8af61c3eb022fb07aea2d6aaf8b11be510c,reference
arXiv:2408.13040,002c58077a1f1b296468b117230a1199e91f35c2,reference
arXiv:2408.13040,1386eba753466911aa586a0d672f3990c58a54da,reference
arXiv:2408.13040,65b20b3e6f81f6567e41e353a47a2380c6cc4b77,reference
arXiv:2408.13040,a79c75e65ddbd9a652b6ee8b364f2880d35cabb7,reference
arXiv:2408.13040,6f0aba8102d63938ce0b48ec23ff5ddd8110f2e8,reference
arXiv:2408.13040,28692beece311a90f5fa1ca2ec9d0c2ce293d069,reference
arXiv:2408.13040,48d5e267ab336a0b4caf2e1909d7860b02c6a736,reference
arXiv:2408.13040,4fffa5245d3972077c83614c2a08a47cb578631e,reference
arXiv:2408.13040,d8e81e80490113434f7ac338c5f8d5a23f05a3de,reference
arXiv:2408.13040,b257038ef379092509b1dd1d66a351f47363d6eb,reference
arXiv:2408.13040,ffdbd7f0b03b85747b001b4734d5ee31b5229aa4,reference
arXiv:2408.13040,51a79a45e2577bffca0a50992a852c73d7a13ffa,reference
arXiv:2408.13040,bc37c6bdb8f39929a58b30464f72d6aa46cddc17,reference
arXiv:2408.13040,e012d3260b58015167b98db0a248aa1a1360edde,reference
arXiv:2408.13040,7c39adb2049e79951dd6b92c970abaa4d81819b1,reference
arXiv:2408.13040,8dca64d7cc92dc1f899306772fc0d5f46ed0bc39,reference
arXiv:2408.13040,941610de983da4ad15f1ae0eb4e09d4b0f95fff2,reference
arXiv:2408.13040,6f5fcdceec0f86b54ace93e30cdc497b5568b714,reference
arXiv:2408.13040,3199b35d570c17c6eedd5e538333cb3410e89b67,reference
arXiv:2408.13040,9c2e71301363b2b32569a9cb0af30bfc28c0c775,reference
arXiv:2408.13040,c0c6f3ba310099b9a1ebe899f5f58bb04574df97,reference
arXiv:2408.13040,4e468d3da1797d791db8d514d695b183acb027ee,reference
arXiv:2408.13040,f30444fbb6ad806168e2564db4815cd27faa7fd9,reference
arXiv:2408.13040,5248cc6ee4f5a6cb32e23a87c6eb28ccebf4051a,reference
arXiv:2408.13040,09ef867e603215372d394dadac2b8c93cbf4359f,reference
arXiv:2408.13040,49a049dc85e2380dde80501a984878341dd8efdf,reference
arXiv:2408.13040,b929fc4ea07199d8e876f5c897aa1f47f9578e1f,reference
arXiv:2408.13040,cd1951c7286d11b2bc6bd662554e921456d55db9,reference
arXiv:2408.13040,8ae9a17c87a4518b513e860683a0ef7824be994d,reference
arXiv:2408.13040,f59c038dee828e0a8c2fc28130d12e39ee4952d6,reference
arXiv:2408.13040,16ce6b71a0fbb548634cdc11965b511c5c3d5b14,reference
arXiv:2408.13040,395de0bd3837fdf4b4b5e5f04835bcc69c279481,reference
arXiv:2408.13040,6c4b76232bb72897685d19b3d264c6ee3005bc2b,reference
arXiv:2408.13040,97412aded29b05ee69a63ea9ec2b22f41c321149,reference
arXiv:2408.13040,f93b523fe44e2ad2deaa1c6dac2da878a17eeeaf,reference
arXiv:2408.13040,24d7b1487202e3aaf329df3d8135ae6eabefaa45,reference
arXiv:2408.13040,c8ed4a46e6aa565ea757e0ff5b7c160419699026,reference
arXiv:2408.13040,da6e404d8911b0e5785019a79dc8607e0b313dc4,reference
arXiv:2408.13040,1a2599e467e855f845dcbf9282f8bdbd97b85708,reference
arXiv:2408.13040,204e3073870fae3d05bcbc2f6a8e263d9b72e776,reference
arXiv:2408.13040,34038d9424ce602d7ac917a4e582d977725d4393,reference
arXiv:2408.13040,b8717b3049199d17655067384df7a77706b84b5e,reference
arXiv:2408.13040,53d8b356551a2361020a948f64454a6d599af69f,reference
arXiv:2408.13040,9405cc0d6169988371b2755e573cc28650d14dfe,reference
arXiv:2408.13040,cd18800a0fe0b668a1cc19f2ec95b5003d0a5035,reference
arXiv:2408.13040,ccc4b1a0ff1d85e5cd6d7247ddd1c16ab10e8145,reference
arXiv:2409.15188,f65da9478926aff391991022aada95e08742fd91,reference
arXiv:2409.15188,7df0b5bc8981f4813036299b9a9c80e0400cec3b,reference
arXiv:2409.15188,8ea76748188ab2b4de078eadeda6dd1cb35a0a6a,reference
arXiv:2409.15188,d13dc7f94991e4cf7fba70c340b1d9d36346f238,reference
arXiv:2409.15188,06d860a5bbb99a4eafdbbb2d5f6aa8dd5fd32cf4,reference
arXiv:2409.15188,c1d08e5387b37db48f3fee38d202e4ab494314bd,reference
arXiv:2409.15188,c90f1a24cc7203b3fdf3d101c7d7b84111eef4ea,reference
arXiv:2409.15188,03fab98a9be74a253688840dba9144737a8ca92d,reference
arXiv:2409.15188,996be611b62c9bb9ef7d02e364f62660425d49a1,reference
arXiv:2409.15188,31c3743e9fd4fa501a3e9e883b54b8777af2c4de,reference
arXiv:2409.15188,104b0bb1da562d53cbda87aec79ef6a2827d191a,reference
arXiv:2409.15188,78c488e2d84bd193a40006b1fceb03e3845b81d4,reference
arXiv:2409.15188,e154dd91de91558f9d671370754eace62a54c911,reference
arXiv:2409.15188,2f3822eb380b5e753a6d579f31dfc3ec4c4a0820,reference
arXiv:2409.15188,7e32aac43e9f1df49e116add03327ee6f365dbf3,reference
arXiv:2409.15188,23b8dd1978dd2d27e5ab4dc4a8fe11ea6dd57064,reference
arXiv:2409.15188,0ffd57884d7957f6b5634b9fa24843dc3759668f,reference
arXiv:2409.15188,5d879530c443dd06d3686f31d32cfe34c7ade9bc,reference
arXiv:2409.15188,df94440288fb956fd37f784168bc2ae4bf4ca4da,reference
arXiv:2409.15188,f4c4e148546089123f8da5db4fb246ab4062bd40,reference
arXiv:2409.15188,0ea7fc93d4947d9024ccaa202987a2070683bc1f,reference
arXiv:2409.15188,bdf7bf9e81a6c12e22323d0402885b2ba62f623e,reference
arXiv:2409.15188,da872dfc0934f554311d5f91fa7e5ada44fb8155,reference
arXiv:2409.15188,76b19363b10d7ea783e4a6494eae40d73c8e9628,reference
arXiv:2409.15188,5848737f78397f72ceae2ba6f3419a6a8502b8ba,reference
arXiv:2409.15188,6839816cd3ab194dfa3ffe3066cc35d099820e00,reference
arXiv:2409.15188,873a581320d928249609d3c07229d5af182a379c,reference
arXiv:2409.15188,a4a41319d5805a29316f24ed9519f09db77d4c29,reference
arXiv:2409.15188,3611cd0acf6ad1f59ac0427715dce78e654e274c,reference
arXiv:2409.15188,c3d3889cdf086e3104824c4cd05c5d09b1396b1f,reference
arXiv:2409.15188,f12a6168ed8de1aee69fee51b469b1aecd5f903e,reference
arXiv:2409.15188,e7ad08848d5d7c5c47673ffe0da06af443643bda,reference
arXiv:2409.15188,5f19ae1135a9500940978104ec15a5b8751bc7d2,reference
arXiv:2409.15188,d6952c2f849fc6599e27a8c52f32bb78dfd15a02,reference
arXiv:2409.15188,7e3fdc1a0ec46cbb621f6c346a490be7b23d402e,reference
arXiv:2409.15188,1b6e810ce0afd0dd093f789d2b2742d047e316d5,reference
arXiv:2409.15188,a8ca46b171467ceb2d7652fbfb67fe701ad86092,reference
arXiv:2409.15188,5a08cd9cca3f208283f5e913037df875ca24ef03,reference
arXiv:2409.15188,32b0473e48a29a63bcbbafb4e8f11c4b0392a660,reference
arXiv:2409.15188,422ee2573eb979478b18879a6bbc1e6b6953a28b,reference
arXiv:2409.15188,d1e191d11406643ca813ef830b1c63ff65b18cb9,reference
arXiv:2409.15188,38783aba80a96c13d3f1ca71320dfda3b65827d3,reference
arXiv:2409.15188,5a5c5dbd8a2c9dee5f46f19eeb07496f7abfa1b8,reference
arXiv:2409.15188,90abbc2cf38462b954ae1b772fac9532e2ccd8b0,reference
arXiv:2409.15188,a7753486920651e24e6a77abbbfee28fc2b2e76e,reference
arXiv:2409.15188,bb9a6231611a8efd678f30334c294052e5062142,reference
arXiv:2409.15188,6b43fb6ab490159276cf63b10d29dc0117e1e9d6,reference
arXiv:2409.15188,8c65578b0d46c72df8d8f0d26354dab79f137915,reference
arXiv:2409.15188,8659bf379ca8756755125a487c43cfe8611ce842,reference
arXiv:2409.15188,29f13d00746aed383a32c179537001fdf3361aa0,reference
arXiv:2409.15188,a765d5e0f48368eddf9c604975fef5aa04925372,reference
arXiv:2409.15188,6ec47eb2514f4f6dd41ef16f7b80f97237cc3239,reference
arXiv:2409.15188,d4b9257198c78f32e8f099e167a58618fbf89c59,reference
arXiv:2409.15188,3ac40b06b16a1a3b427d2e16f7e1dba2aafe3f94,reference
arXiv:2409.15188,0259119b3d9a4edf4555a2449305c8bee66dc36c,reference
arXiv:2409.15188,0a07543807e63a76d0d4b63aec80c15d6de30394,reference
arXiv:2409.15188,f79caa22b7e7d08d2824f9bd272554e2fd94e0ed,reference
arXiv:2409.15188,655d8c5ea0287f1cf703b1582a0c7dd81e33f367,reference
arXiv:2409.15188,e8f5bf7c8c6377501714a0ba3e8c5bb74c5ac155,reference
arXiv:2409.15188,36f652172792f8aab1cf3c4441a72a1bf79d17c8,reference
arXiv:2409.15188,8214c1595b02c95ecbde821648471a327becec17,reference
arXiv:2409.15188,e582219f5b96fdac214dc33ec09b34db46b9d0a8,reference
arXiv:2409.15188,995142ef6c86a04d5feac51f2e9aa114f931f274,reference
arXiv:2409.15188,9015d5b498dd7e80229bb319cb3dd230e7b415e4,reference
arXiv:2409.15188,3d08627c8bf06a1ab1e2f97cc2090ab099747d68,reference
arXiv:2409.15188,5af5ff5d7ca26625456e37634beec6adfbfd7b2e,reference
arXiv:2409.15188,5c13f469d6c4c3deb92077c1aa4956e3195b126d,reference
arXiv:2409.15188,643247f1b49d406a81530dfbde29c86a78f51a1f,reference
arXiv:2409.15188,3840a54d9a3bf0b1d5bd24c2dceeab05866c7c36,reference
arXiv:2409.15188,a95afddf49d4f2fdcfd77308741a7b55f6ac0c6c,reference
arXiv:2409.15188,32fe1dcbb5a71c73929e474bebed3e6195966e10,reference
arXiv:2409.15188,5a1be8e176336a8f9a795aff08eafa705b9b784a,reference
arXiv:2409.15188,1ddd07e7165ccdab42f878b1c02962fe57ebf146,reference
arXiv:2409.15188,2a1d19d745a6f922dd4c51713413b0a4dc7e2546,reference
arXiv:2409.15188,8f87f58fc68d899c3c229b500a3591521b587ed2,reference
arXiv:2409.15188,236c5f1179a4755e6eff66b0cdcf04981cc967bf,reference
arXiv:2409.15188,0ce1a35c66ac231955464ed19502156b0175ef9d,reference
arXiv:2409.15188,df2b0e26d0599ce3e70df8a9da02e51594e0e992,reference
arXiv:2409.15188,a06735d366a869ea00d757b433dd9cd1a5690d34,reference
arXiv:2409.15188,cd18800a0fe0b668a1cc19f2ec95b5003d0a5035,reference
arXiv:2409.15188,cef122160afafe9f43e2c921b9cf673a7de9222b,reference
arXiv:2409.15188,c41bceec216145de08d859c5bdb959df193f1896,reference
arXiv:2409.15188,97a9fb15f65cea266aa3cae7264d04e7ec9f9e8e,reference
arXiv:2409.15188,ffe0f9084ee4bdea720f26b7b5fffc5630463fa0,reference
arXiv:2403.14702,ba00908f841ab4326adc8d9879c0b97ce6152faa,reference
arXiv:2403.14702,e1935c70b1d8d00e6bd925a5a45af67bd1384fa4,reference
arXiv:2403.14702,68027f0393606fc5c71251ca2136809cef2a8ff8,reference
arXiv:2304.10464,81b10e64133e775dab53153cc82277d276efe1f7,reference
arXiv:2304.10464,68c834c19cd126bbd6d25a3572d7205cfed76271,reference
arXiv:2304.10464,3aaf6a2cbad5850ad81ab5c163599cb3d523436f,reference
arXiv:2304.10464,ac7771c332da42b29a913b116bd6ef622cbf89cf,reference
arXiv:2304.10464,af997821231898a5f8d0fd78dad4eec526acabe5,reference
arXiv:2304.10464,57e849d0de13ed5f91d086936296721d4ff75a75,reference
arXiv:2304.10464,53d128ea815bcc0526856eb5a9c42cc977cb36a7,reference
arXiv:2304.10464,873a581320d928249609d3c07229d5af182a379c,reference
arXiv:2304.10464,bf8491bef353df126e2306ad2fe4b898697b906a,reference
arXiv:2304.10464,7de36d6b14aadc8cdb6ad1340b9ca64b15375bca,reference
arXiv:2304.10464,99832586d55f540f603637e458a292406a0ed75d,reference
arXiv:2304.10464,f3cf71c51b882fe3111d71c4bf104297d38197f8,reference
arXiv:2304.10464,ab0e3d3e4d42369de5933a3b4c237780b41c0d77,reference
arXiv:2304.10464,29acc890e521f7a6415666ab9eb3432c49b4587a,reference
arXiv:2304.10464,bd1331b233e84bab7eba503abc60b31ac08e7881,reference
arXiv:2304.10464,e7ad08848d5d7c5c47673ffe0da06af443643bda,reference
arXiv:2304.10464,4e5f7cd537a1bbcd090f9887b1b59f39a3715dba,reference
arXiv:2304.10464,13a0d8bb38f739990c8cd65a44061c6534f17221,reference
arXiv:2304.10464,eebdf7303256f081ab1f6a36ff0ea6126e4da484,reference
arXiv:2304.10464,d6045d2ccc9c09ca1671348de86d07da6bc28eea,reference
arXiv:2304.10464,acbdbf49f9bc3f151b93d9ca9a06009f4f6eb269,reference
arXiv:2304.10464,f2885c6a25756cf81aa23b41bc62696a5be5c94d,reference
arXiv:2304.10464,bc37c6bdb8f39929a58b30464f72d6aa46cddc17,reference
arXiv:2304.10464,a49e9a8d29b5838ba392d5d33fb9694f4667c59e,reference
arXiv:2304.10464,57d1e7ac339e783898f2c3b1af55737cbeee9fc5,reference
arXiv:2304.10464,59641c10ed7431a3cf841f308367dc2dc0281b74,reference
arXiv:2304.10464,85e7d63f75c0916bd350a229e040c5fbb1472e7a,reference
arXiv:2304.10464,90abbc2cf38462b954ae1b772fac9532e2ccd8b0,reference
arXiv:2304.10464,a75649771901a4881b44c0ceafa469fcc6e6f968,reference
arXiv:2304.10464,00a27ad3a6775a7efb5d4fa3311c35cf85735f31,reference
arXiv:2304.10464,6e76e29188ae8f5ff86f85945d4784b8c598b01e,reference
arXiv:2304.10464,53d8b356551a2361020a948f64454a6d599af69f,reference
