original_id,simple_id
2510.2081,node_0
2510.208,node_1
2510.20692,node_2
2510.20665,node_3
2510.20653,node_4
2510.20635,node_5
2510.20632,node_6
2510.20612,node_7
2510.20603,node_8
2510.20535,node_9
2510.20508,node_10
2510.2046,node_11
2510.20375,node_12
2510.20351,node_13
2510.20345,node_14
2510.20272,node_15
2510.2027,node_16
2510.20258,node_17
2510.20252,node_18
2510.20208,node_19
2510.20198,node_20
2510.20154,node_21
2510.20129,node_22
2510.20102,node_23
2510.20098,node_24
2510.20091,node_25
2510.20075,node_26
2510.20043,node_27
2510.20039,node_28
2510.20036,node_29
2510.20001,node_30
2510.19771,node_31
2510.19767,node_32
2510.19733,node_33
2510.19669,node_34
2510.19661,node_35
2510.19616,node_36
2510.19875,node_37
2510.1941,node_38
2510.19358,node_39
2510.19334,node_40
2510.19331,node_41
2510.19327,node_42
2510.19299,node_43
2510.19265,node_44
2510.19264,node_45
2510.19208,node_46
2510.19178,node_47
2510.19172,node_48
2510.19167,node_49
2510.19864,node_50
2510.19139,node_51
2510.19117,node_52
2510.19099,node_53
2510.1906,node_54
2510.19055,node_55
2510.19036,node_56
2510.19032,node_57
2510.19028,node_58
2510.19025,node_59
2510.19014,node_60
2510.19005,node_61
2510.18876,node_62
2510.18871,node_63
2510.1985,node_64
2510.18814,node_65
2510.18932,node_66
2510.18728,node_67
2510.18691,node_68
2510.18674,node_69
2510.18931,node_70
2510.18927,node_71
2510.18561,node_72
2510.1856,node_73
2510.18556,node_74
2510.18491,node_75
2510.18477,node_76
2510.1847,node_77
2510.18442,node_78
2510.18428,node_79
2510.18395,node_80
2510.18368,node_81
2510.18918,node_82
2510.18339,node_83
2510.18314,node_84
2510.18288,node_85
2510.18254,node_86
aa304858ce365a42d17e25b2525e48b8aebc997b,node_87
592ac35991e583fc37c26ee6659d2deb85142ad9,node_88
81bcf606970b686f860cbd54e175af9a57622c2e,node_89
ccf9ccfbbdd7e98f9612cff5bd67784db03046c4,node_90
fde6a64d451a83b39e3d8d034e35bd7d1edb1829,node_91
2a77ac8d1c36ccf9f222cf0ae16e251ac6b13e86,node_92
bd44f96232df6f59a0720973b8498d039d66287f,node_93
f90fac51647274b56de6df097e14b544f3c176a2,node_94
5e6566354b23f7e849b1b439a24ba9d4c5cb655f,node_95
516c955149166de0534d7a2971dab3d587b4591c,node_96
c3d0e9250b7b2b2baaf9b1b053ff608edce67760,node_97
b7462f617fbf560e4a6758acb0077893b63544c6,node_98
7d3c2ff37d04914836f9cbd9ce54b6c97aa74a22,node_99
d48e7ec3387d2c942b80e9dad0e57c930915c734,node_100
69c85405cc1986a41f6387d869aa1648a5668d6f,node_101
1dc706bd7b93879e8d7b816bce5e10ae27526580,node_102
73722c04c6c94314cd6bc92a62a23f0161019a5f,node_103
9cef98afcfb95ed2eded330eeb09c0f23826edaa,node_104
d14512d46f7b6d315e62546a536cdd45e897f788,node_105
7b9c5d0d42c273d9c9282464979df6934d0a21de,node_106
38eb3d83071f5cbe34b6441307af6056b7738893,node_107
a68fccc152d238f62848de1be8522ccd71137ac0,node_108
9ed9661e40909c9062b2da8c0334a3625faf7741,node_109
8fd462f6248d5e3f1b6602697c09489086b5655f,node_110
6aa6003c7d7b3d275ae981aa6200014968c32430,node_111
187d8ffffdccbe59d11a424fc62b2b690063854d,node_112
ac42877b6065dee27471d53eb4f34b3e204cf0e1,node_113
357e250b043441d320b777cda0cd7400cbf289d6,node_114
2d0e240f223fdd2a1bfbd91729f779e240571028,node_115
3079b6d6b6655b0e8be6336339a8284325ad23f8,node_116
05dd7254b632376973f3a1b4d39485da17814df5,node_117
d3d1694f72a5c1c5176fd26b8c70b4b5906d76f5,node_118
22bc75c1b758c83a6e29384453a4574c8b78f197,node_119
2a0fc90991ab74e18be81208eafd1d9c3d81a428,node_120
99ae635b57403cf30da3ccbd37c19741cb858ced,node_121
0da562e238c8f8f0e26ce479605c578f0cd3cb02,node_122
60b05f32c32519a809f21642ef1eb3eaf3848008,node_123
887306ee7ebd9eebd7faea24106ec8e8f1a50987,node_124
348a1efa54376fa39053e5e25d52bd0eb6a0ba68,node_125
659292949b854fd485ac45215c7f9619cef46d01,node_126
c811bedbe8f4c21d0cba9f9175f7c2eb203284a7,node_127
2c27967c92fda392cdf0654281df5a902bb62240,node_128
36fe75645a351a2757eba25efe5edca98386a94e,node_129
8516531ff3bd874b66b811f0bd4e21a2d6b10e54,node_130
98a0ea52ccc31bacbb59c2e26ece9f7389abb00f,node_131
c19a0968c68ddb96cac97be0ab84cc709cc3ab60,node_132
97782a67971c4ff1a74bf07e82fe20b2c4bf86c4,node_133
69412966c12141043e0a4d17ec693b4b536fce81,node_134
90abbc2cf38462b954ae1b772fac9532e2ccd8b0,node_135
a3e4ceb42cbcd2c807d53aff90a8cb1f5ee3f031,node_136
3e30a7ac4886b28eb50151f58e14a1d698cccd0e,node_137
864e4c8b89e57a6589ee070cf721e78beeea7cda,node_138
21977af0e4dd5799434a8c92cdf3d8797de72fdd,node_139
f9de27b075623f5a2a75671efbe7d87c31d50aad,node_140
97044a80401f0347480edc06cad3b91b2a7c17af,node_141
ea1437989f62c36d8f965382d27f8ed4f450479a,node_142
d5bc78761a02581b859d3a925364d865b9cfe360,node_143
e3196bc12bcbf2eb51658f78e844517fb9a47b5d,node_144
5250fabdc9ee0e14f14145146e81578dfa5913bd,node_145
f957b64a4ce31dd9032570ee11b9fca942365f81,node_146
04f4e55e14150b7c48b0287ba77c7443df76ed45,node_147
5a9f79660472e894e482bae011c122f35f9a5095,node_148
23525374cfd3af714f3ffb7a203b1ef3253333fe,node_149
edd705ebe3546272b7fe952e2ed6088200adad76,node_150
0a628a4d841f7a3975b595fd541040585b32755b,node_151
21b2b54c20b27b616c4fa0098bf60b6e33630b28,node_152
3c8a456509e6c0805354bd40a35e3f2dbf8069b1,node_153
33592110e3f6e40ede21ae3bf7bd0e5b4b24602e,node_154
55c562c0de9d011c91965a34ba784c9d4b72fecb,node_155
ca2a60030490752b7b67a39037ebbf13de530200,node_156
dda6fb309f62e2557a071522354d8c2c897a2805,node_157
7966a117b0402066c468d732cd8b2556aa6cde8d,node_158
ec0d64bfa9867faadb2f58665f1db093571803af,node_159
3f534a60503e0de9590ca3e13891f95bb205132d,node_160
73d3049bdea29e312a39e01e2e90add853b05fbd,node_161
1ef297466d7250b26e47b3bd405d8a8662567731,node_162
af03709f0893a7ff1c2656b73249d60030bab996,node_163
acbdbf49f9bc3f151b93d9ca9a06009f4f6eb269,node_164
23d185d2c904bf7ecc2d3445bf54b0c52603bfae,node_165
26a35a4b6281770cf6fb41c7f810938acc11e1ed,node_166
be711f681580d3a02c8bc4c4dab0c7a043f4e1d2,node_167
997cb8dda56dddc45f9ffebdd947d3dd3b88a34a,node_168
2bb3e3de127fb419886424b52f956ca493d74190,node_169
c8b4ffac043d2b235bae76977408e529149c2db0,node_170
d1ef2da4abf608afcc1e8a36475ae2b7857face1,node_171
5595cf7f4f86e9c5aef2fe1facb80e484f31954a,node_172
700bd9681f1b9e9e2212e10415d27b11c7e6836b,node_173
ff5f0c5b6905a8c4b361a625b450e9ab417fa854,node_174
7baae1691bc8c4012f2193e174de94c228afa8f8,node_175
893384832ad8dabfc9c59740a51f8ff8bdb7be86,node_176
5a96bfbae6ea33b0f108604436bc33b144f36ad0,node_177
19cefa45c8975634b9cf6fa82b745dcc79b4b9ae,node_178
e45a0c5a6fe599d571eeb38eef08f328f69026c0,node_179
a1b7eb8f067eff50e726555d1e69cbd6a0b0fea0,node_180
84d548e25d63892bfe33dc6097aee8191366d31e,node_181
e650a1c6f814eb0c724f6ad4b248d73152364a3b,node_182
de1e5993fb2283a146bd9aab4a7cedbd106fdce3,node_183
73459ec452412f2653b341d55632190aeadc1e12,node_184
aff06e8393c5cb5f463b0acd656f4e6eed26d58d,node_185
b27d6124efbda2ad1c07cbe6b9022d7b2a5b3dca,node_186
ef2a4b5da1c58183b699861030b40face5587a30,node_187
0e0e706e13f160e74cac9556f28ab9a358c148d2,node_188
cff26bda86237d113ed01c812ad8bedd0afbe070,node_189
4fe4f0f9d39d708a6c3d7b8dfbfa2616cd376e1e,node_190
f9f4693cef7634badcf31d51be8085758d7cf6f2,node_191
2717e5c7384ec12cfd6cf9c34897c6adad3230ed,node_192
5437e8adab596d7294124c0e798708e050e25321,node_193
d4ddc35bc21b85c64738338fcc813974d968374e,node_194
55e024d284df276c6683cc2edd015ea2e9371564,node_195
671e1150885a58282f8051e0b6d3325b2583dafd,node_196
c88787ed4e6830c4d6595f2d0496641c3d2e4f79,node_197
f00df8653b62d53691e96adfaaa3456e79b15911,node_198
b2c20a877a891ea97179658c06a6d552b50cba6e,node_199
104b0bb1da562d53cbda87aec79ef6a2827d191a,node_200
e287a3d81e3dc28f2de0f405a60ecbaf800dd009,node_201
447ae18b53d0a12db707eda754d9568f79c23e21,node_202
cddf14e5b97090111d3fa814c9aec60e2bf24b8a,node_203
55c36748f2a7c060c3313349c730b053ed03fbf7,node_204
3d300c233e7f2c0dfda0266db077a6041a592aae,node_205
25586b8f46f773876e6e7f78d8dc70e48b8630a7,node_206
cf5a21684aefb1b8db6e0490167636d245396095,node_207
10f829a80a7ee0cdb16307f04e206133d75f81da,node_208
d9f6d1ac4a99214495d72dd2b4f15ebe1bf9e839,node_209
d6c6d677b152a4abd65af66faefc1de20cd4d3a2,node_210
6fc2d6578ba4a0fca537bd906384c214a4263c3b,node_211
00ef179be27c4126d094c750843caa0c06b549d1,node_212
cbd280072caefb3f11546a2e67c6e87b5c2da9c8,node_213
f170fed9acd71bd5feb20901c7ec1fe395f3fae5,node_214
a527d8bc3add1d8111d20db4d13e3468b064c4a7,node_215
0f134f77d524eafcdf3d7bdd4b735ae052e79534,node_216
381ab7a640f5b46b62f7e08d1af4a8e0d3eadd55,node_217
dae6286d86bc1412de4a524e8311b102109a1538,node_218
2f96cd7e2437200c375cf9d5e953e40d643a51c7,node_219
cb4d01f3e4ad9baafa9a233cc0d8c6fb6fc64d2e,node_220
66f40985d5f6c1db33ab952986d16ca2369b073e,node_221
a2a783ce47ed826744eb525859c0e5ebdf294c30,node_222
7ccfd5953e75f242536e99cdeda545a3c66ea98f,node_223
543eb210bb6e317d535fe4b2e5996c361caab5e1,node_224
91206346edbe28abb606d7b3425cd455d4019d4f,node_225
dcd357113a9ff1d1e8c66d1385173cef85f01617,node_226
f37e1b62a767a307c046404ca96bc140b3e68cb5,node_227
c6df4c1226bac40e43a14203ce13144167755565,node_228
3320b25490ab4b05a8c147f8a41a7375e35cf3ab,node_229
ae6f30f15a699b2b8cba027e6d89fa8c4340c19f,node_230
da04f98cddc6944389e4242f8e0e5d5d070163d0,node_231
1e0cac09da0324da5cdf111d0e5b0ba694a5e0c0,node_232
592a6691373f3936631bc4ac122f69df09c842bd,node_233
9c638aa6b6575d9abbbb4ed80bf4a73ee0506bf8,node_234
5dbffedcabe3fa43060ebbe2b1789500edfd871f,node_235
b458fc5261595f44b36325e5eaea1f874d65138f,node_236
0fd232f9bf6c053fe62be21c71d0bd6b155d9b16,node_237
4103f4ffab65b233d3e7dcfa5c028999005446f8,node_238
c1284ee1ddf29955a1a02bdc45abdaac63745017,node_239
35b142ea69598e6241f0011312128031df55895c,node_240
668db48c6a79826456341680ee1175dfc4cced71,node_241
5e4597eb21a393b23e473cf66cb5ae8b27cab03e,node_242
7a1e71cb1310c4a873e7a4e54d1a6dab0553adce,node_243
8eae862d9669e7001eeee17b49fba793df9672c4,node_244
42d83576ee920c1b6df318e212047d9ba57fc4fd,node_245
a14648abc56c602396634609e911f0ec071e43c1,node_246
b118283afc5d8652de52cd13a5e287d76c5ec91f,node_247
f1f31064ccac840a33ae2a6b9e5a0873d97b3abe,node_248
49a454bfaaac1e660b01bb82a91116e22e1196a0,node_249
532551ab6713a9fdab7c517401dd6d81b102c3dd,node_250
628e61b44ef28685756e1570796a337d56731e24,node_251
d07284a6811f1b2745d91bdb06b040b57f226882,node_252
4fd5bedc9e61cbd209b35a5ca13690c09384e9dc,node_253
001188339c776654004094183ab01c3e67e48a43,node_254
20c01c378c8e6d9f1ecf44d1b14146d059c9d8ec,node_255
3eb116c1934dcff731a6d68a8e64115f6c00b369,node_256
15906b721cbe5026693f0e3dd5a8df98bf2ac955,node_257
e2352eb8e69d7cc0d98f9b13eae33f9c02310ad4,node_258
b6575128d930cb25d2c0a4ae2e8168b576ad45ba,node_259
c8ed9fa4be624c5c9e2be17ec8b16bff3198200d,node_260
585f8b9725f5f5e5495c3508d39f70d1c053e190,node_261
02f752e26605b79857b5c8249a53c316ce480292,node_262
9269601d66f80c4d289e4c39677ed365b7df9f68,node_263
c3f923082ef8d8d32c90403391869eca5601458d,node_264
76e9e2ec3de437ffb30d8b7b629f7fe3e61de5c2,node_265
231410c0f936e10faeb7623b73da59e4a7ab32e7,node_266
3ea6ddd85d557e212daf7f5bd6501dc0bae73748,node_267
3f6e1d5cf68b7cc1c05d669cb642255b405d3a6d,node_268
fb2beb39ca8b80f7276adfa8ef9409461569f9e0,node_269
e7ad08848d5d7c5c47673ffe0da06af443643bda,node_270
84a2719338a1f1db73aaa7b5bd61ca507c63da8e,node_271
ae2d1be1d367806dfac9e5447831606cbd958db6,node_272
600d9287efc4703bdb99ce39b5e8b37da0baa6f6,node_273
5ded2b8c64491b4a67f6d39ce473d4b9347a672e,node_274
b4734b08d8e5399757022a530867d6a395430f39,node_275
98158f841193c0462671410e545d3ec61c3acb01,node_276
a83b8668439841ec1aa47ad0a548faeaa01e0901,node_277
8d020275181c69e5e768c6ffc40e09710a6f54f1,node_278
f85e7eb288c9fb8e0f61dffc7c91cd88172c3c73,node_279
4c7d52358156e598e069f651271bd11f49b23f79,node_280
a0714d32861c85cf165c28549807229b508c1442,node_281
afe0998d191f3ea8490c7df100a3ffc5dcc62c5e,node_282
289c14226c70fb1cbaa99f5f62ec956211e77d97,node_283
a6caae5a529cf1cd740105c2ba0aa55514b3b195,node_284
2dd939fe52a336451c83b4e048660f2a5a048265,node_285
63e9f8102b6afa94866ea20ab1c14a160b1fb3cf,node_286
968e40d990059b74a5c5c90b6afa9592c96ae8d7,node_287
c8ef576e97e0feb604ca16e1df2a64db67af9c89,node_288
76f1028f64e6d9194b67112435a8f01891508c00,node_289
23dd78e424d32f6a48660dcd67ce994b8a7db8be,node_290
f200dc0b550f318412bd8484f5c51836d78d93dc,node_291
874f1242b0ad04fb8757064dc0a5dd8de38913ff,node_292
8eafec7014d08043517834b5a2ed26384f188873,node_293
4e6622a1e6c488840826c2c44e34645054b26261,node_294
773470f8940444b4226c37be52ac0c2f10d077ff,node_295
e7ba478aad9b9534a9f632b85ad87177f5587189,node_296
821247d1e96d89e5c8df1118412b235a9fda0577,node_297
66d9550a51cb493aaeeae72d396b0bdb1ca47fe9,node_298
d5b4721c8188269b120d3d06149a04435753e755,node_299
3b46d33781a1eae084d9b1823e9d6502092d5598,node_300
ce4a35fe58b5f185221eb20a1ce96c1b7955b754,node_301
6f217d984f36499d88ab8a3d89572171552e6f3f,node_302
56e952fd463accff09cf2e35432aaabd7c7c57f3,node_303
e0f27336698c84709bd60b6b7f4ce588cbae66bf,node_304
46495d4b6b58d8c4f8fbb1922d217f61b309bbcc,node_305
ea5095268a90211c8d59261ec810bf68006a36c0,node_306
40a8add916b71f55e9203f34d63d88698b11bfed,node_307
134517635fc690bb55d39a794684a056bcbd133a,node_308
2c3f256695ed45668e6d373ab173a97909c0e4de,node_309
5eb9dad01d9b61947d7a9aae6dfff400d20555b9,node_310
afb717aed8de457ef3c9a994b954e44c110a15ab,node_311
916be31cbf847faa65cad0549e153f0c25b9f424,node_312
71a9f6522bc66cb1d1325e003f867f0469caedf8,node_313
802168a81571dde28f5ddb94d84677bc007afa7b,node_314
5dc5d5b54ea233b9d3700bb34352833cc36b6057,node_315
35631fd55c2545615811fa8072015356ac8198e7,node_316
46cff4ce8deed2ef1b00d483ed9a69f8183e3538,node_317
8ad4976e1f1b1df0d89b7a4162027feaaef4d248,node_318
6f914dd361254e40161c2bd3916931c9d54ab4b2,node_319
108eedca59ab50c6cfead57efc1d5f6d7bed21b8,node_320
30c0cdc414f68211d5d0514df027cec22e005174,node_321
ed32e5bb11a9e5e2f03ea805782e8670a6e10efd,node_322
2c1f043a1fc47e78afd3acd883301bfb8196bf49,node_323
dba9345b30554ed8afd4d6ed57315d612c7d00f7,node_324
97906df07855b029b7aae7c2a1c6c5e8df1d531c,node_325
fb3886a94fe7b268e49c75675b0d15d35008a54b,node_326
0db2191b532a8ba6c4b89d016759fe6f7aa459b0,node_327
72859844c92b85fef4460a3562d36ebcc464ce53,node_328
ccb5afb760a73f5507e31995397f80960db7842d,node_329
6d12a1d23b21a9b170118a56386552bc5d4727de,node_330
dc522377c3323622b02739e9dbe7a1fac70cb7d2,node_331
16db56b5a57f2e675e5c4f60ca0fbd5764915a5e,node_332
a120124389a829cc31126865135a0e4d9e1f188d,node_333
8b73b8b15b3497cf10273f20935c7395805682d9,node_334
5090b6a13b2fd1570e0c661e773684f2931bea4d,node_335
12fe49b9e945bc60fdbd7a6b4fe220acc7a68070,node_336
a1426b13b74dbad17b34606d25aabe1d61f6e11a,node_337
d5ddb30bf421bdfdf728b636993dc48b1e879176,node_338
ae87028a650705a02f2f8e7bbba9f2c5718ddb68,node_339
32b5178547b79d384afad2c7abb6c64f1697617c,node_340
990f1f4052e68b65c99f27f35e74fd9ef1662edd,node_341
ef9a2d274b5dba2e13403e93ab545ccfdfd28c3d,node_342
019bb0ba4beee75d92d80cbb9d79cca055f2c496,node_343
4c181cce518beb92109804f07362bdd720eda829,node_344
8fd29e810540c40846cddce3cbdf5060cd59fb57,node_345
1d940a08a9d389f18bb0f222f9d650ad2b057698,node_346
f3528f9c7a6d5ff3f6cc4a01bff6271efefd3d34,node_347
27b7ec93e9047d58f4255aa4d29b949c16539c44,node_348
409dc9f1801947f85c53231cba346f0e314cb208,node_349
a92fe2ad5e05a55ca040dca153728435b838c0a3,node_350
bf37c51f7f3e3cf626bb0bfa77e292f4758ac7b1,node_351
0986de1a3fe45429b325c7c0417394ed828296f7,node_352
3214cf1edc0955ade27d34032ae5576fd4944257,node_353
670a10114f5b29a289d2759005730125baac27ad,node_354
2cdd5c3dc42c0df40bc8839709869af3560d4bfe,node_355
996445d847f06e99b0bd259345408a0cf1bce87e,node_356
361c00b22e29d0816ca896513d2c165e26399821,node_357
f4deb9a7ec2d7af4e0ff7e2b305033d8ba7612e4,node_358
12c5aa3e3e0db3e57c1884aafa3f6d9b57bc81f0,node_359
d91dbe6e2457888e8b09c7c3019093b2aacb0223,node_360
d2c733e34d48784a37d717fe43d9e93277a8c53e,node_361
340f48901f72278f6bf78a04ee5b01df208cc508,node_362
5ee38bf9494a91ca8665f9fbe59830464c223b82,node_363
9f4457c706204eb81cd8add740ab6b303ffdbd15,node_364
56763eac4811673484ca925a3299ef39414468ef,node_365
2421dc81ae2673095ae06c36f6ce542de02b504a,node_366
479d447b613e74558ce20c6aa3b8fd884d8f53fe,node_367
d97951108dc85389aedda2395467f218f624f70c,node_368
07ed0dc37f6d3d38bd4ee2c738736987fc82b5f8,node_369
7a4777371a4a993445bddb3d4ac6721e93654402,node_370
740b5a824713bc0d22239186bcbd81aebf66f6b3,node_371
9405cc0d6169988371b2755e573cc28650d14dfe,node_372
af5633c94ed2beb282f6a53c595eb437e8e7b630,node_373
741776172685b9717159a9fcd21841461bb33b14,node_374
ddbd8fe782ac98e9c64dd98710687a962195dd9b,node_375
feb420a4ac7c5719d51480053cd3e8669d5f2062,node_376
97cf25e40098b5a53493363e26e29beb782d31bf,node_377
17dd3555fd1ccf1141cf984347fa1b3fd6b009ca,node_378
74071d8972fc53759bc66924d8d6a747f514e8a9,node_379
67a1251826a0d203cdd7648a97aabe453df44f55,node_380
8225410e3861bcda82c634962e965c6b829eaf41,node_381
884e35e131a4c38de39a8cadb91f96485c99fd85,node_382
b5dcc03c3d3a7a9a0307e843fa82b2d713e3f282,node_383
f902a64f7d08aaa6bfca7463e8729952ddc6134e,node_384
5e0cb1c4b91a7486e1c2b15a44a0be56bd74bdc0,node_385
f6b0d0245dbea5f37d408ba383e573ad0d994203,node_386
429018881ad753f0d5be21fdad6c036c44566005,node_387
a6f4917d043494d2ebaebe6b65cb35e6a07fda41,node_388
38333f6e8f0388968edc4b2ea7a683ce69677e69,node_389
e27cae19167a08c9463d4e4b36d6c25003fb4e18,node_390
fb05f4fd1d629b8736c5f91842026acc80a6bdd4,node_391
da6f2e11c1ede42f11306a94ae55233e5d3fb27d,node_392
11aba1be0ccdbe291fc4e469e458b832d5228203,node_393
9a13a0bfa8e2d15cbc30cde868f03238d583b950,node_394
96e7f77ed0101ac3c7c4dc41601563ce0bc8889b,node_395
c220cdbcec6f92e4bc0f58c5fa6c1183105be1f9,node_396
1e8a6de5561f557ff9abf43d538d8d5e9347efa0,node_397
c4b3075c009b3da9d4ca62e020998d35e4198801,node_398
24a968b1a085cfb55072288b7509433c8275a69a,node_399
541d06a0b586187a3d1b85e222c86777442f27ec,node_400
c4fe5949355e4eb5c5684566f134a155fe3e3312,node_401
79941a4dfc7bc7abe1b9bd9697c1d8e1b230f5dc,node_402
66721162f712690bb10928132d402d9bd4460c1b,node_403
df41a341ae50cf7fb8c31fb3d64cfd27bfdfa288,node_404
2502311c66b11b3d5551e13a0095f2b1a5c5455d,node_405
2d89f7f7ca2de7b54bd3059960657e9776d10510,node_406
6895f0db46efe4f6d39275651d01cb5d11483954,node_407
bd0c7745f4115d55598faddf1c0f46469b4c1e38,node_408
b18833db0de9393d614d511e60821a1504fc6cd1,node_409
fad38bc34a1fb77175477757ae5bc7a7ca6aeed8,node_410
644b43fcdfc002468e9fade23158f60eb772338d,node_411
2f65c6ac06bfcd992d4dd75f0099a072f5c3cc8c,node_412
412a0bb5a3baa91b62053d82c562bc172df0439f,node_413
1509dde6c6142f1d95bcc4e9f99dec8ae5b51158,node_414
23c960187ffffbd2f0a98178b48a1be42e6cd530,node_415
a7beaf4ad0c59ad6c91a03af6eceaafd2d44cef9,node_416
25ee35474712ac015c2dbb7f1d76bb59af7a9922,node_417
0fbe70eafa252178bef9d4ee7ac747972c3a044b,node_418
687e43361b1f86a3607e8e4a947d4c9d6c6e8da0,node_419
5432b77bfb1dced97c5b1fc684b0fa7d0d84c424,node_420
07e4c2e47ea2f7934fd0055f6d9e6965eaf0b6e1,node_421
36d7d0a6ad4b1aa0b4114d703009fec6320b3f5c,node_422
d697b440dd0e65a05fe027e4c0ea85f62dcba033,node_423
53c8a115d6f73ba2c770d05276ea63b114f770d8,node_424
c01c7c1f903dfaa78812fb20a6cb2db25e4712e3,node_425
aa23bcf357fc4f890e0a97c27e254d14fbacd460,node_426
eafc97d979e790a84329f0a49d1b627bd5979499,node_427
c224d924030c7dca3272fc50c7bcd52afe53a24f,node_428
8a98b7a4b2924f0c15b6c64d05757822d392e8df,node_429
65dca1da228dd3cedc4431d1caa6c30038516966,node_430
3ee01300b7617bc5f7ba5c5e46509fecb9a7bdaa,node_431
6a8c4404f7349eaf404b25ecd62b8c405181d4c2,node_432
ace7d36839594ee389645a50cf6782d60754dadf,node_433
1f0536cd80aeedf6541ae0981a47d5c71eaf735d,node_434
15dff25a59e0953ae732917c25ba99866eddaf5e,node_435
315236bd2e990dc6f6d14bb534cdb8e86eca80a0,node_436
1f9a6a182c1755bbf4c0c7dc89033b8881f6ffc1,node_437
e5120fa67a12848c957122e99cc896de9614dff1,node_438
8e773b1840b894603c06b677a0f15ebcf0f26378,node_439
a2a53a3d328b8b72672626a4c4d50f721418e6d7,node_440
39cc18f3e4ab4aa98b3fbaa225c6b16a48d40cfb,node_441
d6e6ec1cde1b61908f6a9c9bf7ff6f9a6ba89fba,node_442
429c03b91a6cb59c77dcfd313d065346989a46f0,node_443
96e0fc54da0d16be4683bd66074cf9477d1d076f,node_444
f15a1a87c345a0b0b2b989064ede053d1411bb03,node_445
0f587f57b8436647bae434406103e50cffdd38de,node_446
29ddc1f43f28af7c846515e32cc167bc66886d0c,node_447
ca48d808bec775c2504d72799debf30e2a4f1639,node_448
97efafdb4a3942ab3efba53ded7413199f79c054,node_449
7fe637cd8e112123e5d273ee90381de66c5ca8ec,node_450
1ab2c69ad01fd7868ec6d634a66eea1f4aa0093b,node_451
4f452e6a453f4ccd8f6c1960a8291a0ad8e4c2ee,node_452
072f7b74cf9bf19d6b498aed1aeb23ece57cc1e9,node_453
f28dfde02c391048f3352314e32d1f5ae9209996,node_454
c729416ece49e7bff03b2fd50229e68ef0944978,node_455
72d42b68bdbc1ac05b071ce8b2166a9bff35bf98,node_456
bd39ac452ebede84fb849cf1df86269e330309cc,node_457
6b9cdba25a6930d82958d2404350f12c1550ddc4,node_458
08a57a01def7ba65e4c539ab0c8c189c4fd58731,node_459
4115a24474ef5f184f5cbae3f43aca4d3bb07bea,node_460
532d364b0ab407c349388a36832b226bb0ea33d5,node_461
b8e4e480f2278364ac9382936991018b450f037a,node_462
b4903fa0f157e7e0776d4ab5971fe75ec7562ec8,node_463
fc97c3f375c7228a1df7caa5c0ce5d2a6a171bd7,node_464
f3b96ef2dc1fc5e14982f1b963db8db6a54183bb,node_465
9f02a3fa885aebaf322ea8e4475939495dea70f7,node_466
e07a7e57745b69c0f08601fbdd19cfdcafbe1152,node_467
ab181887fa543033431e2a1e39f561fa2144e211,node_468
f9467adac17f3ef6d65cdcf38b46afb974abfa55,node_469
22655979df781d222eaf812b0d325fa9adf11594,node_470
d8bae99045ec68a29813a852df4d08ab16e9a385,node_471
1d7f414983eb847c4618489baa44e99b01162f98,node_472
64375f8bb9c058ec0fe2fbf854b56b93c2fb92f0,node_473
23b69e9096d9b7ec74315154ed09b5bf0133ca58,node_474
7757b3346e6578fabcfbc74754df1354e1d197d8,node_475
6f526899fcf5169626f68bbe94241cf36635dd7e,node_476
b3c2c9f53ab130f3eb76eaaab3afa481c5a405eb,node_477
e142887ab6516654f25e233a3e661eddac123630,node_478
f32e644822da47c0db54be8f2cd7b49588c2c5e9,node_479
180f0f730f655a0e9798bb8e0d4cf0ceb8e1a6e5,node_480
21f18556d14f68df94b5cb6515572d21538e20bd,node_481
26d5981f7da4b508961aea01d53cd60e2202ff2d,node_482
60d66a0412a814576d5c06d2568caad5dd01b6f5,node_483
1b0e3360b3341fc411a6c7841173a8d78ac2ab43,node_484
6b291dea9bb80fea41f4ffa17aaad52ab5d26ada,node_485
ba22ba9bb683e668503e5059391e6675b157d2d0,node_486
e91096e249c4f2d09fd84895fe454b2b204807fd,node_487
ac5824e9ff924a937d9eef379d0b581de2417678,node_488
c4df1a5633615a5e23c16cc6f2d5998f6a2fc3de,node_489
475354f10798f110d34792b6d88f31d6d5cb099e,node_490
02fe1c5eeb30cdf0a574b9c3e185f3a4b3b9d594,node_491
a09d3686285f609b60b18b5935da64b29a5cce0f,node_492
f4553d156531c03dd999254db4cc7397da869c5e,node_493
53d8b356551a2361020a948f64454a6d599af69f,node_494
1518039b5001f1836565215eb047526b3ac7f462,node_495
706dd46bce9101ccebd8b8bd6fa318db9d467515,node_496
a34b7f7bed68018871f284d2a52a6d8043d6207a,node_497
01f284c732124dd0c6e4a7983f491b8f2f34778f,node_498
258986132bf17755fe8263e42429fe73218c1534,node_499
0934d7cac5a86b02fc49852334051bde540b34bd,node_500
6b5a7d534c125fcb254f611d48eddbf5e7090db2,node_501
bfc0b4c22cda292c6e7e5e83d45ee687233b5b70,node_502
a80029ac0fd89bd0296d3d1f440ad8247f027b72,node_503
f70985a4c269bf351040727fd12422384a6dc434,node_504
04d64be16fb402f28348faffef484bd419c8bd8f,node_505
e8df1cf6742b50a15500b8dd3dde3942e9c91418,node_506
8b5bcba6794dc3e95d8235640396ca9e0c2634f2,node_507
16f8d0bbb642d7ab318622276d2816bfb058cc13,node_508
693cce5d9764f9e9e0c9c583bf840ac019e2179f,node_509
3e12399171e6b713b9f2dda5f88713a9965d4550,node_510
de06241571c58f48ecfe717c24911c83e06f4e64,node_511
f0ed191bdcbd56610ab4d95c5a80d5ac31ffc074,node_512
de640616e5024644dba096be575f76a9c3222cdc,node_513
5848737f78397f72ceae2ba6f3419a6a8502b8ba,node_514
bd1a119141713d83ef901171dc20541433b36b1e,node_515
f72983cef733670d6915e37383257f548b5a3365,node_516
c68cc84ec7808d7bbd5686a6bd1393752a9d8e8d,node_517
391246ce9c59d61c94cca3f8bef56c95542a4708,node_518
fe3e91e40a950c6b6601b8f0a641884774d949ae,node_519
72ac28fc5d4f6b1da6051927441cedadfda22283,node_520
a38e0f993e4805ba8a9beae4c275c91ffcec01df,node_521
33b1b26482683129b9923f331873eb065c603dfd,node_522
bdef83f6925a6d5dace6cb410c9facb982bec4ac,node_523
0b0cc2c941c10ff180e036c068d51c0d6cc1676c,node_524
d57f57f10164ec40837a9b833aa523bb8a1b25c6,node_525
1536e8958697c5364f68b2e2448905dbbeb3a0ca,node_526
b3261c5e1b8b132db2bbab205c4e15f576c7fb07,node_527
68bb0cbe1d9d209fcbef96949da728f42063b73a,node_528
fbf0fbdab7ec371e81130647d9657d5db5356488,node_529
fdc53c2c10742464087c0525f77e32604827a21d,node_530
1f98c3cc04295bff64b8bc56ea604af675d95c44,node_531
992c554b1bf343eef3509579930b2552f1b6f1db,node_532
5e71d0e85f65a1c0fb2af7bff281209122c58932,node_533
dc41b5be688387cae1f29234bbdae2af910e4bc1,node_534
71b7178df5d2b112d07e45038cb5637208659ff7,node_535
2e6ece905dbfec1d82d85de40f17e25c1ee2d8c9,node_536
90febba94f09c45ba94ed153b894afaf2a0ab50a,node_537
b9ff739affc3c8644380f00c1ffddc1678209123,node_538
078e4ff3739a96365482483beca71fc505a7e7eb,node_539
5a69cf4f680b7cba648ee5860339ef70e548ed05,node_540
a3f89e516da47575abc7b0d2b40816edfa6fbf9e,node_541
62d17b6f6ad77fd71ef9954c7784700d5e316f1f,node_542
c4f431a2f2495f01a3dc00810f142b215c347b5c,node_543
cd7c06f1903aed1916703e269729f4df177304cd,node_544
097d26af3bd536537a9a679ca5e0156082e9ebf5,node_545
096b3ec2ad194660efafc7dd7f3847ca2e308822,node_546
647848e80edb4af537bc6cd7c81495efcfea08bc,node_547
0ef6788f630ed121e52265b048fcdf97a930e923,node_548
744ecc70e9e6b31b43f519cf8c3affdcc2cda8ef,node_549
52a556212bf48b6ffa155c93fe4a35731251d345,node_550
3e2734025037fc626873c56e05ddb43ccccd3858,node_551
50d52d4986e229287bc716c326f1182be9b08167,node_552
1f4ee67aaf64e1216731383acb371e0149ce1f28,node_553
545d0a398fe153562a7b7367e5a98e13b072938c,node_554
1c3c531fc0fbe79f97f367ed3648de8467caeeaa,node_555
8f8747c2f7ae4aacd5e7d49f594d451348f0d66e,node_556
710b5c54c011377130f436d2531e6c1f89dd884f,node_557
19815f6963cae0d17c788a6ead5163797ab3f083,node_558
5ee8bb4fc80a291b2e416a2a879e7153a783d7e9,node_559
db5511e90b2f4d650067ebf934294617eff81eca,node_560
1f35a15fe9df43d24ec6ea551ec6c9766c17eccf,node_561
39e223e6b5a6f8727e9f60b8b7c7720dc40a5dbc,node_562
141d367586e692ce12f190621c7b19717de93543,node_563
0abd29e67b1e52e922660c315bcdeedd9b1eab7e,node_564
b9870e130f61ff900fe00dbcc5782c9b31773d32,node_565
e95bb39748a497fbeed1b221fb3d1296c2b1eec2,node_566
9ee3c8c68d4aa28d179fef38b29643be6954ea41,node_567
bea21d2f0ca4cfbddfa8f36d02c93d6c0001adc8,node_568
9770fff7379a7ab9006b48939462354dda9a2053,node_569
4ad189079046bf9df0f8ece7545e42dc00e13b9f,node_570
eb971944bccf9793ac463c3e2f4d4251d4e8e071,node_571
cf36236015c9f93f15bfafbf282f69e08bdc9c16,node_572
f04df4e20a18358ea2f689b4c129781628ef7fc1,node_573
7b1a6db0909856a345f055a9607f43711b3df375,node_574
b31a5884a8ebe96b6300839b28608b97f8f8ef76,node_575
0ffb356aab98ae69c717f8b2969c3fed0592a048,node_576
3059b066d3e7110cff9754cc9884fd94c2087df1,node_577
7b19f27cdc9f73e1092943b5700fa164cb39d6c4,node_578
960f5f6d648ae14f7c5359a2492af5f90aae4308,node_579
f35eccb6459a4240cf9567e93c401b15a3bbda61,node_580
38115e80d805fb0fb8f090dc88ced4b24be07878,node_581
20be3ba3f361d9630cc0c17442a0d0132873e63d,node_582
e24424283c02fbe7f641e5b3490d7bb059f8355a,node_583
15288293edeae26dad6e37218cc1c0fc96316635,node_584
ed71aa500f70a254bbf14a90d5ea7d927be12df9,node_585
aa29ef31f9e907d186240d6bee665ca6e8d82761,node_586
bbb2fc6e95d24fb58ab6c25b216b14ac49a32fbe,node_587
6263e9d5b4ab9bec5bbbd3a631f376e36f0ef9b2,node_588
a1ef44e628cdb2cdaca565a75b3303137ecc9815,node_589
41ba6c167d5e57f2eadfccc7056950a9592adcea,node_590
c89d02ce9c090fcb221df3a7da67856098584102,node_591
437cbaee4eaee0bf84abbe11750b86b091b9b756,node_592
af774c449468a5073f0ef2a348116df7101f721d,node_593
4637f79ddfaf923ce569996ffa5b6cda1996faa1,node_594
163b4d6a79a5b19af88b8585456363340d9efd04,node_595
0133cb4289ea5e4e4a5b4937b7c0e42ccd4b52e2,node_596
cd740f40c4c62427a844da79fb6be7ae414a5671,node_597
47d5a0f3eefaec6d798f5996a8050e90a772ae8f,node_598
43c3653e5fea945bbdc84be3efd9db019ce51f43,node_599
9967cb4fd949039c6f04dd9f2f4c3331dbebe6f7,node_600
72a4c61ca03caba8e4f15e475a9df8c39ab40ea5,node_601
b1f574c47d0b6e3032246770b9cbebb9c7bd0c7f,node_602
bec7182540eb9dae21ea868d612df7813ff4d356,node_603
f13e41d24e5d0a68ca662c1b49de398a6fb68251,node_604
ba9a14e97f082d819d70e8b0f8a4e3b37b0bfe2f,node_605
c8f216f663660ff3bc195ecd3a8ad61f0ed1d9d7,node_606
766ea82ccfe78dcfcf813fd2f594d03ab06a75a6,node_607
5201efab94c9376ef894f6f33cab06a5c5e00073,node_608
a78d61aa1ae655f9bddfd17b903b41b15f430a56,node_609
5d32c364088733c6e8dadc9cf0baa26e10506d61,node_610
eb22a58bd21cd490c99cd2f76da5433a5dcbb1c0,node_611
38fcc3667a907d6c94267c674aad114aae68441e,node_612
d65ce2b8300541414bfe51d03906fca72e93523c,node_613
bfe9e6f64d9e819efc27772ab87dc0c5e2d62906,node_614
9a225a2ca618485d5f3ed556c4cffd2913d829f0,node_615
0042c4f35d4a3ea947de8374e298099d476dad7f,node_616
650de714b28fca56b5f46d73c1aa266d1dd58c9d,node_617
4e644dd3bd1faf77ad3a063a49b7d0bca8c80e9f,node_618
57e849d0de13ed5f91d086936296721d4ff75a75,node_619
fbed2564c89622cbe6c75a5df4aab037965c0bc3,node_620
d40ee5dd758c525dfb9932d726bb4e844b7b8478,node_621
3af229f3da1bd24378fd8d76c88fd393b4464058,node_622
88ea9230d23c77fdca3379170f553db7d763bb50,node_623
378a545c3a1cf6c4aada8f9ee8820c0d8008220a,node_624
f82b2020a8906bc61279625af41203e1b8e8f3b3,node_625
30484b8fa02ad979e5c8c936139acdce230e84af,node_626
836f7a3e43dfd2eb5e3dea9d465f4a35391aa094,node_627
fd1e3f1c4ea08b8864380fddacc090a83eaf4da0,node_628
14b65a86c82e38fce0eb3506e0d4084ad5cdb583,node_629
da83852315c884c73dc527a4b7bc1209fbb037c3,node_630
de15adff32896fa645ab46392ef0a84e23aa66a2,node_631
694b3c58712deefb59502847ba1b52b192c413e5,node_632
835e01d1b660bb9c096d8162e141460f0f2908e5,node_633
138376c5d1ca16689b589ff035c594eafe785ae9,node_634
14bb7bba3a4e34685a36907bd170042dcc1dc073,node_635
33422275fbb9958f55419620697faf531482699b,node_636
023e113b11ff7bac182713a069fedcbcccad9562,node_637
07abd02f02774d178f26ca99937e5f94001a9ec9,node_638
c7af46b35061e856aa3332ac2eec6a7ccee0cb35,node_639
d4d7c33b9b11c944fcb11c9814a59fbb17d243bd,node_640
f7c14e79d3eb1d24b4184d106244be1672113ce2,node_641
0974035826cd6d4be9c604a8679621c8621aff5f,node_642
0b0debb710366cdff461938c80763eace1651af6,node_643
2fe1ac0b09cc0f50eb83eef6c7c6b45ac8b12413,node_644
c44f236d7ac551f3d18f1e024f2502d3fb6e1228,node_645
73f52ae2bdda4339ca16c326526ff64db820a108,node_646
eb375712bd37250c350ecd3f559e1879e87eb3e5,node_647
ee53c9480132fc0d09b1192226cb2c460462fd6d,node_648
5c3391bde2bb1b3d737913ee8caa01492a782732,node_649
5cddaea90dd50ff08eb927d50ec57ad23267142c,node_650
b5cdbc2793ece23babc840c697a2cc4c6f59d77e,node_651
5b4a48b354f5ab6941a8ce88d5c5fe3dca0415d5,node_652
1e66b2d2a56842f07e5d6bf4ac0dbe5da829d052,node_653
512a9d00701d390d118acff391811b64e995c526,node_654
dce6f9d4017b1785979e7520fd0834ef8cf02f4b,node_655
bdaf4c9e78b7e194c3e894f96af907b7d4b5fb2f,node_656
83a86fdf5d42fc70a07a2badd4fc9d42863f9b64,node_657
fccf4cc76a6e996742bf1399c8a3af6bf385a126,node_658
bcdaf6c98ddbd6809cf6241aa77200d7394db163,node_659
2f0a4b5c58e45dc81fbee83f4f3e627d4628939a,node_660
eb477ef69fac4f9b53c992cbc71863ac762bda54,node_661
6ca07b95e6b68798e89888d3c2f5f43938feb419,node_662
4300b808bd7cd1ea81556334065eb7d6981af365,node_663
69a190f3e080bb50fc885df96ec31f52440390bb,node_664
8f070e301979732e0dd73f6aa6170309cf73aa7d,node_665
ef7bfead21f5a214fef1e0de79a20ab9c1ddc128,node_666
78fb9f2ca0de6dd5aa82d18e55b873c357afdaa5,node_667
e1961dfa28c2b6d490afec9190954ae57b481886,node_668
382ba0c4452aab6ecdaf8a62d567bb3c4684e4f0,node_669
3f92b660f3991a4e510398f5736a8d9f0f85aaba,node_670
f9f7d77e1a9ac0133510d0d24873b97a308db5ae,node_671
3d8a3517231643c1df79bc32c8c2664a4cba3a41,node_672
698e669bbf496aa6fd39077de7ef05e87e3668af,node_673
f3d421d22ca6bab168c618aaccd479aea0a76a8b,node_674
4d57eedb21d57d3fc8ec19a4a9ba47624b1d1539,node_675
332dc8b2ca9d49fad607c7282f3360bb2a9aacf3,node_676
7ed52cf51f865bff2ce58b247e54d29e33280023,node_677
88d5226e4022994e49d43b145a610b4802f5fa92,node_678
ac3cdb50606f7770eef8e4cd951840a4f71287a0,node_679
4ccaf9b0b7302e5c0ce71255724ae8ec76addd05,node_680
5c8fe9a0412a078e30eb7e5eeb0068655b673e86,node_681
245e2ce005d57e85df49bb8d760a45f30d53a8b8,node_682
beaf758f9cc4b79b0f9b4afc8ef2e19f565823b3,node_683
5ae6fb6b5a3c7df515ff4a82ac9673bae6a8e200,node_684
df2b0e26d0599ce3e70df8a9da02e51594e0e992,node_685
c9a9735216915e9afa0fc97b02b57148a0491bdd,node_686
2fb25d0931ecf8fc817d55d38ab45c45623cf11a,node_687
325ed2fea125a9c9ab578dc0f362340dcc3d770b,node_688
ffdbd7f0b03b85747b001b4734d5ee31b5229aa4,node_689
b86f4825ddb32806cebbf5b1c45a96f40bf25228,node_690
b512451d431df9e411bea4c99f7135d010275445,node_691
13e6ab5bde4103e3128d409c3341ed16e30ac1d2,node_692
3936fd3c6187f606c6e4e2e20b196dbc41cc4654,node_693
f4a6fdbcd69a4c12a2c9076bb74957e4fc0feb16,node_694
d1bc5afe103f98cc7f2d48583ad0ba1d33ccae15,node_695
ae8c317961f2b72266ab343c78cbd1100f6173f6,node_696
0744580e75a74357e466a57082c85cb42f548aa9,node_697
23045299013e8738bc8eff73827ef8de256aef66,node_698
6398cb8f2af1c988a097ed1e1cefb380195edfb8,node_699
d4168c0480bc8e060599fe954de9be1007529c93,node_700
29a1f9942b7b7070bfced1bdb7d33142afb61ca2,node_701
6d4bacb69923e1e94fb4de468b939ce6db32fb51,node_702
52be71605c60d326381a4ddfa1fb476912709504,node_703
7c2926660b1fa610198a5e4b05915e04d4be9dfd,node_704
fd6ade42ad3e0b9ffe418a37c4cb4b16346d90b7,node_705
bb77c92a79de195bcec1821f2286eef56c6a2e68,node_706
f6cde173286679ccaef67a1d602ad6e9d8cde9af,node_707
551e93b740bc7955cc7c7fe52c0818ef75471202,node_708
091578afc211f9c871c1af90b06cdcb8dadd37fd,node_709
e09bfc955fbf66e0a042ca3f921108b823093b2e,node_710
a0a79dad89857a96f8f71b14238e5237cbfc4787,node_711
872af79968b854555dff7e67455f3ce015038ff5,node_712
d2c9466b756684c4072985748989818c9942b563,node_713
efbe97d20c4ffe356e8826c01dc550bacc405add,node_714
9637ef9019671034912ea0f506ae67c3f2fc4689,node_715
9b205cc73002642c472d538513360d66bed89ed0,node_716
c695c4e68561347564ea0daa50dc339dff73d8c5,node_717
1456fba651c261326d8cbec451aca4925092141f,node_718
fa3609e00f9f422a309c621a35394c4a38f88687,node_719
5ae6401d2046079d8f8a5213eed5682d8edeb8b8,node_720
ede87ffc69414d3ca86c5e57b96757d0245eab82,node_721
16389181178b4d1795fc07d9e6e276a1fc0071d2,node_722
b103e87c7727134927d3ffb06934a95c10c02fc0,node_723
a4d33353dfdc546d499726c87456bf5dfc0e7bf2,node_724
566afadaba6576ab1455735b7d0ded0387fe36f3,node_725
fbf1a2c841ae085216d3dee46e2ea545a7aeeb96,node_726
aa011fde2d4cf069734858d9b215f6da43df2508,node_727
ed90f0ac9ed4dd5e19a6be85f4e0002281e5a88e,node_728
7bf72a3b5fbac8bc0f461780810fbc781c28ef53,node_729
6beb8f1bcf696b412bc028d5b8f759ec03173a2f,node_730
27ecd1371eb7df1b7ea46c88822dd46d7e6a7dec,node_731
7613e3b52b5a66f0e229320d1b632a22883a3583,node_732
256172390ae241d04a3016cf2a9822e9ba826f20,node_733
292d5013b1642eb7245f3d653695c4d31f4f3aa5,node_734
ac8d33e4c0a45e227a47353f3f26fbb231482dc1,node_735
a7da2f44aa205b9b99d8c04d3dfa51c2840b6605,node_736
9f71d4bd511a4797c4f0c0122350d3381adc8a2e,node_737
87c5b281fa43e6f27191b20a8dd694eda1126336,node_738
0aac3b0cdff9265ca7f31c95f102243b41a88f7b,node_739
119c3ee51ed34a5b293ac3c95cd82c9a3f99df42,node_740
ed5d6c4ee7161f951f09c4bd16046010c4acb47e,node_741
72120b10d9758a2d8262c528242814fad90b8b21,node_742
de66ada65cd9d36e46f1f8dd2c8be480180038ec,node_743
854c33e12439d22c2c50ba2ba1832d4b2060a8ce,node_744
b618998f9f3634331c8762342bbf110b74ad3fc0,node_745
a83fe8da50329482209143215131cfd3f61144fb,node_746
e5cfd870e9ccea1b7a31e4428043b3ff96bb71f2,node_747
829b25b13de12d81be2eedda52a2309b8a8fccd4,node_748
916a06a6d51aa93de27aac2f3e14faed08dd6706,node_749
a06d653100e95fff59575154d861ef9e14e004d5,node_750
f6021ada3ae58f2a9139d50d71306b3b395bb474,node_751
e0cbc30e25257d172c9440522255ac99476277a6,node_752
43707e84a8e0e2919a3e724eb59aa6a5465c5cb7,node_753
9a9f4b8a5676c4081168f4e3d8ac9a3d61cf972e,node_754
7b295803ea52535f514d321b8c9bf8a33d89b44c,node_755
de8ba9b01c9ab7cbabf5c33b80b7bbc618857627,node_756
e8d625a3feb4ac5cd30f4653b3379b66db1ed4ef,node_757
babeda48b10a4d638252118f2238d05a06f4ec55,node_758
5278a8eb2ba2429d4029745caf4e661080073c81,node_759
14e8cf5a5e6a7b35e618b08f5cf06f572b3a54e0,node_760
3dc1d321296f0f831863e5eb6f9a2ef93f70bf09,node_761
8e9088c102b3714ae4e5cac7ced93a59804bfc7c,node_762
519b747a411e228614010ef0386f13622c96ed5a,node_763
b8b8d5655df1c6a71bbb713387863e34cc055332,node_764
99b38b72026775a1e91d83fb71e984b5e8b7b374,node_765
99c4cd266b9d95bcd409f28e9042363302076d0f,node_766
8f18b6e021a2c1da3ed781c567a0751f945fc64e,node_767
c4922aa7f90d164e37cc38db6a3c3c3fa71cdcee,node_768
5d80dee677cc700fefc25ffef5ebd5efc9f2481b,node_769
2e2089ae76fe914706e6fa90081a79c8fe01611e,node_770
954f95b6cc8b447a6bd9c42183e689f65a85897b,node_771
f4a34a31cb5b7237c22baa241fbd420a4ea823c8,node_772
4b474c1f42eefbf14ca85c951f2a22ce031b6cb7,node_773
13c746713703ef2c25e04eb0403a580470b2316c,node_774
9146414fca384e73f11ccfd3db8ad6d2a1e8eda2,node_775
206eb82d90927d3a7c29f4608cbc3e800b4cd6d9,node_776
969a95bdae8476064e5aedecce775dc6a1bc8e6d,node_777
610768ea6ceb38a462c26604af68ea9231a9b0ce,node_778
636a79420d838eabe4af7fb25d6437de45ab64e8,node_779
c20d1038b1bc62dd6c4c093be8afa12a4807b96e,node_780
1ef60c15b5b63287374667a76eedfae2d486f154,node_781
69906b74ee369cd25522ec432ecbc601a77c9d87,node_782
dd30c58f48f639e5bb6fef8229f9216cf0a5ca7d,node_783
1404b3cf9649ed6a933d06cb9ea3610ff8bc031c,node_784
59dfbeec284badd6dd221d2890e61ddb9f437820,node_785
7470a1702c8c86e6f28d32cfa315381150102f5b,node_786
952073a64bad10b1b1406f51aac9c8d78bb2a642,node_787
a0e5697f4250a20d79fd8f033ef105512d4bbd32,node_788
8ff607de53119af77b2d9e2ac7682bdeacaaf8ba,node_789
f19db28a8fdcdc2eaa44c777c40714e2622bf0ff,node_790
6dd8119c6b64352518749e7a16fd719b6799c439,node_791
11155af5ccd1889277f4269f6bb349a7633554f4,node_792
8eced091ab3e3fd0b1747896cff082711c510d4a,node_793
ecddb1b2b359f8a9c41fd2c6f1cbe2b6f1d8af2b,node_794
b34c0b0169925a6c7f14e3de9764ed9505f30de3,node_795
2f3efe44083af91cef562c1a3451eee2f8601d22,node_796
f212ca51d941ee686341d43eb167fcbd7e78807c,node_797
dd01b37aa5a25defb272ef95f720a33904d8d5ff,node_798
231c1fee5f0e48722f025961bf3016ca5e4c6072,node_799
3f9e866a004563ba3b3330f40d0c1ff344ccf2a1,node_800
cddf40e579a596d0110b260313adf43470617c4c,node_801
a6ed4211d8baf1cb192dde6bb9dc15f8766c4744,node_802
6c87274960ecabeb2d75c0435e29eea3cb6db01b,node_803
a4b972fa5a6c5c0e0edd48ffe069b6d5e98691d6,node_804
fe50667e1bea4c6f63909b90986231240818c1d6,node_805
6c1e06a89fc697453d47547a8fe455ec5448b433,node_806
502d9a603f64fdff1754007c7e4fb2213dd7f659,node_807
7b016f7164bdd88392a86d0ed68ce26630b7845e,node_808
5a791b7ff43351f6d9978eb9aaceb84814bcb8b7,node_809
fbe679dbfd1bdf0ee1944f4fb3bef39c13c3ff67,node_810
274c5e690df6ca44c62430a39f3f8e4a6d9e5b79,node_811
f9700e31a1d0ae34d4571ab056dfb268c1543349,node_812
7a5fe671ed81f91a59f10d64e0b122a0cf159459,node_813
73a9eb2e94dddfe12455369abee5759e93dea82d,node_814
59da345363ed87d0921ed14c07d0c8b7b9f96130,node_815
fc8ad2b8bb6d83d977926addf2496c9aa3422bbc,node_816
295065d942abca0711300b2b4c39829551060578,node_817
187ebd97fb15cd6e27d28cb3d59c81f4a27515e1,node_818
dccd3899dd16beec8adcc97b65f6e24e7927d19b,node_819
03fab98a9be74a253688840dba9144737a8ca92d,node_820
7ca300c16abbd38382dec5b7ea6809fee570be54,node_821
c672ec79f55cef8f7a32cd8dddfa981b893f1567,node_822
78b1601c013769294a1927d43e50dfa81d6af75f,node_823
61f1e8962cd123914159e90cb8784136570df15f,node_824
9e726f01e95e5b34b92e1eca22e1c04f1569ac09,node_825
a0012cf12186fde248dde4cccdccb74e83624ac3,node_826
15998546d59c8554e090fcc956f85c50164ac043,node_827
d023e4c652dc21b2068a8527203a70d9eaf195d9,node_828
c2329c685f11efa25c562f97be71ff03103423fd,node_829
f6f2b4b53263a7ffb16d632b882f55872be52066,node_830
d4b3a7ec21d2c7c5a7a06f3b3b18e5cd306a6377,node_831
a8a4686ba0dd97c42f9c6fded2cfb4efcbd80be1,node_832
44fc8d79fb8e0f8c6c6f680179b5803a789c6227,node_833
8342b592fe238f3d230e4959b06fd10153c45db1,node_834
6c6cb32f026fccc11c98c36913651b992d477a56,node_835
b99973ab1c714c2da29334d113be348477426743,node_836
b8d47b0c0b12dd77543e82e6bf6636ddd335cfea,node_837
5603e598fa1916d1c696004bc360b75931547105,node_838
2911780d6f27344f61d5d080ccefb9bd5239f068,node_839
a35f9414588c9271e06220bf138acc77d1903226,node_840
09fee55a63f1313ed20624d717e3a805287287f3,node_841
e1cf42b62186bc8da4c5efba70b78e6301e201ca,node_842
dc219659caebbc2b23566a572d3035acd13ccb25,node_843
7b5439d08d9e3128e20b7c4403d5fb202f43587f,node_844
117ca5bd46de7cec9917c436cbf29a845a678b63,node_845
d5f4ecbb3fc2220eed7c62ea308e4f6cba2240b5,node_846
e7a2f80446d82b757c1bd994c4f40cfc6f3a53fc,node_847
5a3c1afe73d8bcc8288d17cb17be2baec8a98464,node_848
c906f83b62b823c4957cd381dc54a7b02b64c8cc,node_849
94e5ca13e8c884509ccad233c77979923b677a3e,node_850
cfefb853636bc6fa3cb633cb1799b24d04b3c29b,node_851
f62acb5a743ea4d47a045460a9ee346c2cec5068,node_852
c1afcd0140b84f8e310625ee23f9dac4dc50f921,node_853
747f0aaa9c296cf0a54ec0f6b29318d397d64d4f,node_854
809f3fcc76fc83398a1bbd1a67befbd5a93d5965,node_855
2069aaaa281eb13bcd9330fc4d43f24f6b436a53,node_856
be7a88babf78512b545f585517704cb597388cbc,node_857
b486982fa7c68a8a08df1111ba9607119419c488,node_858
9ba81e521514f2a16fc688a7585e7c251b85462f,node_859
da02b6107dad47dd0bba004199dbbacdd71f693e,node_860
fddc2928de18f88a2d4b5c6b03ecfa0e0af74faa,node_861
64ca3d64f9a87615a64616de679a5156c56cb4a1,node_862
341bdbcfc3febef7691a97c216ad394653211095,node_863
59600d21fc9d5e71bde2e9deeb23620f8bf15c47,node_864
8c90e1465917674076f860b707f396c1ad6d56b9,node_865
62a7c858c07dac36c80f12ebf75a03cc0a6bef76,node_866
bb5bc0acea8d452a7999c512127b4f7b3acf8a6d,node_867
d6c4b31958fe9e4ff4f83e049ed5c6881653eb03,node_868
f4835ee18775363df38883f55bad030e1e1db3bb,node_869
2f3822eb380b5e753a6d579f31dfc3ec4c4a0820,node_870
f3f23f7f9f5369aade19f20bc5d028cce7b9c9aa,node_871
09210f2c95214262e4d82550f129624e2b6c15ec,node_872
13d65529e8967c8c32a40c30d7d8fa0e03b955e6,node_873
57d1e7ac339e783898f2c3b1af55737cbeee9fc5,node_874
24f9efbd9e229a085d4db2f477282f8ad80f1ffe,node_875
dd18782960f9ee4c66b79e1518b342ad3f8d19e7,node_876
49a7ec641d19b890bbfbd3b892ef643035814057,node_877
5ca2e877be4476570bd78e4be39fb7a2e651cf6f,node_878
ccf92ec10b578411bb0c4950fc4e747bed31c17d,node_879
495c36dba73fa97e2f742827c03c3d61a83b3a01,node_880
131c6f328c11706de2c43cd16e0b7c5d5e610b6a,node_881
0646384d673abcde7aa9f6aabe5e5fa7abfe5acf,node_882
ad9fc7a2ff5c52f8ab8d1b9160f42645ff8e1057,node_883
d57e01d80c7f0f86b5e3f096b193ab9210e9095f,node_884
650da7d336bbf5c544ee3003b36fcbe606f9aa46,node_885
c386f1a0e4eb9e40fee8ab03805ccd3eb6e8a7a8,node_886
c438dcb2b3d7e1a9cee8d9b1035b96c39b53941c,node_887
905eb56e9e6061a648d4c2a79dd1aaa37351dd34,node_888
cdbd4f9b6ab2e2fd1ddf5400d5ed2c18960635d1,node_889
b5b006dc558cb7fbd532d67e989173b536e8ac80,node_890
d9a80152cf0bc0f7908d3ddf8eca9d75f54a50db,node_891
ab08495f575c7616b316b86a5e4cdbe84fb5d0e6,node_892
86be5c90c4128ec59b1c320a16996bb5de68624e,node_893
1700ce7976bb88e90796c96c344331282ecf9208,node_894
0c0a778e6fdf7e36b1750c533dcc916f86608607,node_895
bcf2c7e3f4ed64c8294c35a59220a26dd4f40060,node_896
094883e42bb9a41f602c0715c1059bc431e33fb2,node_897
c0605c96870e59b4caf2247a98c6bd3aad25882f,node_898
0d2c63219b5ce277e9c15942ac37c9e4a94db834,node_899
7371efb53722afdbf15c749b9f58d4991a97074e,node_900
2778689dd0a33a22293492409d94e1e30a10f966,node_901
868325573e68c98fe467894e5d72946c34c8e6e7,node_902
1af0d77601b3dd2c38f811afebb5472c0c9d719f,node_903
8292083dd8f6ae898ea0ee54a6b97997d1a51c9d,node_904
6a1b25f7a67395ad1e676027322913acbb0a0635,node_905
77e983b126afb8f2970405b6b2abe612dbcdecd6,node_906
0a691e58a36cdcdaaf72294e88420f79e61e85c7,node_907
1fbbc75e7b9e407f7375a1a492cc37d7c45e86c6,node_908
89a7bae8aac5ff4dd1fe31c20094d4610f878866,node_909
cf3cfb90a6d8c431dc8a7f115b011d5ffbb439ee,node_910
ef62f95c16f668f031d649799cbd79081c6d2b0f,node_911
7ccec1f8e932ba24db94b772508e26b8182b84a3,node_912
8115ffbbadd1055424d18369dba66ce32a572800,node_913
c9aece346139711b8c65c618da99cdbecb162575,node_914
088ab579bf490691eea7ac92e122ee11c9b9d131,node_915
3fa1e1c67514b9eaf9ec8da562baef8974b4f3f9,node_916
f40a92a3cbb4203580c0715408a18a694d244ca6,node_917
dfb8aba657a61df76cfd22ad24acaafbe8ea099a,node_918
01bcdf931e38f32f15562a178b7abd8233386ab1,node_919
1eab09d29fa9e7ff08e8c82166b9faf4463e84d5,node_920
b2385d95bd2d8209aed89da1a3298ee236bfba87,node_921
34471a2fa18ea22efad5287cf4aeb18542c98a9b,node_922
0c3c4c88c7b07596221ac640c7b7102686e3eae3,node_923
557cfc34d53751b5231c433cc5692af93a34921b,node_924
edeb9ec83948942b6e2b4f88ce380ff148bfbad9,node_925
5a99c4dbfccfec15b962d9b2813779a4fec389d8,node_926
9eeeb23546d3d2bbc73959bffc6819f2335f3c83,node_927
e9670ba55b2a0add3cdbbf70f20e0a5535c5a44a,node_928
cd36768795c696c990ff5c89be8d8b3b205858bd,node_929
525d93a382f6e7873b5d8a2e0713eb3dff7fb250,node_930
e6c561d02500b2596a230b341a8eb8b921ca5bf2,node_931
a9a3b2470718e82510502c3e86952f1288db780e,node_932
dd16c1b89659d7deb9e917f4939f5ea722f58abe,node_933
32eee363713445dd44376a5497ba3de89c4f6de9,node_934
708c361a5665083fc71427a831f10f4df3a61989,node_935
a9e155fda1d97baa2b8712f580cc61887cc64e9b,node_936
9ebf47129c15f61f4b77bbfe305c522480c20347,node_937
df2ed9f2d994cc91a710261398ff04b01d1a9f7c,node_938
501d663fdc385dc7f1bb4dd3160f8e028443052a,node_939
09b6d09fe977f8b6ad502248b7b2f44b4e03a165,node_940
ea2f3dfe07487e200f7e065a9513c41d63ac907a,node_941
1875879c3b85289f8f7da0b9aa4d35343225be8e,node_942
523b8635597d6c0bf05fd0e3f35f3a18d2748a24,node_943
ce3b364b7e6358940ce97d8d5887a65e5024ca21,node_944
7d722ec75cf4cde30156e71fffec6f8f08f91600,node_945
8da163c92d21b16d3e2023b95ca1bbcd9b427958,node_946
4dc2cb8c832f50c1c4e7ac2c93f8bb697d0105cc,node_947
1eb65d2b790b87aaad3523c43fe072da6545303c,node_948
c1f4ef741242d629d1f56e442a09a7ba29595a0e,node_949
9c0a434b240299cec0029a1be93ab263d7ec9963,node_950
516905eb942e95b113b98d96cf3ce74f66756264,node_951
66117f82def0c69a3b9cc77eb3e2694b0245ca86,node_952
c70a2a3427bd5f43f539084b046816debd06d83a,node_953
400ec9a1370198f5f885a1621dd82968653f0a15,node_954
c80f6f1cc4d05068e5f564c61450c9f192ea7a52,node_955
0d140d405916137cf5d91fbc8174f3aedc8239e9,node_956
fd8877783d9a6f2686725fa076704a1216cdcf89,node_957
9beb637f74e8b6a455577468c1c4d40c6a9e68fc,node_958
546d0624adfc6e18fb87d8cc77e7705bb9ea7445,node_959
39d47ba0690cfac4c8efde6ecda104234c70ff86,node_960
b62d0605137463ea591a0619840305cb98f6958f,node_961
5088a04d1a9f42b967f3dcf791145e8aa367fc54,node_962
93250bd8c9af3c78a8675dd8f9540c865926706d,node_963
0f7a40bf2ad9a1cee6dcb801a35b336588cabc59,node_964
534c58762e69d7afbcb0f6a7e53c07484f6d4891,node_965
7a18e2b0343fe30b6e0d6a4106aebf1157004b14,node_966
d1890cf64ea211d1c7d54b3f5f7e54ff9d83090f,node_967
ecd5d38b8590f6e6a504b29110d16ff717cd56ef,node_968
fee99505eddb66b815320a48314875265ed6230a,node_969
c29f96a5258052e9b189d469549224e715d4496c,node_970
c743e44343e3fa4d4772643f67420d0703ba1d31,node_971
db20a10ef5641a0d0e60584e4cc8430a9763d437,node_972
9be428c9383d47b86570b1b9fc20faf006346c5d,node_973
8787164d9961ae8c22a1e33e2ed89554f4213432,node_974
46b4fa08f440bfa8732b145259fdd31bfdd4624c,node_975
b7e531104c95eb67ce6c20d6dc1318e8bf837bf8,node_976
a047de57328bcf7cc8bd8c135b4fed516bc22ae0,node_977
52a7abba94fd77b53400a7bae72444f35f6cc463,node_978
c3b1174989748777173f25406627727073608c05,node_979
15a7792486af846beaa556466f087f3e1d84b5df,node_980
70f6fd5a276483f5e01fef41acebaf5e03152efe,node_981
8dbd57469bb32e6d57f23f5e765bf1c9ac8e080c,node_982
b2719303c4c4da6c3d70dac83078e7e3f6ef200d,node_983
dfb37e6216e792bf6bd5a30c0fc7ad55df1cb71e,node_984
ca9bdf9813edab12e84e1006dd0c734c148b2503,node_985
76c880bd5bfa3c627a9497cd6f1ee0afa093e131,node_986
0286b2736a114198b25fb5553c671c33aed5d477,node_987
974c629a4929b763a39d6c9e3d16ff2482670e4c,node_988
2ba6d54e89e516004de73d518cb9d98018f94d52,node_989
ffe486fdb375acb39b4278d857e726b03e438e1a,node_990
6a993404e07687b7edb7fb9a05092213a9419859,node_991
d4177489596748e43aa571f59556097f2cc4c8be,node_992
3705919b880f4f8dc37483a704e14dd078cb9ac4,node_993
0a1314af90036d6067bf47855de23622d5d6e5dc,node_994
9fbde8d0315f52e598c5b4a1409ed2aee215ace9,node_995
ae39f3c1c8c1bce030d3b32847519dec0405d9aa,node_996
bd56f56539b3d6026e14542b96c5eaf6d8f40e18,node_997
79ff1a65fb9276617eca6ad442b6e83a5d5fbacf,node_998
b6f8cffc5da51581aec71d919d010d55e5ac068a,node_999
be6b2a975e3dd743f293b189e7de4601b8ce7a71,node_1000
d5f68e675d91fe2aaba1d0bf5c774487659d4509,node_1001
60b0476a97c00e355df28ba35422764a7fbe88e8,node_1002
7c6a38e4e1a4542afd6445a7f4c0cf519fb79072,node_1003
2253c84f0d7422bbbec496893948e1e1297bcab2,node_1004
4e94e3189c5acfbcd37cac58b0d70992d614ad44,node_1005
6b97aa78bcdb88548c44e7e1671c0ed37ed37976,node_1006
925ad2897d1b5decbea320d07e99afa9110e09b2,node_1007
ed7817d15bbcc9c3766b5ec21535f764ca5016cb,node_1008
bed86133472c10c7b429a5426b1692afe3ba7ab1,node_1009
166ec5fbd2a7f5115496a8eea46bb2cc38da1aea,node_1010
6cbdeb96380e028fb204f9802694e77bb772ed60,node_1011
747f2026983065b21bceb4d51ca39c6a5024d26e,node_1012
e59adfbc755cc8d631d4290e39260fa3ffb04503,node_1013
c1d7304089fbc0830efb5d1e57d61eabad87391b,node_1014
f92d38d5c24cae39b1eff55620e0ba1dacc4a3bd,node_1015
53d5d595b263f54c9a5c4d51e298413c450abb79,node_1016
88b8569f4c5ea548e8eac6cb68896251e85ca879,node_1017
4a7e1870fa76329da369211ab0630ce4960402f6,node_1018
d1427999c5cd8e9645c81f5dd3c1fb5260514138,node_1019
cd18800a0fe0b668a1cc19f2ec95b5003d0a5035,node_1020
187552e7a052e32ccb8d9acca4c57655ae73dcb7,node_1021
c844694387a89a477e7a8bbf918171cdc3b85672,node_1022
628f241e6ccf6ce5ceb4a1d866935abf31d586da,node_1023
e6776f5f293c18f4b2322b1479f083cb24d33343,node_1024
2035ec7b878d2527bc2b69f6fc6ed9a69894e0f2,node_1025
8c25071e5b2045843c4cab3fb9f51b7258347236,node_1026
125ccd810f43f1cba83c6681836d000f83d1886d,node_1027
b70eca11d5732dfb0ce964cd10930827347b8da2,node_1028
c6850869aa5e78a107c378d2e8bfa39633158c0c,node_1029
dfb4e80deb187bcb85708f751c5d466c399f76f3,node_1030
55b74ba220a782b255960b7cc67a6aa9513710e0,node_1031
f1e570c61e275cd624af30290ed94bd45c7a9f37,node_1032
282818408367d32c9b052b63adba69bc707a8111,node_1033
7c235d03b34794ae9d421778a74252c559f7f419,node_1034
d759d8ab594ba99b80430db84d31bd39e028e619,node_1035
f1c304409006816d3c571de2f56d3959560e71cb,node_1036
2a567ebd78939d0861d788f0fedff8d40ae62bf2,node_1037
34e2cb7a4fef0651fb5c0a120c8e70ebab9f0749,node_1038
f7b7100a3bfe345906fa5ebe0641315efe3d7a23,node_1039
260b119dce61cdd8affb13782fec7e8f331f9c98,node_1040
4b0b56be0ae9479d2bd5c2f0943db1906343c10f,node_1041
e808f28d411a958c5db81ceb111beb2638698f47,node_1042
4a54d58a4b20e4f3af25cea3c188a12082a95e02,node_1043
0d1c76d45afa012ded7ab741194baf142117c495,node_1044
5c5751d45e298cea054f32b392c12c61027d2fe7,node_1045
0f51d47871d99cda3e9eaf4ae1c9c7025ae76325,node_1046
66ad93ca90e2ffcb13b010879bdb86b7ace2e1e8,node_1047
afab88c91dcfd77a030dbf8bc76ebeba2b07b59e,node_1048
c2ea28685f24d68932a90adeaed8e765007355da,node_1049
94773f22b5befd0e167a7de525d29bec2b09937a,node_1050
fa874e7b66a5b936469872054986c8f340701146,node_1051
ce07a876b4ab15613ad0388bad253bc494c1c8a3,node_1052
9e3c493fb09dcd61bb05e8c5659f23327b7b6340,node_1053
a393c5dc8e1f29862ec4e3ef5e7303c210c0c9c1,node_1054
c2cd093c61a429292effa8a1a0d948a0a8703b8a,node_1055
58f8925a8b87054ad0635a6398a7fe24935b1604,node_1056
a0b07f40de7b307dfc40e5c569af0d14d4160e8e,node_1057
d79927715a88825737d2ff44f70b1d6698e0bae9,node_1058
d00735241af700d21762d2f3ca00d920241a15a4,node_1059
3eead0c0db0cd689560db012c32e5bd656be85b7,node_1060
473807ff5daff280138c9cd8fc11a9cd8406f85b,node_1061
f86864cb1ef6f20a4578335d5063fa8afe8e8a4d,node_1062
6b86326016fc7b900deac073e119c543daa0bafd,node_1063
97800c6189437ad59634469c7a8936db015d3b6f,node_1064
49873ee415619efd9e1e4c16f73ee066ff008c1f,node_1065
2bb19d45bf1086822fd15d6a2aef0ba2f915eee5,node_1066
b53c386b7c65af80905dc05a9b27e98e03324739,node_1067
7d9c22aaba44def766da409e1a333ed8060e9923,node_1068
83b90f4a0ae4cc214eb3cc140ccfef9cd99fac05,node_1069
9cb9681c53a238ff2bb70a5675900530d7f63516,node_1070
d1b9a3b11e6c9571a1553556f82b605b2b4baec3,node_1071
ee6839535cf6b864d8b1110eea304f89d4bb3f4a,node_1072
3042f56baf64b06ba5f236f8237ec10174ba6ae2,node_1073
0fa90be6622424c74191ef8be3105b865ae1f39a,node_1074
7a417a0412ac3a422f94b3ad7c0c9518d03cd790,node_1075
db1afe3b3cd4cd90e41fbba65d3075dd5aebb61e,node_1076
390c85a27878efb0cce801b64c26873b4b50bea4,node_1077
578613affd9c2ef3d6ecd1a7c176f988d135a8a9,node_1078
1a63db8e401f8a00cd762eb2ddbf0cd7ae704e1f,node_1079
0ee2b3a7caafd0ddf102850e1b4834aae6c22dbc,node_1080
c5e40c7de3ad5cce2bd01fce0f71de313a8ee837,node_1081
44bab2836177f8bf9775e7ca536b8e200757aac7,node_1082
9b3239cff17327960804098e33e1ca903e7b9e85,node_1083
2614f6ee7c450bb21249abb98c231cfcddbb204c,node_1084
892e53fe5cd39f037cb2a961499f42f3002595dd,node_1085
0bf41988d04253a840fe26a493e4db2e31655adf,node_1086
82fbdd70f25d319db58f23040573fed303177e3c,node_1087
52f47e781852a77abedada48cfa971b24c919dde,node_1088
d18287d5ef8653aa1276a11957f2b3934c7c93e1,node_1089
a6251a09303e0e5b940208b4be1672c4a3a9d63a,node_1090
9e4d5cf5bac0dab1724a09452669be4136bebcb4,node_1091
76b19363b10d7ea783e4a6494eae40d73c8e9628,node_1092
37a30e97ae043075f09738984a59991ff20ecf0c,node_1093
48362b169a235ca650918c489c8cea4c597da645,node_1094
921cd9cddce04d141df227115d5c354d16027f1b,node_1095
ef07defaf08123d5e1a8bd41ad6e2db5e5b225e3,node_1096
b48b0c1459825279faade0aec43c3e80ae6997d4,node_1097
b6bd1c1028cd2f24470aacac1b6d590c35ff51ef,node_1098
9b61f2f9f27723d2216f92e4348ba8a62eb08466,node_1099
dd95f96e3322dcaee9b1e3f7871ecc3ebcd51bfe,node_1100
28e3574077e26cdf6b913474351a5bf261bcd6b1,node_1101
da6f85e567f8e3436bcb7c4c75b0cab49f7cb24f,node_1102
778f87c2dc8e60054bf751c30ddc925909aa7848,node_1103
88ca4ee548d07263386ca8e4effc4a001bb2716f,node_1104
b6a86408dd5519db5631cfb9e31232117dbfb176,node_1105
c2bb84fbd2e9ec75e275f049353ed5d867ad5748,node_1106
d7784e9aee50148edcab64ffbeea713c19144171,node_1107
d349f4e924f6cdcbafce75f159437920495cd8a1,node_1108
9861c0c52c8c5c933983d9fb2dbb9381eb393f04,node_1109
4d5735c186ddb2430ac9689ccf61fdcbbfc23abc,node_1110
4a7df77fc83d607e85291923fd0089ad18180685,node_1111
63142d46333c4cffd227bbd6bfba746019974666,node_1112
29d6d00b86bc8f4f47c77dabc817d2e6c48cd87f,node_1113
3d0bcd30f4e569dde73522d574c2a1adda90c451,node_1114
10aa2be24951e6de76b630482a645d79354c4cde,node_1115
547e0f6948e69115d3c7df39243eea660ba0dbc4,node_1116
cdb48a96036b8cd2367eea596cff2db828305150,node_1117
11894097587c16988aef061abaf1ea871ec0dd2c,node_1118
c5946ca04d8f3647bd0f76f497ee13d3e2fa2f4a,node_1119
6f4a45a8727c8305db6bf06550cf1f4362eb9f8c,node_1120
13fd4277388cc2a9da75e8b772e5efcf6ebe2d32,node_1121
438a0221379aacd53f4d8af3b44dfdb2cc3ddab0,node_1122
daa63f57c3fbe994c4356f8d986a22e696e776d2,node_1123
b4441dbbf33bccd950542552b11b0b5bb0bc1387,node_1124
f61fc6c49d3b22f297b7ccb72bbfe6f7c1344e78,node_1125
07e738d7c10505b8562d0b282a3cae94b485b24a,node_1126
6d0e972b8f9cc9e5b626d0b5663a7ab18552f98c,node_1127
bff619cb2619a411e25da2b12a02b9aaab566d80,node_1128
df7e1cfa5999c3746a3bbc9817d924677ac8b8f0,node_1129
af6aa336c25ead669da0df560376a32314e08006,node_1130
b39f4819c7d94b13cc195732dbf66beb047b45c0,node_1131
ca31b8584b6c022ef15ddfe994fe361e002b7729,node_1132
d7ac65d335b5d847f4f5826313a8732bc7abc7a8,node_1133
0cbc5119514822296563055e4e8ca60ab8f2ab4b,node_1134
03ae366d33290066edc41287f90fc67476d70bbc,node_1135
2dbd5fd5b92ae36c8d6510754ae31d9bb72940a9,node_1136
e314d182fd9d35a05870b38a56ee38eb3149b47d,node_1137
6c986404994d207b886030daf693db0ca9c55f8c,node_1138
0c52efb0754b3b9af7a87ade7bdd9ca442d78aed,node_1139
70d6dfdc40c4681ba5d51d60116db0311b5126ce,node_1140
47cab9b4f16c5dcb34c109a60281df0138f885b8,node_1141
0c68a1a05ad8c11f9c7d56f4260bd51a21e3194e,node_1142
3362b6251b66a74afb034c834b189581b15d6836,node_1143
c7462e0ee928f095a7fc40b91f1e7557d283ae8e,node_1144
482ba656579580d27e4f308c15a4e7d28044e8b2,node_1145
e6378ee739d9e6649fafd2969f569a5aa1b99678,node_1146
88cd4209db62a34d9cba0b9cbe9d45d1e57d21e5,node_1147
8a27c96dfe4e07ad0f4168701f19c487edd43156,node_1148
c25406f6586680cea63c26a139493d90812f07d5,node_1149
c332dc3122db420298847c9a54b0415bdc91a4ee,node_1150
3e4411477a9287bfeb1c0f804f67a552ae55214b,node_1151
300fc797c012f8a2b1e41a8ae3dce8ceb6cb17a2,node_1152
7f397693975382fcf3b19225c0cd89d5f50a017b,node_1153
2d68804f314a87e591a60a59412674f100b984fa,node_1154
5d4af8c9321168f9ba7a501f33fb019fa2deaa22,node_1155
90adcb6e2cfd766c3a87c5a6b99e8109d2a9d959,node_1156
fb8891088089924708d1a8d094baceef278cd9bb,node_1157
fe60274074830556a57ddab2a857adf47e79e57f,node_1158
3504dd566b25f24f44cf647731370760a537b483,node_1159
2330035c7586a0dc0b1f09e9c00106b295acf543,node_1160
52b167a90a10cde25309e40d7f6e6b5e14ec3261,node_1161
cb40a5e6d4fc0290452345791bb91040aed76961,node_1162
d33fcf35b40502070c63822d965fa18674921660,node_1163
7b23d93309ea88b1933fbe2319a19613b8a5b506,node_1164
abdceff7d7983cdede9a5aabe6a476d4c72e41a3,node_1165
ab0e3d3e4d42369de5933a3b4c237780b41c0d77,node_1166
bfd1f06ad9b9a946d765b34c09a4689d106b67a0,node_1167
ed0caf27d3dcee024b81323a04c4f2185da011c2,node_1168
7b08d289351631a306b706fc268bbae4b036a46d,node_1169
e1a40cff73a1bbe985dadf5373d16ee443758239,node_1170
c92bf85fbf5545de25f1724f22f948436f107d80,node_1171
16c4d5ce69b3909e7e79fcfd0f1dee9553e46425,node_1172
7d2666482c39ac5f216846ff46265b69fbe042fd,node_1173
367df51db7b6a4482e2de15145cb803f87af26dc,node_1174
d0adbba45ad8d8d1e748c9f3901569a09d8bc227,node_1175
5e1278fc3074ee1552e7db8a42f1cd303ed289aa,node_1176
1e53e98e8709748a6385137d8f240787c12fcfd4,node_1177
47ced790a563344efae66588b5fb7fe6cca29ed3,node_1178
bfed3d4c959b64148811376965db84f77ea8292e,node_1179
b356352a112932c9bb0b022d20afae79c015f6ae,node_1180
a011f0d96e66a13d13a919c09f29f840a8cfad55,node_1181
d3203958e1b9c007d06340aad11d41f088875f3e,node_1182
177f3175ec94c3bb7a789a05e92f252353b669a7,node_1183
c1799bf28d1ae93e1631be5b59196ee1e568f538,node_1184
fe4b09600688e30041c1960e61a740658d0e1839,node_1185
23fa9a11caa5f95a8b6a3a82bfb416b1621ab37d,node_1186
e30a39570bf8a153bae86a6afde00983be9d7d73,node_1187
7bd4ca8706a79983d31ab74e6c79bfdfd949602e,node_1188
84750e739e9ab655298a2d0b01da88094c5cd45d,node_1189
58eb78c59eec61c6a139ba9cd064f2b26e3182e4,node_1190
1adadbfa95e43a70fcd17e6ce947a0652b86bfc3,node_1191
23fa65c907856b1230cd2657fdc763092637e3ae,node_1192
cbb8e228326306085b0a940976a83292ec967bdd,node_1193
929305892d4ddae575a0fc23227a8139f7681632,node_1194
3b26ba39bcc122f2a7c60d41f8cd40e2024d9bb2,node_1195
3cbfe3cc09d57e8935223f772d66fe46bc56fd2f,node_1196
a6e39438f766a4df502d6922c7f253398af60c14,node_1197
4af30e08ca07724bda8c5687ec68343302726e2c,node_1198
88aa6b1f37d1fd8e0a40499ce9bb87873f03aaa8,node_1199
490e465ef0909f01a82916f4adab0c410576c866,node_1200
31eca0d1ea5f1f291f210bf67fb9f2d77c031a37,node_1201
867db5097ad6aaef098c60b0845785b440eca49a,node_1202
eac12b27f535220a8dd22bf1f199b57cef6fbd67,node_1203
9d3472849dc2cadf194ae29adbf46bdda861d8b7,node_1204
891cc1397f949d4432a5a0602e3757e9e3610862,node_1205
42a5c9da84ee2ca7aea600319bda2c2c532bf6a7,node_1206
60d3856bcf01c382a7a1b41aa6d8c95665397779,node_1207
03532123ccffae8d411264320e8a5ae2b6eddea0,node_1208
cb5e3f085caefd1f3d5e08637ab55d39e61234fc,node_1209
a0e9dab0b1856f10d3058a8226530fc7a1cba1aa,node_1210
b630dafc6e8c9dc8c24e02b97adbcf588d92d4f5,node_1211
92e121c6e114fe3cfb89370df03847c66a9b4e28,node_1212
b2dac80bc85f1754fe6d9fe0d5e25ac55a64bcf6,node_1213
3c5301c79f7595cafd9752f9fdff1d5a4c665b6d,node_1214
269b88799c3d675cd603207a216bf2140787783f,node_1215
bd4423e0a79d4111d2bcd7a17db5d5acb0d58987,node_1216
b1d24e8e08435b7c52335485a0d635abf9bc604c,node_1217
fa7238d3d9dbdd7fe7fbce7929f98af649c2c669,node_1218
7995dddea80c84c193aede353536f730e13fedca,node_1219
88a74e972898de887ad9587d4c87c3a9f03f1dc5,node_1220
b5b219cf0f244ceb57c69c8d44815892ef31a120,node_1221
6c7046195f64cccac1ed3275d88d77655534b5a4,node_1222
6d44981e5a321bc42caf334b17aaf6681ccf0862,node_1223
1e83c20def5c84efa6d4a0d80aa3159f55cb9c3f,node_1224
10b95468e8b9550d2664db6b338454583c0a915c,node_1225
abb1966e610aca49677e846020de49436b6344a3,node_1226
fcca681ab2a8c030c6bd95a8a09294f752414058,node_1227
9fb201282f53a4ce89f28cbe5026af78912aa8c1,node_1228
9f22f66cacac8eebc5728cd0a28513b5e75a9a58,node_1229
162e4928fe2286a1d6691ccb2d4082df88248263,node_1230
7d8905a1fd288068f12c8347caeabefd36d0dd6c,node_1231
e850d4c0dad3aee3b8b40be5e5d5e5c31354d8cc,node_1232
71cf52b2c0e3cc27129a0c85494f2427af7c286f,node_1233
ab60ca888dfe60bc7a50f47bd483737523943682,node_1234
94c82c25d8943fea9461d804257ee16c9d672548,node_1235
0412076e1004d030ac02de77bc44cc7d92b13ab9,node_1236
b5280ed2f9b3880fa505d93fbf140b9be8572d03,node_1237
4e7a2097a12e2c56ed73edfd87140eaaae260bd0,node_1238
f85335271350ff65d9417c1b2e7b8bb1ec8de311,node_1239
476d79d1f5650c5361104ed468e75bfc4732622d,node_1240
a0b04def806f1d5d0126f98334b664cc57a42a0d,node_1241
e38a29f6463f38f43797b128673b9e44d18a991e,node_1242
f652e8af69fc13a74c54ff332223827822a12339,node_1243
7eddf4a17a1ea32f6a982fa709aa03447d06fa10,node_1244
f2e9b20373c8e283aac2576a198f50ce1fea77c0,node_1245
d902421d3f75b2528ef1ca988fab4463595140ec,node_1246
df7d26339adf4eb0c07160947b9d2973c24911ba,node_1247
24df88587defa9ee7609036feaa4121119ceb22d,node_1248
29b77502ca34d4af2431062a9fb43068ea643c77,node_1249
860d0b7d2a235f5e57741811dccc078c30b3c51f,node_1250
990cda44ec41a529a1fbc6d54396714f894eccf8,node_1251
c94966dcd9cb36ef1d817f020f876ee7790bf764,node_1252
024a2c03be8e468e7c4fdf9bda36cdc0eaae85fb,node_1253
bdf88d2ba449600946fc5d23beadd572c5f231d5,node_1254
7d03ca6b5062f11d7992f5fb77a6c81a9dbd3029,node_1255
88bb0a28bb58d847183ec505dda89b63771bb495,node_1256
ef018d9fad6167cfddb7d6654c5422df1e953730,node_1257
9b8462247d25167a758a524c2a82c1c91121052b,node_1258
9e0e253a7f71f6702f40b083080232989c482464,node_1259
6cf265efc08a131b1d7dfa76781f18f935522ae6,node_1260
97b6f4357d1e3ab40a7ee60acb5260a948e3641d,node_1261
1dc8e6c4a32040c68887ef49faddc610ee25d641,node_1262
621b429b0a1537473b40ead23a0e0613e07debbd,node_1263
20cc3a46e9302369462a65c1fd3ddbbe17689d14,node_1264
30054be44f5cf3287c00abcbf915dab6a28540bf,node_1265
d766bffc357127e0dc86dd69561d5aeb520d6f4c,node_1266
0671fd553dd670a4e820553a974bc48040ba0819,node_1267
645bd6eadc247989abc5e0b0aa0be79ec8b11ea6,node_1268
a0233079180eaea0b5b43573a595864814a053b5,node_1269
a2f38d03fd363e920494ad65a5f0ad8bd18cd60b,node_1270
4c5b4a8e31d3119c1e3b5753693ff283c9717218,node_1271
11dd2fc88747d20629f5aafab72ba649d93e969c,node_1272
24062f6adfd655e34b6f137b8008e69cee687201,node_1273
ee49b5f62f51835e01533acae4bdb367c7fa97fd,node_1274
f66b6049946a10080d1f2a7ee6a40e5cca3ee6a0,node_1275
5ea35aa6648f79b929dcd1fd2245c6dc03ab08e6,node_1276
8b0f27bb594b1eaaf493eaf1e2ee723a2b0a19ad,node_1277
bcffcd6b58120b6b5da4ae2aaea04614d37fc86e,node_1278
b93cab95496e634243c572aa68ba82f5b261ce65,node_1279
9dadad0f75fd4f5d33977f34b680dc86c23b4c7b,node_1280
9e1d189fb05d80d69074d88ca6e2d2673adacfc5,node_1281
98d926b0c4f6fded61d709fab86c7632b39591fa,node_1282
d340078d37ce04c18bfb418f0d23ccfe316013ea,node_1283
88cba3a919aa10c18f42ccbf2bab753c17b3d947,node_1284
888728745dbb769e29ed475d4f7661eebe1a71cf,node_1285
f32bcc2155997110a7905da050df4c8404867b24,node_1286
164920e94df411242b904e3d841ca029c3cb05eb,node_1287
00a8081f3c03b38146dd742e344f08c371c15044,node_1288
773d5ddc414424a8948446ddaa5275b944f50891,node_1289
5690bae3dd3a22a428c4e2a76eea91e65925b2b8,node_1290
3da6e36431ffb2fcdfa1ef35b667b2af80d94e58,node_1291
7f0ad3a6aef6bb51b599138ff83437fcbe6d6072,node_1292
b3a1ec65ca106b6d166b6bb7aaa821bf58311bec,node_1293
2c871df72c52b58f05447fcb3afc838168d94505,node_1294
87d44987d90d2d9193c1106fb41f55af7944f74f,node_1295
37a860cbc0a3334d446d72cab166a9c63e489442,node_1296
26e13e1da4f47c93c9ad0daf9cc9e2bb4ffd063d,node_1297
8e8152d46c8ff1070805096c214df7f389c57b80,node_1298
860660d2cff0218b2628cc969ccbfbf5813482ee,node_1299
80ac52388392fe80fe030498eb3d0890a2ca344a,node_1300
f9a7175198a2c9f3ab0134a12a7e9e5369428e42,node_1301
4e53b481beabba42aac027e5a8c69fed26ab4062,node_1302
4f4a409f701f7552d45c46a5b0fea69dca6f8e84,node_1303
b69aa32ee52f5efe8e3196114581ac610da8a2b2,node_1304
54ee5a4a19e70d18e79b6eb912d8aa72b0113f9a,node_1305
2ca7488718d9091a80c74d90c62b9ccdfff32e7c,node_1306
a8ca46b171467ceb2d7652fbfb67fe701ad86092,node_1307
fb22403ae112aa61756fce040473dd4c8b1fbddb,node_1308
4b2fc4597b1519207fd63c2b2b33a4665c988de7,node_1309
d9f1f536c67e650992ec4afd66166740f860c99b,node_1310
c861fd769c1f5e0879ffa6cb74e6fc6207b3e793,node_1311
6ff2a434578ff2746b9283e45abf296887f48a2d,node_1312
d9dbcd12c21966804ee6bd75e7b36f998135ccc6,node_1313
354d12991f358e12107abbe0b763ac05fa90f957,node_1314
eb511ae6b9f04e4936891d26787f274b48b99d57,node_1315
5cac6430bd379c9d2fe13137dfd6ae7721a2679f,node_1316
b4bfadfca9742bb3ee98a0cd322d5ce4e59a3ceb,node_1317
9ddb1ddc36ffc06edb02de3baac30ac0044754ea,node_1318
95cd83603a0d2b6918a8e34a5637a8f382da96f5,node_1319
28c4068046948a83d9382e5857a2364757b3aa9c,node_1320
7bba1b6bbdc065ec6617cfe420f46fbf3d7bd397,node_1321
077f8329a7b6fa3b7c877a57b81eb6c18b5f87de,node_1322
1122504fe862734dc54bbfd7a9b8aa7df7b747f7,node_1323
dd93b1d32b0c1d28aa2c5fea1c980bfa7ce4369f,node_1324
2107c53bdfe58b9fbf835f9d35fe02dcdf9c75f9,node_1325
fa0065a84b2087cd1c6f0a63b7eb9fcf14d25bea,node_1326
846aedd869a00c09b40f1f1f35673cb22bc87490,node_1327
8d115c3b2ee80e0754360a154a9369bc1658b607,node_1328
7507725cd23d8c03e952bcb0196a17175b83c15a,node_1329
9ab5c6644082b6fdbd6a2b0e6ae3527668244424,node_1330
8e19123dd258cc10d36ff736ad684fec2331dfef,node_1331
9b0ddd4fff1de8197e85b30f80aac2d9989b0370,node_1332
be8db99310602d66bba64bcf41a572c45816fbfc,node_1333
b9aadd2e02b699257774c5dded29b42826d7169d,node_1334
27c4195c6033ad923fdfa2fd0352361d70de4752,node_1335
089109b4a7192aae0f24bb3b13675f93b3b3844f,node_1336
27cb586fcea5ec076b984750e9c77f0d7fc976e5,node_1337
d2d84d56f730f81d276a02b48d5d44db5bde0b4a,node_1338
c2f5c4f860e7fbf6b351b45758f18b9cf1d75cdd,node_1339
8573ea42ed7f13f4d7bc7ba371b462e3cc5fa88f,node_1340
146ded602ca4aba6173643186dd574beaeca9a1c,node_1341
62ac45c894b38a9ec6ca089d1bea292281089d04,node_1342
b022f2a277a4bf5f42382e86e4380b96340b9e86,node_1343
9497b514320199cc8afbc9b9cc4d7891831e9ccd,node_1344
8a8bc2013f2a1bc803c12f874eb1aebd8d344a32,node_1345
fd2165fa22708397437734d9e86c79e3c0767270,node_1346
89512c767e0ca0fe64d12a436c64f15dffdad1e0,node_1347
871fbefb93fdf00a0207c2003226464b3f576ab4,node_1348
224ef724ca1ca3eed6475cf46a72109709371d81,node_1349
a99a5f5251f99ed114c1f9a02dac71cb737eac6a,node_1350
85664bb73d09a20f4d3f7aae81143c0f25060fbb,node_1351
63396fceb84286b02796dc58e55c07ec1095c4dc,node_1352
58e5f3b54f073a8076cd57744344fcf6c6876f7f,node_1353
06d7cb8c8816360feb33c3367073e0ef66d7d0b0,node_1354
b818824cde4005b4c7ea4213e1a7ae93ca4536c4,node_1355
c3ff0e3c10c1f654f6a155a44d12e1daca836224,node_1356
98da953c5bd313897844016c2306632373665ae4,node_1357
537266d4bb895ffbb1fc77af12aafded491d1037,node_1358
dd4474c810b03a7a7767068e2e50c687f539ccd2,node_1359
451d4a16e425ecbf38c4b1cca0dcf5d9bec8255c,node_1360
819bbdc2dac9e13d9ca3e2508a6e063186ce5e40,node_1361
8921787c0b72ebb202b89fc6b1248a332392fcf0,node_1362
efb5032e6199c80f83309fd866b25be9545831fd,node_1363
4731bb716a378a00928f5e826ce7e2de6b41efc4,node_1364
67411c5e5fc56e3d50a39bd141930c72b10887c5,node_1365
99053e3a708fc27709c9dab33110dc98b187c158,node_1366
faaaf13276a8c25e093dd5ad198425cbad2cf250,node_1367
3e5568ad50aaf5d1616210dcc1d2d7f753cca6fe,node_1368
61cf8c379a4c4bf1237e31cf1fc1c0b2ff43a45a,node_1369
432dd375dc1a60fd39b492b504a6dd73fb827cea,node_1370
ba359452fa8cc7a13c8aef023567a025c168098a,node_1371
d37915f3eefcd87529eae6b13d75fa3c27d2e926,node_1372
eadef648203458a4a435e67cd24f313b39712958,node_1373
34d7a07c493ca6336c92156806a2947e115caadc,node_1374
883028a8a4e75628ec3ec4dde9e7edf13f55e1d1,node_1375
195043e4c13a635555c28dfab7ac534d10d78c12,node_1376
6e1ee3bef407bf5562bedbc56e719e0829fa0a64,node_1377
133b97e40017a9bbbadd10bcd7f13088a97ca3cc,node_1378
45a154f8be8ec31821a0e409d4b69635670a2e1e,node_1379
8f7297454d7f44365b9bcda5ebb9439a43daf5e6,node_1380
05ce2f13184d42e862e85ec2905223c31095c4c3,node_1381
7943ec4a67151a559b25cd34369e661c9a7924c8,node_1382
e7713c771521a6482f2f2a9a7b6f29a8d15c1283,node_1383
052b1d8ce63b07fec3de9dbb583772d860b7c769,node_1384
12407be490a4e4633da7f25a93af000be573a288,node_1385
bd3df472bc848083068a76e9ce2b2ab49543dc78,node_1386
d48c56dbce88580736c037797666060cb3b03bf7,node_1387
b1e20420982a4f923c08652941666b189b11b7fe,node_1388
10413457bf90e8726b14874d8b1acadfec53d95f,node_1389
5669ee1d93ad92b20d7640f10c3f040512787ef9,node_1390
751c100802012764a2c45e17e41fa219867b12e5,node_1391
afdf2b9c7cc9ebccfa0876b9b090e2f2850c194d,node_1392
2b10281297ee001a9f3f4ea1aa9bea6b638c27df,node_1393
57026b2d45fa59c6326b5a1d2e27626403f083ba,node_1394
f997d8adde4750c0deb0f8dd87f032af0f20697b,node_1395
15031e6a94f9d6d19f74740c224a5523ec64d975,node_1396
1caa84a626507e801e581b1dd6b52cf8e2eb5847,node_1397
b8de340f1525f02d32c09f8cc6dbac71f5fd5a65,node_1398
2c5135a0531bc5ad7dd890f018e67a40529f5bcb,node_1399
b3dae5011b9b44b861f884b2b788f2fc9bf59a4e,node_1400
5847ceef1e4224a3d69ec3b4a19a0ef465c75e86,node_1401
50bf4fac300756b544b7bcc363d6b33a30f458e6,node_1402
331fa9e381cd219a3961cd5ef7dda401e8751606,node_1403
353edce7fb68da762817cdd31880108462580a25,node_1404
26a7a8bc083407fdaf7e3deb94c4239babda9437,node_1405
e23cb51f50f749320b9122fb5f75113b4d192c0a,node_1406
c2f3158aab563e64f50ea545364b33ddb97bf128,node_1407
97994e4526ef7eeea59190aa466fbab05fad9187,node_1408
5b5e8b284cdf9d6474447c09a42292513338935a,node_1409
23452c2b1136fd3fd08f2e2d85805c86792c2060,node_1410
d248773e715f42e11d5df4366a5cdd3ae0cd8afe,node_1411
05506581cade1a8ef6372616cec20b81a3d5c366,node_1412
23a061f719c6c6f1f8c0b5157b5c5145ca2ef8b7,node_1413
003ef1cd670d01af05afa0d3c72d72228f494432,node_1414
2db6475c4be0444c2881a14bb5a13698e1c64dd7,node_1415
54972b2e4304d2164a61036ae947df2503c07009,node_1416
5f017207d4667ee45c1161978a2ece62bcd11ae4,node_1417
5c8169fe1d12250fb888a56b85058d63a2bc8168,node_1418
18faafb15d7e7a8ad923b293f8c945c35680a2ef,node_1419
094ff971d6a8b8ff870946c9b3ce5aa173617bfb,node_1420
d3dfe89e49999526477b6e5ee578bacca0d92a40,node_1421
d95738f38d97a030d98508357e4d5c78a4a208ba,node_1422
05586cda30b75ed642f16506cebbfd90ad0a31df,node_1423
aa98115bf7dcdbeb2c129423ac89af42199efe1e,node_1424
e5ae8ab688051931b4814f6d32b18391f8d1fa8d,node_1425
0b26abcbb54394c79234eeefe9cb1da5f183d47b,node_1426
153ccb5901ebe3aad01c26d16fe3caff762864e4,node_1427
1aaa4c92848a921714ee438ea7c2785888f6a49f,node_1428
3b3e2ba40f88f44a25dcfe346665211a57c4238c,node_1429
a8b0a54975067014d4c5017a7a07b9aa05c8e8c0,node_1430
2034941745dea3fb9c35d17c89acf391ee57dfde,node_1431
e90e8c377776b4af1367749794c96c6c32eccf75,node_1432
cbde6accec5384f314fd64dadca770ce38dca527,node_1433
e274906ca9c13426309333b74e2ae8f5206f6f6c,node_1434
3422d5e0cdfdc935d6a84a1e3d3f96659265fe3a,node_1435
6564a6c2200d8c5798bce86d426aa42f235b068e,node_1436
371fc47902ffdbb2a99abe41137775ba800f9b50,node_1437
099621bec723c5b3435e9be6a4f70e4c871f3f2f,node_1438
47b5c56651922a97d9ccd65127ff8c1f918c4317,node_1439
4748d22348e72e6e06c2476486afddbc76e5eca7,node_1440
07bd842ee329888e5c2ca66a1105bcdbddab04cc,node_1441
6227544195ed3cb30e411b31507e330ac2397398,node_1442
eb47a289120e9e8891cc255c63548487e6a94489,node_1443
a0a9bf86c00b6ff2756053d01ab7e3a8aac804f7,node_1444
0b7561f3f821189eb389a0d8bcd5c43e47968f13,node_1445
f254d24e9d23b5d661031f37e7e1bb084ae2644a,node_1446
c57b3e62b75bf4eed451ff702bca610384563cd7,node_1447
ab8ca4842793935c2cc4a468d859e6f24f9e1477,node_1448
f898605adfe3291f5a1dece7503ad0b3e73dcf9b,node_1449
c41516420ddbd0f29e010ca259a74c1fc2da0466,node_1450
751eb9a359d58c0894410d82ed0def80d4ee58ca,node_1451
ca00f4056f9039d3c1a4c3a113f5ee0527149b66,node_1452
b9ffb9ccc000ccc5b74d1e9eaeafbcd5fe86e78d,node_1453
c0301e6a75b08efa2f6e39c17043b9bd450d78a4,node_1454
53d128ea815bcc0526856eb5a9c42cc977cb36a7,node_1455
4a5af57b2056c4cc0a768d830d5427f0d1bdae33,node_1456
5afc3968787ef8c43f54724b26e871a6b5a490d6,node_1457
490e815b3be11ba97631783d9ae946b8f8517fd6,node_1458
204e3073870fae3d05bcbc2f6a8e263d9b72e776,node_1459
a17fe25540a96782cd1f24d7be512f7516359a7f,node_1460
7fbcc2b131bfb03a962f0ea8efd11e2bca6d822c,node_1461
e4c5675d9e7fcd592f941c91c788405b3ca8a608,node_1462
de94a69771d444aaeab6c7e6bbcfaed97eedbfb2,node_1463
f27a23716798526746d87cc34aa56484734eb140,node_1464
3a17a550f2f7e1df0b68365615a1dc07fd9f1ca2,node_1465
4c470da54a63f164683794fbb4f28753815042c7,node_1466
9fcb8d85e3d429f3816861fc7999e1bb68eefd39,node_1467
c7ad19da81e24c387f0377fef6d19b0fce2cf470,node_1468
eb41a0cffa84d3d6035e6f5f420806ddc962b1e6,node_1469
2b470fb767deb18f47928967329c6931f498647f,node_1470
93c30e8832ffde1c1c65276ce6e51bc35087cdf4,node_1471
ecf24a006654550598ba3a87e8009097be358d64,node_1472
73b6de24eb0e5f6ff4f9c3bdd9257f4554faca19,node_1473
b82ccc66c14f531a444c74d2a9a9d86a86a8be99,node_1474
eeb160be867d26a536e20ca20025b7433d736e4e,node_1475
2d5673caa9e6af3a7b82a43f19ee920992db07ad,node_1476
86069631e8a05b1341118e7ce8dffab9481f9d59,node_1477
cf5f4acfd80e30c141c132322e012bac687c74ab,node_1478
84c149537dee8ef3a7ff54b6bb01e9a4c8eaa17c,node_1479
4cb3fd057949624aa4f0bbe7a6dcc8777ff04758,node_1480
68648e5ccd68e09fe791b54ac7efcd2c3cc34523,node_1481
f7af9dc5ea8735c6b8297e37e35092d93c92da5a,node_1482
774dc114077cad85efa2f129a8aadd00f4555ae1,node_1483
de7c79528c1cdad734b363d92b35ee189f1e3ef5,node_1484
592d2e65489f23ebd993dbdc0c84eda9ac8aadbe,node_1485
4dee682f1478eb9ade8626b19585b25f3ae26b69,node_1486
d8de6b18497823512b556041dd86a70f12a8b1f2,node_1487
26384278cf5d575fc32cb92c303fb648fa0d5217,node_1488
6c6189a5fbda8ddf84ef23e5a43f7c85e2120b67,node_1489
acd57393c882d20f5b3dcb099a04ed71b20f31c1,node_1490
82d441075736d467f6ebb17d95126fb2dcd23e85,node_1491
1c13af186d1e177b85ef1ec3fc7b8d33ec314cfd,node_1492
b80e5cdec6a49dcf80b0f448721139fad13ca6b3,node_1493
605a8b0d425a7cf6a0e97eafa681e656081d958e,node_1494
0e192538abc7895d4ce2daa783e13d5264115050,node_1495
b190ff60af7ee4ca177ae67d8eda91e00a24f121,node_1496
0047a6037303cb8507506c260a79bec99d280f21,node_1497
e9540a9611fd85d556308deec5e3c3def017667e,node_1498
fd8641f1a7c0ef30d6fb312cddd047d8bc492942,node_1499
b6a0f30260302a2001da9999096cfdd89bc1f7fb,node_1500
f5ea85f67fc5ea9cce2c5345ed92740f7377cb2e,node_1501
d009a5cb25e258d886358cda3eb96063e2040097,node_1502
2139e414bdf6a5ea7ec4052d3f65a8d49991494b,node_1503
4b17246770ff43a4afd605499e57d4e9903131db,node_1504
956c1680fd3c600bd5358898571b927ea78e841d,node_1505
3e1ca026052d30e3b9677e363616fae23f6616df,node_1506
908a7e742e954cb47c66a10e6575a47b8abe4683,node_1507
403cc4091b9843d475268f88c0b99081d6a397f1,node_1508
d62c4d00b277e948956b6610ce2644e88fe1577b,node_1509
bbc070143de6a3a6fc3d8af1040b60387c06bcbd,node_1510
f61cc9b5583c6295d5cd756ec0f34e4c003aab29,node_1511
0c8bf7c13bd244da94b70b34d3a4c74a8e3b1ef5,node_1512
5c920b2326282d93ad2ac3d1cb8f746bd7ab6f50,node_1513
8e6124739e03c9d7ea4903de00c3370d2f1a8387,node_1514
8a9e11addba791860a9dbf15de75cc28d2cf844c,node_1515
da2f07816a28d69a1b879969283a2693c0b88b2a,node_1516
d9db99fa712edf900873b62143a08f5a14c22986,node_1517
faeb443d9fecfca9982d49bdfffb73eac0a4221a,node_1518
bb1381c9944e94f6f8ca3ac8d38519e0c4cdd8be,node_1519
d99e43bd4acd63d1134464299a195deeac691136,node_1520
a28474db72957c239127374cfee3c8ed8190defc,node_1521
12b8675806acb1e646d3065e01d0778533d7490a,node_1522
a78f9467070992fc8742641ec97f9972597d869a,node_1523
11eaa4f1cba9281ecbc1ac44a6b3ba5817bf1a25,node_1524
e76567345cb4f1cb0f83f2c20bf849066a7e8346,node_1525
1c46943103bd7b7a2c7be86859995a4144d1938b,node_1526
331bd3d391c53c9f2b2893496ea5180e978cd846,node_1527
a7b4574ac2509d53525734b27215177a9f451827,node_1528
2a9a2e0e3cc82e8277d9daf824ac5ea6d6584b6f,node_1529
e17d67990721add9597890e777cb337ef9a20973,node_1530
e44da7d8c71edcc6e575fa7faadd5e75785a7901,node_1531
d6045d2ccc9c09ca1671348de86d07da6bc28eea,node_1532
d25c27c7a3e9f41f150e8eadbad34c1c05d67510,node_1533
681c32e852b1d8a9f60c41194e3750683b6bf82e,node_1534
9806871bdcf0a9f926f6b4aebd20ee4580d69f00,node_1535
268d347e8a55b5eb82fb5e7d2f800e33c75ab18a,node_1536
1e2d25cd2f201d6d9d13193667a93ffd611a97ad,node_1537
3132f3a9d2698ec897bc5055183703e931601270,node_1538
160cda6cd64a287ffb99077c59a45dbf407c1903,node_1539
ae51b3df5e25edc604d2aa0d0a0b1a7595c6b821,node_1540
258e9773d9746ccb57e223614831fa6da6369781,node_1541
bcbd26dfaa4357bf4db621726b9efda437b6e6a7,node_1542
64e01c3fc1b09ba458160579b16426f7b734ed48,node_1543
d5488c7af6faab82599e5b857e28a4ff49b10a53,node_1544
5903e243dc6b87a3ed410a27e84ffe0717d8bcf3,node_1545
9d3af1c5fd5f7fb51467b4308952bc4da8285396,node_1546
d7da009f457917aa381619facfa5ffae9329a6e9,node_1547
1d13ff5101b81112ad0772bb4e6081966925230c,node_1548
814a4f680b9ba6baba23b93499f4b48af1a27678,node_1549
93ff0c739f0527daf484cefa76e8d8d947c2af15,node_1550
5e6799c927dd3ed46b338801da12115b8236746e,node_1551
8a5ff0a7468553b77ff9dad1a99aaf5cbbf72d81,node_1552
083d0415ff57e9c5d2e4abe266de8c4f70dfe616,node_1553
1d40f07569482d24e3335ffb31394d4bf1567e6f,node_1554
9cfdd4e285df80f72bf1a8081312b089f1462091,node_1555
02d809e078953b5ef13a4f91b275ff1486fa6d17,node_1556
5cdab51aeaee08a9a4af8d719c83770d95701461,node_1557
c3dfa3b6d02f4bf90168acfc40f5edc7e335cde8,node_1558
6daf40337548f4f766c7c36351a151e38f0c3bb0,node_1559
97fb4e3d45bb098e27e0071448b6152217bd35a5,node_1560
9709873a9290edb3e23eff8dde4d3ce1116539ea,node_1561
28c7e583d90ccfc5c3078dfc1d6b80a9ad90248d,node_1562
f2d0f3d47ae850f49a58f4977393bd0025af4bec,node_1563
36192061460f78b1093619c650084b0f8f331e93,node_1564
00bbfde6af97ce5efcf86b3401d265d42a95603d,node_1565
687bac2d3320083eb4530bf18bb8f8f721477600,node_1566
9360390b02b9a09ece9a2486055b17e18dc5d3f6,node_1567
fd6ff3e9db2eb1fb7403b7f93e03d7252900008e,node_1568
04cc3565535ad17e6a39555f2d43c2759d2270ad,node_1569
8d9489dde0aa56c6b2dcde532fa84fa4efdc18ae,node_1570
26ae970d202e6acc14b28efdaa80e62cd552a866,node_1571
18710cb80d977881bacef15e745f4c4ebef33ec0,node_1572
5496c52e2bd1e9a52a19eba96efc6aa1a60c9401,node_1573
f302e136c41db5de1d624412f68c9174cf7ae8be,node_1574
002c256d30d6be4b23d365a8de8ae0e67e4c9641,node_1575
77d956cdab4508d569ae5741549b78e715fd0749,node_1576
3e27c80ef6387282c0a7e87c7aec3ef80db4b33b,node_1577
9a7ac45eafe11ca003db3a300505f3b5c3f9009a,node_1578
0244faca33c8b4105daf8617e2b0db20cad511bb,node_1579
8036e7ec9251967aff7761a3fea181c81f833823,node_1580
60464c4bd94a14b63898e322f9ea651830e54ae0,node_1581
52ff452c2c38d082c07eb434996e07a8c242a692,node_1582
142ebbf4760145f591166bde2564ac70c001e927,node_1583
7574ac431d9b1f3ef5996746817a4ae7cad94ad3,node_1584
c530d0459308f2d85f0436b979ad8df0713632b5,node_1585
751c8884c1e857e675d85d8594c5f9b608005ed5,node_1586
d82c6b8081343b2eae63d45feefe630233ad60e1,node_1587
1d59fae73c33b9f7c3c41927f21fdc53e4d7355d,node_1588
eab74d4ff2cc145ab5e2b6fe3b950e32030a56cc,node_1589
d6a29be03a0497602e89311ec38e5141335647c5,node_1590
6920cd2d28ed5194b51a7733b738d5e1ae79c6f5,node_1591
a2b8faa634d6768bd5d043963071fa5583805914,node_1592
114dcd4be9eb6f5a7257fbfdb542cfab3153a292,node_1593
16e345dcf967183c86bce7366c079013de062669,node_1594
a6f171598db5a21ece1ac38010c48df19b2b23ca,node_1595
da2ed9d7804f138a1108089891fd07df15a70a3a,node_1596
48db5ad5610f1769ee5f6a8baa0bd128a1782965,node_1597
c6ee979c2da4b55a8486abae4cd720422ab09b26,node_1598
2c05aff08257ce48de0012a727b28091ecf48a44,node_1599
b46d7175e9df07dcd5df64f622721338781d9012,node_1600
eb9653ce46f91a7adf89993467caa68bef102898,node_1601
a40c23d4546a372021a26f4a84bac630812386d5,node_1602
dc2c51a547cd19efad7dfe8327d440a19ca46cdf,node_1603
706bfdaffb2c66415ca9fe74edf574d2d0476f59,node_1604
20aa776939c564cd9234489d22eef6835a83717e,node_1605
0c950ffe5dab0ff9598847bb6e4e342dd8c47c4d,node_1606
ce75d6fe1e11e25765a233bb64bec9462089294c,node_1607
6d227a30452f773cea678fa8872ed43566c4f394,node_1608
e2319081254122717b7c48dd4276d36e75a93a3f,node_1609
449c5660d637741f7aa7ff42549c32b43c9968bf,node_1610
b1bff38f79cd3aa4f24b8285da650735f970c57c,node_1611
6ae4705139494fcb6b790b6dd6c4225b40ee40f8,node_1612
8418b19807cdbec678d4a09e11c0d532c856c8d6,node_1613
c9ba0baad1092ca685ba46f23178801d445de390,node_1614
fcf723f8ef28c9e56f5f90ba90f63cff74215757,node_1615
04d3e91a32d424f8bc076ca632c444193166fb54,node_1616
ea4c0ab66529cac83f0b2b50eaef305da6a297e1,node_1617
a7381c3a8184d6c259eda7a2412edad50f2d50de,node_1618
367e43d1561fce27c919e2d370e42399a40846bd,node_1619
8ecf04b462d6b66dc6b66eb048ae1f3deb8e7e06,node_1620
7873368409757f8577714532a95109e5547bf1a5,node_1621
ce33c5e27c2cdb84268817cdd0147a46eba15d6a,node_1622
2967ab775f6cdabc6ab59010734f352dd3ebc8d6,node_1623
1733eb7792f7a43dd21f51f4d1017a1bffd217b5,node_1624
fd9541fe4317904b9a0637b6505fb0bea0979491,node_1625
20064fcd95602fb75575c70c82d1f83775241746,node_1626
2c763b13fa9c51d150940f9b7e5bd8e376cccf7f,node_1627
db633c6b1c286c0386f0078d8a2e6224e03a6227,node_1628
40e8af970329135ec95057d73e239dab805ad128,node_1629
6fefd138be7a96ad6fd5bc448b6be28f69c8198a,node_1630
dab79dd89a7213ffd59afb826aa62cd11a5b9c99,node_1631
d61031326150ba23f90e6587c13d99188209250e,node_1632
322991a51ea48f1c0537dfe55fbc6d9e273d1644,node_1633
0670e318213958cab2c22f2917768cb33465350e,node_1634
021fc345d40d3e6332cd2ef276e2eaa5e71102e4,node_1635
1f5979e340cc19407c8d5c08ae1568d3629904a0,node_1636
48322ffea7a86e94d8129eb4c81ad4710e54d4fe,node_1637
adac25c0aebd013f1225ec02636edfcc0bf4cf7c,node_1638
4a317e8d0716bf188ed1888b91055c8b89b34c2f,node_1639
3d8a94a51c6bfa58ad56f14b6ce754e970536e01,node_1640
1a0912bb76777469295bb2c059faee907e7f3258,node_1641
19f49c9d10724ab7b90cd3c8a78b7e14446de297,node_1642
8dd8ca953961b5311575b4364652689465f49b08,node_1643
f51497f463566581874c941353dd9d80069c5b77,node_1644
281b1099de129d188f99c8665115e911ffec8956,node_1645
f05e84702562cb693dd68d3d1c88072519a7bd71,node_1646
6075e203ccedc0f83f19c43178267e4292e78e51,node_1647
7b2899df2ed75d90c934bb6bc32fb425a1912418,node_1648
f4cba0db34aa0c389cec267ca1f3ba5255ea2645,node_1649
43f256d0aee035e129d304e447d4574fe232a671,node_1650
4052b228b9d843164f35069bb5c351103b3c86cc,node_1651
5f19ae1135a9500940978104ec15a5b8751bc7d2,node_1652
203a297db586ffb4cd858fe5f219a9a1571c87b2,node_1653
8f2e8c783f0338dac22224fe05030d744eda3b00,node_1654
d32ba88571141ed0ebe7aeefbaa4ccaf8cda7be3,node_1655
285558c9c1a3e9b45cad1088248c939aed13c35e,node_1656
39fd3d41f5ab882eea29dbe27eef8d0954b29856,node_1657
1c157b5422182c0ec38611fefba60008080c64a1,node_1658
cd27f45bc760447fb4de3209e2381ea3493bbd57,node_1659
b0128df0068cd2d7dbd0a4a10f12daa2a7a466a8,node_1660
beb028d015461759f0ab3c2661186e2268c6f71d,node_1661
ff0b2681d7b05e16c46dfb71d980cc2f605907cd,node_1662
017f1c28c7d4fb65c6fff7d3c2fff1687597e252,node_1663
f541fe066ede013b752ac86cd84a6d6b2bbd6827,node_1664
71bf0abe0793283427c65d0422dde63936e6f107,node_1665
e4809f6f569520fd2326c6b6a61aca7dff478e8e,node_1666
845d45dee9fc462b074cdb819928045ddfcecb84,node_1667
cb5b71a622aff47014d4f28a958679629a8b6363,node_1668
e8b3f92bd5b09ee90f74d3b82b60b3c2c796df33,node_1669
7956e2c2e829658db221b18232c8e83403adc1a7,node_1670
60e0540bcc54d5844a81baa8af870312195aa880,node_1671
5425de16356015c2f26d2a50684c6c46d6998f51,node_1672
f12a6168ed8de1aee69fee51b469b1aecd5f903e,node_1673
8cf15664e0200c27900365e7b62e0f7377d3e96c,node_1674
893a7e411de1b8f51f6b21b1bb0c06aea3e899d1,node_1675
e5668563602a35b106a4863d1e1588838d13d431,node_1676
9ea5874d261359e287eabb735de38a8edba1e091,node_1677
659bf9ce7175e1ec266ff54359e2bd76e0b7ff31,node_1678
66e2124f1b677c087f5e43c89c77265846dee593,node_1679
3076cfba160fc4d64eec459e2f99b307b72cb12a,node_1680
f2d257625e8029f6f4998deb6279f97e07e2893c,node_1681
3bbe0bf3171aeb77d1498f10dae50593273d4913,node_1682
e3052ebca5eeae6a8a73e44517903d39746f5f3a,node_1683
e8fc89cef9c78d6171fe7fd33cc76c63749d87ac,node_1684
53d43ccc593bf44e9aa52e3971df1b9dd396e30d,node_1685
0d83e42e5e729d91afbed96b333e9015f09286cf,node_1686
68c834c19cd126bbd6d25a3572d7205cfed76271,node_1687
a039ea239e37f53a2cb60c68e0a1967994353166,node_1688
9c9622eebe2ce463c43333dabaea9aeea729d335,node_1689
1406bb4cb6801bc4767b661308118c888a9b09da,node_1690
6c95608b50d360fc9b2043d5caf89ce804ed5696,node_1691
75a49f6f1388070b9413c569f7afca3ba238d0ca,node_1692
a27cad302a2264cb917ed7705b9f08ca34e3939d,node_1693
e409ce659b1aaa70d6c6ea2c4891e50322138b7a,node_1694
8db08a36e70ceae7191ac1a53a4301b94ab95a21,node_1695
5429bd2e98880ad677d2105efccd28549b910281,node_1696
ccd09ec1703990795c7e28a5449d63be2d3f70e1,node_1697
325143c178b6c303ff74631ed8d98f2f475ccc38,node_1698
e86f71ca2948d17b003a5f068db1ecb2b77827f7,node_1699
6b6b79c58733bf90f8a9a10bf4bfd1abbdf8e946,node_1700
a4a41319d5805a29316f24ed9519f09db77d4c29,node_1701
89d419482d339a81c059ee26aca4a611787f267c,node_1702
99832586d55f540f603637e458a292406a0ed75d,node_1703
b798cf6af813638fab09a8af6ad0f3df6c241485,node_1704
a5d5a3a9b3c31d03c4ab863b01a18120b0a847d1,node_1705
a7a350e384bd722ffacfde70145a5c67dec1d9ec,node_1706
803078355d5db058ffc8fe99d60e4210bd90de59,node_1707
6758a6db1bfb6ebc5134aea9ce0fc28dd2e031a4,node_1708
a235986fb5bb5fbfc8f6f100283582bb0230cf4e,node_1709
b5a41030e63ec899eaf567d958c26636902a1ed8,node_1710
c02602b2df00d450fc4dbb99124e2304d8738b45,node_1711
0f91f55e1505e72f07524f5d43651cbd74fa2b50,node_1712
4b5963b586a619e76d8a1d3c1f388a3e16f629cc,node_1713
8114cf0628c29e8309d6f1e2ef61030f64a7b28c,node_1714
ca3da73a8f12c486cb698061d1ca55181535f5ad,node_1715
9e8b7b0d4c628c12b6a65ab56ac5f33a35eff2e6,node_1716
95a251513853c6032bdecebd4b74e15795662986,node_1717
59f8e61e72265a602b86c4a964ba77b054434bc5,node_1718
29c5ab410a078415271644339899c61d737ec50e,node_1719
6bb46baf00a92f32ae0cad68e341ff65e953b2d6,node_1720
ba66035375b6593a5ecda066ad3426607d63ae31,node_1721
385c74957858e7d6856d48e72b5a902b4c1aa28c,node_1722
0d7345742e4c3ac99d3dd8087861e6955392276c,node_1723
567982eb9199414a81bb1d614e6d2a5789b268c4,node_1724
db96e019410006c3ee0ae0184800ab206f8704dd,node_1725
563c7f97b5d0e90b1069233b0edf7014892d30ec,node_1726
35aba190f28b5c39df333c06ca21f46bd4845eba,node_1727
e1536ad605cf2782c4b594fefd3c6018a71d2be5,node_1728
f02eaf9ea996c594574e07eccef8e45ba72d1c84,node_1729
3aaf6a2cbad5850ad81ab5c163599cb3d523436f,node_1730
0fa0a76ca02493d7f67e93e1c00489b863716c0a,node_1731
44ed9e2e8dff74c732784881ea3f89499bf32799,node_1732
549b789487996576b7df5a11a6fdfb8c02455fd3,node_1733
b931ce81c7ced2cf7b5b049836be06af5c049c00,node_1734
56b4a292ddfbc2b910bbf5f9ddcfff7b6d6e778a,node_1735
4bd25b9d7045a88bad4b40e6feda9e01ab93a72a,node_1736
d5da014705059c44ed8c7b54a1660815a0eaee26,node_1737
1f5cb502775398d9aef749d5373ff336002ed372,node_1738
4cbbb13fcb1b5a907595b3c997a7c9c25a712dad,node_1739
164e9a9ab16ecf675d1a82325282ef0aaa29d3b7,node_1740
f977a4cc189801190a278a629ec2bf4d1c06cfa8,node_1741
8de174ab5419b9d3127695405efd079808e956e8,node_1742
5f6275ed082f8fb223d304f5e6f3d1311749c1d0,node_1743
0353e7f78ad385e9e898d9a9de18a2aa7ed9d9ed,node_1744
3bd4d2de49d8a092abb295b845dba14874f8787d,node_1745
1da342e5387d577cea4312978330066b4f8276ed,node_1746
07826fc19e178b175c096a9b342fb602a75b2c55,node_1747
c59628de894a4aa7f91548bad5b4103b747256e8,node_1748
f66171f517beb463b55e01a786fc6e8c387b1423,node_1749
3dc7dc1bea9a4f70c02b6759a0bda7aca0005a9e,node_1750
6797227f672b1f60e6d62a3985ad59cd072eb737,node_1751
7ce39cdf7739532040d869e1f749e8e010e7b427,node_1752
eaaf5e6a7544e7a8c03c93c68e1744ed5a53c0c3,node_1753
65c9a5ee9635208edee2f0bced0f04b3a145b1e8,node_1754
2a8b771c1645f3a7b7f6aaf9241e3f88d11b14c1,node_1755
a2e128be33b85f8f91515e205bf0237ecc0546cc,node_1756
3fcf3c4674983f8cd2e1dd65611e3b84e6fa359f,node_1757
8277adb73817466d353bb7ea912fe58e3ccd0b7d,node_1758
7c9f4bece05a3c44f9c6daf65fc33f16ed571e12,node_1759
3b2ad6382bee18c8d952539df8882997d68769a7,node_1760
9506b3c0ca4ccf611f27199df81259ca486a8745,node_1761
20c4882d63558015ed91aec419c18c6af74f699f,node_1762
7d6168fbd3ed72f9098573007f4b8c2ec9e576b9,node_1763
615e5ef36c6757375dd1b8b363cc40d80e549002,node_1764
bf27f8cc6737700934f214180f5e62e71338b347,node_1765
ca75e6866632fe1e10c8c09103aca7bea6020a0b,node_1766
f21dd5c3c1431d8099c84693145920a88f8dc910,node_1767
0464d61587642f8c493d5c1687d58d5fbece139e,node_1768
5535a3cd501e5639657e2683011043813069d89f,node_1769
17b88fdba24e494134e5b33dc8aa8eb56bd2294e,node_1770
898842b1c1fb4689ffa2f20c0836961a962b7691,node_1771
1c66ca8dac77cd0ede0d9b0f7de8d8e1c41a0c7b,node_1772
705de5d08f8a792887a85f12c54a46a675884226,node_1773
582157494d72dd28dc28172f04dfd5f25fb17bff,node_1774
0d11d48303eb25a771581f404fcf4e7ad35e2f41,node_1775
863c581cd8edd7b9702fbf4f84cdbb068e7dff24,node_1776
64b6220e8b5e9e83e69a251335e18db079905d66,node_1777
0be19fd9896e5d40222c690cc3ff553adc7c0e27,node_1778
eee80c7eff186a241b3b6776027a30d31a441c6d,node_1779
ddcfc7b0fafbe8b47699f12c59772ccff11a4d32,node_1780
aacbe79a1d006bf121c5e78e06a4edd7f88b5b96,node_1781
42445823fb0156afddc8c72eaa5ee81dded5b965,node_1782
5d49f576afe0135d69ff2da91a9839b7081e4f2a,node_1783
9b487024ccc5c575a6d72a597ad65f92cce79a04,node_1784
92c0ad77e85d9a2613ef2299e5ed1a89f78f7b16,node_1785
e170227c1363b3d4142405948867e49b30bab46e,node_1786
d47a682723f710395454687319bb55635e653105,node_1787
7e5709d81558d3ef4265de29ea75931afeb1f2dd,node_1788
1c909ac1c331c0c246a88da047cbdcca9ec9b7e7,node_1789
f3e31b2216145be47c21ea8a1b4d7fbafe04c7b7,node_1790
e24a72d45111b862062c42520ca75a387e471668,node_1791
8a98efad01866deadb4ff7226c8aa0705cb49668,node_1792
b72ec63e118920bfd952fbe762c1cb202f45fc50,node_1793
efbaa87950b8b207f4814e68d12812ee1db3c628,node_1794
57cecf5d461394be1f5fb33277425543d9214d5b,node_1795
cd50f508d87549ad585aa7250d83a645cf96d0c9,node_1796
35db1c68ac5ac1156ef3df48e5fe7d7ded2689df,node_1797
3868293dee5b1dff83650bea83054b35c2e2ade8,node_1798
aaa7c28c84f284a9ef80c6f3e8db22158c9e8c62,node_1799
92d3a28ed07c944ad505021584dab0d088dea2c2,node_1800
82ad9723c5fc11ae57d9c3e47e9b4a5da818aab9,node_1801
3c6f2e0c5ff5dff6151c3e6489378a53318a75b4,node_1802
ef7455326ac1c2ef8eae84858f615af56659e316,node_1803
0e24343019a30dea9e2680919cd45d85a1d5c36c,node_1804
196f38764cb1b6b2796f167a22b1fd451e9ee397,node_1805
1b6e810ce0afd0dd093f789d2b2742d047e316d5,node_1806
d01f6e76e67a445f23f807c0d3e68fa0be9a2c9e,node_1807
54d7ae7cfee56b0e19fd42c45d365f760a41794d,node_1808
41da2a8eda22eecd5f12b94db416400adfaf54cb,node_1809
96a47bd554cc17d661251c393e3335ef7d19fd70,node_1810
2cbcd61bf8b994c96ada959e06a311e3e1c2d2d3,node_1811
e8eab4b623d12d8da28c8d8f3071c62a7485e929,node_1812
e552d8c4e0fab1fc9afdca876917277bf0823c88,node_1813
455a8838cde44f288d456d01c76ede95b56dc675,node_1814
fc8ce12d6186ddaa797e2b36d5e8eb7921425308,node_1815
0d08eabc4965dd5c5555fbb5712dd803d7ec006f,node_1816
7c1707db9aafd209aa93db3251e7ebd593d55876,node_1817
6fe1df479e612a474314b5f01354b51cb21aca85,node_1818
5bf79b92a28b614fc4068bf0b9aa052e27f0e018,node_1819
6ea5c7a8dcd2e516177cd1cc49c14babc0b2962c,node_1820
f82f152244b1cb861db0f290d55302011aee28dc,node_1821
5678937c75daa6f3a2eecdb2792d228ce479fbeb,node_1822
94a5f96308729e31c1ffbc0f0618db87795092fe,node_1823
46dec9123fcadf47f62fa27140d5edb75094ad3c,node_1824
4566c0d22ebf3c31180066ab23b6c445aeec78d5,node_1825
684ee7383ae4cc10a3b1d002f3cc97851521adc4,node_1826
fc0a0f42781075c0a55af009c819242d93d32cff,node_1827
17dbd7b72029181327732e4d11b52a08ed4630d0,node_1828
f0b3633483fc82521b22592da8ab61bc88ddfa01,node_1829
ed7172b60ad1dc21d27243d99692198c261c3047,node_1830
7139a5f730652abbeabf9e140009907d2c7da3e5,node_1831
41a8c615b8fefdddbb28e1c0a9edcaa446d15451,node_1832
b0a843ee1cd0d15086b1b6ec45e2f38d73e63b36,node_1833
afa10cc122e312f56c6e2fa81638ab4ec1745cef,node_1834
7ae42cc4b475a2192707d0ada7b3c60c347b621e,node_1835
1eb131a34fbb508a9dd8b646950c65901d6f1a5b,node_1836
5cd1bbca15b16826b05598c69fd2546985bc1f99,node_1837
89c3f847ded8200d1a1d09e278bb32fd721c9761,node_1838
455866ca838f356b53a7e3e5b344834f9e93dbbc,node_1839
fac04f5ad4e4eb4915334b0d748b486b6ce3a9b1,node_1840
05f02b4ed43d01f3efbbdcb454cc17b333f74817,node_1841
54fb839f621e3fe787437ab8ca5f37e7e4726bfe,node_1842
ac8d1e4c86266770571df0f412bbe89d8a003c77,node_1843
9cf745397e5b0316f964d7adf0a68f9899555d99,node_1844
e7551242d3b18cdf35aed564e26ab45e8d46fcc5,node_1845
884618c1572c3b8287466f7acc34a2ff347b9db2,node_1846
a48fd38cc34f8ffe9bcf043eafe11289627dd91a,node_1847
4ff1941c339535b142b73f5b83a74ac563fc8987,node_1848
6d130ebff26dbbf00e3c601973872ff0c0c4235f,node_1849
0b82eec3b92215b910c19102c33bcd13aa6f8bd0,node_1850
e37e0b8a320a8461075a102cffceb219751481b4,node_1851
2565b1ae47fb8e47017bee18ef1c602d6e1f4e44,node_1852
411114f989a3d1083d90afd265103132fee94ebe,node_1853
c98db3675bd3c80eef1835d4df7c7564c2ebb985,node_1854
8dafb105a0cec1956443003eeea9fcf13c0ffa99,node_1855
28c6ac721f54544162865f41c5692e70d61bccab,node_1856
fff665caf490d815b090f50bd6393bdff3a51829,node_1857
f30489a80f289092232bbdeb5d6d2fb3a3409cd2,node_1858
44d9ae29a5639deb5ac76c294593903b5e0abf1a,node_1859
e01ab53663e5df5961a021506a9cb09f4efc3788,node_1860
38d64919ba526868a850a0e5f6239d4c474b7e7e,node_1861
08d5a3a8b6a5079e02fd7c678a5daa673bc40644,node_1862
af1b1e96d329e1846724e74eef102dfa8d071e72,node_1863
f8a3bf178a9332760ab72133bf4be7f226b8d279,node_1864
df97763b38670fcf6086d5fd36382324e16e1d1b,node_1865
694d83d3430d054a99eed027f58ebfe00de6e46f,node_1866
3462eb6ba2b358ed95afca845e57f22cd0d79a8e,node_1867
1240aab236e13e83954c49b4be3c086b4311b4ae,node_1868
8f8532a193313b9b956a8df402dd7f879bbe1377,node_1869
65f1eb1b651590563aebcccadf5678d26f371ddd,node_1870
374f7c3ed1b168ab7e279c83f83af389997637ea,node_1871
cebba5910ff8b23040c4dbdce4e756cd9b931a8b,node_1872
0d38227805325c625c72defba576d62d19e2bfc6,node_1873
d9add6cfe4ca4b6d011525b5c1cbb93a67b935d3,node_1874
7c52661a4e3cd46f9719954b509a51c95b8940dd,node_1875
b76e865e070cb353b52a3cb1e50c86ec460da79e,node_1876
45f7128f74d21871ba7f9142596bc95fb193d1b6,node_1877
5dabfd77bceaf3c62c3de996563e9b1b52826dbd,node_1878
7e6a5123e71047d433d1b3bc150e73a05d863d54,node_1879
a70c50bff01547f00ce341cd7e42797f11c4cdc7,node_1880
913ee7ba20a868458c74cac66799d39dd0ef6c5d,node_1881
67dea28495cab71703993d0d52ca4733b9a66077,node_1882
7a4f3a0cfc0cc2aafa4ed1a2924380e82d5e3e4c,node_1883
f1ec7e8bbbc1b17c20f284a5628346f83b4f76ff,node_1884
89bd8efe0b9c0427cb7814d7b8c2b0190d2ffa9e,node_1885
3cf7fc968cb6db65881b45c3b7d66a8a40df28b0,node_1886
110f5dc6d5bfe67138d64c261d6851c727021d1f,node_1887
8b430ae5af9d7991cb3e698b2b30296fdf43dd15,node_1888
f2bb16b3bdf7307c25d471f2cb7e26cdb1a8a5d0,node_1889
bb9e8c39e23c522cd880d14c1925a5a2bbe9ce04,node_1890
26fc382cccd35a35f68f6fe8de8bd7b020fed18e,node_1891
cfbdf67fc11977637d4cb13ed7e1abce75623796,node_1892
ea212b068d291294aba25bd1956f32dc140d9bde,node_1893
791522e891976ae6dae427b215f04df58be33298,node_1894
2e5e233af949de7a0025b1c32b5899bcf0327ea1,node_1895
da411a75ffc80d1101c1c1ce21a966e27eec1aec,node_1896
9e47321ad908fbceb9acc2f57388541ba0f37b24,node_1897
f0dcc9aa31dc9b31b836bcac1b140c8c94a2982d,node_1898
f02a2cce9ad7992347862c27ba424bb0d1a03a21,node_1899
5516e3e9aee344776f7df4fcac15449ec58d14bf,node_1900
c5da69beecce35768639632f3b42e8a24a2866bc,node_1901
a751b77a051da6761b284eed4c5b07037bc9ba88,node_1902
aea02747682fe8f8a7a07698bc287e852262ec7c,node_1903
4450c251dfcb8ca2cede4c135578efa0d769b8f9,node_1904
9ac952402b7ed8b912a594a7f0dc454cc23bf45b,node_1905
e2d282bba1500e002c7c14ab49bd3d2216950b46,node_1906
ead6121fbc787d508dc6a6d7106f72bf0d647d03,node_1907
7619ed35ac30712fefd8f3e7f5d921f209f1268c,node_1908
ec936b808e0fab9281c050ad4010cddec92c8cbe,node_1909
c5ff974a69fd0c760b4855b819e61e89f31cfffe,node_1910
29eadc8a20594dcf62d505cf478149c4d4ec647e,node_1911
4fe7996ecb3a49a18b2245db1d5a20b0b60b8f2d,node_1912
1e909e2a8cdacdcdff125ebcc566f37cb869a1c8,node_1913
948dbff252b1dca5ff97472c31cc55c6788c5d6a,node_1914
4679d083fb4a90dd1bdeb5f86a6d8a84b9968f1e,node_1915
93bc0f66997dfcffceb4ab2a0e66181f2d624d24,node_1916
de23d38bc2604dcf334dcc46aff217eb6bcd1fe1,node_1917
6b135e922a0c673aeb0b05c5aeecdb6c794791c6,node_1918
14ad24cc03b0e997f84a07547bb4c179acf896b6,node_1919
fd5fe9840bf0a2d86683f6dcbd42e1c4db8c3730,node_1920
09d8841eeb362a2c04f055f70f16d634093c83bc,node_1921
ac37a459c46a464ac1326c821ba7d5595b50f1af,node_1922
94ce1d5924e05e8d75e43ce70044293ddcef850a,node_1923
0f3b3e9c74d6dc23245f9a51bee9e568ca47857f,node_1924
b611a8095630557229dc5fb6b07c272f1cd614da,node_1925
f230b6dfec4f4de855f4206e07e7e3dc129534d0,node_1926
8addb1718c2bc6bbb0d82cd1a57b41198bf65965,node_1927
7709a9eefa9a67510111aef2877f2834a76c8829,node_1928
a22b23b65cdbc0335b872ed7c7a7206c710f8997,node_1929
6f870f7f02a8c59c3e23f407f3ef00dd1dcf8fc4,node_1930
49a02664e552320a43cea541c07ca312e45350b5,node_1931
ac91892a8a6b6c3e97aa92b6fa8d54b42cade0ee,node_1932
3829db21ba6174bbe309267bad981c72f258c470,node_1933
af056d6b93f6e4451b8eaff14b95c7a23fb4908f,node_1934
182c7b40ff7560a5545764814338f55a2098e441,node_1935
210b0a3d76e93079cc51b03c4115fde545eea966,node_1936
446334ebc07b3c013b461558ecef8a994d10552c,node_1937
163435e58704e856aa84cc4189f1c61e080a14bd,node_1938
538288d24bdad73d831dfed44b706958287ed318,node_1939
4ad33969188555b8303b375e18f5c117a68387c6,node_1940
7cdaa08890895e1ad92afb5fad429690ad7b1dac,node_1941
094b6847434be00e41686529f45d895bd632f68a,node_1942
169b3f74f106b451a848e5bc36cf9e1803a7ed55,node_1943
bcdb5588ffc46d6aac0f20cbf18cab0a16d2baf7,node_1944
9060d9408fda662f717de99b004045ec1168e581,node_1945
11ecd5a6db2e1d77d097ea52d511053eaf241a8a,node_1946
31e819c209004ad32e92a524965e6286b9cae83c,node_1947
5206cfd1c806b2bb2ffd7682bc6d5f9d28279fb9,node_1948
d85623ffae865f9ef386644dd02d0ea2d6a8c8de,node_1949
78252edd0e5fb80491f75290af99d6c3f7c6a6ea,node_1950
8f3138f7ee5127faab265793be8ae278bc49d9b1,node_1951
ebc502a4d173f6550a8cd6384cb06f2c43c7c1a3,node_1952
848772a50cee68e88988ded7522e280d1c490598,node_1953
f010affab57b5fcf1cd6be23df79d8ec98c7289c,node_1954
16d8fd34413014815cad4adf54133b80ee747c81,node_1955
00e88a0c006296e53bb7d4cfc90a134883ad34fd,node_1956
9ad6ab78eadff118fad2afd6804cfba6bfa89223,node_1957
1e3aa619ffec13f676327259cb5a45ff1c734bfb,node_1958
dc651710957209c99399d4d3ef1f0579dfcba11c,node_1959
0e9d76c93819c94cf6e9d7356ef90eefe7f25258,node_1960
bf24391cacfca6398291ab36f42a73af01181b09,node_1961
41285a62729721aa7efd40bc9b2a5e321b2827d2,node_1962
dac3a172b504f4e33c029655e9befb3386e5f63a,node_1963
4585611042d2be0d997ee135e3fe219d668db9ec,node_1964
01a601d3f4cd6e0f453c770159ef2668a99fc2ec,node_1965
299847adf3ee558a760475ffa364facac3ebbb16,node_1966
13be5de1d2f2744da7357a14751e48a88e2834c3,node_1967
4a40a7822abf4764960998378601176bb99e7c0c,node_1968
8fcf5e276368c17d74e55d626a5ce5841bf64cdc,node_1969
e65b346d442e9962a4276dc1c1af2956d9d5f1eb,node_1970
41c1e54f605bea3450810c44b071724ab0270424,node_1971
fcef2258a963f3d3984a486185ddc4349c43aa35,node_1972
7b7853b6d8659d9027590f14639ccf5a616b2bca,node_1973
77cfb8ffd28b9cd06b4cb50c10f31135c9027b80,node_1974
d2874914a747367b4bc10b812d59a6b9f9ccb3d9,node_1975
502c1e8bba1578241c354a54926ca913d5fa9c8a,node_1976
8d5bc0b0ddca8740e4bec70231b7f0d12ded3d5d,node_1977
2ed7cc027367295b1a7d7cd49406acfa5c580138,node_1978
c035171837d9a608107be54517240aa9db8d9ded,node_1979
461a4e621439a7f930ab93c81f89fb221ac61041,node_1980
1b1084d1d3a2bd968973e7bf3222a393f94972e9,node_1981
f82f49c20c6acc69f884f05e3a9f1ceea91061ce,node_1982
5a23a489bb9e742edacc8b8e778b06e1594365d3,node_1983
41a88a490d7ba9e383ecb16c4290083413a08258,node_1984
027a49160cdda0210accc6be5b854c88a6d4e92c,node_1985
62522d001ec2b8c66af5dbfae19a1200c0bad74a,node_1986
b1890367317f0657c08ed96be4c474035b34b485,node_1987
a39f5d6fdfd88c9afb9bd04537d1085aa4b63c80,node_1988
c6e145e7e9e6a6e82e898d6e96997461cd5ec608,node_1989
5fc1a3a49e8f1d106118b69d1d6be3b6caa23da0,node_1990
5df84e11f671daf6ed0e26402b481c119f45f653,node_1991
47aab214d914305198812243f4ec5234a620fbab,node_1992
5d31c4c44b435c3a8e7f77d2c347b8d2ef29fe25,node_1993
c312e36fdfb00b9401c6fd8b033fc3f77669bb16,node_1994
06796ca506bb28419a734f777f069ea2f42c1eb9,node_1995
e7297db245c3feb1897720b173a59fe7e36babb7,node_1996
84109e1235b725f4bb44a54bab8b493bd723fdd3,node_1997
5cb87cd3b1feb8f39e565b1d054d37a3cf38b66c,node_1998
a327111002d3d76510970d1eec3f03fb85314f11,node_1999
9f1b79d77201016a2579c013c5d490a12ab596b7,node_2000
f2c17758e74707d379b87372528221656d14b697,node_2001
789b8487da7188442085983caba3ffaae05531e9,node_2002
c5047737b65948282f925cbcb7b4b4e06717583e,node_2003
77b1f1c6d1658d120456b9046667cf009ceb39ce,node_2004
d2bbf4307cd65e10d599abad0e202c2e8a68a1d2,node_2005
f5afaccfe90268485a9961c5771ec5e71e9b806c,node_2006
91cfe1a455c0c43bd344d2aec6f212f97d0b053c,node_2007
1a93d1d8961ec58d4c2a606d57fa746f34486c2c,node_2008
52fd344a921ee010f14259655330f712c3957b8d,node_2009
38fe8f324d2162e63a967a9ac6648974fc4c66f3,node_2010
b93fdc45061f9c415ad96c99e1d3198756c50d37,node_2011
e7d1ca872bc51ca1d03cc5265e8e0132d58dabfa,node_2012
55ea32647d1a58c029e5dfa1b6b6f886542ec171,node_2013
15d827cadb3e32592588f6ccd15e9d42cae1cd51,node_2014
a5fd373a00d454132687d4633124f4a3adfa4190,node_2015
26cea01efa02f6b28b5e19562b66c9af19f1d91e,node_2016
0767c2e1c4148fbb18103aa3ae15e5949aed5e46,node_2017
f4e612658bde9db88abfd455b99f181fdc536996,node_2018
a3ce3004a0eade48a3ae652dbf5c04a60c2416aa,node_2019
f014f0ea9867c2912e625b54d57713f1937d124f,node_2020
aa64d955454464ef5d921cc9df6682ff4921b2e3,node_2021
8793cb3e2d77f4f4750fdc99836518458e47ef44,node_2022
1bac1895263f10e52cbee5742fa7b896b5bc4976,node_2023
edfa18a4dd07afe54d18bab5c0dd3e24596ef9ef,node_2024
32ac52069e562d4f900afee70bdca63f53461481,node_2025
3d45fc603e34934fc589b9547307815f7723de34,node_2026
f7e2152d64c84d8fc7f3b80865399c09bf456031,node_2027
e2a58fd18961c3941102989e3a3d0d27c615e015,node_2028
6d312d75eaab80dc77a584baf89c13214810d877,node_2029
33112b58e3eb4a6506fa537d892dc6742c5e794d,node_2030
9a1a9ae2fc2911f1f275702bef38aa8f79c86986,node_2031
e42054d042e2e5b3efe6e96cd6dd1c76ab3ca358,node_2032
626cb14d800a9cea76a24487cd0d186c0cead18c,node_2033
957786aba1fbf389a1273f9375a313edb30f6232,node_2034
1c61f9ef06fe74505775a833ff849185757199e7,node_2035
478af52662b4aad754cbcb70d2b42e1f9dbc093e,node_2036
3f3a83d5f2892cbc6a31bcbd1a6f57d923b1fa82,node_2037
1fd54646ad1749c7532c3ee6647c2412e46d111f,node_2038
6c17de3e719c0f4d1df6a16f770c2a9a5f18206f,node_2039
94f4d0e54ebad9c0148f688d29f3f529ebe21371,node_2040
44d16a076c00ecada3d425203377e4ec951c4ed0,node_2041
882fc664a40187972f2f610041eaa99724e810df,node_2042
b0c9cad358abd5dc07bfdadc26d4687d6ccd0e4a,node_2043
a3b4b2a19043409a02bde45ae4a8a9948480874d,node_2044
313cfe3cf9e5cc64c1994de18f673704d524a7f0,node_2045
ad8be86505a4fb4a8b11b7c9006a35c1ae3e4e0b,node_2046
29dcc5cf6904260ed2dc4e85812af4117d614fe1,node_2047
2ccbafd636184c6edd83e585359514923b6cf849,node_2048
b896b846ae180d804c7290d8b9ae9ffc55325866,node_2049
a5036f31f0e629dc661f120b8c3b1f374d479ab8,node_2050
83ff50c729be0191aa766fe214bec3d852283fec,node_2051
34d85e5588fbaaf15bbffb43f80277281ee1113b,node_2052
30bb9ee2c44170ca3063b479d00d3356be3f1a50,node_2053
00d5c2f85f812d19a820e8d8c00b9ef290b25f5f,node_2054
a005bdec2395cccce42fad43a32aebb3d6284171,node_2055
8b7bfd0d0998a3d5407b03882d1171d78bf98a65,node_2056
88816ae492956f3004daa41357166f1181c0c1bf,node_2057
4882498b9e53a00abc25ee3c99252f14a26f54ec,node_2058
7df2d24f91116820d96ecf95574eb4b36c5fe6c3,node_2059
06214a0cf38875da38586e81539890f7ad8aeb1c,node_2060
0163c34cc797f76ed9cdf47918cdfb42636ae5c7,node_2061
a33a06ddc762fb855b6954c08d5aca603080b011,node_2062
e8d82e756f08d70bcf8c46a17b356694b9ff135d,node_2063
68c1bf884f0fc0e86641466a1f1fa67e79f16a17,node_2064
c71da533053d79ad267b1d74814a43dda7c584fb,node_2065
9b8dbfe1e2c8a52307d8a2c20b65ba22e406c9ea,node_2066
5eab78cb5f117dfb25b7c3e8e01586aa74f4739a,node_2067
d3abc2cd07e02f6349f335dfc27eb80413e54445,node_2068
eed1a4b3ec3b6de0fd1f0b8b2ec969b540fe41a0,node_2069
4aef44e4aeaf28868ae2f1fff2c4eb19ff4df1f6,node_2070
fa888e31f07110ae3f4d8388d4de217f407f133c,node_2071
f3ec0ee1538796c8d5e5633958106fbe394a32ad,node_2072
53f4fb0e9972989194368faf288ff8e3cba5bd60,node_2073
faf5f373bd9944028664ea3e7da2d6a1fe3bf335,node_2074
ac45bbf9940512d9d686cf8cd3a95969bc313570,node_2075
9f5ac3c9ce8d8ea095e83dae2de29694148429d1,node_2076
cc49514a9859ae171a7cd7eaae111990605a5e4e,node_2077
8cb908733160a00b45d8ad8e459649753781891d,node_2078
ea04cea955b1d959b0e36942216c07bd87f75bf9,node_2079
e4fd996d7caf2f1bef540172cc27b170967828c0,node_2080
407ab0f5ee9fef5d1e5df9d1f3854f25d32c1ad3,node_2081
f5f156935ef5b22135f15da8a1803605704f1393,node_2082
3eda43078ae1f4741f09be08c4ecab6229046a5c,node_2083
36f29113313ffa078bae9cdb62af3b295f65d3cd,node_2084
ad7129af0644dbcafa9aa2f111cb76526ea444a1,node_2085
1b9754450f493f3a2e478b895af2d212a800f756,node_2086
6d9900cb628dd512e9068bfdb326e8683aa2d046,node_2087
ef8a8bd193b1a0a5e2c834a7a28869a2ec85bab7,node_2088
88c9994ed55613154876684d3e0fdfc2abd0d601,node_2089
fd9b1ef62f2d08342ccb17a3eb135dfb6b6c8000,node_2090
21d255246cd7ddba24a651fd716950f893ea8eb2,node_2091
fd9e0fc8753f5b2c7af5f5ce03d819e48332925c,node_2092
8e469ffe74bd707a6cc3b4781c038ee44a225d0f,node_2093
965406129f7ce1dc5acd1374493e7d091a17cc6e,node_2094
849ae6530af6d1b0d5a2eef4dda84f8eed58ed22,node_2095
c8eee9766f0968e8f1b1be0731bc70b85be0ac97,node_2096
12be685687426658e9021f7068a12859c2751bb7,node_2097
3d1b34384499f77bf317b01594c8c60af212582b,node_2098
be1985ec9f0bce3b45c81e7b28b93acbaf7e20eb,node_2099
5920ed227978e6d5c2e1f0343ddd984f2ba81dd0,node_2100
bfafe855114d6eda972598cbd41e0754cc7384f7,node_2101
b887a39268ee41fea8d72f0ecd364eb72fe28a82,node_2102
10f97f1fb4f5c2c8e6c44d4a33da46d331dd4aeb,node_2103
370205dcfdab72c5551ea59b516097d5c3ee414a,node_2104
4b07942251b9101ff1e06a51fb506fcdf45e40bc,node_2105
b573936130a303493a67791df4b1cda87679b0ce,node_2106
0484f05b6b3c11a9344cb623649ae867f172046f,node_2107
ead6323f137c2f99ef0ffcfa34fa6eb1c6eca3c6,node_2108
699cf8cce0053dca8c70ccf78caf092d1cabb6e2,node_2109
2d351d2b1d2e9ece16854c925a1a30af39e829d9,node_2110
f8d75c913a4811fe9f2030ca8d965c3a6d49b423,node_2111
82dcef936d139b6ce8a6198a2de9c597b28b4ded,node_2112
b13d764aaa66737b2cb199031ef27fb7651c76c0,node_2113
9f7b186be79c4dcf35ce143a2e66d034256b9158,node_2114
315bffd94456ff2a214a5a972c2f5c7f2ddb2163,node_2115
97e50ed82a8d6f58993589b10c28bc82ffc5125e,node_2116
a1066659ec1afee9dce586f6f49b7d44527827e1,node_2117
4e0016dd49b44e07c50f8adea6ea8c21bc4c0b1e,node_2118
fbc980c37cb34a8275621a496ac49a39f5a333b6,node_2119
359e2e6350132015bc604c632a32e3605a79b360,node_2120
d7ca9a27a1694119480076cdfd3a2c566b492188,node_2121
a54b56af24bb4873ed0163b77df63b92bd018ddc,node_2122
37967601394bd4e14629be5e1d95a94eb949338f,node_2123
3eae260abb6e0a14943492d63fad62499c8c16d6,node_2124
18f9a6045ba01cb079c4fa49a630d71bbd27cd92,node_2125
e3aa232577bb427b1f3a34acbdef84bd85734042,node_2126
fed9cc193a14b84131812372d8d5857f8f304c52,node_2127
a7f2412556fb94994364212c51f5b46cdca61ed0,node_2128
7d5c661fa9a4255ee087e861f820564ea2e2bd6b,node_2129
a66b6c6544af9c7926d43ec0a2b144de968a50e7,node_2130
42c442552a575abae8a39cfe431264a786dc2f53,node_2131
f95fb254da1f7b74a14ac8feb3f834d64e67e4cd,node_2132
b7bf8fb8de6359b3b3273502f62f49d8df42911e,node_2133
18e0b11dd5b1b413d33308da0379836752aaaec1,node_2134
e2a4115bc5ce722ce42925470baa09149c35ec81,node_2135
4697e6d3a63f02a055fd236bc3e5b1ad8c45f6a3,node_2136
d276a83b9bd5aaf75c6d921841959118e0d59870,node_2137
693e79a8fd069979b80902b62a372488d8924862,node_2138
3db8730c203f88d7f08a6a99e8c02a077dc9b011,node_2139
c93f56ac6dd85b88ac54bc457b4fb78f5145296b,node_2140
0bfc804e31eecfd77f45e4ee7f4d629fffdcd628,node_2141
89713edb86935480d2223358de41104a72985ed4,node_2142
86c8e5e2979377f87c7fdb2108497d074943d462,node_2143
430a95e3cbebddf8d727c874e007d32ab844f148,node_2144
e0e76d0b1b384d43afa02f110a2b558b06a7d193,node_2145
3d52d429b4d83d096dd354e8470bf3655e8b67bc,node_2146
85e7d63f75c0916bd350a229e040c5fbb1472e7a,node_2147
552dc4b225983c166e4a5c6e1250f399a9797fc2,node_2148
23c2e21b6a5789724715f2986fdc586a517ffe57,node_2149
81ba832204450c0a77d5946f769949a3ebddb210,node_2150
2392b6d3a5cad9e5cf349169eaeee848266adf6a,node_2151
8597670fe9902b9e548a271e8718ff248964297e,node_2152
e9476c6a7b814223c1e53aa9bbfbb39604989cb8,node_2153
3d59b1bb545f544ab6c6ed7ab0d0ddd8610533b1,node_2154
dd813e5262cd2971ae78ea35a87b37e3a2021daf,node_2155
0e0a513624426e017a125d0498235b8f32ce9aa5,node_2156
c55a1df99c3cc63f47a52b3542453de293747f87,node_2157
6d7b8a478801bd9d21df82d5f33ae6eced90da5e,node_2158
d5be0c34014540b7337d83aca3e5939b592136f5,node_2159
2b0d7e51efd004fe3847f54863540c79312f3546,node_2160
69741f622962bfd17818d51bc7fa96b57392a351,node_2161
9ea0757c750ab1222a7442d3485a74d1c526b04c,node_2162
4b61685583bee8fd3f1c090c670136f7470646bf,node_2163
597d9134ffc53d9c3ba58368d12a3e4d24893bf0,node_2164
102a5c45e8371056c4acf8d40cf0177265af458e,node_2165
6d9452a76ad406781430f9f11c594274b21ca48b,node_2166
7362b81b808ebafd403eaec6f60a124340d68d71,node_2167
a75d5d380c51c73cedb0936f01805e464aee0900,node_2168
04234cd1cad396f76b96042227041abc9e525b0a,node_2169
2d272339f2284f8c34a2b3f4c1163731d43b1355,node_2170
627330dc218843e400b522e8845a7c655ef5bffc,node_2171
710ee946f14ff3218c91e5969207c5b459dc9783,node_2172
9bc7d16790fe7083c0880b1bd7f3aa2a7d005381,node_2173
9a7b9515b66bf83c9c808626206eabe9a8837c22,node_2174
4ef66b4f6da144cc646f7cf7967f2dfed944434b,node_2175
bb928287d96ba550c7cc2aef8fde1a93db322add,node_2176
45c0828baec1dd53b81f1b2635788fdf27d0792d,node_2177
98e728f17fb3f6ba103f6e6b543bcec09000225d,node_2178
55ee883d33ce4e434495921d153f2fda536b154f,node_2179
af47fadf6adaa81c949c82c8479734d4ea727795,node_2180
67ee0b90c1c1c5017980b19d7f22410091735afe,node_2181
a4a2cc98c99e94b8744c81b5f5c8d5443d6b7589,node_2182
51f931afb9437c9512ae0058041e260d6f9ea27c,node_2183
04cda88826c63dcd7d19597dfad6b7bd2ae41530,node_2184
cd29f36cf7952f6e41fb9563846a4b5363179671,node_2185
b58d8579ece27a60432e667bfbdb750590fa65d9,node_2186
b8d69adb526dc1c71fdb96455eaadf93519b4e8d,node_2187
bdef059783dd682dbf79b2ae0c1fad470515686c,node_2188
57a16e741016638dfd5b5f4c8a839c65ef83b817,node_2189
350403f479a8c3b2983b576f1f56d8d19aac876f,node_2190
a8b21f72bdc251689f636d3d7ff52a6b85ab7ce9,node_2191
762ca2711eb167f19b79e39c175708ca15e1f5d7,node_2192
53b6cc2263847720a514047b660b196af3114f57,node_2193
fbd2c8089870814449f9254a711041bbae145a82,node_2194
a16ae67070de155789a871cb27ecbf9eaa98b379,node_2195
c237a22698223e4060d83027f399f4fb2aa24291,node_2196
b9ca6db27f02a9ddf0d4fdb51b26432c99a27be0,node_2197
6c4b76232bb72897685d19b3d264c6ee3005bc2b,node_2198
535b3d2d052c4c6d8a7e72e5e7b575aa39bb8b0f,node_2199
df72dc483ee76a89f18dec2ac17ca041df6afa16,node_2200
5456e833710dba2bb3ae92621fa89c27733b1db0,node_2201
cbf8b22de75aa61a00e0100b9b4e8abb18bc11c3,node_2202
93d63ec754f29fa22572615320afe0521f7ec66d,node_2203
b8d3151df4a688294f7303dbb390d9a84fca74b5,node_2204
d42b11ce90c9c69a20ed015b73dc33e0e4100a7b,node_2205
124d4d374fbef2016fa9880489871a58a7450644,node_2206
2f64a7cf3a0229199b2ca0925bc25704f1abd9d0,node_2207
721149194c40b3d7034f88c391f851747680e2f7,node_2208
729a2761d021ab812e3bf4add3fc8c06b1ea5cc3,node_2209
3779eb026be03d5d6a57de67c06ed373cc995d25,node_2210
932a5de79d8a8ebb75ea0c43493450fd9922e738,node_2211
e36d65120910869aa4d8a87e578dc36545ec4258,node_2212
5471114e37448bea2457b74894b1ecb92bbcfdf6,node_2213
2e965b5d97c2d6fb4af284307735be39283792ba,node_2214
03055978e278960de9fbb5c648b1779ef9f26cd1,node_2215
c882cfe0f616b795839c56713e56d7a4c09c76ee,node_2216
18d83103fb98905ccbce420987470eb2ea021187,node_2217
27a6dc0300eb6a002e8f53c2dacd3495c034f9ff,node_2218
5c7a21e9262b62f0a27fefdc8b1270dfdcbd3912,node_2219
77c6de7b7dd92cc983a2d42cedfb858586cd5c0f,node_2220
d1101476c85ae324142440e9f568ecbf41625be5,node_2221
a5f364f14975eac19fb277c08b0eb663f27215b7,node_2222
0ee5fd7f997c49c540835e4db18b34acf7a9a4cf,node_2223
2ef7bbcba4e0e94151724a0462ad8e8000085f44,node_2224
e3f9b20c50a146fdaeb23873c5522adb40b7a9b3,node_2225
6d08855f2472b3d75866d4a46e3b5f183cf8dfdb,node_2226
708b38bbe4e57e8c49fb2c6e5794eed80e675fb2,node_2227
e1aebdbae4de809f5683bb303a8d044b7100abd7,node_2228
a02fbaf22237a1aedacb1320b6007cd70c1fe6ec,node_2229
9978f937189a279a726545a734d20558095e7a0a,node_2230
edddeeca4865264596c13943695e9d3f3f623b03,node_2231
143e18bfd7c356592e7c1439738a3525d3e16279,node_2232
26218bdcc3945c7edae7aa2adbfba4cd820a2df3,node_2233
d617f51833860dc50d202af7f80be71304b2e994,node_2234
62e348e26976c3ef77909b9af9788ebc2509009a,node_2235
b6b9cf00698a76d7a1e5ba58baa92d8799366813,node_2236
10d2842131634263b5a6875319ff53c0da6a7398,node_2237
4c105e888f749201b5127f60f1d9aa8ed451a19c,node_2238
f51b3338c731e11cd2574de5a02cc28d306df2cf,node_2239
2e328d7ba942321201f5594623f9fe1db6264440,node_2240
2f231367b55f30186467158c644a9890c498e4cf,node_2241
f95d2c974e6aa2497b85342296b863d0d10c0892,node_2242
bffe2951b1ec9ebde3677a7aadc8b91212a9fdfc,node_2243
a031b094c27d0107ce22200857c885d39f27eed7,node_2244
6544b41d4412f315842465f11998fa6cd4486427,node_2245
a98862ffe4c18634a67a3df8a965a35e5e0d7ec8,node_2246
b5e63da24d471d85d9f6fb0e2cab9e431dd78960,node_2247
36aff757c91d67ece4f1d0b90550f2bc70e58c16,node_2248
0ff5e819de369ccca6a65f9fabea859382e061c3,node_2249
2287c77e0e8c533647577c2ddc6dfa0d509db6bb,node_2250
59b3fbf146b29b581b677ec4384f14cee87997a4,node_2251
ec1cec03d80cb6cf7330ba03f01d1d08ab5d598f,node_2252
b03cfca7672e60cbe7999853e9c6f833ab20e012,node_2253
cf4aa38ae31b43fd07abe13b4ffdb265babb7be1,node_2254
4c915c1eecb217c123a36dc6d3ce52d12c742614,node_2255
93370584f723afba8a219f261139161b3f0ea583,node_2256
76ca82a69218ff3e9ba0df7c82a2ade60876fd42,node_2257
3cd81b0123b5f8477f6b5777681030ef6b05dd46,node_2258
cc3b41c4d2ededb94b481089633ecb43d6b2162f,node_2259
ff4c1f00d92a16b7018ea90f5cea89606675785e,node_2260
67820785cf3c849fce6ba1e401ab3e1c231c7e73,node_2261
a84e28d8d50763d052c024cd2c8de966390f954a,node_2262
0c72450890a54b68d63baa99376131fda8f06cf9,node_2263
132d1ab4bb4e4d2bd0563f6fe7b3f932dd3ce975,node_2264
14bddd084b0f6cdafc136a564cfcd6e363333cc9,node_2265
99eee47dad469790042b973bc7cb40cb63a660b1,node_2266
267f1de5ff863ab03f8c48c7ac3df1d422de7c3b,node_2267
9628b1d47a7e9684af3ca912ab85e3877ea3d373,node_2268
592c14f2a0c0bb1ac7affae3cb0dfac2ccc15bcc,node_2269
514c0e09e996004e1c2139015fcf26610f958d34,node_2270
7c771743d0e247ce56c9b4670d751abbb439e1fa,node_2271
82256b0680c7b683566d54541816e8817b49a44d,node_2272
3a288c63576fc385910cb5bc44eaea75b442e62e,node_2273
438c19fdd0f14f5082441db0c4183a50e7224b1b,node_2274
9834163e0c2612ab73d231929db166d528f893bc,node_2275
a816817423d4ab4e02c307b5a8f54e374d80caac,node_2276
19088493a3cd9efee88bc074112a832f0e704729,node_2277
39a2072f66a8cae095659145b090c0ddbc12054b,node_2278
abe081a4c978025f03615424e304d4aaed408923,node_2279
ecd9380385f032a3bde01303c75b6d434a308b0d,node_2280
b43359be43cabdbe3a8ffd60ea8a68acf25cb22e,node_2281
9baeb262c3961f46636c9a657a6996640af6a092,node_2282
cb825a12a3140be1639be375ff03daf0fa4a1ad9,node_2283
270893518e80a7f97dc7deaca3829dc4194681e5,node_2284
56edaa1368ff4dfa45388e4be24fdfbded7d88a7,node_2285
047acf4fb943abe607c4137b029822d5b116670e,node_2286
1f956ab9f921371dedc618a107d8f64704bbb36e,node_2287
66470e91785b48f54d17522d82678e3f29f01290,node_2288
d981ce332586e6a29f595cbdfa9347cf425e5cd0,node_2289
15614ec098a60e6a1be9b8c7bc496351908d2c1c,node_2290
2f18d7ae3812d23fb785f1468f4b0fb94f9faa6e,node_2291
0db2a1ddb533d659e5f0146cd4c2c52f86709ca2,node_2292
fa8ae3cece8b35bcb31cf64ec30e20ebc2139c94,node_2293
d0069db0e146ba6417ee080a545b32ba558808fc,node_2294
c678b75beee20328bbd1f9a62316205e8ad2fdd2,node_2295
5bd44a34457d3f323eea4d961dd762003be3961d,node_2296
3c026fbab985ad0af6bfe4818b94c29a286fa4b7,node_2297
6a3a585e3aeda5f0faed5df1ee659d98d3e27599,node_2298
386160cdedd43da642128bfe8d829c1acd188f1c,node_2299
e0d8768e4759eb16674c7b1e495ccaa4f7752694,node_2300
c7fa68b000db6bca4ba10ec42565497f7df91f02,node_2301
dd4cfde3e135f799a9a71b4f57e13a29de89f7e3,node_2302
7e7343a5608fff1c68c5259db0c77b9193f1546d,node_2303
9724146c603f6fc6b11cad225e96866921219ba3,node_2304
e4ce10063cd25447dcde75c2d9ce327446ced952,node_2305
650f0b6e0d3e50bbc5a3317f0f6759889f3d1c7f,node_2306
8a608d30bd3a467efdd1caa07e3e6d025ec567c5,node_2307
d66f0c3dd4a1086be733f151f1635790d8808fac,node_2308
94e17ccf5f999689788ba072d8fafa42fe073333,node_2309
133e0fcb3a3a903e765844ae98d367795b8f3d8d,node_2310
854eca61a57d2c1ea1019663caf022bc8fd0b909,node_2311
7151ca0e073fe5d4aa39fc010284f95d0d7178c0,node_2312
1a71f7b216b710b936da666027014adb83af8e7a,node_2313
96a6df2b4aa50cfbd8984933e9c66b0763fc08a6,node_2314
c1f235b2e25c542e2983ed28e2e112eaca6ed4c5,node_2315
39999a69f2c2b7e8daa676715d58d768cde2fecb,node_2316
6052486bc9144dc1730c12bf35323af3792a1fd0,node_2317
ecdd53eaab7455daea27609b07a418a21aa7ad35,node_2318
40fdf6a797754d0b09999ed44fa839c485d0f4ab,node_2319
f15662437b0cf9eaa1d9838d35143a7e127a1df5,node_2320
d030f4520d7fe1b74ac09042fbe6458fd4ed4f79,node_2321
bd1331b233e84bab7eba503abc60b31ac08e7881,node_2322
cd7d770eabb4dab6894d9f91d2c3bc337e94a4e1,node_2323
07e46132081b2e42306897c6939cf372fd1b4432,node_2324
f197bf0fc2f228483f6af3285000d54d8d97f9eb,node_2325
28a99908f76258acfdfd63943c7a0469bcaacc6e,node_2326
e23379a9752f57732d311f7a97af2c69af6fae7b,node_2327
2f7364d8e5cf94315bf8905f57de9c5543e9a4bf,node_2328
884991ec17dd08c986f278b53c852532fbbbc799,node_2329
31972c0530472cb75aacc51cc225bc850a65b376,node_2330
b5503967d39557a77c70076c308183e92d6d775a,node_2331
b92fd2d879241850ea808278ca3902b72fa88d4f,node_2332
ea53da98d9543946362f6e9553b45a6e046e372e,node_2333
10eda4521c032adabaa8e70d6569e17370b29dcd,node_2334
e030dc28ec35f4931b97622dab261134af744b81,node_2335
642d0f49b7826adcf986616f4af77e736229990f,node_2336
9f5b740169b1557852e945ba745a7a2c05c56dcc,node_2337
57404457c52bbaead08adef52eba2fc7e161b492,node_2338
3def68bd0f856886d34272840a7f81588f2bc082,node_2339
ec4c8d99eb1c028c43af6d8bbf727392d351cb59,node_2340
4dbae943822dcb21d3d1dd757b70740615bb4172,node_2341
3299a03c49bc1a0a5f396ae6c6a659fe2b4ee3b0,node_2342
979905a2073f74bc3a303b8e599115c50795cec7,node_2343
1122b654f8b47c1aa9c04ff6bbe7561c798e2ad0,node_2344
11d5308ef2590e5946277c16b86d8c830a12b945,node_2345
c04df476c0b4cc048249472564c6940e773c9be0,node_2346
1784cd42207a12bdc4061bb0f78bc8d5c82f61dd,node_2347
c31396f00c4e4ddba20d085d0da819b89c71bf4a,node_2348
b5287050d7ec3570c21d36012ad9d376c02b0140,node_2349
5b70e69b65b29d231d37bea354b25c05daec07e2,node_2350
d25b7c6e30725feaac3d28b584653cf61d50c5ad,node_2351
458111ac5a0f73bb35a2acf55298268be25ccfa2,node_2352
e978f2f723aaa7772da7c03153cc89c847d18109,node_2353
c37f1baac3c8ba30250084f067167ac3837cf6fd,node_2354
046fbe90b2e20fa2a396c9813c23b857eeb9cb21,node_2355
35b9b9404695ec566f554cc2138ee60e9c45e7a9,node_2356
36d442f59c61ea2912d227c24dee76778c546b0a,node_2357
7895137ad9283d3e62141c15502765f5d739035e,node_2358
64b63dc2f20a3407675e6e31675472d7129cdf6f,node_2359
e05cf0fbd82a98d4a1b7e4033b65e0accabae4e0,node_2360
07d639436125ee204202cb0b34a081cde31e5214,node_2361
61b3ae594ebc6b055dff24ea97fc784e09f14a9c,node_2362
2f5c19e3884dce851931d1dddb729694a1c90f1f,node_2363
ab8fe99d75808a1d5212ef1ea0183f4023130519,node_2364
d3a771bebd7b694b150aa05164fb2e82a9951a6e,node_2365
377d9e78d7df52aef5fe6f27b5832868b1072ac1,node_2366
6bf28ebbb8df92582bc53a7fe49016e0caa4c074,node_2367
f7c99ee4025a033f77d29502bf29c27455c69896,node_2368
03c294ad75bd1bac92217419ac25358227f6a901,node_2369
65e3c4a71c35834d9b54b260ed65290a1d680fc0,node_2370
9949819edaa4c630cff2753fd5118fe026634080,node_2371
eed00d930ec2154720aa06be0caf9571ce5650a4,node_2372
65e997b202024ed900a5f07611e1b287d576e5e5,node_2373
3d253a9e82879dfab71e212a58a366da500265c5,node_2374
f6fa682b62c7981402336ca57da1196ccbf3fc54,node_2375
373945fb9fb6246ae1da71874f40c83b4b1fcf5f,node_2376
ac8ab51a86f1a9ae74dd0e4576d1a019f5e654ed,node_2377
d74bf37c83797c7a7fab19428ff014f2f0d4e035,node_2378
db40c7a2ae4bff0063ef073a4e204c28ea851481,node_2379
89c0806acdb92b939cf461b9a7d80dc94d827976,node_2380
5b338b8d83fb37eac61ee0d35d29a61f48b80091,node_2381
985298bd0b6f4c84ab34bb15cfed0b092f43b83a,node_2382
053b1d7b97eb2c91fc3921d589c160b0923c70b1,node_2383
f631c058c2c6a6e3fe720929b96959fd93351956,node_2384
8ae1af4a424f5e464d46903bc3d18fe1cf1434ff,node_2385
09e2391ab4c266f96c71cc379c1a7c7ddd40ee33,node_2386
532c7d150d7bfece96e3c51ad0c8e4e18271912c,node_2387
94168692edb14b8b15f16ec0d793d22d3137be48,node_2388
12d1d070a53d4084d88a77b8b143bad51c40c38f,node_2389
31c8a5dc45bacc914a8b4a79a2c6d48f30058e6a,node_2390
420f5f90144cba2c061b1d37ec706076fc7286d5,node_2391
668f42a4d4094f0a66d402a16087e14269b31a1f,node_2392
9a8aac1c8ef62f87d78808429d6acdbcf7d1d657,node_2393
1d68c0c5e0262776ca8bf3593f0d8e4948521c61,node_2394
6f87f020fee2ce2ffd8b9353d227c032ad89ce0d,node_2395
5b3e0156fb6076f7e7b28a0bfccc11f4fa7ed597,node_2396
67d2979fb0c877a8c95194a7433db2e98b3a6d55,node_2397
78d08b8ab4132defffe98ec7f80a51452203f70d,node_2398
6ff7b6ce44dc24a3504025e1faf45b0d106fee18,node_2399
495ff871fc1e8f940bf641d2370741d9fd2b3fd9,node_2400
1bccca9673ec8aff2fd4c505952f554b717b2cf3,node_2401
4959eb22ceed07fc82eb26a5a7190ff718529d55,node_2402
a05148b077418259989511ed8031ce05689a16aa,node_2403
ba90af2e22c358724e6796e95543fe4e9ebba3dd,node_2404
76bc4ccc7506c51e28225593f94d437d7f88ceb3,node_2405
965ea5946708f0b669403a377c48e78e9326be61,node_2406
03039fbfcc6d46c2d52ec039f923990d4c95de85,node_2407
002473631670880afdd078368ffde7e4825ad12e,node_2408
60bd26bdb23ba353e5d79f161542dd074bc8391c,node_2409
a7c3be493781b8c8404869db17420a970bbfb452,node_2410
4e3ef44cc63b1b7e95c6c7dc2ed4f0cb3feb821d,node_2411
9dee70e17a06fa067cf408d1a4a862f2ec77baa3,node_2412
e59dc5087efe8cd2f2a24106e143eff4963b8bb3,node_2413
722b68c9a6b70ac753be1760fa2a2b22f0233a0d,node_2414
295508e252574cbad85b84ee65cb90f23a616d3b,node_2415
cde48b24264e44355abb0e548a2cf7c70bb072b4,node_2416
9a600cbe6d3b6898c98013acc967971c2d4d527e,node_2417
ad4a0938c48e61b7827869e4ac3baffd0aefab35,node_2418
8738cf80088f2868d35e3bd5366e873e1adcd73a,node_2419
97bd253add4eb7b62e9e84bc2b93bc06a742cab4,node_2420
2e6cf09a6fd4d7881d91dcb9f0fd790dd2678a28,node_2421
696753d59185436ec95ecf3021c413f353be4874,node_2422
8cfb990489950eb5734198ef163410a387081c20,node_2423
1d88162907ff9a0b4ca9e39db3b8d593fb83bc64,node_2424
bc145083eadcd03fc4567ab52b51bd30392ca1f9,node_2425
06f8939ea2e16cbe943336e631d699b4bde4df9e,node_2426
4eecaf220ba0310212de754716db3ce6cadb6afd,node_2427
e5bf9d2ff9294a2d5ebf25e2350f048bacbe6297,node_2428
47765b3bcb88d9673032dba8b6d13421fde4a1e2,node_2429
6cff9cec509a86f6cdf678bd39c48a7b191e459d,node_2430
7d4ea31ec7a6a693dc15f69ac464b1d01d3e5745,node_2431
3a51d62c874d672b8ecb530104e4bf4c06358ea7,node_2432
9d1e2ff8f18dc7fcdef1722fc840a90feb33970e,node_2433
7533d30329cfdbf04ee8ee82bfef792d08015ee5,node_2434
6eb46737bf0ef916a7f906ec6a8da82a45ffb623,node_2435
5bcaa7678540e6009876e27a58e6c9e47ad6dbf4,node_2436
ebf4575298a812c69f9693fe6c32e6f49d2c637b,node_2437
23b0add4a5d3e2d406101662c3ada5fbf91484e1,node_2438
7477d567f2e3ebfdea2030093b0b462c78a4c880,node_2439
4f361411d639721dadfe8b10d628fb93e728c021,node_2440
ca2f1088d3e581b2c6c75cf0ebc96506d620f64d,node_2441
7a9348b148a01b13a24cde828cfbaf81438e7e17,node_2442
a9161bb1bf727532e1a4aacb7ba1d7cf175edde0,node_2443
aa379ef402f669bba926a51801916589e9197f82,node_2444
4f601b4e561557c7a0bd5a741a54cabaec7dc70e,node_2445
609388836de5f412e8ef0173751af914e4db6efe,node_2446
cab8b511685c8afea02ffa91c2adde7c5092c7a6,node_2447
96510bfcef0761888f82ad44601bae3a5b65dcbc,node_2448
0ef006f9900185ac6ede39352d1de1ddee7923b6,node_2449
6485be47d22b7c2b07886af397c460e81f4d29a5,node_2450
844bc3b26b5c63ec3b251ae634c194dcfb41a7d2,node_2451
aa3517c664890cd36aee3cfff0f09d2645e373b6,node_2452
cbc5ef843555e2bb6380bac17b66b4ea5a68b2e1,node_2453
aed8f01122d1a89c43900e995c80bfda7936568e,node_2454
1c67521144ba9318b1acee6d802aabaf49591d7b,node_2455
bd3558bc203b5006d5bcdc214bfcc65430c576d1,node_2456
40c5441aad96b366996e6af163ca9473a19bb9ad,node_2457
53f5ab272f9d10047ece88f2cc957160e47f5ea9,node_2458
e19b54ad4c1c8af045069e9cac350ffc2ce60e1a,node_2459
acdb4b5a64c0872655379efd7889e692b5d7d7f6,node_2460
5f0a1418494c5c8cc669fbf3a3a8395020122a2a,node_2461
2d42857ba90f53ae8618443d05f1b23df8128380,node_2462
3880048f1790d8b99b213afed6c0ea0902f10ba3,node_2463
186089ded741cbd5074de60ccaad6c2c1bdcf0c0,node_2464
60b8ad6177230ad5402af409a6edb5af441baeb4,node_2465
8696b333dedc75743119a44e7b6cefcc7bc0dec4,node_2466
e6b82de3d1fdf132c21e1d106ddbbb49ae21feb7,node_2467
a8e8f3c8d4418c8d62e306538c9c1292635e9d27,node_2468
b1afad9875b76d2746c9c1bcad2c693110920987,node_2469
66c10bf1f11bc1b2d92204d8f8391d087f6de1c4,node_2470
0ad80a46a44506c083b0018f831311e5f8a2ee44,node_2471
38b0567e83386ddc294d6c81b541deacbd8e3c2a,node_2472
ce5ce72111b0950b3b5fdec0fd9d4a8c06544b02,node_2473
6e74d2927f5d6f8a88da28b21c65056199741024,node_2474
d0476004085419b8a44953f5cdab11442c12ffaa,node_2475
f5a11bc66bdde5e9113586d34fd8e1640952db39,node_2476
bf21281f3faba32b275012bc90b10e7e988b8867,node_2477
a75f9046621c3bc43375f11b5100e70111a5663b,node_2478
25ca4a36df2955b345634b5f8a6b6bb66a774b3c,node_2479
017bca4e95233072396520fdd1e8349c56fa3cb7,node_2480
395de0bd3837fdf4b4b5e5f04835bcc69c279481,node_2481
cb9926893a6249babaf4f8b0379b47af25ebdebe,node_2482
2244c029613722dc028a344f16ae544025b021e5,node_2483
1839b34a1df105008fcdcda6502336fede9786da,node_2484
627bd1dbbf8c237c9819c0c593091aadd604f8c0,node_2485
d198a5a1a0c6e31bd0ad70658c8c2a74b8753aed,node_2486
4ca3b996d888d7178dbbf9855bb2ab253bdfa43d,node_2487
20461f6987f1846beb1cae0863d2aac35cba76fe,node_2488
8b678b2716eff1a572d10046350db4c4a39299ca,node_2489
b33fc556d3737f557c759db0044030ca77874855,node_2490
397ba48d1afa1f339120ba26368c30994f63559f,node_2491
fe5220f88fabd07a187c0c9602f34c55bb65aeec,node_2492
a2e2a9f9ff9b6428eaebb3bccf3bf614e3e7f521,node_2493
0856da236950fbc206ba69d94b32b436f52c1e74,node_2494
9756ddd4667ac9a514cd16a97bfeba57aa2ccedb,node_2495
7a335bc70fed77651be02223239d952fc58f080f,node_2496
f16c669c126c800dac38d445ddd178ffb9af5b7a,node_2497
92369ecc7a20736130e4a49681ccd535da3f6b64,node_2498
0e7638dc16a5e5e9e46c91272bfb9c3dd242ef6d,node_2499
d08218f29da505a11abfd1f245b3cb8e121480a4,node_2500
4482c422214a0f640e51436f6ae5c4779fe85e89,node_2501
c8ff66d1b15e2349c53a7c63ec740dc424787d74,node_2502
fea901c4c075dc268fb3f3124dec01443ae2cc2a,node_2503
ddc3615079a20a60b095889baa523a69cb367a66,node_2504
4d1c856275744c0284312a3a50efb6ca9dc4cd4c,node_2505
127811f1f415af7c5d4ade28f118801f0548f694,node_2506
af3056123820635635479f65b90022021823354f,node_2507
be55e8ec4213868db08f2c3168ae666001bea4b8,node_2508
d012cad215943712a220140c7a44bd6b6e4dead1,node_2509
d048c9ad2fdf0a5155110271358e30cd24f53bda,node_2510
6ee1964f089db48c9750c99ce658fe7f17a33477,node_2511
b6854abdbf539b126751326d8347d6c0f038ebbb,node_2512
8e4e470511c6d669b6b97b40d6284534043954fb,node_2513
2b4731c5aa4627d0d4a58b45af1d9dccf0e03221,node_2514
7c363f962654392d67a3323cfeba4ae9cf1dec32,node_2515
02fe86259bdb6680a2b7316e1f608809ef551d69,node_2516
f16841e022038e94a59f7e0a82002102b78d79a4,node_2517
20f63033e8775cbab0692aed92d38da7e725d64e,node_2518
3e5e5c2098de36a144728e766c58eed3e77a1eff,node_2519
69535d3c6ff3238f8e7b2b29c1d40ea9d9d7914f,node_2520
bc5c73c101da795cfa44e4ac7751cdedca9b6d93,node_2521
a8386744fbbcc074c224efadb9290b538b84af23,node_2522
9c9c2b6e9e224171eb177c82250c55f7ac299959,node_2523
d9b7a627485d0351048ef5793770108a9511ac16,node_2524
40062609eb58f2e97b174d531b9f5c5b0f8bfb03,node_2525
387b2fca2a1cdf3a9101aa111eeb12e1896df27f,node_2526
fe37d3287f1fc4a718f4b595083c75d5f70f0ed6,node_2527
47030369e97cc44d4b2e3cf1be85da0fd134904a,node_2528
5fdc0d1c69ec861a3de5850f3b6e976f58b83622,node_2529
a049555721f17ed79a97fd492c8fc9a3f8f8aa17,node_2530
3eb25b4eb27808f9a6c619cdcd764140d691dea8,node_2531
1ada5261d7b12478f94ca025696d21bcaf52d24a,node_2532
59516436839bb0dd90eee34e913bb9306f383619,node_2533
b8333963567e9ef65c059466c03b0fbee3eaec6a,node_2534
d6c2bc33f8e81a6f56373d70d1b954ef8199b9d9,node_2535
dc49e27d0ed890cd3ed2e80ca0b0107207f12a64,node_2536
d8c4d80458fb3680cf16bbb409940fb169f323bc,node_2537
871cfbc098f294b59bb553201c6e5a508790571f,node_2538
0d320beb4a5304a8bd03bb83eba1a8196c601be1,node_2539
0e375b1f162589cd2e7368de0cc459debb6154a9,node_2540
552137ce62a0ff408ce69328e4154c7d3843069c,node_2541
cae5c659feab3ed2a6ef10f500ce0453b6fa3268,node_2542
86adb156ad650ba609da7f8ddca8434961ce8478,node_2543
23991e9d5ab7780527a1753633a7f065c5da4663,node_2544
c05bee35cc36f2adca9fe5a9a8ce210f969604d2,node_2545
c6178035aab3bf6083e2523a51c6fae15c0b323f,node_2546
7887efdba66c6bb67b3299b482e83ac0ed5405db,node_2547
62f441d5078bf77927c370364367c20f4e0010e6,node_2548
0f45e1b1883e5e66009630066fee98dac09e2157,node_2549
ceaf500410b7469090d01f38827223fb322c6d30,node_2550
46f9f7b8f88f72e12cbdb21e3311f995eb6e65c5,node_2551
bd0d9d7b373f18ace4dea46a7038a3a0269ac947,node_2552
8bc150dc49fc81c7c4dacd35a2b8b1afe1a1692a,node_2553
94b0f7dda09b32fa4a58363cbeae110fb3e816ba,node_2554
c3a59e1e405e7c28319e5a1c5b5241f9b340cf63,node_2555
1ea243f1b697aae22e6f0349fa64857780a6108a,node_2556
41113411e1748a34bb80f12c761b7af1ed6dbb90,node_2557
5b5880b1ab45fe1c0228d80af1acd4529672f83f,node_2558
3afaad7dfee3de3a81159b9f1a2d872710f32f2a,node_2559
0acd7ff5817d29839b40197f7a4b600b7fba24e4,node_2560
afc54525defc75656793880a941ab5d4cb6b6925,node_2561
4980c2a1e53ccc5907b9f6504798721ddd4c2291,node_2562
dcd8dff20f4f490acd5f94001d34c774167f053e,node_2563
2a077ec700c54223cc40b3e6f67f024a1cba704b,node_2564
f4195d4e283e289665cfc7a65fde2fa7b8814091,node_2565
7b29f45df975ed1e4c3864b6ab4483f11086aa76,node_2566
475f330e6ed720e4244af62d2b6d8ead5df56a95,node_2567
b68c52648fafac17e301d0a4077aebe53ba11c17,node_2568
11b6d1fee0f47a8f9f892ab0d86f370c449097aa,node_2569
80c8803bc3af3081d054b755f9819fe0addc6818,node_2570
baa31d252c2cdd739d3aba97ce658f6a4946d102,node_2571
10bd4160b44803ada6a3d2e366c44b7e2a4ffe90,node_2572
b87391a745b1038c7b70c7efd8126ae9fb9465f1,node_2573
5e9a024ad0628c35e26169826475ea87f8e6004e,node_2574
arXiv:2510.20810,node_2575
arXiv:2510.20800,node_2576
arXiv:2510.20692,node_2577
arXiv:2510.20665,node_2578
arXiv:2510.20653,node_2579
arXiv:2510.20635,node_2580
arXiv:2510.20632,node_2581
arXiv:2510.20612,node_2582
arXiv:2510.20603,node_2583
arXiv:2510.20535,node_2584
arXiv:2510.20508,node_2585
arXiv:2510.20460,node_2586
arXiv:2510.20375,node_2587
arXiv:2510.20351,node_2588
arXiv:2510.20345,node_2589
arXiv:2510.20272,node_2590
arXiv:2510.20270,node_2591
arXiv:2510.20258,node_2592
arXiv:2510.20252,node_2593
arXiv:2510.20208,node_2594
arXiv:2510.20198,node_2595
arXiv:2510.20154,node_2596
arXiv:2510.20129,node_2597
arXiv:2510.20102,node_2598
arXiv:2510.20098,node_2599
arXiv:2510.20091,node_2600
arXiv:2510.20075,node_2601
arXiv:2510.20043,node_2602
arXiv:2510.20039,node_2603
arXiv:2510.20036,node_2604
arXiv:2510.20001,node_2605
arXiv:2510.19771,node_2606
arXiv:2510.19767,node_2607
arXiv:2510.19733,node_2608
arXiv:2510.19669,node_2609
arXiv:2510.19661,node_2610
arXiv:2510.19616,node_2611
arXiv:2510.19875,node_2612
arXiv:2510.19410,node_2613
arXiv:2510.19358,node_2614
arXiv:2510.19334,node_2615
arXiv:2510.19331,node_2616
arXiv:2510.19327,node_2617
arXiv:2510.19299,node_2618
arXiv:2510.19265,node_2619
arXiv:2510.19264,node_2620
arXiv:2510.19208,node_2621
arXiv:2510.19178,node_2622
arXiv:2510.19172,node_2623
arXiv:2510.19167,node_2624
arXiv:2510.19864,node_2625
arXiv:2510.19139,node_2626
arXiv:2510.19117,node_2627
arXiv:2510.19099,node_2628
arXiv:2510.19060,node_2629
arXiv:2510.19055,node_2630
arXiv:2510.19036,node_2631
arXiv:2510.19032,node_2632
arXiv:2510.19028,node_2633
arXiv:2510.19025,node_2634
arXiv:2510.19014,node_2635
arXiv:2510.19005,node_2636
arXiv:2510.18876,node_2637
arXiv:2510.18871,node_2638
arXiv:2510.19850,node_2639
arXiv:2510.18814,node_2640
arXiv:2510.18932,node_2641
arXiv:2510.18728,node_2642
arXiv:2510.18691,node_2643
arXiv:2510.18674,node_2644
arXiv:2510.18931,node_2645
arXiv:2510.18927,node_2646
arXiv:2510.18561,node_2647
arXiv:2510.18560,node_2648
arXiv:2510.18556,node_2649
arXiv:2510.18491,node_2650
arXiv:2510.18477,node_2651
arXiv:2510.18470,node_2652
arXiv:2510.18442,node_2653
arXiv:2510.18428,node_2654
arXiv:2510.18395,node_2655
arXiv:2510.18368,node_2656
arXiv:2510.18918,node_2657
arXiv:2510.18339,node_2658
arXiv:2510.18314,node_2659
arXiv:2510.18288,node_2660
arXiv:2510.18254,node_2661
